ticker,bench,events_total,days_with_entry,advanced_events_total,stack_10m_best_long_rate,stack_10m_best_long_total,stack_10m_best_long_lo,stack_10m_best_long_hi,stack_10m_best_long_avg_move,stack_10m_best_short_rate,stack_10m_best_short_total,stack_10m_best_short_lo,stack_10m_best_short_hi,stack_10m_best_short_avg_move,stack_30m_best_long_rate,stack_30m_best_long_total,stack_30m_best_long_lo,stack_30m_best_long_hi,stack_30m_best_long_avg_move,stack_30m_best_short_rate,stack_30m_best_short_total,stack_30m_best_short_lo,stack_30m_best_short_hi,stack_30m_best_short_avg_move,devsig_10m_best_long_rate,devsig_10m_best_long_total,devsig_10m_best_long_lo,devsig_10m_best_long_hi,devsig_10m_best_long_avg_move,devsig_10m_best_short_rate,devsig_10m_best_short_total,devsig_10m_best_short_lo,devsig_10m_best_short_hi,devsig_10m_best_short_avg_move,devsig_30m_best_long_rate,devsig_30m_best_long_total,devsig_30m_best_long_lo,devsig_30m_best_long_hi,devsig_30m_best_long_avg_move,devsig_30m_best_short_rate,devsig_30m_best_short_total,devsig_30m_best_short_lo,devsig_30m_best_short_hi,devsig_30m_best_short_avg_move,bench_10m_best_long_rate,bench_10m_best_long_total,bench_10m_best_long_lo,bench_10m_best_long_hi,bench_10m_best_long_avg_move,bench_10m_best_short_rate,bench_10m_best_short_total,bench_10m_best_short_lo,bench_10m_best_short_hi,bench_10m_best_short_avg_move,bench_30m_best_long_rate,bench_30m_best_long_total,bench_30m_best_long_lo,bench_30m_best_long_hi,bench_30m_best_long_avg_move,bench_30m_best_short_rate,bench_30m_best_short_total,bench_30m_best_short_lo,bench_30m_best_short_hi,bench_30m_best_short_avg_move,adv_stack_10m_best_long_rate,adv_stack_10m_best_long_total,adv_stack_10m_best_long_lo,adv_stack_10m_best_long_hi,adv_stack_10m_best_long_avg_move,adv_stack_10m_best_short_rate,adv_stack_10m_best_short_total,adv_stack_10m_best_short_lo,adv_stack_10m_best_short_hi,adv_stack_10m_best_short_avg_move,adv_stack_30m_best_long_rate,adv_stack_30m_best_long_total,adv_stack_30m_best_long_lo,adv_stack_30m_best_long_hi,adv_stack_30m_best_long_avg_move,adv_stack_30m_best_short_rate,adv_stack_30m_best_short_total,adv_stack_30m_best_short_lo,adv_stack_30m_best_short_hi,adv_stack_30m_best_short_avg_move,adv_devsig_10m_best_long_rate,adv_devsig_10m_best_long_total,adv_devsig_10m_best_long_lo,adv_devsig_10m_best_long_hi,adv_devsig_10m_best_long_avg_move,adv_devsig_10m_best_short_rate,adv_devsig_10m_best_short_total,adv_devsig_10m_best_short_lo,adv_devsig_10m_best_short_hi,adv_devsig_10m_best_short_avg_move,adv_devsig_30m_best_long_rate,adv_devsig_30m_best_long_total,adv_devsig_30m_best_long_lo,adv_devsig_30m_best_long_hi,adv_devsig_30m_best_long_avg_move,adv_devsig_30m_best_short_rate,adv_devsig_30m_best_short_total,adv_devsig_30m_best_short_lo,adv_devsig_30m_best_short_hi,adv_devsig_30m_best_short_avg_move,adv_bench_10m_best_long_rate,adv_bench_10m_best_long_total,adv_bench_10m_best_long_lo,adv_bench_10m_best_long_hi,adv_bench_10m_best_long_avg_move,adv_bench_10m_best_short_rate,adv_bench_10m_best_short_total,adv_bench_10m_best_short_lo,adv_bench_10m_best_short_hi,adv_bench_10m_best_short_avg_move,adv_bench_30m_best_long_rate,adv_bench_30m_best_long_total,adv_bench_30m_best_long_lo,adv_bench_30m_best_long_hi,adv_bench_30m_best_long_avg_move,adv_bench_30m_best_short_rate,adv_bench_30m_best_short_total,adv_bench_30m_best_short_lo,adv_bench_30m_best_short_hi,adv_bench_30m_best_short_avg_move,corr,beta
A,XLV,13,13,229,,,,,,,,,,,,,,,,,,,,,,,,,,,,,,,,,,,,,,,,,,,,,,,,,,,,,,,,,,,,,0.6923,13,-3.0,-3.0,0.2044,0.6452,31,-2.0,-2.0,-0.1845,,,,,,0.7,50,0.0,0.0,-0.2514,,,,,,,,,,,,,,,,,,,,,,,,,,,,,,,,,,,,0.6667,21,2.0,2.0,-0.28,0.5701,0.7656
AA,GDX,40,40,291,,,,,,0.7,10,-1.0,-1.0,-0.8186,,,,,,0.7,10,-1.0,-1.0,-1.3314,,,,,,,,,,,,,,,,,,,,,,,,,,,,,,,,,,,,,,,,,0.6296,27,-1.0,-1.0,0.1988,0.6923,13,3.0,3.0,-0.4378,,,,,,0.6154,13,3.0,3.0,-0.5513,,,,,,,,,,,,,,,,,,,,,0.75,28,1.0,1.0,0.2648,0.6562,32,-3.0,-3.0,-0.18,0.625,24,0.0,0.0,0.6067,0.6429,56,-3.0,-2.0,-0.4506,0.421,0.331
AAAU,IWM,35,35,229,0.6667,12,0.0,0.0,0.305,,,,,,,,,,,,,,,,,,,,,,,,,,,,,,,,,,,,0.625,16,0.0,0.0,0.243,,,,,,,,,,,,,,,,,,,,,0.6216,37,-2.0,-2.0,-0.1083,0.6923,13,-3.0,-3.0,0.1611,0.6571,35,-2.0,-2.0,-0.2374,,,,,,,,,,,,,,,,,,,,,0.6875,16,-2.0,-2.0,0.1336,0.625,56,0.0,0.0,-0.0989,,,,,,,,,,,0.4938,0.7202
AADX,ITA,20,23,177,,,,,,,,,,,,,,,,,,,,,,,,,,,,,,,,,,,,,,,,,,,,,,,,,,,,,,,,,,,,,0.6667,30,-2.0,-1.0,0.4925,0.6429,14,0.0,0.0,-0.3478,0.7143,14,-1.0,-1.0,0.901,0.6667,15,0.0,0.0,-0.999,,,,,,,,,,,,,,,,,,,,,0.6,15,2.0,2.0,0.4356,,,,,,,,,,,0.7297,37,-2.0,-1.0,-0.7685,0.5325,1.208
AAL,XTN,40,40,381,0.8333,12,0.0,0.0,0.926,,,,,,0.8333,12,0.0,0.0,1.197,,,,,,,,,,,,,,,,,,,,,,,,,,,,,,,,,,,,,,,,,,,,,,,,,,,0.6324,68,-3.0,-2.0,-0.2381,0.619,21,2.0,2.0,0.4315,0.6863,51,1.0,1.0,-0.4506,,,,,,,,,,,,,,,,,,,,,,,,,,0.8333,12,1.0,1.0,-0.195,0.6429,14,0.0,0.0,0.2922,0.6667,15,-1.0,-1.0,-0.478,0.7925,1.6705
AAOG,QQQ,40,40,236,,,,,,,,,,,,,,,,,,,,,,,,,,,,,,,,,,,,,,,,,,,,,,0.9091,11,0.0,0.0,-6.62,,,,,,0.7273,11,0.0,0.0,-8.3812,,,,,,0.7,10,3.0,3.0,-1.5886,0.7,20,15.0,15.0,3.08,,,,,,,,,,,,,,,,,,,,,,,,,,0.6316,38,1.0,2.0,1.8129,0.6585,41,-3.0,-2.0,-1.5626,0.6667,39,1.0,2.0,2.4646,,,,,,0.778,5.181
AAOI,SOXX,40,40,632,,,,,,,,,,,,,,,,,,,,,,,,,,,,,,,,,,,,,,,,,,,,,,,,,,,,,,,,,,,,,0.8214,28,4.0,4.0,0.5143,0.6765,34,-4.0,-4.0,-0.4678,0.6207,29,4.0,4.0,0.6844,0.6667,24,5.0,5.0,-0.5744,,,,,,,,,,,,,,,,,,,,,0.7632,38,4.0,4.0,0.7697,0.619,21,-5.0,-5.0,-0.6231,0.6389,36,-2.0,-2.0,1.1143,0.7619,21,5.0,5.0,-0.9938,0.758,0.8199
AAON,QQQ,11,12,192,,,,,,,,,,,,,,,,,,,,,,,,,,,,,,,,,,,,,,,,,,,,,,,,,,,,,,,,,,,,,0.6429,14,-3.0,-3.0,0.3444,0.6364,11,4.0,4.0,-0.2971,0.6667,15,0.0,0.0,0.845,0.6486,37,-2.0,-1.0,-0.5404,,,,,,,,,,,,,,,,,,,,,0.6061,33,0.0,0.0,0.2985,,,,,,,,,,,0.6275,51,-1.0,-1.0,-0.5944,0.8952,1.7
AAOX,QQQ,40,40,627,,,,,,,,,,,,,,,,,,,,,,,,,,,,,,,,,,,,,,,,,0.6,10,-1.0,-1.0,6.355,0.9167,12,0.0,0.0,-6.4691,0.6,10,-1.0,-1.0,6.615,0.8333,12,0.0,0.0,-8.03,0.7381,42,8.0,10.0,1.0977,0.62,50,-1.0,0.0,-1.0581,0.6667,30,1.0,2.0,1.8565,0.6579,38,-4.0,-3.0,-1.4804,,,,,,,,,,,,,,,,,,,,,,,,,,0.6,80,-2.0,-2.0,-1.0881,0.6,10,-4.0,-4.0,1.3433,,,,,,0.696,4.4387
AAPD,QQQ,36,36,202,,,,,,0.6,15,-1.0,-1.0,-0.7767,,,,,,0.6667,15,-1.0,-1.0,-0.838,,,,,,,,,,,,,,,,,,,,,,,,,,0.8,10,0.0,0.0,-0.7975,,,,,,0.7,10,0.0,0.0,-1.01,,,,,,0.6667,42,-3.0,-2.0,-0.1789,,,,,,0.6042,48,-1.0,-1.0,-0.2369,,,,,,,,,,,,,,,,,,,,,,,,,,0.6282,78,-2.0,-1.0,-0.1659,0.6,25,-2.0,-2.0,0.274,0.6588,85,-1.0,0.0,-0.305,0.1202,0.057
AAPL,SPY,40,40,725,,,,,,,,,,,0.6316,19,0.0,0.0,0.9658,,,,,,,,,,,,,,,,,,,,,,,,,,0.6,20,0.0,0.0,0.9117,0.6,15,-1.0,-1.0,-0.42,0.65,20,0.0,0.0,1.0369,,,,,,0.6667,12,3.0,3.0,0.1137,0.6429,14,4.0,4.0,-0.0622,0.6154,13,3.0,3.0,0.2638,0.7692,13,4.0,4.0,-0.138,,,,,,,,,,,,,,,,,,,,,,,,,,0.6053,38,-2.0,-2.0,-0.14,,,,,,,,,,,0.1495,0.1471
AAPU,IWM,40,40,279,0.6364,11,0.0,0.0,1.2129,,,,,,0.6364,11,0.0,0.0,1.5157,,,,,,,,,,,,,,,,,,,,,,,,,,0.6154,13,-1.0,-1.0,1.0775,,,,,,,,,,,,,,,,,,,,,0.6949,59,1.0,2.0,-0.3063,0.6522,23,-2.0,-2.0,0.6527,0.6316,19,3.0,3.0,-0.4025,,,,,,,,,,,,,,,,,,,,,0.6111,18,-2.0,-2.0,0.4473,,,,,,,,,,,,,,,,0.202,0.3068
ABAT,SPY,40,40,292,0.6,10,0.0,0.0,1.8017,,,,,,0.6,10,0.0,0.0,2.6117,,,,,,,,,,,,,,,,,,,,,,,,,,,,,,,,,,,,,,,,,,,,,,0.6667,15,-7.0,-7.0,0.566,0.6897,29,-2.0,-2.0,-0.547,0.7222,18,2.0,2.0,0.8608,0.6957,46,-2.0,-1.0,-0.8234,,,,,,,,,,,,,,,,,,,,,,,,,,0.75,20,-2.0,-2.0,-0.588,,,,,,0.6161,112,-2.0,-1.0,-0.6428,0.7421,2.3699
ABBV,IBB,34,34,242,,,,,,0.7143,14,0.0,0.0,-0.644,,,,,,,,,,,,,,,,,,,,,,,,,,,,,,,,,,,,,,,,,,,,,,,,,,,,,,,,0.6739,46,1.0,1.0,-0.1365,0.7857,14,2.0,2.0,0.2445,,,,,,,,,,,,,,,,,,,,,,,,,,,,,,,0.6396,111,0.0,1.0,-0.1546,0.6923,26,2.0,2.0,0.2528,0.6,40,1.0,1.0,-0.2487,0.1957,0.227
ABCL,IWM,40,40,375,,,,,,,,,,,,,,,,,,,,,,,,,,,,,,,,,,,,,,,,,,,,,,0.6154,13,-1.0,-1.0,-2.2338,,,,,,0.6129,31,-1.0,0.0,-2.4763,0.9,10,7.0,7.0,0.7467,0.7143,42,4.0,6.0,-0.6773,0.6,20,2.0,2.0,1.0392,0.64,25,-2.0,-2.0,-0.8363,,,,,,,,,,,,,,,,,,,,,,,,,,0.6071,112,0.0,0.0,-0.5449,,,,,,,,,,,0.7358,2.2098
ABEO,IWM,18,18,202,0.6364,11,0.0,0.0,1.6814,,,,,,,,,,,0.6364,11,0.0,0.0,-1.2643,,,,,,,,,,,,,,,,,,,,,,,,,,,,,,,,,,,,,,,,,,,,,,0.6667,12,-2.0,-2.0,-0.3512,,,,,,0.6579,38,-2.0,-1.0,-0.4492,,,,,,,,,,,,,,,,,,,,,,,,,,,,,,,0.6154,13,-2.0,-2.0,0.4462,0.6212,66,-1.0,-1.0,-0.5627,0.6498,0.5473
ABEV,IWM,34,34,235,0.6667,15,0.0,0.0,0.65,,,,,,,,,,,0.6,10,-1.0,-1.0,-0.3717,,,,,,,,,,,,,,,,,,,,,,,,,,,,,,,0.6,10,-1.0,-1.0,0.8883,,,,,,,,,,,0.6895,219,-2.0,2.0,-0.1408,,,,,,0.6425,221,-2.0,2.0,-0.2087,,,,,,,,,,,,,,,,,,,,,,,,,,0.69,200,-1.0,1.0,-0.1311,,,,,,0.6301,219,-2.0,1.0,-0.2076,0.401,0.5443
ABNB,SPY,29,29,240,,,,,,0.6,15,-1.0,-1.0,-0.7622,0.6667,15,-1.0,-1.0,0.841,,,,,,,,,,,,,,,,,,,,,,,,,,,,,,,,,,,,0.8125,16,0.0,0.0,0.8008,,,,,,0.6957,23,-3.0,-3.0,0.1294,0.6098,41,1.0,1.0,-0.1772,0.7,10,3.0,3.0,0.2271,,,,,,,,,,,,,,,,,,,,,,,,,,0.6875,16,-2.0,-2.0,0.1209,,,,,,0.6,15,-2.0,-2.0,0.1789,0.6875,16,1.0,1.0,-0.2727,0.1714,0.2035
ABR,XLF,31,31,243,0.6667,15,-1.0,-1.0,1.05,,,,,,0.8462,13,0.0,0.0,1.2582,0.6,15,-1.0,-1.0,-0.7344,,,,,,,,,,,,,,,,,,,,,,,,,,,,,,,,,,,,,,,,,0.625,24,-2.0,-2.0,0.2873,0.6364,154,-1.0,2.0,-0.3362,,,,,,0.6552,29,2.0,2.0,-0.3079,,,,,,,,,,,,,,,,,,,,,,,,,,0.6349,126,0.0,1.0,-0.3021,,,,,,0.6111,18,1.0,1.0,-0.3955,0.3356,0.5641
ABSI,IWM,39,39,285,0.6,10,0.0,0.0,3.0667,,,,,,0.6,10,0.0,0.0,6.415,,,,,,,,,,,,,,,,,,,,,,,,,,,,,,,0.6154,13,-1.0,-1.0,-2.5288,,,,,,,,,,,0.6923,26,-2.0,-2.0,0.46,0.6364,22,15.0,15.0,-1.3986,0.6364,11,-4.0,-4.0,1.1443,0.7,20,2.0,2.0,-1.0614,,,,,,,,,,,,,,,,,,,,,,,,,,,,,,,,,,,,0.617,47,1.0,1.0,-1.19,0.8004,2.5463
ABT,IHI,37,37,254,,,,,,,,,,,,,,,,,,,,,,,,,,,,,,,,,,,,,,,,,,,,,,,,,,,,,,,,,,,,,0.6071,28,2.0,2.0,0.2412,0.6615,65,0.0,0.0,-0.136,0.6154,26,2.0,2.0,0.37,0.7059,17,3.0,3.0,-0.4058,,,,,,,,,,,,,,,,,,,,,0.6471,17,-3.0,-3.0,0.1973,0.678,59,0.0,0.0,-0.1387,,,,,,,,,,,0.8284,0.939
ABTC,SPY,40,40,310,,,,,,,,,,,,,,,,,,,,,,,,,,,,,,,,,,,,,,,,,,,,,,0.6857,35,-1.0,0.0,-5.6,,,,,,0.6429,14,-1.0,-1.0,-2.8289,0.7692,13,-8.0,-8.0,0.725,0.6383,47,2.0,4.0,-0.5283,0.6923,13,-8.0,-8.0,1.1467,0.6538,26,3.0,4.0,-1.2747,,,,,,,,,,,,,,,,,,,,,,,,,,0.7,20,1.0,1.0,-0.455,,,,,,0.75,16,-2.0,-2.0,-0.7792,0.5682,2.2663
ABUS,XBI,13,13,201,,,,,,,,,,,,,,,,,,,,,,,,,,,,,,,,,,,,,,,,,,,,,,,,,,,,,,,,,,,,,,,,,,0.6444,45,1.0,2.0,-0.3183,,,,,,0.6875,32,-1.0,-1.0,-0.4614,,,,,,,,,,,,,,,,,,,,,,,,,,0.619,21,-1.0,-1.0,-0.2246,,,,,,0.6,55,0.0,0.0,-0.3045,0.7615,0.4924
ABVX,SPY,39,39,290,,,,,,,,,,,,,,,,,,,,,,,,,,,,,,,,,,,,,,,,,,,,,,0.6857,35,-1.0,0.0,-0.8262,0.6,15,-1.0,-1.0,1.9467,0.7368,19,0.0,0.0,-1.5771,0.65,20,15.0,15.0,1.4277,0.7,20,-3.0,-3.0,-0.4843,0.6842,19,15.0,15.0,1.6115,0.75,16,-15.0,-15.0,-2.7692,,,,,,,,,,,,,,,,,,,,,,,,,,0.6111,18,-2.0,-2.0,-0.5609,0.6154,13,1.0,1.0,1.2412,0.6,15,-2.0,-2.0,-0.9467,0.2123,0.5883
ACAD,IBB,11,12,222,,,,,,,,,,,,,,,,,,,,,,,,,,,,,,,,,,,,,,,,,,,,,,,,,,,,,,,,,,,,,0.6429,14,2.0,2.0,0.4356,0.7619,21,1.0,1.0,-0.2225,0.7273,11,-3.0,-3.0,0.4962,0.6528,72,-2.0,-1.0,-0.2604,,,,,,,,,,,,,,,,,,,,,,,,,,0.7143,21,2.0,2.0,-0.2833,,,,,,0.6667,57,-2.0,-1.0,-0.3445,0.5402,0.6309
ACB,SPY,21,23,167,,,,,,0.7,10,0.0,0.0,-1.0886,,,,,,,,,,,,,,,,,,,,,,,,,,,,,,,,,,,,0.75,12,0.0,0.0,-1.8678,,,,,,0.7273,11,0.0,0.0,-2.0825,,,,,,0.65,20,1.0,1.0,-0.2462,,,,,,0.6538,26,-1.0,-1.0,-0.3388,,,,,,,,,,,,,,,,,,,,,,,,,,,,,,,,,,,,,,,,,0.5826,0.6172
ACDC,XLE,14,14,212,,,,,,,,,,,,,,,,,,,,,,,,,,,,,,,,,,,,,,,,,,,,,,,,,,,,,,,,,,,,,,,,,,0.6667,15,-2.0,-2.0,-0.395,,,,,,0.6667,18,-3.0,-3.0,-1.2558,,,,,,,,,,,,,,,,,,,,,,,,,,0.7059,17,2.0,2.0,-0.5333,,,,,,0.6154,26,-2.0,-2.0,-0.865,0.6094,0.9604
ACHC,IWM,22,22,232,,,,,,,,,,,,,,,,,,,,,,,,,,,,,,,,,,,,,,,,,,,,,,,,,,,,,,,,,,,,,0.6316,19,3.0,3.0,0.4092,0.6071,28,0.0,0.0,-0.2876,0.6333,30,0.0,0.0,0.5479,0.625,24,-2.0,-2.0,-0.418,,,,,,,,,,,,,,,,,,,,,,,,,,0.65,40,1.0,1.0,-0.3538,,,,,,,,,,,0.5965,0.6659
ACHR,ITA,40,40,473,,,,,,,,,,,,,,,,0.6364,11,-1.0,-1.0,-2.1486,,,,,,,,,,,,,,,,,,,,,,,,,,,,,,,,,,,,,,,,,0.6,15,4.0,4.0,0.33,0.6545,55,-1.0,-1.0,-0.3236,0.6087,23,2.0,2.0,0.5264,,,,,,,,,,,,,,,,,,,,,,,,,,,,,,,0.66,50,-3.0,-2.0,-0.2712,0.7222,36,1.0,1.0,0.8373,0.625,32,-2.0,-2.0,-0.696,0.7536,1.8628
ACHV,XBI,24,25,208,,,,,,,,,,,,,,,,,,,,,,,,,,,,,,,,,,,,,,,,,,,,,,,,,,,,,,,,,,,,,0.625,16,-1.0,-1.0,0.445,0.6471,17,1.0,1.0,-0.3364,0.625,16,-3.0,-3.0,0.6,0.6842,19,-2.0,-2.0,-0.7546,,,,,,,,,,,,,,,,,,,,,0.6122,49,0.0,0.0,0.476,0.6545,55,1.0,2.0,-0.8158,0.64,50,0.0,0.0,0.665,,,,,,0.6282,0.7338
ACI,XLP,27,27,251,0.75,16,0.0,0.0,0.9883,,,,,,0.6875,16,0.0,0.0,1.3036,,,,,,,,,,,,,,,,,,,,,,,,,,,,,,,,,,,,,,,,,,,,,,,,,,,0.6667,39,0.0,0.0,-0.2158,0.6,10,-15.0,-15.0,1.1583,0.675,40,0.0,0.0,-0.3437,,,,,,,,,,,,,,,,,,,,,0.8,10,2.0,2.0,0.21,0.6154,52,-2.0,-2.0,-0.2303,,,,,,0.6509,106,0.0,1.0,-0.3414,0.689,1.05
ACLS,SOXX,12,12,159,,,,,,,,,,,,,,,,,,,,,,,,,,,,,,,,,,,,,,,,,,,,,,,,,,,,,,,,,,,,,0.6923,13,0.0,0.0,0.6722,0.6429,14,-1.0,-1.0,-0.4467,0.68,25,4.0,5.0,0.6065,0.6429,14,-1.0,-1.0,-0.99,,,,,,,,,,,,,,,,,,,,,0.6,15,-1.0,-1.0,0.8633,,,,,,0.7,10,-2.0,-2.0,0.8386,0.6429,14,1.0,1.0,-0.7244,0.9554,0.9666
ACMR,SOXX,37,37,247,,,,,,,,,,,,,,,,,,,,,,,,,,,,,,,,,,,,,,,,,,,,,,,,,,,,,,,,,,,,,0.7,10,-2.0,-2.0,0.4014,0.6,10,3.0,3.0,-0.3817,,,,,,,,,,,,,,,,,,,,,,,,,,,,,,,0.6944,36,4.0,5.0,0.408,0.625,16,0.0,0.0,-0.661,0.75,12,-2.0,-2.0,0.8211,0.6522,23,1.0,1.0,-0.7733,0.8972,1.3061
ACN,IGV,37,37,278,,,,,,,,,,,0.6923,13,-1.0,-1.0,1.27,,,,,,,,,,,,,,,,,,,,,,,,,,,,,,,,,,,,,,,,,,,,,,0.625,24,-3.0,-3.0,0.2113,,,,,,0.6897,29,4.0,5.0,0.3955,,,,,,,,,,,,,,,,,,,,,,,,,,0.6154,13,-4.0,-4.0,0.3225,0.6071,56,-1.0,-1.0,-0.5088,0.7391,23,1.0,1.0,0.2912,0.65,20,2.0,2.0,-0.3808,0.7111,0.942
ACRS,IWM,11,11,202,,,,,,,,,,,,,,,,,,,,,,,,,,,,,,,,,,,,,,,,,,,,,,,,,,,,,,,,,,,,,,,,,,0.6667,45,-2.0,-1.0,-0.3223,0.6111,18,4.0,4.0,1.0864,0.7,50,-1.0,0.0,-0.4437,,,,,,,,,,,,,,,,,,,,,,,,,,0.6203,79,-2.0,-1.0,-0.3441,,,,,,,,,,,0.6768,0.8886
ACRV,XBI,18,21,115,,,,,,,,,,,,,,,,,,,,,,,,,,,,,,,,,,,,,,,,,,,,,,,,,,,,,,,,,,,,,,,,,,0.7273,11,-2.0,-2.0,-0.2612,,,,,,0.75,24,-3.0,-2.0,-0.4606,,,,,,,,,,,,,,,,,,,,,,,,,,0.6429,42,0.0,1.0,-0.4256,,,,,,0.9091,11,-1.0,-1.0,-0.895,0.6232,0.7179
ACVA,IGV,16,16,227,,,,,,,,,,,,,,,,,,,,,,,,,,,,,,,,,,,,,,,,,,,,,,,,,,,,,,,,,,,,,,,,,,0.68,25,-2.0,-2.0,-0.3453,0.6353,85,-1.0,1.0,0.6187,0.6944,36,-3.0,-2.0,-0.642,,,,,,,,,,,,,,,,,,,,,0.6,15,2.0,2.0,0.4689,0.8182,11,3.0,3.0,-0.2533,0.6364,33,-2.0,-2.0,0.6157,0.7059,17,-3.0,-3.0,-0.4775,0.7209,0.6855
ADAM,SPY,17,17,181,,,,,,,,,,,,,,,,,,,,,,,,,,,,,,,,,,,,,,,,,,,,,,,,,,,0.9,10,0.0,0.0,0.7311,,,,,,0.6667,12,2.0,2.0,0.1838,0.6535,101,-2.0,0.0,-0.1873,0.6429,14,2.0,2.0,0.16,0.6471,102,-2.0,0.0,-0.2677,,,,,,,,,,,,,,,,,,,,,,,,,,0.6429,70,-2.0,-1.0,-0.1791,,,,,,0.6471,68,-2.0,-1.0,-0.2975,0.6362,0.6948
ADBE,IGV,40,40,433,0.8333,12,1.0,1.0,0.975,0.6364,11,-1.0,-1.0,-1.5743,0.6667,12,1.0,1.0,1.14,,,,,,,,,,,,,,,,,,,,,,,,,,,,,,,,,,,,,,,,,,,,,,,,,,,0.6429,56,0.0,0.0,-0.1586,0.6154,26,-6.0,-5.0,0.3506,0.6061,33,-3.0,-3.0,-0.3315,,,,,,,,,,,,,,,,,,,,,0.6,15,-4.0,-4.0,0.1622,0.6,70,-1.0,-1.0,-0.3524,,,,,,0.6389,72,-1.0,-1.0,-0.6546,0.7897,1.0712
ADBG,SPY,40,40,288,,,,,,,,,,,,,,,,,,,,,,,,,,,,,,,,,,,,,,,,,0.65,20,0.0,0.0,2.34,,,,,,0.75,20,0.0,0.0,2.5547,,,,,,,,,,,0.7857,14,-1.0,-1.0,-0.5836,0.6,20,2.0,2.0,0.8117,0.7333,15,-2.0,-2.0,-1.3009,,,,,,,,,,,,,,,,,,,,,,,,,,0.6667,21,1.0,1.0,-0.5886,,,,,,0.6818,22,1.0,1.0,-1.2507,-0.2565,-1.4673
ADBU,SPY,11,19,20,,,,,,,,,,,,,,,,,,,,,,,,,,,,,,,,,,,,,,,,,,,,,,,,,,,,,,,,,,,,,,,,,,,,,,,,,,,,,,,,,,,,,,,,,,,,,,,,,,,,,,,,,,,,,,,,,,,,,,,,,-0.2086,-1.1888
ADCT,XBI,16,17,193,,,,,,,,,,,,,,,,,,,,,,,,,,,,,,,,,,,,,,,,,,,,,,,,,,,,,,,,,,,,,,,,,,0.6667,75,-5.0,-1.0,-0.7826,0.6,10,-4.0,-4.0,1.195,0.6316,38,-1.0,0.0,-1.2967,,,,,,,,,,,,,,,,,,,,,,,,,,0.6176,34,0.0,0.0,-0.3314,,,,,,0.6452,31,-2.0,-1.0,-1.251,0.2739,0.5448
ADEA,QQQ,33,33,233,,,,,,,,,,,,,,,,,,,,,,,,,,,,,,,,,,,,,,,,,,,,,,0.8,10,0.0,0.0,-2.0825,,,,,,,,,,,0.6316,19,1.0,1.0,0.3792,0.6429,14,-4.0,-4.0,-0.3667,0.7059,17,-3.0,-3.0,0.9917,0.6364,33,0.0,0.0,-0.4895,,,,,,,,,,,,,,,,,,,,,0.6364,11,2.0,2.0,0.3886,0.6364,11,-3.0,-3.0,-0.2114,,,,,,,,,,,0.8964,1.6531
ADI,SOXX,39,39,287,,,,,,,,,,,,,,,,,,,,,,,,,,,,,,,,,,,,,,,,,,,,,,,,,,,,,,,,,,,,,0.6064,94,1.0,3.0,0.2491,,,,,,0.6438,73,1.0,2.0,0.4813,0.7105,38,3.0,4.0,-0.3407,,,,,,,,,,,,,,,,,,,,,0.675,40,4.0,5.0,0.2289,0.6471,17,-5.0,-5.0,-0.3227,0.75,20,2.0,2.0,0.4367,0.6842,19,-4.0,-4.0,-0.3392,0.9434,0.6403
ADM,IWM,14,14,238,,,,,,,,,,,,,,,,,,,,,,,,,,,,,,,,,,,,,,,,,,,,,,,,,,,,,,,,,,,,,,,,,,0.6875,32,2.0,3.0,-0.1873,,,,,,0.7059,34,2.0,3.0,-0.2663,,,,,,,,,,,,,,,,,,,,,,,,,,,,,,,,,,,,0.6071,84,-1.0,-1.0,-0.2494,0.1393,0.1116
ADMA,IBB,26,26,231,,,,,,,,,,,,,,,,,,,,,,,,,,,,,,,,,,,,,,,,,,,,,,,,,,,,,,,,,,,,,0.7143,21,-4.0,-3.0,0.404,0.7083,24,1.0,1.0,-0.3288,0.8462,13,-3.0,-3.0,0.7,0.6762,105,0.0,3.0,-0.4473,,,,,,,,,,,,,,,,,,,,,,,,,,0.6324,68,0.0,0.0,-0.2444,,,,,,0.6061,66,0.0,0.0,-0.4402,0.4987,0.7574
ADP,SPY,11,11,240,,,,,,,,,,,,,,,,,,,,,,,,,,,,,,,,,,,,,,,,,,,,,,,,,,,,,,,,,,,,,0.6923,13,-3.0,-3.0,0.0867,0.6667,21,1.0,1.0,-0.2293,0.6481,54,-3.0,-2.0,0.2329,0.6429,14,3.0,3.0,-0.2422,,,,,,,,,,,,,,,,,,,,,,,,,,,,,,,0.6,15,-2.0,-2.0,0.1978,0.6429,14,1.0,1.0,-0.2567,-0.3153,-0.5881
ADPT,IWM,23,23,236,,,,,,,,,,,,,,,,,,,,,,,,,,,,,,,,,,,,,,,,,0.6364,11,0.0,0.0,3.2486,,,,,,0.7273,11,0.0,0.0,3.7637,,,,,,0.8,10,4.0,4.0,0.3325,0.6471,17,3.0,3.0,-0.3818,0.6667,24,-1.0,-1.0,0.53,0.7857,14,-4.0,-4.0,-0.7336,,,,,,,,,,,,,,,,,,,,,0.6875,16,-2.0,-2.0,0.3118,,,,,,0.625,16,-2.0,-2.0,0.852,,,,,,0.6372,1.3118
ADSK,IGV,26,26,248,,,,,,,,,,,,,,,,,,,,,,,,,,,,,,,,,,,,,,,,,,,,,,,,,,,,,,,,,,,,,0.7241,29,-5.0,-4.0,0.3676,0.7317,41,0.0,0.0,-0.169,0.8125,16,-5.0,-5.0,0.5023,0.7105,38,0.0,0.0,-0.3641,,,,,,,,,,,,,,,,,,,,,0.6667,12,-4.0,-4.0,0.3363,0.6495,97,-1.0,0.0,-0.2275,,,,,,0.625,24,1.0,1.0,-0.4827,0.7679,1.0338
ADT,SPY,20,20,238,0.7,10,-1.0,-1.0,0.7686,,,,,,0.7273,11,-1.0,-1.0,0.715,,,,,,,,,,,,,,,,,,,,,,,,,,,,,,,,,,,,,,,,,,,,,,,,,,,0.6627,166,-1.0,1.0,-0.1208,,,,,,0.6429,112,0.0,1.0,-0.2379,,,,,,,,,,,,,,,,,,,,,,,,,,0.662,213,-1.0,1.0,-0.135,,,,,,0.6202,129,0.0,1.0,-0.2231,0.2182,0.2657
ADTN,SOXX,25,25,231,,,,,,,,,,,,,,,,,,,,,,,,,,,,,,,,,,,,,,,,,,,,,,,,,,,,,,,,,,,,,0.6667,24,-5.0,-4.0,0.4844,0.6207,58,-3.0,-1.0,-0.4758,0.7333,15,-4.0,-4.0,0.8282,0.6,20,2.0,2.0,-0.4958,,,,,,,,,,,,,,,,,,,,,0.6154,13,2.0,2.0,0.5513,0.8182,11,-5.0,-5.0,-0.3522,0.6471,51,0.0,2.0,0.7012,0.6667,27,-5.0,-4.0,-0.7878,0.8663,0.5264
ADTX,SPY,19,19,315,,,,,,,,,,,,,,,,,,,,,,,,,,,,,,,,,,,,,,,,,,,,,,,,,,,,,,,,,,,,,,,,,,,,,,,,,,,,0.6,100,15.0,15.0,-6.4812,,,,,,,,,,,,,,,,,,,,,,,,,,0.6,105,-1.0,-1.0,-3.866,,,,,,0.6047,129,0.0,0.0,-3.6151,-0.2183,-5.0365
ADUR,SPY,31,34,170,,,,,,,,,,,,,,,,,,,,,,,,,,,,,,,,,,,,,,,,,,,,,,0.6667,27,-1.0,0.0,-2.6583,,,,,,0.6,15,0.0,0.0,-2.4289,,,,,,0.6667,27,-3.0,-2.0,-0.5883,,,,,,0.75,24,-3.0,-2.0,-0.6739,,,,,,,,,,,,,,,,,,,,,,,,,,,,,,,,,,,,0.632,125,-1.0,0.0,-0.8747,0.7239,2.1764
AEG,XLF,31,31,225,,,,,,,,,,,,,,,,,,,,,,,,,,,,,,,,,,,,,,,,,,,,,,,,,,,,,,,,,,,,,,,,,,0.6522,69,-2.0,-1.0,-0.078,,,,,,0.6379,116,0.0,1.0,-0.1105,,,,,,,,,,,,,,,,,,,,,,,,,,0.7037,108,0.0,1.0,-0.0943,,,,,,0.6765,102,0.0,0.0,-0.1481,0.4521,0.8491
AEHL,QQQ,20,31,133,,,,,,,,,,,,,,,,,,,,,,,,,,,,,,,,,,,,,,,,,,,,,,,,,,,,,,,,,,,,,,,,,,0.6486,37,15.0,15.0,-5.7921,,,,,,0.6389,36,15.0,15.0,-8.0965,,,,,,,,,,,,,,,,,,,,,,,,,,0.6615,65,-2.0,-1.0,-3.8721,,,,,,0.6452,62,-1.0,0.0,-5.0397,0.0549,0.1555
AEHR,SOXX,40,40,313,,,,,,,,,,,,,,,,,,,,,,,,,,,,,,,,,,,,,,,,,,,,,,,,,,,,,,,,,,,,,0.6579,38,1.0,3.0,1.1396,0.6774,31,-4.0,-3.0,-0.6519,0.6667,15,-5.0,-5.0,1.408,0.6667,15,-4.0,-4.0,-0.851,,,,,,,,,,,,,,,,,,,,,0.6296,27,-1.0,-1.0,1.1253,0.7,20,-2.0,-2.0,-0.7521,0.68,25,2.0,2.0,3.3859,0.8462,13,-3.0,-3.0,-0.9655,0.9456,1.3662
AEIS,QQQ,18,18,224,,,,,,,,,,,,,,,,,,,,,,,,,,,,,,,,,,,,,,,,,,,,,,,,,,,,,,,,,,,,,0.6774,31,-5.0,-4.0,0.4129,0.7059,17,-3.0,-3.0,-0.38,0.7143,14,-5.0,-5.0,0.64,0.6,10,1.0,1.0,-0.86,,,,,,,,,,,,,,,,,,,,,0.6667,33,1.0,1.0,0.2791,,,,,,,,,,,0.625,32,-2.0,-2.0,-0.673,0.8465,2.1065
AEM,GDX,38,38,255,,,,,,,,,,,,,,,,,,,,,,,,,,,,,,,,,,,,,,,,,,,,,,,,,,,,,,,,,,,,,,,,,,0.6,20,-4.0,-4.0,-0.2525,,,,,,0.6235,85,-4.0,-2.0,-0.4202,,,,,,,,,,,,,,,,,,,,,0.6207,29,-4.0,-4.0,0.1311,0.6275,51,-3.0,-2.0,-0.24,,,,,,0.6667,51,-3.0,-2.0,-0.4224,0.8047,0.6953
AEMD,IWM,13,23,80,,,,,,,,,,,,,,,,,,,,,,,,,,,,,,,,,,,,,,,,,,,,,,,,,,,,,,,,,,,,,,,,,,0.6667,18,15.0,15.0,-4.26,,,,,,0.75,16,15.0,15.0,-5.42,,,,,,,,,,,,,,,,,,,,,,,,,,0.6667,18,1.0,1.0,-2.5525,,,,,,0.7222,18,-1.0,-1.0,-2.5546,0.243,1.3664
AEO,IWM,23,23,248,,,,,,,,,,,,,,,,,,,,,,,,,,,,,,,,,,,,,,,,,,,,,,0.6,10,0.0,0.0,-0.94,,,,,,0.7,10,0.0,0.0,-1.34,0.625,24,1.0,1.0,0.358,0.68,25,2.0,2.0,-0.9912,0.6316,38,2.0,3.0,0.5204,0.7059,17,-4.0,-4.0,-0.4783,,,,,,,,,,,,,,,,,,,,,0.8125,16,-2.0,-2.0,0.2485,,,,,,0.6875,16,-2.0,-2.0,0.3518,,,,,,0.6919,0.9986
AEP,XLU,18,18,245,,,,,,,,,,,,,,,,,,,,,,,,,,,,,,,,,,,,,,,,,,,,,,,,,,,,,,,,,,,,,,,,,,,,,,,,,,,,0.6471,102,-2.0,-1.0,-0.1983,,,,,,,,,,,,,,,,,,,,,0.7273,11,-2.0,-2.0,0.125,0.6154,26,1.0,1.0,-0.1787,,,,,,0.6154,26,1.0,1.0,-0.26,0.722,0.8945
AES,IWM,27,27,240,0.8182,11,-1.0,-1.0,0.2244,0.75,16,0.0,0.0,-0.0983,0.8182,11,-1.0,-1.0,0.1767,0.75,16,0.0,0.0,-0.1025,,,,,,,,,,,,,,,,,,,,,0.6364,11,0.0,0.0,0.2414,,,,,,0.6,10,-1.0,-1.0,0.1633,,,,,,,,,,,0.7554,233,-1.0,0.0,-0.0182,,,,,,0.6569,239,-1.0,0.0,-0.0348,,,,,,,,,,,,,,,,,,,,,,,,,,0.7409,220,-2.0,1.0,-0.0177,,,,,,0.6603,209,-1.0,1.0,-0.0349,0.4015,0.0642
AESI,OIH,14,14,227,,,,,,,,,,,,,,,,,,,,,,,,,,,,,,,,,,,,,,,,,,,,,,,,,,,,,,,,,,,,,,,,,,0.625,16,-3.0,-3.0,-0.327,,,,,,0.7297,37,2.0,3.0,-0.6167,,,,,,,,,,,,,,,,,,,,,0.6585,41,-1.0,-1.0,0.2459,0.8065,31,-4.0,-3.0,-0.2768,,,,,,0.6535,101,0.0,2.0,-0.5586,0.6739,1.1351
AEVA,QQQ,35,35,251,,,,,,,,,,,,,,,,,,,,,,,,,,,,,,,,,,,,,,,,,0.7,10,-1.0,-1.0,2.1357,,,,,,,,,,,,,,,,0.7273,22,-2.0,-1.0,0.7369,0.9,10,-7.0,-7.0,-0.9589,0.8,15,-3.0,-3.0,0.9142,0.6364,11,-7.0,-7.0,-1.8014,,,,,,,,,,,,,,,,,,,,,,,,,,0.6364,11,-3.0,-3.0,-0.9086,0.6154,13,2.0,2.0,1.7963,0.6923,13,-3.0,-3.0,-0.8878,0.8983,2.1885
AFRM,SPY,37,37,261,0.6,10,1.0,1.0,0.9283,,,,,,,,,,,,,,,,,,,,,,,,,,,,,,,,,,,,,,,,,0.6429,14,-1.0,-1.0,-0.9367,,,,,,0.7143,14,-1.0,-1.0,-1.444,0.6522,23,1.0,1.0,0.32,0.6,15,-4.0,-4.0,-0.2156,0.6429,28,0.0,0.0,0.6839,0.625,16,-3.0,-3.0,-0.196,,,,,,,,,,,,,,,,,,,,,0.6875,16,1.0,1.0,0.3345,0.6,15,-2.0,-2.0,-0.3667,0.7143,14,1.0,1.0,0.593,0.6875,16,-2.0,-2.0,-0.5,0.6373,1.6565
AG,GDX,40,40,376,,,,,,,,,,,,,,,,,,,,,,,,,,,,,,,,,,,,,,,,,,,,,,,,,,,,,,,,,,,,,0.6471,17,-4.0,-4.0,0.1782,0.7333,30,4.0,5.0,-0.4391,0.6,20,-5.0,-5.0,0.5958,0.6596,47,-4.0,-3.0,-0.5242,,,,,,,,,,,,,,,,,,,,,0.6765,34,-4.0,-4.0,0.24,0.6615,65,-3.0,-2.0,-0.3749,0.6111,36,1.0,1.0,0.6927,0.6429,42,-3.0,-3.0,-0.48,0.9505,1.1059
AGEN,QQQ,19,22,200,,,,,,,,,,,,,,,,,,,,,,,,,,,,,,,,,,,,,,,,,,,,,,,,,,,,,,,,,,,,,0.6,20,-1.0,-1.0,1.115,0.6667,18,15.0,15.0,-3.82,,,,,,0.7037,27,1.0,2.0,-1.65,,,,,,,,,,,,,,,,,,,,,,,,,,0.6765,34,0.0,0.0,-0.6357,,,,,,0.6216,37,-1.0,-1.0,-1.0052,0.7411,0.5589
AGG,IWM,18,18,239,,,,,,,,,,,,,,,,,,,,,,,,,,,,,,,,,,,,,,,,,,,,,,,,,,,,,,,,,,,,,,,,,,0.6239,109,-1.0,-1.0,-0.0149,,,,,,0.6182,110,-1.0,-1.0,-0.024,,,,,,,,,,,,,,,,,,,,,0.625,16,-2.0,-2.0,0.023,0.638,163,-1.0,0.0,-0.0134,0.625,16,-2.0,-2.0,0.036,0.6111,162,-1.0,0.0,-0.0243,0.4573,0.1033
AGI,GDX,38,38,256,,,,,,,,,,,,,,,,,,,,,,,,,,,,,,,,,,,,,,,,,,,,,,,,,,,,,,,,,,,,,0.6364,22,-1.0,-1.0,0.2807,0.7,30,3.0,4.0,-0.2043,,,,,,0.6364,22,-3.0,-3.0,-0.4179,,,,,,,,,,,,,,,,,,,,,0.7273,22,-1.0,-1.0,0.2175,0.6508,63,2.0,4.0,-0.2554,0.6286,35,2.0,2.0,0.3832,0.619,63,-4.0,-3.0,-0.3987,0.9635,0.8987
AGIX,QQQ,26,28,148,,,,,,,,,,,,,,,,,,,,,,,,,,,,,,,,,,,,,,,,,0.9,10,-1.0,-1.0,0.6489,,,,,,,,,,,,,,,,0.6111,18,0.0,0.0,0.3173,,,,,,0.7273,11,1.0,1.0,0.3325,,,,,,,,,,,,,,,,,,,,,,,,,,0.6471,34,0.0,0.0,0.1914,,,,,,0.6667,15,1.0,1.0,0.284,,,,,,0.9063,1.175
AGNC,SPY,40,40,342,0.6944,36,-1.0,0.0,0.46,,,,,,0.7778,36,-1.0,0.0,0.4868,,,,,,,,,,,,,,,,,,,,,,,,,,0.6857,35,-1.0,0.0,0.4679,,,,,,0.7714,35,-1.0,0.0,0.5011,,,,,,0.6,15,2.0,2.0,0.1144,0.6281,121,0.0,0.0,-0.103,0.6154,13,2.0,2.0,0.1238,0.6792,106,-2.0,-1.0,-0.2022,,,,,,,,,,,,,,,,,,,,,,,,,,0.637,146,0.0,0.0,-0.0999,,,,,,0.6168,107,-1.0,-1.0,-0.1567,0.5968,0.5738
AGPU,SPY,22,29,79,,,,,,,,,,,,,,,,,,,,,,,,,,,,,,,,,,,,,,,,,,,,,,,,,,,0.6,10,0.0,0.0,5.4583,,,,,,,,,,,,,,,,,,,,,,,,,,,,,,,,,,,,,,,,,,,,,,,,,,,,,,,,,,,,,,,,,,0.4016,1.3937
AGQ,IWM,40,40,447,,,,,,,,,,,,,,,,,,,,,,,,,,,,,,,,,,,,,,,,,,,,,,0.6154,13,-1.0,-1.0,-0.9862,,,,,,0.6923,13,-1.0,-1.0,-1.4167,0.6897,29,-1.0,-1.0,0.4435,0.7083,24,5.0,6.0,-0.4594,0.6667,27,1.0,1.0,0.4717,0.625,24,-2.0,-2.0,-0.728,,,,,,,,,,,,,,,,,,,,,,,,,,,,,,,,,,,,,,,,,0.5187,2.9627
AGX,XLI,15,15,184,,,,,,,,,,,,,,,,,,,,,,,,,,,,,,,,,,,,,,,,,,,,,,,,,,,,,,,,,,,,,0.6296,27,1.0,2.0,0.5247,,,,,,0.6667,27,2.0,3.0,0.5639,0.75,12,4.0,4.0,-1.0444,,,,,,,,,,,,,,,,,,,,,0.6333,30,1.0,1.0,0.4574,,,,,,,,,,,,,,,,0.7668,2.1432
AHMA,XLY,20,31,106,,,,,,,,,,,,,,,,,,,,,,,,,,,,,,,,,,,,,,,,,,,,,,,,,,,,,,,,,,,,,,,,,,,,,,,,,,,,0.6,30,15.0,15.0,-3.9633,,,,,,,,,,,,,,,,,,,,,,,,,,0.6522,23,0.0,1.0,-1.6893,,,,,,0.7222,18,-1.0,-1.0,-2.9646,0.2137,0.9246
AI,IGV,40,40,315,0.6,10,-2.0,-2.0,0.925,,,,,,0.625,24,-2.0,-1.0,1.5367,,,,,,,,,,,,,,,,,,,,,,,,,,,,,,,,,,,,,,,,,,,,,,0.6,25,3.0,4.0,0.484,0.6087,69,-1.0,0.0,-0.434,0.75,16,3.0,3.0,0.8142,0.7778,18,2.0,2.0,-0.7114,,,,,,,,,,,,,,,,,,,,,0.6053,38,-2.0,-2.0,0.287,0.6957,23,1.0,1.0,-0.3444,,,,,,0.6087,23,1.0,1.0,-0.675,0.824,0.7783
AIB,QQQ,32,37,184,,,,,,,,,,,,,,,,,,,,,,,,,,,,,,,,,,,,,,,,,,,,,,,,,,,,,,,,,,,,,,,,,,0.6818,22,0.0,1.0,-0.7233,0.7273,11,1.0,1.0,3.1938,0.6667,12,0.0,0.0,-1.42,,,,,,,,,,,,,,,,,,,,,,,,,,0.6308,65,-1.0,0.0,-1.0239,0.8125,16,-2.0,-2.0,2.9323,,,,,,0.5913,1.0541
AIBZ,SPY,25,30,132,,,,,,,,,,,,,,,,,,,,,,,,,,,,,,,,,,,,,,,,,,,,,,0.7692,13,0.0,0.0,-4.45,,,,,,,,,,,0.6923,13,15.0,15.0,1.2344,,,,,,,,,,,,,,,,,,,,,,,,,,,,,,,,,,,,,,,,,0.6,45,0.0,0.0,-1.7078,,,,,,0.6047,43,0.0,0.0,-2.0338,0.4685,3.2409
AIDX,SPY,12,21,55,,,,,,,,,,,,,,,,,,,,,,,,,,,,,,,,,,,,,,,,,,,,,,,,,,,,,,,,,,,,,,,,,,0.8182,11,-15.0,-15.0,-0.9867,,,,,,0.9,10,-15.0,-15.0,-1.5656,,,,,,,,,,,,,,,,,,,,,,,,,,0.8333,12,1.0,1.0,-1.201,,,,,,0.7143,28,0.0,1.0,-2.842,0.3042,1.5594
AIFC,SPY,31,34,185,,,,,,,,,,,,,,,,,,,,,,,,,,,,,,,,,,,,,,,,,0.8182,11,-1.0,-1.0,2.1956,0.6,15,0.0,0.0,-2.1722,,,,,,0.6,10,-1.0,-1.0,-1.6717,0.6667,15,-4.0,-4.0,0.71,0.8571,14,-2.0,-2.0,-0.9358,0.6667,12,-1.0,-1.0,1.8175,0.7143,14,-2.0,-2.0,-1.644,,,,,,,,,,,,,,,,,,,,,,,,,,0.7,10,1.0,1.0,-0.5829,,,,,,0.6216,74,0.0,0.0,-1.4039,0.5814,1.8028
AIIO,SPY,40,40,402,,,,,,,,,,,,,,,,,,,,,,,,,,,,,,,,,,,,,,,,,,,,,,,,,,,,,,,,0.6,15,-1.0,-1.0,-5.7522,0.8182,11,-5.0,-5.0,0.8578,0.6111,54,15.0,15.0,-1.5215,0.625,16,-7.0,-7.0,1.194,0.6897,29,0.0,1.0,-1.4235,,,,,,,,,,,,,,,,,,,,,,,,,,0.7143,14,-2.0,-2.0,-0.817,0.7,10,-2.0,-2.0,0.9086,0.633,109,-1.0,-1.0,-1.2225,0.3672,2.2421
AIM,IBB,29,37,311,,,,,,,,,,,,,,,,,,,,,,,,,,,,,,,,,,,,,,,,,,,,,,,,,,,,,,,,,,,,,0.6667,15,-2.0,-2.0,1.084,0.7073,41,-15.0,-14.0,-0.8962,0.6333,30,-2.0,-1.0,0.9953,0.6875,32,15.0,15.0,-5.8423,,,,,,,,,,,,,,,,,,,,,,,,,,0.7857,14,-2.0,-2.0,-3.1927,,,,,,0.6,25,1.0,1.0,-1.4113,0.3047,2.4121
AIOT,SPY,17,17,209,,,,,,,,,,,,,,,,,,,,,,,,,,,,,,,,,,,,,,,,,,,,,,,,,,,,,,,,,,,,,,,,,,0.625,24,-2.0,-2.0,-0.2053,,,,,,0.75,24,0.0,0.0,-0.7,,,,,,,,,,,,,,,,,,,,,,,,,,0.7,10,-2.0,-2.0,-0.29,0.6,15,1.0,1.0,1.4589,0.8182,11,-2.0,-2.0,-0.4933,0.5805,1.0106
AIP,SOXX,28,29,199,,,,,,,,,,,,,,,,,,,,,,,,,,,,,,,,,,,,,,,,,,,,,,,,,,,,,,,,,,,,,0.8182,22,-4.0,-3.0,0.5928,0.6667,33,-2.0,-1.0,-0.6159,0.6875,16,3.0,3.0,1.0882,0.68,25,-3.0,-2.0,-0.5806,,,,,,,,,,,,,,,,,,,,,0.6897,29,4.0,5.0,0.537,0.65,20,1.0,1.0,-0.6469,0.6552,29,4.0,5.0,0.8274,0.7308,26,-5.0,-4.0,-0.5911,0.9406,0.8217
AIPI,QQQ,18,19,99,,,,,,,,,,,,,,,,,,,,,,,,,,,,,,,,,,,,,,,,,,,,,,,,,,,,,,,,,,,,,,,,,,0.6364,22,-2.0,-2.0,-0.1371,0.6429,14,-1.0,-1.0,0.24,,,,,,,,,,,,,,,,,,,,,,,,,,,,,,,0.75,16,-2.0,-2.0,-0.1333,0.6842,19,-1.0,-1.0,0.3123,0.6154,13,0.0,0.0,-0.185,0.8679,0.5603
AIPO,QQQ,40,40,297,,,,,,,,,,,,,,,,,,,,,,,,,,,,,,,,,,,,,,,,,,,,,,0.6364,11,0.0,0.0,-0.93,,,,,,0.6364,11,0.0,0.0,-1.0,0.6923,52,-2.0,-1.0,0.3503,0.6136,44,0.0,0.0,-0.2037,0.619,21,-1.0,-1.0,0.53,0.6316,19,-4.0,-4.0,-0.4458,,,,,,,,,,,,,,,,,,,,,,,,,,0.6538,52,-3.0,-2.0,-0.2403,0.6667,15,2.0,2.0,0.256,,,,,,0.9439,1.4903
AIQ,QQQ,31,31,261,,,,,,,,,,,,,,,,,,,,,,,,,,,,,,,,,,,,,,,,,,,,,,0.7,10,-1.0,-1.0,-0.2557,0.6,10,-1.0,-1.0,0.6583,,,,,,0.6071,112,-1.0,1.0,0.2446,,,,,,0.6623,77,0.0,1.0,0.3225,,,,,,,,,,,,,,,,,,,,,,,,,,0.6577,111,0.0,2.0,0.1496,,,,,,0.6316,57,0.0,0.0,0.2889,0.6216,37,-2.0,-2.0,-0.3248,0.9363,1.5131
AIRJ,QQQ,36,36,253,,,,,,,,,,,,,,,,,,,,,,,,,,,,,,,,,,,,,,,,,,,,,,0.7273,11,0.0,0.0,-2.635,,,,,,0.7273,11,0.0,0.0,-2.6813,0.6842,19,15.0,15.0,1.4477,0.6829,41,-4.0,-2.0,-0.785,0.6875,16,15.0,15.0,1.83,0.6667,27,-4.0,-3.0,-1.1867,,,,,,,,,,,,,,,,,,,,,,,,,,0.6809,47,-3.0,-2.0,-0.7691,,,,,,0.6471,34,-2.0,-2.0,-1.265,0.7213,1.5753
AIRO,SPY,28,29,157,,,,,,,,,,,,,,,,,,,,,,,,,,,,,,,,,,,,,,,,,,,,,,,,,,,,,,,,,,,,,,,,,,,,,,,,,,,,0.6,10,-3.0,-3.0,-0.3917,,,,,,,,,,,,,,,,,,,,,,,,,,,,,,,,,,,,,,,,,0.7834,2.1551
AIRR,QQQ,12,12,212,,,,,,,,,,,,,,,,,,,,,,,,,,,,,,,,,,,,,,,,,,,,,,,,,,,,,,,,,,,,,0.6364,11,2.0,2.0,0.1,0.6296,54,1.0,1.0,-0.1447,,,,,,,,,,,,,,,,,,,,,,,,,,,,,,,,,,,,0.6364,11,-3.0,-3.0,-0.2043,,,,,,0.6667,27,-2.0,-2.0,-0.29,0.8443,0.7134
AIRS,SPY,11,13,119,,,,,,,,,,,,,,,,,,,,,,,,,,,,,,,,,,,,,,,,,,,,,,,,,,,,,,,,,,,,,,,,,,0.6429,14,0.0,0.0,-0.6278,,,,,,0.6471,34,-1.0,0.0,-0.5827,,,,,,,,,,,,,,,,,,,,,,,,,,0.6512,43,0.0,0.0,-0.5471,,,,,,0.775,40,0.0,0.0,-0.8065,0.6993,1.654
AIS,QQQ,32,33,206,,,,,,,,,,,,,,,,,,,,,,,,,,,,,,,,,,,,,,,,,,,,,,,,,,,,,,,,,,,,,0.6875,32,1.0,3.0,0.3136,0.7,10,-5.0,-5.0,-0.3771,0.6562,64,-1.0,2.0,0.7767,,,,,,,,,,,,,,,,,,,,,,,,,,0.6203,79,-1.0,0.0,0.5753,,,,,,0.6667,51,-1.0,-1.0,0.7982,0.6667,12,-3.0,-3.0,-0.6112,0.9139,2.8062
AISP,SPY,29,29,172,,,,,,,,,,,,,,,,,,,,,,,,,,,,,,,,,,,,,,,,,0.6,10,-1.0,-1.0,2.2333,0.6154,13,0.0,0.0,-1.0237,0.6667,12,-1.0,-1.0,4.1025,,,,,,,,,,,0.6667,24,0.0,0.0,-0.3644,0.6364,11,-3.0,-3.0,0.5743,0.9,10,1.0,1.0,-1.2756,,,,,,,,,,,,,,,,,,,,,,,,,,,,,,,,,,,,,,,,,0.6464,1.4362
AIXI,QQQ,28,37,140,,,,,,,,,,,,,,,,,,,,,,,,,,,,,,,,,,,,,,,,,,,,,,,,,,,,,,,,,,,,,,,,,,0.7826,23,-15.0,-15.0,-3.6383,,,,,,0.625,24,-15.0,-15.0,-4.622,,,,,,,,,,,,,,,,,,,,,0.6364,11,-3.0,-3.0,3.9243,0.6341,41,-2.0,-1.0,-1.8162,0.7,10,-3.0,-3.0,6.2257,0.68,25,-1.0,-1.0,-1.7429,0.1612,0.4139
AIYY,SPY,13,26,20,,,,,,,,,,,,,,,,,,,,,,,,,,,,,,,,,,,,,,,,,,,,,,,,,,,,,,,,,,,,,,,,,,,,,,,,,,,,,,,,,,,,,,,,,,,,,,,,,,,,,,,,,,,,,,,,,,,,,,,,,0.4957,0.8762
AKAM,SPY,31,31,244,,,,,,0.8,10,0.0,0.0,-1.3538,,,,,,0.7,10,0.0,0.0,-1.8614,,,,,,,,,,,,,,,,,,,,,,,,,,0.6471,17,0.0,0.0,-1.2809,,,,,,,,,,,0.6154,13,2.0,2.0,0.3112,0.6,35,0.0,0.0,-0.241,0.6111,18,-3.0,-3.0,0.4245,0.6842,19,-4.0,-4.0,-0.4323,,,,,,,,,,,,,,,,,,,,,,,,,,,,,,,0.6923,13,1.0,1.0,0.2367,0.6667,15,-2.0,-2.0,-0.469,0.6418,0.9113
AKBA,XBI,26,26,236,,,,,,,,,,,,,,,,,,,,,,,,,,,,,,,,,,,,,,,,,,,,,,,,,,,,,,,,,,,,,,,,,,0.6667,66,-3.0,-1.0,-0.3657,,,,,,0.625,48,-2.0,-1.0,-0.3877,,,,,,,,,,,,,,,,,,,,,,,,,,0.614,114,0.0,1.0,-0.434,,,,,,0.6667,108,0.0,1.0,-0.6808,0.532,0.6224
AKTS,XBI,10,13,113,,,,,,,,,,,,,,,,,,,,,,,,,,,,,,,,,,,,,,,,,,,,,,,,,,,,,,,,,,,,,,,,,,,,,,,,,,,,,,,,,,,,,,,,,,,,,,,,,,,,,0.6087,23,0.0,0.0,0.8857,0.7273,11,-1.0,-1.0,-0.9425,0.6364,11,2.0,2.0,1.5029,0.6,15,1.0,1.0,-1.1967,0.6684,1.0546
ALAB,SOXX,40,40,408,,,,,,,,,,,,,,,,,,,,,,,,,,,,,,,,,,,,,,,,,,,,,,,,,,,,,,,,,,,,,0.6818,22,2.0,2.0,0.5493,0.617,47,-2.0,-1.0,-0.4217,0.6222,45,1.0,2.0,1.0043,0.6842,19,6.0,6.0,-1.3138,,,,,,,,,,,,,,,,,,,,,0.6552,29,4.0,4.0,0.5563,0.6333,30,3.0,3.0,-0.7663,0.7241,29,2.0,2.0,1.0929,0.6,30,-6.0,-5.0,-1.3067,0.916,0.986
ALAR,SPY,20,25,61,,,,,,,,,,,,,,,,,,,,,,,,,,,,,,,,,,,,,,,,,,,,,,,,,,,,,,,,,,,,,,,,,,0.6875,16,-15.0,-15.0,-2.5609,,,,,,,,,,,,,,,,,,,,,,,,,,,,,,,,,,,,0.7179,39,-1.0,0.0,-1.5343,,,,,,,,,,,0.3803,1.4842
ALB,IWM,33,33,251,,,,,,0.6154,13,-1.0,-1.0,-0.72,,,,,,0.6154,13,-1.0,-1.0,-1.3862,,,,,,,,,,,,,,,,,,,,,,,,,,0.6,25,-1.0,0.0,-0.8987,,,,,,0.8,10,-1.0,-1.0,-0.8063,0.6522,23,-4.0,-4.0,0.2573,0.7273,22,0.0,0.0,-0.2425,,,,,,0.625,32,-2.0,-2.0,-0.4255,,,,,,,,,,,,,,,,,,,,,,,,,,,,,,,,,,,,,,,,,0.4436,1.0211
ALBT,SPY,12,29,90,,,,,,,,,,,,,,,,,,,,,,,,,,,,,,,,,,,,,,,,,,,,,,,,,,,,,,,,,,,,,,,,,,,,,,,,,,,,0.75,12,15.0,15.0,-8.2444,,,,,,,,,,,,,,,,,,,,,,,,,,0.6129,31,-1.0,-1.0,-2.9742,,,,,,0.6364,66,-1.0,0.0,-3.4576,0.472,2.1884
ALC,IHI,39,39,243,,,,,,,,,,,,,,,,,,,,,,,,,,,,,,,,,,,,,,,,,,,,,,,,,,,,,,,,,,,,,,,,,,0.6261,115,0.0,2.0,-0.1103,,,,,,0.6475,122,0.0,2.0,-0.1844,,,,,,,,,,,,,,,,,,,,,,,,,,0.6486,37,1.0,1.0,-0.1467,0.6,10,2.0,2.0,0.2967,0.6333,90,0.0,1.0,-0.1716,0.4776,0.706
ALDX,QQQ,21,21,201,,,,,,,,,,,,,,,,,,,,,,,,,,,,,,,,,,,,,,,,,,,,,,,,,,,,,,,,,,,,,,,,,,0.6829,41,-5.0,-3.0,-0.3786,0.6429,14,-5.0,-5.0,0.5878,0.6897,58,-4.0,-1.0,-0.8185,,,,,,,,,,,,,,,,,,,,,,,,,,0.6697,109,-2.0,0.0,-0.4342,,,,,,0.7368,38,-3.0,-2.0,-0.8804,0.582,0.5455
ALGM,SOXX,31,32,247,,,,,,,,,,,,,,,,,,,,,,,,,,,,,,,,,,,,,,,,,,,,,,,,,,,,,,,,,,,,,0.625,16,-1.0,-1.0,0.724,0.6667,18,-7.0,-7.0,-0.6042,0.625,16,-1.0,-1.0,1.141,0.7143,14,2.0,2.0,-0.547,,,,,,,,,,,,,,,,,,,,,0.7857,14,2.0,2.0,0.55,0.7619,21,1.0,1.0,-0.4462,0.6579,38,4.0,5.0,0.732,0.7083,24,3.0,3.0,-0.7865,0.9483,1.0604
ALHC,IHF,23,23,243,,,,,,,,,,,,,,,,,,,,,,,,,,,,,,,,,,,,,,,,,,,,,,,,,,,,,,,,,,,,,0.6,15,-3.0,-3.0,0.2433,0.6333,60,-2.0,-1.0,-0.2221,0.6,10,5.0,5.0,0.3083,0.697,33,-2.0,-2.0,-0.2539,,,,,,,,,,,,,,,,,,,,,,,,,,,,,,,0.6111,18,-2.0,-2.0,0.4491,0.6262,107,-1.0,0.0,-0.6166,0.5139,0.7612
ALIT,XLI,30,30,234,,,,,,,,,,,,,,,,,,,,,,,,,,,,,,,,,,,,,,,,,,,,,,,,,,,,,,,,,,,,,0.6,20,-1.0,-1.0,0.9008,0.7143,14,3.0,3.0,-0.561,0.6111,18,-1.0,-1.0,1.4791,0.7143,14,-5.0,-5.0,-2.001,,,,,,,,,,,,,,,,,,,,,0.6522,23,-2.0,-2.0,0.6467,,,,,,0.64,25,-2.0,-2.0,1.2931,,,,,,-0.1214,-0.2906
ALK,XTN,32,32,254,0.8462,13,0.0,0.0,1.0991,,,,,,0.6154,13,0.0,0.0,1.3438,,,,,,,,,,,,,,,,,,,,,,,,,,,,,,,,,,,,,,,,,,,,,,,,,,,0.8571,14,-5.0,-5.0,-0.1917,,,,,,0.6538,26,-4.0,-3.0,-0.5224,,,,,,,,,,,,,,,,,,,,,0.6,10,0.0,0.0,0.39,0.6364,11,-1.0,-1.0,-0.3971,0.6364,11,0.0,0.0,0.4543,0.9,10,1.0,1.0,-0.4233,0.8551,2.0025
ALKS,IBB,17,17,222,,,,,,,,,,,,,,,,,,,,,,,,,,,,,,,,,,,,,,,,,,,,,,,,,,,,,,,,,,,,,0.6522,23,2.0,2.0,0.4053,0.8,10,6.0,6.0,-0.095,0.65,20,2.0,2.0,0.58,,,,,,,,,,,,,,,,,,,,,,,,,,,,,,,,,,,,0.6486,37,1.0,1.0,0.5033,,,,,,0.7312,1.0147
ALKT,IGV,24,24,224,,,,,,,,,,,,,,,,,,,,,,,,,,,,,,,,,,,,,,,,,,,,,,,,,,,,,,,,,,,,,,,,,,0.6279,43,-2.0,-1.0,-0.3419,,,,,,0.6087,23,-1.0,-1.0,-0.4286,,,,,,,,,,,,,,,,,,,,,,,,,,0.6897,29,-2.0,-2.0,-0.313,,,,,,0.6905,42,-1.0,-1.0,-0.6169,0.8448,0.9158
ALL,XLF,11,11,227,,,,,,,,,,,,,,,,,,,,,,,,,,,,,,,,,,,,,,,,,,,,,,,,,,,,,,,,,,,,,0.6,20,-2.0,-2.0,0.0967,0.6364,11,3.0,3.0,-0.11,0.6667,12,3.0,3.0,0.2612,0.6393,61,0.0,0.0,-0.1969,,,,,,,,,,,,,,,,,,,,,,,,,,0.6429,14,-2.0,-2.0,-0.1178,,,,,,0.6,15,1.0,1.0,-0.19,0.2336,0.3601
ALLO,SPY,35,35,239,,,,,,,,,,,,,,,,,,,,,,,,,,,,,,,,,,,,,,,,,,,,,,,,,,,,,,,,0.6154,13,-1.0,-1.0,-2.8588,0.6154,13,-5.0,-5.0,0.4113,0.6949,59,-4.0,-2.0,-0.3732,0.6667,12,-5.0,-5.0,0.4513,0.6842,19,-2.0,-2.0,-0.6185,,,,,,,,,,,,,,,,,,,,,,,,,,0.6308,130,0.0,1.0,-0.3929,,,,,,0.7143,14,-2.0,-2.0,-0.406,0.6719,1.4986
ALLT,IWM,14,16,113,,,,,,,,,,,,,,,,,,,,,,,,,,,,,,,,,,,,,,,,,,,,,,,,,,,,,,,,,,,,,0.6,10,-1.0,-1.0,0.2917,0.7857,14,0.0,0.0,-0.4282,0.7273,11,0.0,0.0,0.7913,0.6364,11,-2.0,-2.0,-0.3714,,,,,,,,,,,,,,,,,,,,,,,,,,0.7143,14,1.0,1.0,-0.336,,,,,,,,,,,0.2554,0.4169
ALLW,SPY,20,23,160,,,,,,,,,,,,,,,,,,,,,,,,,,,,,,,,,,,,,,,,,,,,,,,,,,,0.6,10,0.0,0.0,0.3817,,,,,,,,,,,,,,,,,,,,,,,,,,,,,,,,,,,,,,,,,,,,,,,,,,,,,,,,0.6,10,-2.0,-2.0,0.0733,,,,,,0.691,0.3881
ALM,GDX,39,39,300,,,,,,,,,,,,,,,,,,,,,,,,,,,,,,,,,,,,,,,,,,,,,,,,,,,,,,,,,,,,,0.6875,32,3.0,4.0,0.4532,0.64,25,5.0,6.0,-0.615,0.6667,21,-2.0,-2.0,0.9436,0.6429,28,-1.0,-1.0,-0.6806,,,,,,,,,,,,,,,,,,,,,0.7143,28,-4.0,-4.0,0.368,0.625,24,-2.0,-2.0,-0.4493,0.625,32,-4.0,-4.0,0.6365,0.6316,38,2.0,2.0,-0.6417,0.7609,0.8094
ALMS,XBI,24,25,204,,,,,,,,,,,0.75,12,-1.0,-1.0,2.9867,,,,,,,,,,,,,,,,,,,,,,,,,,,,,,,,,,,,,,,,,,,,,,,,,,,0.6731,52,-3.0,-1.0,-0.3234,0.6,10,5.0,5.0,0.79,0.6379,58,-3.0,-1.0,-0.7114,,,,,,,,,,,,,,,,,,,,,0.6667,18,2.0,2.0,0.355,0.7368,19,-2.0,-2.0,-0.315,,,,,,0.6316,19,-2.0,-2.0,-1.3217,0.7373,0.9922
ALMU,SMH,31,33,201,,,,,,,,,,,,,,,,,,,,,,,,,,,,,,,,,,,,,,,,,,,,,,,,,,,,,,,,,,,,,0.6,10,3.0,3.0,0.56,0.6,10,-7.0,-7.0,-0.9433,0.7857,14,-1.0,-1.0,1.31,0.6667,12,-5.0,-5.0,-0.8825,,,,,,,,,,,,,,,,,,,,,0.6667,15,-3.0,-3.0,0.83,0.6364,11,-2.0,-2.0,-0.6143,0.6897,29,1.0,2.0,1.1665,0.7,10,-4.0,-4.0,-0.6386,0.9186,1.0269
ALNY,IBB,21,21,235,,,,,,0.6,10,0.0,0.0,-1.6517,,,,,,0.7,10,0.0,0.0,-2.16,,,,,,,,,,,,,,,,,,,,,,,,,,,,,,,,,,,,,,,,,,,,,,0.7222,18,-3.0,-3.0,-0.1146,0.6452,31,-4.0,-3.0,0.28,0.625,16,2.0,2.0,-0.434,,,,,,,,,,,,,,,,,,,,,,,,,,0.6129,31,-3.0,-2.0,-0.2784,0.6792,53,-1.0,-1.0,0.5544,0.6522,23,2.0,2.0,-0.4927,0.4373,0.6344
ALOY,SPY,39,39,291,,,,,,0.7,10,1.0,1.0,-3.1929,,,,,,0.6,10,1.0,1.0,-4.485,,,,,,,,,,,,,,,,,,,,,,,,,,0.7368,19,0.0,0.0,-4.175,,,,,,,,,,,0.6957,23,2.0,3.0,0.9144,0.6818,22,-9.0,-8.0,-0.656,0.6667,15,-15.0,-15.0,1.41,0.6154,13,-2.0,-2.0,-1.1125,,,,,,,,,,,,,,,,,,,,,,,,,,0.6316,19,-2.0,-2.0,-1.3742,0.6,100,-1.0,-1.0,1.4305,0.7059,17,-2.0,-2.0,-1.3625,0.5863,2.063
ALP,IBIT,36,40,408,,,,,,,,,,,,,,,,,,,,,,,,,,,,,,,,,,,,,,,,,,,,,,,,,,,,,,,,,,,,,0.6471,17,-5.0,-5.0,0.6345,0.7586,29,-1.0,-1.0,-1.2395,,,,,,0.6667,36,1.0,2.0,-1.1512,,,,,,,,,,,,,,,,,,,,,,,,,,0.6429,70,-1.0,-1.0,-1.3029,,,,,,0.6789,109,-2.0,-1.0,-1.8723,0.4279,0.6959
ALT,XBI,34,34,240,,,,,,0.75,12,0.0,0.0,-0.7089,,,,,,0.6667,12,0.0,0.0,-0.9575,,,,,,,,,,,,,,,,,,,,,,,,,,,,,,,,,,,,,,,,,,,,,,0.7838,37,2.0,3.0,-0.3517,,,,,,0.7647,34,0.0,0.0,-0.6254,,,,,,,,,,,,,,,,,,,,,,,,,,0.6944,72,1.0,2.0,-0.3196,,,,,,0.6571,70,1.0,2.0,-0.5072,0.7222,0.7908
ALTO,ICLN,36,36,235,,,,,,0.7,10,0.0,0.0,-2.0786,0.6,15,1.0,1.0,1.9333,,,,,,,,,,,,,,,,,,,,,,,,,,,,,,,,,,,,,,,,,,,,,,,,,,,0.6,25,3.0,3.0,-0.4153,0.7059,17,-2.0,-2.0,0.3783,0.7333,15,-3.0,-3.0,-0.5964,,,,,,,,,,,,,,,,,,,,,,,,,,,,,,,,,,,,0.6452,31,2.0,2.0,-0.639,0.5473,0.4086
ALV,IWM,24,25,191,,,,,,,,,,,,,,,,,,,,,,,,,,,,,,,,,,,,,,,,,,,,,,,,,,,,,,,,,,,,,0.6,30,-2.0,-2.0,0.1906,0.7857,14,-3.0,-3.0,-0.1836,0.6071,28,0.0,0.0,0.3724,0.6875,48,1.0,2.0,-0.1994,,,,,,,,,,,,,,,,,,,,,0.6,10,-2.0,-2.0,0.2333,,,,,,,,,,,0.6036,111,-1.0,0.0,-0.1901,0.6304,0.8207
ALVO,XBI,13,14,164,,,,,,,,,,,,,,,,,,,,,,,,,,,,,,,,,,,,,,,,,,,,,,,,,,,,,,,,,,,,,,,,,,0.6835,79,-2.0,1.0,-0.5057,0.6,10,-2.0,-2.0,0.6567,0.6875,16,1.0,1.0,-0.7864,,,,,,,,,,,,,,,,,,,,,,,,,,0.6596,47,1.0,2.0,-0.56,0.6875,16,2.0,2.0,0.8173,0.7692,13,-1.0,-1.0,-0.637,0.2968,0.4234
AMA,QQQ,31,36,128,,,,,,,,,,,,,,,,,,,,,,,,,,,,,,,,,,,,,,,,,,,,,,,,,,,,,,,,,,,,,,,,,,,,,,,,,,,,,,,,,,,,,,,,,,,,,,,,,,,,,0.7368,19,0.0,0.0,0.9143,0.7222,18,1.0,1.0,-0.9169,,,,,,,,,,,0.9017,5.9387
AMAT,SOXX,40,40,585,,,,,,,,,,,,,,,,,,,,,,,,,,,,,,,,,,,,,,,,,,,,,,,,,,,,,,,,,,,,,0.66,50,5.0,7.0,0.3055,0.6,40,0.0,0.0,-0.2175,0.6471,34,5.0,6.0,0.4714,0.6923,26,-5.0,-5.0,-0.6478,,,,,,,,,,,,,,,,,,,,,0.6486,37,4.0,4.0,0.2667,0.6207,58,-3.0,-2.0,-0.345,0.6214,103,1.0,2.0,0.5448,0.6562,32,-3.0,-3.0,-0.5195,0.9363,1.1334
AMAU,QQQ,29,33,116,,,,,,,,,,,,,,,,,,,,,,,,,,,,,,,,,,,,,,,,,,,,,,,,,,,,,,,,,,,,,,,,,,0.7273,11,15.0,15.0,-0.705,,,,,,,,,,,,,,,,,,,,,,,,,,,,,,,0.65,40,-1.0,0.0,1.4785,0.7333,15,1.0,1.0,-0.74,0.6364,11,-2.0,-2.0,1.2857,0.6316,19,0.0,0.0,-1.1625,0.8802,6.1896
AMBA,SOXX,39,39,269,,,,,,,,,,,,,,,,,,,,,,,,,,,,,,,,,,,,,,,,,,,,,,,,,,,,,,,,,,,,,0.6923,13,4.0,4.0,0.4467,0.8,10,3.0,3.0,-0.2488,0.6154,13,-5.0,-5.0,0.5913,0.7273,22,0.0,0.0,-1.0206,,,,,,,,,,,,,,,,,,,,,0.75,20,4.0,4.0,0.802,0.7308,26,1.0,1.0,-0.6179,0.7333,15,2.0,2.0,1.2373,0.6,25,1.0,1.0,-0.9053,0.9282,0.8381
AMBQ,SMH,13,13,167,,,,,,,,,,,,,,,,,,,,,,,,,,,,,,,,,,,,,,,,,,,,,,,,,,,,,,,,,,,,,0.625,16,2.0,2.0,0.656,0.8182,11,-5.0,-5.0,-0.2367,,,,,,0.6818,22,0.0,1.0,-1.0413,,,,,,,,,,,,,,,,,,,,,0.6316,19,3.0,3.0,0.5208,0.6087,23,-3.0,-2.0,-0.5321,0.6,20,3.0,3.0,0.7333,0.6667,12,-4.0,-4.0,-1.105,0.8872,0.9308
AMC,SPY,40,40,461,0.6,10,-2.0,-2.0,2.1033,,,,,,,,,,,,,,,,,,,,,,,,,,,,,,,,,,,,0.6,35,-1.0,0.0,2.1081,,,,,,,,,,,,,,,,0.6774,31,-2.0,-2.0,0.749,0.6579,38,-1.0,-1.0,-0.2508,0.6,15,5.0,5.0,1.7389,0.7407,54,0.0,0.0,-0.7913,,,,,,,,,,,,,,,,,,,,,,,,,,0.6429,28,1.0,1.0,-0.71,,,,,,0.6897,29,1.0,1.0,-0.6845,0.5147,1.4747
AMCR,XLI,19,19,242,,,,,,,,,,,,,,,,,,,,,,,,,,,,,,,,,,,,,,,,,,,,,,,,,,,,,,,,,,,,,0.7143,21,-2.0,-2.0,0.142,,,,,,,,,,,,,,,,,,,,,,,,,,,,,,,,,,,,,,,,,,,,,,,,,,,0.6531,49,-1.0,-1.0,-0.2425,0.5935,0.8079
AMD,SMH,40,40,725,,,,,,,,,,,,,,,,,,,,,,,,,,,,,,,,,,,,,,,,,,,,,,,,,,,,,,,,,,,,,0.6338,71,2.0,2.0,0.2293,0.7143,63,-2.0,-2.0,-0.2789,0.6667,15,-7.0,-7.0,0.54,0.6552,29,-5.0,-5.0,-0.4858,,,,,,,,,,,,,,,,,,,,,0.75,20,4.0,4.0,0.2953,0.6129,62,-2.0,-2.0,-0.3184,0.6053,76,1.0,1.0,0.4909,0.6129,62,-5.0,-4.0,-0.6282,0.9262,1.1189
AMDD,IWM,40,40,255,,,,,,,,,,,,,,,,,,,,,,,,,,,,,,,,,,,,,,,,,,,,,,0.7143,14,-1.0,-1.0,-1.24,,,,,,,,,,,,,,,,0.7619,21,-3.0,-3.0,-0.3056,0.625,16,3.0,3.0,0.771,0.6889,45,-5.0,-3.0,-0.6968,,,,,,,,,,,,,,,,,,,,,,,,,,0.6162,99,0.0,1.0,-0.6169,,,,,,0.625,16,-2.0,-2.0,-0.782,-0.7406,-3.2511
AMDG,QQQ,10,25,22,,,,,,,,,,,,,,,,,,,,,,,,,,,,,,,,,,,,,,,,,,,,,,,,,,,,,,,,,,,,,,,,,,,,,,,,,,,,,,,,,,,,,,,,,,,,,,,,,,,,,,,,,,,,,,,,,,,,,,,,,0.9061,5.0395
AMDL,QQQ,40,40,551,,,,,,,,,,,,,,,,,,,,,,,,,,,,,,,,,,,,,,,,,0.8,10,-1.0,-1.0,2.5537,,,,,,0.6,10,-1.0,-1.0,4.6033,,,,,,0.68,50,4.0,5.0,0.4768,0.6154,39,-3.0,-2.0,-0.6317,0.64,25,4.0,4.0,1.1419,0.6364,11,9.0,9.0,-0.7143,,,,,,,,,,,,,,,,,,,,,,,,,,0.8235,17,-3.0,-3.0,-0.5464,,,,,,,,,,,0.9044,5.059
AMDY,QQQ,37,39,201,,,,,,,,,,,,,,,,,,,,,,,,,,,,,,,,,,,,,,,,,,,,,,,,,,,,,,,,,,,,,0.6429,28,0.0,1.0,0.2739,0.6,10,3.0,3.0,-0.4567,0.6667,12,4.0,4.0,0.835,0.6,10,3.0,3.0,-0.805,,,,,,,,,,,,,,,,,,,,,,,,,,0.6923,26,-2.0,-2.0,-0.4256,,,,,,0.6087,23,-2.0,-2.0,-0.5664,0.8893,2.1524
AMGN,IBB,33,33,245,,,,,,,,,,,,,,,,0.6,10,-1.0,-1.0,-1.06,,,,,,,,,,,,,,,,,,,,,,,,,,,,,,,,,,,,,,,,,,,,,,,,,,,,,,,,,,,,,,,,,,,,,,,,,,,,,,,,,,,,,,,,,,,,,,,,0.6056,71,0.0,0.0,-0.2249,0.3449,0.3967
AMKL,QQQ,22,29,64,,,,,,,,,,,,,,,,,,,,,,,,,,,,,,,,,,,,,,,,,,,,,,,,,,,,,,,,,,,,,,,,,,,,,,,,,,,,,,,,,,,,,,,,,,,,,,,,,,,,,0.7576,33,-1.0,1.0,2.0652,,,,,,0.6364,11,0.0,0.0,2.1571,,,,,,0.872,6.4723
AMKR,SOXX,40,40,365,,,,,,,,,,,,,,,,,,,,,,,,,,,,,,,,,,,,,,,,,,,,,,,,,,,,,,,,,,,,,0.6667,48,2.0,3.0,0.5078,0.64,25,-1.0,-1.0,-0.48,0.8182,22,-3.0,-3.0,0.9456,0.6512,43,-2.0,-1.0,-0.8611,,,,,,,,,,,,,,,,,,,,,0.6471,34,-1.0,-1.0,1.3191,0.6269,67,-6.0,-3.0,-0.5669,0.68,25,2.0,2.0,1.0406,0.65,40,-4.0,-3.0,-0.8923,0.9705,1.2231
AMLP,QQQ,20,20,233,,,,,,0.7,10,0.0,0.0,-0.25,,,,,,0.6364,11,0.0,0.0,-0.4143,,,,,,,,,,,,,,,,,,,,,,,,,,,,,,,,,,,,,,,,,0.619,21,-2.0,-2.0,0.0962,0.6418,67,-1.0,-1.0,-0.1016,,,,,,0.6667,21,-2.0,-2.0,-0.18,,,,,,,,,,,,,,,,,,,,,0.6667,12,-3.0,-3.0,0.0562,0.6944,36,1.0,1.0,-0.0948,0.6667,12,-3.0,-3.0,0.195,,,,,,-0.3081,-0.0761
AMLX,XBI,17,19,198,,,,,,,,,,,,,,,,,,,,,,,,,,,,,,,,,,,,,,,,,,,,,,,,,,,,,,,,,,,,,0.6,20,0.0,0.0,0.5242,0.6429,42,1.0,2.0,-0.3826,0.619,21,-5.0,-4.0,0.5238,0.7333,15,-3.0,-3.0,-0.7082,,,,,,,,,,,,,,,,,,,,,,,,,,0.7059,17,-2.0,-2.0,-0.4725,,,,,,0.6316,19,-2.0,-2.0,-0.7983,0.7177,0.7829
AMN,SPY,13,17,164,,,,,,,,,,,,,,,,,,,,,,,,,,,,,,,,,,,,,,,,,,,,,,,,,,,,,,,,,,,,,,,,,,0.6986,73,-2.0,1.0,-0.3282,0.6,10,3.0,3.0,0.7417,0.8,10,-2.0,-2.0,-0.6937,,,,,,,,,,,,,,,,,,,,,,,,,,0.7143,63,0.0,0.0,-0.3496,,,,,,,,,,,0.2751,0.3159
AMPG,SPY,40,40,320,,,,,,,,,,,,,,,,,,,,,,,,,,,,,,,,,,,,,,,,,0.6667,15,-1.0,-1.0,4.022,0.75,20,0.0,0.0,-5.314,0.6667,15,-1.0,-1.0,5.265,0.75,20,0.0,0.0,-4.9113,0.7,20,-3.0,-3.0,0.795,0.8125,16,15.0,15.0,-1.1815,0.7619,21,5.0,6.0,1.8675,0.6667,15,-6.0,-6.0,-1.712,,,,,,,,,,,,,,,,,,,,,,,,,,0.6129,124,-2.0,-1.0,-1.0818,,,,,,0.65,20,-2.0,-2.0,-1.6462,0.7094,3.2567
AMPL,IGV,24,24,225,,,,,,,,,,,,,,,,,,,,,,,,,,,,,,,,,,,,,,,,,,,,,,,,,,,,,,,,,,,,,0.6316,19,1.0,1.0,0.64,0.6,45,2.0,3.0,-0.43,0.6842,19,1.0,1.0,0.8154,0.6774,31,0.0,0.0,-0.5419,,,,,,,,,,,,,,,,,,,,,0.625,16,-3.0,-3.0,0.363,0.6512,43,-1.0,-1.0,-0.3507,,,,,,0.6129,31,-2.0,-2.0,-0.5789,0.7752,1.1028
AMPU,QQQ,17,25,48,,,,,,,,,,,,,,,,,,,,,,,,,,,,,,,,,,,,,,,,,,,,,,,,,,,,,,,,,,,,,,,,,,,,,,,,,,,,,,,,,,,,,,,,,,,,,,,,,,,,,,,,,,,,,,,,,,,,,,,,,0.7797,3.2491
AMPX,SPY,40,40,332,,,,,,,,,,,,,,,,,,,,,,,,,,,,,,,,,,,,,,,,,,,,,,0.65,20,0.0,0.0,-2.5862,,,,,,0.6286,35,-1.0,0.0,-3.3623,0.6296,27,-4.0,-4.0,0.4906,0.65,40,-2.0,-1.0,-0.7088,0.6,25,-4.0,-4.0,0.8493,0.7059,17,-1.0,-1.0,-1.5592,,,,,,,,,,,,,,,,,,,,,,,,,,,,,,,,,,,,0.6667,18,-2.0,-2.0,-0.7692,0.7737,2.9763
AMPY,XLE,10,11,164,,,,,,,,,,,,,,,,,,,,,,,,,,,,,,,,,,,,,,,,,,,,,,,,,,,,,,,,,,,,,,,,,,0.6667,69,-2.0,0.0,-0.32,0.6316,19,-2.0,-2.0,0.6442,0.6533,75,-1.0,1.0,-0.341,,,,,,,,,,,,,,,,,,,,,,,,,,0.6615,65,-1.0,0.0,-0.3537,,,,,,0.6875,32,-1.0,-1.0,-0.6618,0.8846,1.4801
AMRC,ICLN,11,13,141,,,,,,,,,,,,,,,,,,,,,,,,,,,,,,,,,,,,,,,,,,,,,,,,,,,,,,,,,,,,,0.8,10,-3.0,-3.0,1.115,,,,,,0.6364,11,-3.0,-3.0,0.66,0.7692,13,-4.0,-4.0,-0.433,,,,,,,,,,,,,,,,,,,,,0.8333,12,1.0,1.0,0.862,0.625,16,2.0,2.0,-0.364,0.6429,14,1.0,1.0,0.6256,0.6471,17,-3.0,-3.0,-0.5455,0.7967,1.2654
AMRX,IWM,14,14,227,,,,,,,,,,,,,,,,,,,,,,,,,,,,,,,,,,,,,,,,,,,,,,,,,,,,,,,,,,,,,0.6667,18,-3.0,-3.0,0.1458,0.6538,26,2.0,2.0,-0.1971,0.6667,36,-1.0,-1.0,0.3392,0.6875,32,1.0,1.0,-0.4818,,,,,,,,,,,,,,,,,,,,,,,,,,0.6154,13,-2.0,-2.0,-0.1625,0.619,42,1.0,1.0,0.4096,0.6232,69,0.0,0.0,-0.4337,0.6091,0.5358
AMRZ,XLB,35,35,243,0.75,16,0.0,0.0,0.7592,,,,,,0.875,16,0.0,0.0,0.8329,,,,,,,,,,,,,,,,,,,,,,,,,,,,,,,,,,,,,,,,,,,,,,0.6,35,-1.0,-1.0,0.23,,,,,,0.6286,35,-1.0,-1.0,0.2664,0.7,10,3.0,3.0,-0.5143,,,,,,,,,,,,,,,,,,,,,,,,,,,,,,,,,,,,0.6122,49,1.0,1.0,-0.2447,0.8058,1.6387
AMSC,QQQ,34,35,214,,,,,,,,,,,,,,,,,,,,,,,,,,,,,,,,,,,,,,,,,,,,,,,,,,,,,,,,,,,,,0.6667,36,1.0,2.0,0.5008,0.6154,13,-3.0,-3.0,-0.34,0.75,16,1.0,1.0,0.8467,0.6923,13,-8.0,-8.0,-0.7,,,,,,,,,,,,,,,,,,,,,0.7419,31,1.0,1.0,0.5209,,,,,,0.6471,34,1.0,1.0,0.6641,0.6333,90,-3.0,-1.0,-0.9491,0.8685,1.8401
AMSS,SPY,16,28,84,,,,,,,,,,,,,,,,,,,,,,,,,,,,,,,,,,,,,,,,,,,,,,,,,,,,,,,,,,,,,,,,,,,,,,,,,,,,0.6667,18,15.0,15.0,-7.9092,,,,,,,,,,,,,,,,,,,,,,,,,,,,,,,,,,,,0.6122,49,-1.0,0.0,-4.9437,0.185,1.0605
AMST,SPY,13,28,39,,,,,,,,,,,,,,,,,,,,,,,,,,,,,,,,,,,,,,,,,,,,,,,,,,,,,,,,,,,,,,,,,,,,,,,,,,,,,,,,,,,,,,,,,,,,,,,,,,,,,,,,,,0.6667,12,-1.0,-1.0,-1.1812,,,,,,0.7,10,-1.0,-1.0,-2.0486,0.3177,0.6973
AMT,VNQ,18,18,239,,,,,,,,,,,,,,,,,,,,,,,,,,,,,,,,,,,,,,,,,,,,,,,,,,,,,,,,,,,,,,,,,,0.6061,66,0.0,0.0,-0.1903,,,,,,0.64,50,1.0,2.0,-0.2687,,,,,,,,,,,,,,,,,,,,,,,,,,,,,,,,,,,,0.6044,91,0.0,0.0,-0.2653,0.5669,0.902
AMTM,IGV,19,19,227,,,,,,,,,,,,,,,,,,,,,,,,,,,,,,,,,,,,,,,,,,,,,,,,,,,,,,,,,,,,,,,,,,0.6316,38,-2.0,-2.0,-0.1954,,,,,,0.625,40,-2.0,-2.0,-0.3744,,,,,,,,,,,,,,,,,,,,,0.7273,11,3.0,3.0,0.275,0.6292,89,-1.0,0.0,-0.2823,,,,,,0.6098,41,-1.0,-1.0,-0.3952,0.4855,0.3303
AMTX,IWM,20,22,179,,,,,,,,,,,,,,,,,,,,,,,,,,,,,,,,,,,,,,,,,,,,,,,,,,,,,,,,0.8,10,0.0,0.0,-2.865,,,,,,0.6571,35,-3.0,-2.0,-0.3287,,,,,,0.7857,28,1.0,2.0,-0.8514,,,,,,,,,,,,,,,,,,,,,,,,,,0.6538,104,-1.0,0.0,-0.4815,,,,,,0.6455,110,-1.0,0.0,-0.8117,0.4854,0.6535
AMUU,QQQ,18,28,44,,,,,,,,,,,,,,,,,,,,,,,,,,,,,,,,,,,,,,,,,,,,,,,,,,,,,,,,,,,,,,,,,,,,,,,,,,,,,,,,,,,,,,,,,,,,,,,,,,,,,,,,,,,,,,,,,,,,,,,,,0.898,4.8209
AMZD,QQQ,37,37,186,0.6471,17,-1.0,-1.0,1.02,0.6667,12,0.0,0.0,-0.7025,0.75,16,-1.0,-1.0,0.9992,,,,,,,,,,,,,,,,,,,,,,,,,,,,,,,,,,,,0.9091,11,-1.0,-1.0,0.656,,,,,,,,,,,0.6667,18,-1.0,-1.0,-0.2858,0.6,10,-3.0,-3.0,0.2483,0.6636,107,-2.0,1.0,-0.3485,,,,,,,,,,,,,,,,,,,,,0.625,24,0.0,0.0,0.1687,0.6585,41,-1.0,-1.0,-0.2544,0.6364,22,-2.0,-2.0,0.3371,0.7273,33,0.0,0.0,-0.5029,0.03,0.0244
AMZE,QQQ,28,31,266,,,,,,,,,,,,,,,,,,,,,,,,,,,,,,,,,,,,,,,,,,,,,,,,,,,,,,,,,,,,,,,,,,0.6923,13,-2.0,-2.0,-1.2489,,,,,,0.6429,14,-6.0,-6.0,-1.4744,,,,,,,,,,,,,,,,,,,,,0.8182,11,-3.0,-3.0,0.5867,0.6364,22,-2.0,-2.0,-1.5193,,,,,,0.6,20,-2.0,-2.0,-4.5467,0.1965,0.3833
AMZN,IWM,40,40,660,0.7333,15,-1.0,-1.0,0.8227,0.6667,15,0.0,0.0,-1.002,0.6,15,-1.0,-1.0,0.7489,0.8,15,0.0,0.0,-1.09,,,,,,,,,,,,,,,,,,,,,,,,,,,,,,,,,,,,0.6923,13,-1.0,-1.0,-0.6722,0.6,15,-4.0,-4.0,0.0533,0.8,15,3.0,3.0,-0.1042,,,,,,0.6111,36,-5.0,-4.0,-0.1436,,,,,,,,,,,,,,,,,,,,,,,,,,0.6094,192,0.0,0.0,-0.1274,,,,,,,,,,,0.1924,0.2391
AMZU,SPY,40,40,366,,,,,,,,,,,,,,,,,,,,,,,,,,,,,,,,,,,,,,,,,,,,,,0.6667,15,-1.0,-1.0,-1.388,,,,,,0.7,20,0.0,0.0,-2.145,0.6667,57,0.0,1.0,0.3497,0.6296,27,3.0,4.0,-0.2712,0.6774,31,0.0,0.0,0.721,0.6316,19,3.0,3.0,-0.4092,,,,,,,,,,,,,,,,,,,,,0.6957,23,-2.0,-2.0,0.3156,0.6957,23,1.0,1.0,-0.4294,,,,,,0.6,20,1.0,1.0,-0.7967,0.2355,0.8004
AMZY,SPY,25,28,115,0.8,10,-1.0,-1.0,0.6537,,,,,,,,,,,0.8,10,0.0,0.0,-0.8125,,,,,,,,,,,,,,,,,,,,,,,,,,,,,,,,,,,,0.7273,11,0.0,0.0,-1.0425,0.7273,11,0.0,0.0,0.315,0.65,40,-2.0,-1.0,-0.1377,0.64,25,-1.0,-1.0,0.18,0.7273,11,-3.0,-3.0,-0.2125,,,,,,,,,,,,,,,,,,,,,,,,,,,,,,,0.6136,44,0.0,0.0,0.2585,,,,,,0.2722,0.3071
AMZZ,SPY,21,31,76,,,,,,,,,,,,,,,,,,,,,,,,,,,,,,,,,,,,,,,,,,,,,,,,,,,,,,,,,,,,,,,,,,,,,,,,,,,,,,,,,,,,,,,,,,,,,,,,,,,,,,,,,,0.6,25,-1.0,-1.0,-0.3987,,,,,,,,,,,0.1753,0.5769
ANEL,QQQ,20,31,69,,,,,,,,,,,,,,,,,,,,,,,,,,,,,,,,,,,,,,,,,,,,,,,,,,,,,,,,,,,,,,,,,,,,,,,,,,,,,,,,,,,,,,,,,,,,,,,,,,,,,0.7857,14,-1.0,-1.0,0.8727,,,,,,0.7333,15,-1.0,-1.0,1.8909,,,,,,0.8609,3.2453
ANET,XLK,40,40,339,,,,,,,,,,,,,,,,,,,,,,,,,,,,,,,,,,,,,,,,,,,,,,,,,,,,,,,,,,,,,0.625,64,-3.0,-1.0,0.3618,0.6364,11,-4.0,-4.0,-0.2343,0.629,62,0.0,0.0,0.4903,,,,,,,,,,,,,,,,,,,,,,,,,,0.6486,37,-1.0,-1.0,0.3346,,,,,,0.6212,132,-1.0,1.0,0.539,,,,,,0.897,1.1092
ANF,XLY,13,13,213,,,,,,,,,,,,,,,,,,,,,,,,,,,,,,,,,,,,,,,,,,,,,,,,,,,,,,,,,,,,,0.6842,19,-1.0,-1.0,0.3592,0.6538,26,-2.0,-2.0,-0.4076,0.8333,12,3.0,3.0,0.558,0.6923,26,0.0,0.0,-0.465,,,,,,,,,,,,,,,,,,,,,0.7059,51,0.0,0.0,0.3244,,,,,,0.6481,54,0.0,0.0,0.6926,,,,,,0.7496,0.9072
ANGX,SPY,32,34,199,,,,,,,,,,,0.6364,11,-1.0,-1.0,1.7514,,,,,,,,,,,,,,,,,,,,,,,,,,,,,,,,,,,,0.6,10,-1.0,-1.0,2.8417,,,,,,0.6562,32,-3.0,-2.0,0.8457,0.6552,58,0.0,2.0,-0.6461,0.7,10,-3.0,-3.0,0.6343,0.6951,82,-1.0,2.0,-0.6674,,,,,,,,,,,,,,,,,,,,,,,,,,,,,,,,,,,,0.6263,99,0.0,1.0,-0.7437,0.3664,0.5998
ANIX,QQQ,12,22,88,,,,,,,,,,,,,,,,,,,,,,,,,,,,,,,,,,,,,,,,,,,,,,,,,,,,,,,,,,,,,,,,,,,,,,,0.6,10,-2.0,-2.0,1.8333,,,,,,,,,,,,,,,,,,,,,,,,,,,,,,,0.6,10,-2.0,-2.0,-0.6933,,,,,,0.6316,19,-1.0,-1.0,-1.05,0.4183,0.4443
ANNA,XLE,22,27,68,,,,,,,,,,,,,,,,,,,,,,,,,,,,,,,,,,,,,,,,,,,,,,,,,,,,,,,,,,,,,,,,,,,,,,,,,,,,,,,,,,,,,,,,,,,,,,,,,,,,,0.8,10,-2.0,-2.0,1.1488,,,,,,0.7619,21,-2.0,-1.0,1.4619,0.6,10,1.0,1.0,-1.7083,0.4597,1.0171
ANNX,XBI,24,24,231,,,,,,,,,,,,,,,,,,,,,,,,,,,,,,,,,,,,,,,,,,,,,,,,,,,,,,,,,,,,,0.6087,23,-1.0,-1.0,0.42,,,,,,,,,,,0.6316,38,-3.0,-2.0,-0.5196,,,,,,,,,,,,,,,,,,,,,0.6,25,-1.0,-1.0,0.4527,0.6129,31,-3.0,-2.0,-0.7389,0.6061,33,2.0,3.0,0.715,0.697,33,-3.0,-2.0,-1.0574,0.7731,1.1602
ANVS,IBB,20,20,155,,,,,,,,,,,,,,,,,,,,,,,,,,,,,,,,,,,,,,,,,,,,,,,,,,,,,,,,,,,,,,,,,,0.7273,11,-3.0,-3.0,-0.4738,0.6,15,-2.0,-2.0,1.17,0.75,16,2.0,2.0,-0.8258,,,,,,,,,,,,,,,,,,,,,,,,,,0.6636,107,-2.0,2.0,-0.4435,,,,,,0.6622,74,-2.0,0.0,-0.6737,0.514,1.3367
ANY,QQQ,21,29,135,,,,,,,,,,,,,,,,,,,,,,,,,,,,,,,,,,,,,,,,,,,,,,,,,,,,,,,,,,,,,0.6,10,-15.0,-15.0,1.1017,,,,,,,,,,,,,,,,,,,,,,,,,,,,,,,,,,,,,,,,,,,,,,,,,,,0.6154,13,-2.0,-2.0,-3.0287,0.6244,1.7927
AOSL,SOXX,35,35,213,,,,,,,,,,,,,,,,,,,,,,,,,,,,,,,,,,,,,,,,,,,,,,,,,,,,,,,,,,,,,0.6429,14,1.0,1.0,0.8256,0.6667,15,-4.0,-4.0,-0.521,0.7273,11,-9.0,-9.0,1.3837,0.7273,11,-6.0,-6.0,-0.6925,,,,,,,,,,,,,,,,,,,,,0.7059,17,-1.0,-1.0,0.9967,0.7143,21,1.0,1.0,-0.5987,0.7,10,-2.0,-2.0,0.7643,,,,,,0.9536,1.3108
APA,XLE,38,38,243,,,,,,,,,,,,,,,,0.7273,11,1.0,1.0,-0.7038,,,,,,,,,,,,,,,,,,,,,0.6364,11,-1.0,-1.0,0.6414,,,,,,0.6364,11,-1.0,-1.0,0.6757,,,,,,,,,,,0.7308,26,2.0,2.0,-0.1932,,,,,,,,,,,,,,,,,,,,,,,,,,,,,,,0.6364,11,-3.0,-3.0,0.1243,0.7143,21,2.0,2.0,-0.1733,,,,,,0.6,40,1.0,1.0,-0.2904,0.917,1.864
APD,XLB,13,13,233,,,,,,,,,,,,,,,,,,,,,,,,,,,,,,,,,,,,,,,,,,,,,,,,,,,,,,,,,,,,,,,,,,0.6207,29,1.0,1.0,-0.1694,,,,,,0.625,32,1.0,1.0,-0.23,,,,,,,,,,,,,,,,,,,,,0.6,20,-2.0,-2.0,0.0967,0.6207,58,-1.0,-1.0,-0.1378,,,,,,0.6364,11,-3.0,-3.0,-0.1957,0.4061,0.2652
APGE,XBI,11,12,201,,,,,,,,,,,,,,,,,,,,,,,,,,,,,,,,,,,,,,,,,,,,,,,,,,,,,,,,,,,,,,,,,,,,,,,0.6364,11,2.0,2.0,1.1057,0.63,100,0.0,0.0,-0.0573,,,,,,,,,,,,,,,,,,,,,,,,,,0.6389,36,-2.0,-1.0,-0.1822,,,,,,0.7273,22,2.0,2.0,-0.0744,0.5725,0.529
APH,QQQ,36,36,268,,,,,,,,,,,,,,,,,,,,,,,,,,,,,,,,,,,,,,,,,0.6364,11,-1.0,-1.0,0.9557,,,,,,,,,,,,,,,,0.6429,42,-2.0,-2.0,0.3359,0.6875,16,2.0,2.0,-0.2527,0.625,40,-2.0,-2.0,0.406,,,,,,,,,,,,,,,,,,,,,,,,,,,,,,,,,,,,,,,,,,,,,,0.8431,1.3176
APLD,QQQ,40,40,524,,,,,,,,,,,,,,,,,,,,,,,,,,,,,,,,,,,,,,,,,0.7273,11,-1.0,-1.0,2.985,0.8333,12,0.0,0.0,-2.346,0.6364,11,-1.0,-1.0,3.4314,0.6667,12,0.0,0.0,-3.0563,0.6522,23,3.0,3.0,0.3953,0.6724,58,0.0,0.0,-0.2882,,,,,,0.7778,27,-9.0,-8.0,-0.6538,,,,,,,,,,,,,,,,,,,,,,,,,,0.65,20,-3.0,-3.0,-0.5392,0.6316,19,2.0,2.0,0.4942,,,,,,0.911,2.4307
APLX,QQQ,40,40,273,,,,,,,,,,,,,,,,,,,,,,,,,,,,,,,,,,,,,,,,,0.6667,12,-1.0,-1.0,6.0737,0.8182,11,0.0,0.0,-4.5078,,,,,,0.7273,11,0.0,0.0,-4.4762,0.8,10,-8.0,-8.0,1.2375,0.7,10,-7.0,-7.0,-2.0957,0.7,10,-5.0,-5.0,2.5857,0.6087,23,-15.0,-15.0,-1.6843,,,,,,,,,,,,,,,,,,,,,,,,,,0.6667,12,-3.0,-3.0,-1.0975,,,,,,,,,,,0.926,4.8797
APLZ,IWM,29,36,84,,,,,,,,,,,,,,,,,,,,,,,,,,,,,,,,,,,,,,,,,,,,,,,,,,,0.6,10,0.0,0.0,4.5617,,,,,,,,,,,,,,,,,,,,,,,,,,,,,,,,,,,,,,,,,,,,,,,,,,,,,,,,,,,,,,,,,,-0.6138,-5.762
APO,SPY,12,12,236,,,,,,,,,,,,,,,,,,,,,,,,,,,,,,,,,,,,,,,,,,,,,,,,,,,,,,,,,,,,,,,,,,0.6061,33,-1.0,-1.0,-0.162,,,,,,0.6667,18,-3.0,-3.0,-0.2617,,,,,,,,,,,,,,,,,,,,,,,,,,0.6429,14,1.0,1.0,-0.1944,,,,,,0.6875,16,-2.0,-2.0,-0.1827,0.5465,0.8042
APP,KWEB,40,40,342,,,,,,0.7273,11,0.0,0.0,-1.9775,,,,,,0.7273,11,0.0,0.0,-2.9863,,,,,,,,,,,,,,,,,,,,,,,,,,,,,,,,,,,,,,,,,0.6923,26,1.0,1.0,0.4694,,,,,,0.604,101,-4.0,-2.0,0.4898,,,,,,,,,,,,,,,,,,,,,,,,,,,,,,,,,,,,0.6349,63,-3.0,-2.0,0.6685,0.6,35,1.0,1.0,-0.5167,0.3302,0.2903
APPN,IGV,17,18,196,,,,,,,,,,,,,,,,,,,,,,,,,,,,,,,,,,,,,,,,,,,,,,,,,,,,,,,,,,,,,0.6667,15,1.0,1.0,0.382,0.66,50,-2.0,0.0,-0.2676,0.7143,14,1.0,1.0,0.567,,,,,,,,,,,,,,,,,,,,,,,,,,0.75,12,-4.0,-4.0,0.3878,0.7568,37,-1.0,-1.0,-0.3329,0.6667,12,-4.0,-4.0,0.49,0.6471,34,-1.0,-1.0,-0.5591,0.7734,1.249
APPS,IGV,37,37,289,,,,,,,,,,,,,,,,,,,,,,,,,,,,,,,,,,,,,,,,,,,,,,,,,,,,,,,,,,,,,0.6471,17,-2.0,-2.0,0.6618,0.6875,32,-4.0,-3.0,-0.5268,0.6667,21,15.0,15.0,1.8093,0.6667,33,-4.0,-3.0,-1.0295,,,,,,,,,,,,,,,,,,,,,0.6667,18,2.0,2.0,0.8842,0.6528,72,0.0,1.0,-0.6711,0.7059,17,-3.0,-3.0,1.05,0.6216,74,0.0,1.0,-1.1002,0.5909,0.6569
APPX,SPY,37,38,167,,,,,,,,,,,,,,,,,,,,,,,,,,,,,,,,,,,,,,,,,,,,,,0.6667,12,-1.0,-1.0,-4.2775,,,,,,,,,,,,,,,,0.6429,14,15.0,15.0,-1.5622,0.6364,22,-4.0,-3.0,1.3014,,,,,,,,,,,,,,,,,,,,,,,,,,0.629,62,0.0,0.0,1.0864,,,,,,0.6102,59,0.0,0.0,1.6222,,,,,,0.1779,0.9381
AQST,XBI,25,26,227,,,,,,0.8,10,0.0,0.0,-0.8638,,,,,,,,,,,,,,,,,,,,,,,,,,,,,,,,,,,,,,,,,,,,,,,,,,,0.6316,19,1.0,1.0,0.16,0.6102,59,-2.0,-1.0,-0.2831,,,,,,0.6341,41,0.0,0.0,-0.2488,,,,,,,,,,,,,,,,,,,,,,,,,,0.6154,26,-1.0,-1.0,-0.3175,,,,,,0.6667,21,2.0,2.0,-0.5007,0.6573,0.5165
AR,XLE,24,24,239,0.6,10,0.0,0.0,0.665,,,,,,,,,,,,,,,,,,,,,,,,,,,,,,,,,,,,,,,,,,,,,,,,,,,,,,,,,,,,,0.6944,36,2.0,3.0,-0.2032,,,,,,0.6061,33,-2.0,-2.0,-0.3055,,,,,,,,,,,,,,,,,,,,,0.7,10,-3.0,-3.0,0.1886,,,,,,,,,,,0.6,10,-3.0,-3.0,-0.3683,0.6888,0.6334
ARAI,SPY,19,29,128,,,,,,,,,,,,,,,,,,,,,,,,,,,,,,,,,,,,,,,,,,,,,,0.6364,11,0.0,0.0,-2.3043,,,,,,,,,,,0.6,10,-1.0,-1.0,1.165,,,,,,,,,,,,,,,,,,,,,,,,,,,,,,,,,,,,,,,,,0.6,10,1.0,1.0,-1.2733,,,,,,0.6786,28,-1.0,-1.0,-1.2111,0.2338,0.9549
ARAY,SPY,30,32,195,,,,,,,,,,,,,,,,,,,,,,,,,,,,,,,,,,,,,,,,,0.6667,12,-1.0,-1.0,2.2,,,,,,0.8182,11,0.0,0.0,4.3011,,,,,,0.75,12,0.0,0.0,0.7578,,,,,,0.7143,14,-1.0,-1.0,0.803,0.6364,11,-2.0,-2.0,-1.7129,,,,,,,,,,,,,,,,,,,,,,,,,,,,,,,,,,,,,,,,,0.1942,0.6874
ARBE,QQQ,37,38,253,,,,,,,,,,,,,,,,0.7,10,1.0,1.0,-1.7471,,,,,,,,,,,,,,,,,,,,,,,,,,0.9091,11,0.0,0.0,-2.409,,,,,,0.619,21,-1.0,0.0,-2.6954,0.6364,11,-4.0,-4.0,1.7571,0.8235,17,-2.0,-2.0,-0.9757,0.7143,14,1.0,1.0,1.89,0.6667,21,-2.0,-2.0,-1.2321,,,,,,,,,,,,,,,,,,,,,,,,,,0.625,56,0.0,0.0,-0.9037,0.6,35,1.0,1.0,2.3129,0.7,10,-3.0,-3.0,-1.7471,0.649,1.252
ARCC,XLF,39,39,265,0.6154,13,-1.0,-1.0,0.6238,,,,,,0.6053,38,-1.0,0.0,0.6517,,,,,,,,,,,,,,,,,,,,,,,,,,,,,,,,,,,,,,,,,,,,,,0.6111,18,-2.0,-2.0,0.0945,0.6909,55,-1.0,-1.0,-0.1216,,,,,,0.6262,214,-3.0,0.0,-0.1646,,,,,,,,,,,,,,,,,,,,,,,,,,0.6331,139,0.0,1.0,-0.11,,,,,,0.6304,138,0.0,1.0,-0.1766,0.4509,0.2341
ARDX,XBI,27,27,239,,,,,,0.7333,15,0.0,0.0,-0.8264,0.6,15,0.0,0.0,1.0511,,,,,,,,,,,,,,,,,,,,,,,,,,,,,,,,,,,,,,,,,,,,,,,,,,,0.6471,51,1.0,2.0,-0.3024,0.6364,11,3.0,3.0,0.52,0.7073,41,-4.0,-3.0,-0.4062,,,,,,,,,,,,,,,,,,,,,,,,,,0.8333,12,-4.0,-4.0,-0.229,,,,,,0.6036,111,0.0,1.0,-0.4728,0.6455,0.6756
ARE,VNQ,10,10,223,,,,,,,,,,,,,,,,,,,,,,,,,,,,,,,,,,,,,,,,,,,,,,,,,,,,,,,,,,,,,,,,,,0.6667,36,-1.0,-1.0,-0.2146,,,,,,,,,,,,,,,,,,,,,,,,,,,,,,,,,,,,0.7353,34,1.0,1.0,-0.2096,,,,,,0.6111,36,1.0,1.0,-0.3332,0.7024,1.2829
AREC,IWM,38,38,266,,,,,,,,,,,,,,,,,,,,,,,,,,,,,,,,,,,,,,,,,,,,,,,,,,,,,,,,,,,,,,,,,,0.6471,34,3.0,5.0,-0.4705,,,,,,0.8,20,0.0,0.0,-0.9556,,,,,,,,,,,,,,,,,,,,,,,,,,0.6667,117,0.0,1.0,-0.4674,,,,,,0.6134,119,0.0,1.0,-0.7137,0.7287,1.9425
ARGX,IBB,23,23,183,,,,,,,,,,,,,,,,,,,,,,,,,,,,,,,,,,,,,,,,,,,,,,,,,,,,,,,,,,,,,0.6071,28,2.0,3.0,0.2424,0.7857,14,1.0,1.0,-0.1482,0.6667,18,3.0,3.0,0.405,0.622,82,-1.0,1.0,-0.3175,,,,,,,,,,,,,,,,,,,,,,,,,,0.7368,19,2.0,2.0,-0.2986,,,,,,0.8667,15,-2.0,-2.0,-0.3154,0.61,1.0384
ARI,SPY,15,15,213,,,,,,,,,,,,,,,,,,,,,,,,,,,,,,,,,,,,,,,,,,,,,,,,,,,,,,,,,,,,,,,,,,0.6875,160,-2.0,0.0,-0.0923,,,,,,0.6346,156,-1.0,1.0,-0.1921,,,,,,,,,,,,,,,,,,,,,,,,,,0.6613,186,-2.0,1.0,-0.0924,,,,,,0.619,84,-2.0,-1.0,-0.2181,0.4389,0.3133
ARIS,GDX,25,26,230,,,,,,,,,,,,,,,,,,,,,,,,,,,,,,,,,,,,,,,,,,,,,,,,,,,,,,,,,,,,,0.6667,18,-4.0,-4.0,0.3283,0.6875,32,-1.0,0.0,-0.3009,0.8,10,-7.0,-7.0,0.555,0.7,30,-2.0,-1.0,-0.4214,,,,,,,,,,,,,,,,,,,,,,,,,,0.6333,30,-3.0,-3.0,-0.2974,0.6,20,0.0,0.0,0.9225,0.6471,34,-2.0,-1.0,-0.5045,0.9517,1.2658
ARKB,IWM,38,38,267,,,,,,,,,,,,,,,,,,,,,,,,,,,,,,,,,,,,,,,,,,,,,,,,,,,,,,,,,,,,,0.6098,41,0.0,0.0,0.2624,0.6667,69,-2.0,-1.0,-0.1965,0.6,35,-3.0,-3.0,0.4086,0.6232,69,-2.0,-1.0,-0.337,,,,,,,,,,,,,,,,,,,,,,,,,,0.6364,44,1.0,1.0,-0.1821,,,,,,0.625,16,-2.0,-2.0,-0.36,0.5735,1.6121
ARKF,SPY,11,15,119,,,,,,,,,,,,,,,,,,,,,,,,,,,,,,,,,,,,,,,,,,,,,,,,,,,,,,,,,,,,,,,,,,0.7333,15,1.0,1.0,-0.2773,0.7692,13,-2.0,-2.0,0.421,0.7273,11,-1.0,-1.0,-0.2125,,,,,,,,,,,,,,,,,,,,,,,,,,0.6,10,-2.0,-2.0,-0.195,,,,,,0.6,10,1.0,1.0,-0.1983,0.7678,1.1818
ARKG,IWM,31,31,251,,,,,,0.7143,14,0.0,0.0,-0.951,,,,,,,,,,,,,,,,,,,,,,,,,,,,,,,,,,,,,,,,,0.6667,15,0.0,0.0,2.009,,,,,,0.6061,33,1.0,1.0,0.3185,0.7,10,4.0,4.0,-0.4757,0.6389,36,1.0,1.0,0.3865,0.6,35,-1.0,-1.0,-0.3181,,,,,,,,,,,,,,,,,,,,,0.7059,17,-2.0,-2.0,0.2858,,,,,,,,,,,,,,,,0.7997,1.1925
ARKK,SPY,35,35,258,0.7,10,-1.0,-1.0,0.5471,,,,,,0.7,10,-1.0,-1.0,1.1671,,,,,,,,,,,,,,,,,,,,,,,,,,0.6667,12,-1.0,-1.0,0.4938,,,,,,,,,,,,,,,,0.6154,39,0.0,0.0,0.2075,,,,,,0.6667,39,0.0,0.0,0.2731,0.7143,14,3.0,3.0,-0.103,,,,,,,,,,,,,,,,,,,,,,,,,,,,,,,,,,,,0.6,15,-2.0,-2.0,-0.4367,0.8812,1.8362
ARKO,XLP,13,16,161,,,,,,,,,,,,,,,,,,,,,,,,,,,,,,,,,,,,,,,,,,,,,,,,,,,,,,,,,,,,,0.6154,13,-3.0,-3.0,0.2788,0.6857,35,0.0,1.0,-0.2938,0.6,10,-2.0,-2.0,0.4917,0.7073,41,-1.0,0.0,-0.7131,,,,,,,,,,,,,,,,,,,,,,,,,,0.7692,26,-2.0,-2.0,-0.3575,,,,,,0.6479,71,-2.0,-1.0,-0.5791,0.3549,0.3257
ARKQ,QQQ,11,12,139,,,,,,,,,,,,,,,,,,,,,,,,,,,,,,,,,,,,,,,,,,,,,,,,,,,,,,,,,,,,,0.6667,24,1.0,2.0,0.1562,,,,,,0.6667,36,-2.0,-1.0,0.4204,,,,,,,,,,,,,,,,,,,,,,,,,,0.6923,13,1.0,1.0,0.2,,,,,,0.6333,30,-1.0,-1.0,0.3868,0.6,10,-2.0,-2.0,-0.445,0.8765,1.0115
ARKX,SPY,33,33,261,,,,,,,,,,,,,,,,,,,,,,,,,,,,,,,,,,,,,,,,,0.6364,11,-1.0,-1.0,0.4514,0.8571,14,0.0,0.0,-1.095,,,,,,0.625,16,0.0,0.0,-1.502,0.6957,23,1.0,1.0,0.1975,0.6316,19,-3.0,-3.0,-0.1675,0.6087,23,1.0,1.0,0.5014,0.7,20,-3.0,-3.0,-0.3357,,,,,,,,,,,,,,,,,,,,,,,,,,,,,,,0.625,16,1.0,1.0,0.533,0.625,16,-2.0,-2.0,-0.378,0.7623,1.5426
ARM,SMH,40,40,577,,,,,,,,,,,,,,,,,,,,,,,,,,,,,,,,,,,,,,,,,,,,,,,,,,,,,,,,,,,,,0.6444,45,5.0,7.0,0.4431,0.6,40,-4.0,-4.0,-0.5579,0.6491,57,1.0,2.0,0.7295,0.6757,37,-4.0,-4.0,-0.8396,,,,,,,,,,,,,,,,,,,,,0.6226,53,2.0,2.0,0.5094,0.7059,17,-5.0,-5.0,-0.5892,0.6512,43,2.0,2.0,0.8154,,,,,,0.8972,1.1668
ARMG,QQQ,40,40,405,,,,,,,,,,,,,,,,,,,,,,,,,,,,,,,,,,,,,,,,,0.7,10,-1.0,-1.0,5.1129,,,,,,0.6,10,-1.0,-1.0,6.035,,,,,,0.7073,41,15.0,15.0,1.2283,0.6154,26,-2.0,-1.0,-1.1231,0.6786,28,-3.0,-2.0,1.6358,0.8333,12,-8.0,-8.0,-1.617,,,,,,,,,,,,,,,,,,,,,0.625,56,1.0,1.0,1.164,0.6667,12,-3.0,-3.0,-1.0987,0.6842,76,1.0,2.0,1.336,,,,,,0.885,5.526
ARQQ,QQQ,33,34,225,,,,,,,,,,,,,,,,,,,,,,,,,,,,,,,,,,,,,,,,,,,,,,,,,,,,,,,,0.6,10,0.0,0.0,-2.9483,0.7143,14,-5.0,-5.0,0.668,0.6875,16,15.0,15.0,-1.77,0.72,25,-6.0,-5.0,1.1256,0.7,10,-3.0,-3.0,-1.9757,,,,,,,,,,,,,,,,,,,,,0.6364,11,2.0,2.0,0.4643,0.6053,38,-3.0,-2.0,-1.2557,0.6279,43,0.0,0.0,0.8141,0.6071,28,-2.0,-2.0,-1.3065,0.6672,1.3838
ARR,SPY,35,35,249,0.6176,34,-1.0,0.0,0.5014,,,,,,,,,,,,,,,,,,,,,,,,,,,,,,,,,,,,0.8125,16,0.0,0.0,0.5292,,,,,,0.6875,16,0.0,0.0,0.81,0.6429,14,-1.0,-1.0,-0.4333,0.617,47,1.0,1.0,0.1138,0.6471,17,-2.0,-2.0,-0.1527,0.617,47,1.0,1.0,0.2172,0.625,16,-2.0,-2.0,-0.285,,,,,,,,,,,,,,,,,,,,,,,,,,0.6429,14,1.0,1.0,-0.1267,,,,,,,,,,,0.4882,0.3352
ARRY,IWM,34,34,257,,,,,,,,,,,0.7273,11,0.0,0.0,2.7887,,,,,,,,,,,,,,,,,,,,,,,,,,0.6471,17,0.0,0.0,1.8173,,,,,,0.7059,17,0.0,0.0,2.7217,0.6364,11,-1.0,-1.0,-2.3186,0.6111,18,-1.0,-1.0,0.3636,0.6,20,-2.0,-2.0,-0.5533,0.6333,30,-4.0,-4.0,0.8553,0.6364,33,2.0,3.0,-0.5714,,,,,,,,,,,,,,,,,,,,,,,,,,,,,,,,,,,,,,,,,0.7027,1.6544
ARTL,SPY,18,35,85,,,,,,,,,,,,,,,,,,,,,,,,,,,,,,,,,,,,,,,,,,,,,,,,,,,,,,,,,,,,,,,,,,0.6471,17,15.0,15.0,-2.9518,,,,,,,,,,,,,,,,,,,,,,,,,,,,,,,,,,,,,,,,,,,,,,,,,,,0.253,0.7479
ARTV,QQQ,13,19,108,,,,,,,,,,,,,,,,,,,,,,,,,,,,,,,,,,,,,,,,,,,,,,,,,,,,,,,,,,,,,,,,,,,,,,,,,,,,,,,,,,,,,,,,,,,,,,,,,,,,,,,,,,0.6667,12,-2.0,-2.0,-0.5862,,,,,,0.6571,35,-2.0,-1.0,-1.2387,0.4146,0.7441
ARTY,QQQ,26,27,211,,,,,,,,,,,,,,,,,,,,,,,,,,,,,,,,,,,,,,,,,,,,,,,,,,,,,,,,,,,,,0.7234,47,1.0,2.0,0.2285,0.6842,19,-3.0,-3.0,-0.2731,0.68,25,3.0,4.0,0.35,,,,,,,,,,,,,,,,,,,,,,,,,,0.6512,43,0.0,0.0,0.205,0.6,10,-3.0,-3.0,-0.3983,0.6129,31,1.0,1.0,0.2826,,,,,,0.9165,1.9133
ARVN,IBB,24,30,166,,,,,,,,,,,,,,,,,,,,,,,,,,,,,,,,,,,,,,,,,,,,,,,,,,,,,,,,,,,,,,,,,,0.6923,13,-2.0,-2.0,-0.21,,,,,,0.625,24,-1.0,-1.0,-0.3873,,,,,,,,,,,,,,,,,,,,,,,,,,0.6522,23,-1.0,-1.0,-0.258,,,,,,0.7647,17,2.0,2.0,-0.8369,0.6178,1.0082
ARWR,IBB,15,15,226,,,,,,,,,,,,,,,,,,,,,,,,,,,,,,,,,,,,,,,,,,,,,,,,,,,,,,,,,,,,,0.6875,16,-3.0,-3.0,0.3627,,,,,,0.7273,22,2.0,2.0,0.4025,,,,,,,,,,,,,,,,,,,,,,,,,,0.6111,36,1.0,1.0,0.2264,0.6522,23,2.0,2.0,-0.28,,,,,,,,,,,0.6724,1.0539
ASAN,IGV,37,37,270,,,,,,0.6364,11,-1.0,-1.0,-2.0057,,,,,,,,,,,,,,,,,,,,,,,,,,,,,,,,,,,,,,,,,,,,,,,,,,,0.8,10,4.0,4.0,1.2812,0.8235,17,1.0,1.0,-0.3671,0.6415,53,-3.0,-2.0,0.6006,,,,,,,,,,,,,,,,,,,,,,,,,,0.7692,13,-4.0,-4.0,0.495,0.66,50,-1.0,-1.0,-0.4158,0.6087,23,1.0,1.0,0.8,,,,,,0.7782,1.6133
ASBP,SPY,11,16,50,,,,,,,,,,,,,,,,,,,,,,,,,,,,,,,,,,,,,,,,,,,,,,,,,,,,,,,,,,,,,,,,,,,,,,,,,,,,,,,,,,,,,,,,,,,,,,,,,,,,,,,,,,,,,,,,,,,,,,,,,0.3391,1.3622
ASC,XLI,19,22,142,,,,,,,,,,,,,,,,,,,,,,,,,,,,,,,,,,,,,,,,,,,,,,,,,,,,,,,,,,,,,,,,,,0.6,30,-2.0,-1.0,-0.3344,,,,,,0.7619,21,-1.0,-1.0,-0.5281,,,,,,,,,,,,,,,,,,,,,,,,,,0.6667,18,1.0,1.0,-0.3808,,,,,,0.65,20,1.0,1.0,-0.5231,0.0283,0.0344
ASHR,QQQ,16,16,226,,,,,,,,,,,,,,,,,,,,,,,,,,,,,,,,,,,,,,,,,,,,,,,,,,,,,,,,,,,,,,,,,,0.7083,24,-3.0,-3.0,-0.1071,,,,,,0.6957,23,-3.0,-3.0,-0.1288,,,,,,,,,,,,,,,,,,,,,,,,,,0.7143,42,-3.0,-2.0,-0.0773,,,,,,0.75,12,-3.0,-3.0,-0.1267,0.7079,1.062
ASM,GDX,40,40,260,,,,,,,,,,,,,,,,,,,,,,,,,,,,,,,,,,,,,,,,,,,,,,,,,,,,,,,,,,,,,0.7368,19,1.0,1.0,0.56,0.6486,37,-6.0,-4.0,-0.4171,0.6111,18,3.0,3.0,0.9036,0.6667,27,-5.0,-4.0,-0.8494,,,,,,,,,,,,,,,,,,,,,0.6923,26,1.0,1.0,0.6233,0.6604,53,-3.0,-2.0,-0.4594,0.7308,26,1.0,1.0,0.9163,0.6316,19,3.0,3.0,-0.805,0.9389,1.1242
ASMG,QQQ,20,35,53,,,,,,,,,,,,,,,,,,,,,,,,,,,,,,,,,,,,,,,,,,,,,,,,,,,,,,,,,,,,,,,,,,,,,,,,,,,,,,,,,,,,,,,,,,,,,,,,,,,,,,,,,,,,,,,,,,,,,,,,,0.8327,4.1217
ASML,SMH,40,40,626,,,,,,,,,,,,,,,,,,,,,,,,,,,,,,,,,,,,,,,,,,,,,,,,,,,,,,,,,,,,,0.641,39,4.0,4.0,0.288,0.6286,70,-2.0,-2.0,-0.335,0.6,40,4.0,4.0,0.4229,,,,,,,,,,,,,,,,,,,,,,,,,,0.617,47,-1.0,-1.0,0.4255,0.6364,11,-7.0,-7.0,-0.34,0.6458,48,-1.0,-1.0,0.6035,0.7447,47,-5.0,-4.0,-0.446,0.9206,0.9208
ASMU,QQQ,22,31,92,,,,,,,,,,,,,,,,,,,,,,,,,,,,,,,,,,,,,,,,,,,,,,,,,,,,,,,,,,,,,,,,,,,,,,,,,,,,,,,,,,,,,,,,,,,,,,,,,,,,,0.6,20,-1.0,-1.0,0.8092,,,,,,,,,,,0.6111,18,0.0,0.0,-0.8882,0.8311,3.7681
ASO,XRT,14,14,224,0.6364,11,0.0,0.0,0.8143,,,,,,0.6,10,0.0,0.0,1.3083,,,,,,,,,,,,,,,,,,,,,,,,,,,,,,,,,,,,,,,,,,,,,,0.6667,21,-3.0,-3.0,0.345,0.6957,23,2.0,2.0,-0.3819,,,,,,0.6957,23,2.0,2.0,-0.6938,,,,,,,,,,,,,,,,,,,,,,,,,,,,,,,,,,,,0.6522,23,-2.0,-2.0,-0.3867,0.5446,0.9257
ASPI,ICLN,40,40,291,,,,,,,,,,,,,,,,,,,,,,,,,,,,,,,,,,,,,,,,,,,,,,,,,,,,,,,,,,,,,0.6923,13,15.0,15.0,1.1322,0.6471,34,3.0,4.0,-0.4318,0.6667,21,-3.0,-3.0,0.9836,0.7059,34,1.0,2.0,-0.8483,,,,,,,,,,,,,,,,,,,,,,,,,,0.6842,38,0.0,0.0,-0.6481,,,,,,0.6098,41,1.0,1.0,-0.6336,0.7656,1.3713
ASPN,SPY,19,19,216,,,,,,,,,,,,,,,,,,,,,,,,,,,,,,,,,,,,,,,,,,,,,,0.6154,13,0.0,0.0,-1.7462,,,,,,,,,,,0.6667,18,-2.0,-2.0,0.5767,0.6481,54,1.0,3.0,-0.5237,0.6667,18,-2.0,-2.0,0.4467,0.6316,19,1.0,1.0,-0.8592,,,,,,,,,,,,,,,,,,,,,,,,,,0.6667,12,-2.0,-2.0,-0.265,,,,,,0.6923,13,-2.0,-2.0,-0.5956,0.7528,2.0084
ASST,IBIT,40,40,320,,,,,,,,,,,,,,,,,,,,,,,,,,,,,,,,,,,,,,,,,,,,,,,,,,,,,,,,0.7,10,-1.0,-1.0,-2.0971,0.6154,26,-3.0,-3.0,0.4438,0.85,20,0.0,0.0,-0.7782,0.6,20,-4.0,-4.0,0.6992,0.6852,54,0.0,2.0,-0.9616,,,,,,,,,,,,,,,,,,,,,,,,,,0.6024,83,-2.0,-1.0,-0.5286,0.6053,38,-3.0,-3.0,0.9122,0.6897,29,1.0,1.0,-0.897,0.8037,1.2534
ASTC,ITA,22,27,183,,,,,,,,,,,,,,,,,,,,,,,,,,,,,,,,,,,,,,,,,,,,,,,,,,,,,,,,,,,,,,,,,,0.6,20,-15.0,-15.0,-1.7833,,,,,,,,,,,,,,,,,,,,,,,,,,,,,,,0.7273,11,-2.0,-2.0,2.37,0.6667,12,1.0,1.0,-2.7975,0.6667,12,-2.0,-2.0,3.5775,0.6786,28,0.0,1.0,-4.1911,0.4897,4.7101
ASTI,SPY,33,36,191,,,,,,,,,,,,,,,,,,,,,,,,,,,,,,,,,,,,,,,,,,,,,,0.7143,28,-1.0,0.0,-3.572,,,,,,0.625,16,0.0,0.0,-4.275,,,,,,,,,,,,,,,,,,,,,,,,,,,,,,,,,,,,,,,,,,,,,,0.6078,51,-1.0,-1.0,-1.0213,0.6104,77,0.0,0.0,2.4464,0.6667,12,1.0,1.0,-2.8575,0.6792,3.7264
ASTL,SLX,11,11,178,,,,,,,,,,,,,,,,,,,,,,,,,,,,,,,,,,,,,,,,,,,,,,,,,,,,,,,,,,,,,0.6364,11,-4.0,-4.0,0.4129,0.675,40,-1.0,0.0,-0.4422,,,,,,0.75,12,4.0,4.0,-0.6478,,,,,,,,,,,,,,,,,,,,,,,,,,0.8462,13,-1.0,-1.0,-0.28,,,,,,0.9231,13,-1.0,-1.0,-0.6825,0.6516,0.5682
ASTN,IWM,40,40,419,,,,,,,,,,,,,,,,,,,,,,,,,,,,,,,,,,,,,,,,,,,,,,,,,,,0.6842,19,0.0,0.0,7.6469,,,,,,0.8462,13,-9.0,-9.0,1.4518,0.7143,14,-2.0,-2.0,-1.621,0.7143,14,1.0,1.0,2.218,0.75,12,-2.0,-2.0,-1.6689,,,,,,,,,,,,,,,,,,,,,,,,,,0.6106,113,-1.0,-1.0,-0.9832,,,,,,,,,,,-0.5015,-3.9634
ASTS,IWM,40,40,692,,,,,,,,,,,,,,,,,,,,,,,,,,,,,,,,,,,,,,,,,,,,,,,,,,,,,,,,0.6842,19,0.0,0.0,-3.8808,0.7308,26,-6.0,-6.0,0.5126,0.6176,34,-1.0,-1.0,-0.4162,0.6098,41,-3.0,-3.0,0.82,0.6,10,8.0,8.0,-0.4333,,,,,,,,,,,,,,,,,,,,,,,,,,,,,,,,,,,,,,,,,0.6043,2.3425
ASTX,IWM,40,40,644,,,,,,,,,,,,,,,,,,,,,,,,,,,,,,,,,,,,,,,,,,,,,,,,,,,,,,,,0.6842,19,0.0,0.0,-7.6469,0.6571,35,-7.0,-6.0,1.0178,0.6486,37,-4.0,-3.0,-0.7475,0.6481,54,-10.0,-8.0,1.0337,0.6757,74,-5.0,-2.0,-1.2252,,,,,,,,,,,,,,,,,,,,,,,,,,0.6765,34,-2.0,-2.0,-0.8426,,,,,,,,,,,0.6076,4.6909
ASTY,QQQ,32,35,85,,,,,,,,,,,,,,,,,,,,,,,,,,,,,,,,,,,,,,,,,,,,,,0.7,10,0.0,0.0,-7.7843,,,,,,,,,,,,,,,,,,,,,,,,,,,,,,,,,,,,,,,,,,,,,,,,,,,0.6154,13,-1.0,-1.0,2.1713,,,,,,,,,,,,,,,,0.607,3.0703
ASX,SOXX,40,40,436,,,,,,,,,,,,,,,,,,,,,,,,,,,,,,,,,,,,,,,,,,,,,,,,,,,,,,,,,,,,,0.72,25,-5.0,-5.0,0.425,0.7826,23,-3.0,-3.0,-0.3856,0.6429,28,0.0,0.0,0.8189,0.8,15,-6.0,-6.0,-0.4933,,,,,,,,,,,,,,,,,,,,,0.6296,54,4.0,5.0,0.3332,0.625,40,0.0,0.0,-0.4,0.6154,26,2.0,2.0,0.9175,0.6957,23,-3.0,-3.0,-0.3544,0.7876,0.8606
ASYS,SOXX,26,32,145,,,,,,,,,,,,,,,,,,,,,,,,,,,,,,,,,,,,,,,,,,,,,,,,,,,,,,,,,,,,,,,,,,,,,,,,,,,,0.75,12,-4.0,-4.0,-0.8056,,,,,,,,,,,,,,,,,,,,,,,,,,,,,,,,,,,,0.6667,15,-1.0,-1.0,-1.726,0.8883,0.8886
ATAI,XBI,40,40,282,0.6364,11,-1.0,-1.0,1.0029,0.6875,16,0.0,0.0,-1.5027,0.6364,11,-1.0,-1.0,1.9843,,,,,,,,,,,,,,,,,,,,,,,,,,,,,,,,,,,,,,,,,,,,,,0.6667,24,-2.0,-2.0,0.4394,0.6296,108,-1.0,1.0,-0.3697,,,,,,0.6364,44,0.0,0.0,-0.7086,,,,,,,,,,,,,,,,,,,,,,,,,,0.6122,49,1.0,1.0,-0.3463,,,,,,0.62,50,1.0,1.0,-0.6629,0.6251,0.7591
ATCH,SPY,29,39,178,,,,,,,,,,,,,,,,,,,,,,,,,,,,,,,,,,,,,,,,,,,,,,0.7059,17,0.0,0.0,-0.9533,0.6,10,0.0,0.0,1.91,,,,,,0.6111,18,-1.0,-1.0,1.0455,0.7647,17,1.0,1.0,-0.9908,,,,,,0.625,24,1.0,2.0,-0.6433,,,,,,,,,,,,,,,,,,,,,,,,,,0.6154,13,-2.0,-2.0,-0.8325,,,,,,0.61,100,-1.0,0.0,-1.122,0.5052,1.1237
ATEC,IHI,15,15,232,,,,,,,,,,,,,,,,,,,,,,,,,,,,,,,,,,,,,,,,,,,,,,,,,,,,,,,,,,,,,0.6389,36,-1.0,-1.0,0.3304,0.6404,89,1.0,3.0,-0.3039,,,,,,0.7,10,-3.0,-3.0,-0.5629,,,,,,,,,,,,,,,,,,,,,,,,,,0.6327,49,1.0,2.0,-0.2994,,,,,,0.6341,41,-3.0,-2.0,-0.4769,0.6455,0.8905
ATEN,XLK,17,17,205,,,,,,,,,,,,,,,,,,,,,,,,,,,,,,,,,,,,,,,,,,,,,,,,,,,,,,,,,,,,,0.7,60,-1.0,0.0,0.2936,,,,,,0.65,40,0.0,0.0,0.4392,0.6522,23,-2.0,-2.0,-0.4367,,,,,,,,,,,,,,,,,,,,,0.625,32,0.0,0.0,0.188,,,,,,0.6,35,-2.0,-2.0,0.481,,,,,,0.5645,0.2698
ATI,XLI,10,10,218,,,,,,,,,,,,,,,,,,,,,,,,,,,,,,,,,,,,,,,,,,,,,,,,,,,,,,,,,,,,,0.6429,42,-3.0,-2.0,0.3696,0.6053,76,0.0,1.0,-0.2646,,,,,,0.7619,21,2.0,2.0,-0.4337,,,,,,,,,,,,,,,,,,,,,0.6667,24,-2.0,-2.0,0.3006,0.6341,41,1.0,1.0,-0.2327,,,,,,,,,,,0.8212,1.6655
ATLN,SPY,13,16,120,,,,,,,,,,,,,,,,,,,,,,,,,,,,,,,,,,,,,,,,,,,,,,,,,,,,,,,,,,,,,,,,,,0.7083,24,15.0,15.0,-6.0306,,,,,,,,,,,,,,,,,,,,,,,,,,,,,,,,,,,,0.8,10,1.0,1.0,-2.7363,,,,,,0.6,10,1.0,1.0,-2.5167,0.2365,1.7762
ATLX,GDX,27,30,135,,,,,,,,,,,,,,,,,,,,,,,,,,,,,,,,,,,,,,,,,,,,,,,,,,,,,,,,,,,,,0.7273,11,1.0,1.0,0.7075,,,,,,0.619,21,-2.0,-2.0,0.8738,0.7333,15,-3.0,-3.0,-0.7236,,,,,,,,,,,,,,,,,,,,,0.6,15,2.0,2.0,0.4033,0.6667,12,-3.0,-3.0,-0.4888,0.7857,14,1.0,1.0,0.8045,0.6538,26,-4.0,-3.0,-0.7982,0.5993,0.3315
ATOM,QQQ,32,33,213,,,,,,,,,,,,,,,,,,,,,,,,,,,,,,,,,,,,,,,,,,,,,,0.8,10,0.0,0.0,-2.645,,,,,,0.7,10,0.0,0.0,-3.5314,0.6923,13,-4.0,-4.0,0.6978,0.75,12,-8.0,-8.0,-0.31,0.7143,14,-1.0,-1.0,0.795,0.7,10,-3.0,-3.0,-0.7571,,,,,,,,,,,,,,,,,,,,,0.7241,29,1.0,1.0,1.0414,,,,,,0.6129,31,1.0,1.0,1.7047,0.6364,11,2.0,2.0,-1.2929,0.8516,2.0739
ATPC,SPY,16,27,137,,,,,,,,,,,,,,,,,,,,,,,,,,,,,,,,,,,,,,,,,,,,,,,,,,,,,,,,,,,,,,,,,,0.6066,61,15.0,15.0,-4.5919,,,,,,0.6,10,-15.0,-15.0,-3.7717,,,,,,,,,,,,,,,,,,,,,,,,,,,,,,,,,,,,,,,,,0.2441,1.6534
ATRO,IWM,16,16,166,,,,,,,,,,,,,,,,,,,,,,,,,,,,,,,,,,,,,,,,,,,,,,,,,,,,,,,,,,,,,0.64,25,0.0,0.0,0.3788,,,,,,0.6786,28,0.0,0.0,0.6842,0.6,15,1.0,1.0,-0.6533,,,,,,,,,,,,,,,,,,,,,0.6056,71,0.0,1.0,0.4102,,,,,,,,,,,,,,,,0.7298,1.2986
ATYR,SPY,30,31,212,,,,,,,,,,,,,,,,,,,,,,,,,,,,,,,,,,,,,,,,,,,,,,0.625,16,0.0,0.0,-2.188,,,,,,,,,,,0.8235,17,0.0,0.0,0.67,0.6667,15,5.0,5.0,-0.545,0.6667,15,-3.0,-3.0,1.036,0.72,25,-2.0,-1.0,-0.7389,,,,,,,,,,,,,,,,,,,,,0.6,10,-2.0,-2.0,0.8583,0.6,10,1.0,1.0,-0.7717,,,,,,,,,,,0.484,1.4826
AU,GDX,40,40,298,0.7,10,-1.0,-1.0,0.5586,,,,,,,,,,,0.7,10,-1.0,-1.0,-1.0314,,,,,,,,,,,,,,,,,,,,,,,,,,,,,,,,,,,,,,,,,,,,,,0.7059,34,3.0,4.0,-0.3783,0.6154,39,0.0,1.0,0.6837,0.625,24,-3.0,-3.0,-0.454,,,,,,,,,,,,,,,,,,,,,,,,,,0.7037,27,3.0,4.0,-0.2847,0.6667,30,-4.0,-4.0,0.2525,0.75,24,-2.0,-2.0,-0.5444,0.9397,1.2313
AUGO,GDX,27,27,205,,,,,,,,,,,,,,,,,,,,,,,,,,,,,,,,,,,,,,,,,,,,,,,,,,,,,,,,,,,,,,,,,,0.64,25,-4.0,-3.0,-0.5387,0.6,15,6.0,6.0,0.9589,0.6,15,0.0,0.0,-0.6678,,,,,,,,,,,,,,,,,,,,,,,,,,0.6842,57,-4.0,-2.0,-0.4995,0.6667,21,1.0,1.0,0.8221,0.6087,23,-4.0,-4.0,-0.7179,0.8899,1.0959
AUPH,XBI,30,31,225,,,,,,,,,,,,,,,,0.6154,13,0.0,0.0,-1.1312,,,,,,,,,,,,,,,,,,,,,,,,,,,,,,,,,,,,,,,,,,,,,,0.6538,26,-1.0,-1.0,-0.24,0.7391,23,-2.0,-2.0,0.4276,0.6296,27,-1.0,-1.0,-0.5129,,,,,,,,,,,,,,,,,,,,,,,,,,0.6364,44,1.0,1.0,-0.3514,0.6154,26,-1.0,-1.0,0.4075,,,,,,0.7066,0.7358
AUR,SPY,40,40,315,,,,,,,,,,,0.6,10,-1.0,-1.0,2.85,,,,,,,,,,,,,,,,,,,,,,,,,,0.7333,15,-1.0,-1.0,1.2809,0.75,20,0.0,0.0,-1.1167,0.6,15,-1.0,-1.0,2.1978,,,,,,0.6667,21,3.0,3.0,0.4036,0.6154,13,-5.0,-5.0,-0.3162,0.6452,31,-4.0,-3.0,0.719,0.6061,33,-2.0,-2.0,-0.6575,,,,,,,,,,,,,,,,,,,,,,,,,,0.6364,22,-2.0,-2.0,-0.7621,,,,,,0.6,20,-2.0,-2.0,-1.0083,0.8083,1.8907
AUTL,XBI,23,26,179,,,,,,,,,,,,,,,,,,,,,,,,,,,,,,,,,,,,,,,,,,,,,,,,,,,,,,,,,,,,,,,,,,0.7059,17,-4.0,-4.0,-0.3092,,,,,,0.6667,30,-1.0,0.0,-0.6315,,,,,,,,,,,,,,,,,,,,,,,,,,0.619,42,1.0,2.0,-0.5765,,,,,,0.6585,41,1.0,2.0,-0.5641,0.5668,0.5505
AUUD,QQQ,25,34,103,,,,,,,,,,,,,,,,,,,,,,,,,,,,,,,,,,,,,,,,,,,,,,,,,,,,,,,,,,,,,,,,,,0.75,12,0.0,0.0,-0.42,,,,,,,,,,,,,,,,,,,,,,,,,,,,,,,,,,,,0.7,50,-1.0,1.0,-0.6014,,,,,,0.7234,47,-2.0,0.0,-1.3679,0.1701,0.1777
AVAH,IHF,21,21,216,,,,,,,,,,,,,,,,0.6,10,0.0,0.0,-0.9567,,,,,,,,,,,,,,,,,,,,,,,,,,,,,,,,,,,,,,,,,0.6071,28,-1.0,-1.0,0.2441,0.6429,42,0.0,0.0,-0.3837,,,,,,0.6333,120,0.0,4.0,-0.6122,,,,,,,,,,,,,,,,,,,,,,,,,,0.6471,51,0.0,0.0,-0.3667,,,,,,0.6441,59,-2.0,-1.0,-0.4239,0.2465,0.4304
AVAT,XLF,18,25,96,,,,,,,,,,,,,,,,,,,,,,,,,,,,,,,,,,,,,,,,,,,,,,,,,,,,,,,,,,,,,,,,,,,,,,,,,,,,,,,,,,,,,,,,,,,,,,,,,,,,,,,,,,,,,,,,,,,,0.6061,33,0.0,0.0,-2.74,0.2051,1.4343
AVAV,ITA,39,39,306,,,,,,,,,,,,,,,,,,,,,,,,,,,,,,,,,,,,,,,,,,,,,,,,,,,,,,,,,,,,,0.6842,19,-3.0,-3.0,0.3823,0.7273,11,0.0,0.0,-0.2963,0.6452,31,4.0,5.0,0.547,0.6667,30,-2.0,-2.0,-0.5415,,,,,,,,,,,,,,,,,,,,,0.7273,33,1.0,1.0,0.7154,0.6429,28,-2.0,-2.0,-0.2489,0.6452,31,1.0,1.0,0.831,0.6552,29,-2.0,-2.0,-0.6721,0.4991,1.5451
AVEX,ITA,40,40,269,,,,,,,,,,,,,,,,,,,,,,,,,,,,,,,,,,,,,,,,,,,,,,,,,,,,,,,,,,,,,,,,,,0.8182,11,-6.0,-6.0,-0.8356,0.6154,13,-10.0,-10.0,0.46,0.6316,38,1.0,3.0,-0.5958,,,,,,,,,,,,,,,,,,,,,,,,,,0.6102,59,0.0,0.0,-0.6375,,,,,,0.6364,44,-1.0,-1.0,-1.0346,0.373,1.3845
AVGG,QQQ,36,39,161,,,,,,,,,,,,,,,,,,,,,,,,,,,,,,,,,,,,,,,,,,,,,,0.6,10,-1.0,-1.0,-2.18,,,,,,0.7,10,0.0,0.0,-3.7986,0.6667,15,-15.0,-15.0,0.716,,,,,,,,,,,,,,,,,,,,,,,,,,,,,,,,,,,,0.6429,42,-1.0,-1.0,0.8341,,,,,,0.6667,21,0.0,0.0,1.3164,,,,,,0.8757,3.2367
AVGO,SMH,40,40,734,,,,,,,,,,,,,,,,,,,,,,,,,,,,,,,,,,,,,,,,,,,,,,,,,,,,,,,,,,,,,,,,,,,,,,,,,,,,0.6875,32,-4.0,-4.0,-0.1405,,,,,,,,,,,,,,,,,,,,,,,,,,0.75,12,-7.0,-7.0,-0.2822,0.6463,82,1.0,1.0,0.3677,0.6,25,-5.0,-5.0,-0.3267,0.8772,0.7026
AVGU,QQQ,26,33,79,,,,,,,,,,,,,,,,,,,,,,,,,,,,,,,,,,,,,,,,,,,,,,,,,,,,,,,,,,,,,0.6,10,-15.0,-15.0,1.0783,,,,,,,,,,,,,,,,,,,,,,,,,,,,,,,,,,,,0.6522,23,-1.0,-1.0,1.0033,,,,,,,,,,,,,,,,0.8652,3.0913
AVGX,QQQ,40,40,345,,,,,,,,,,,,,,,,,,,,,,,,,,,,,,,,,,,,,,,,,,,,,,0.6364,22,-1.0,0.0,-2.4379,,,,,,0.7,10,-1.0,-1.0,-2.8586,0.6429,28,1.0,2.0,0.9744,0.8,10,4.0,4.0,-0.5688,0.8077,26,-3.0,-2.0,0.8429,0.6667,12,-8.0,-8.0,-0.2213,,,,,,,,,,,,,,,,,,,,,,,,,,0.66,50,-3.0,-2.0,-0.5248,,,,,,0.7,10,-3.0,-3.0,-1.1443,0.8557,3.1669
AVL,QQQ,39,40,280,,,,,,,,,,,,,,,,,,,,,,,,,,,,,,,,,,,,,,,,,,,,,,0.6364,22,-1.0,0.0,-2.3993,,,,,,0.6364,11,-1.0,-1.0,-3.0957,0.75,12,2.0,2.0,0.6067,0.7,10,6.0,6.0,-0.2086,0.7,30,1.0,2.0,0.8543,0.6364,11,-4.0,-4.0,-1.0157,,,,,,,,,,,,,,,,,,,,,,,,,,0.625,32,1.0,1.0,-0.5575,0.6,10,2.0,2.0,0.8983,,,,,,0.8646,3.1784
AVO,XLP,11,11,207,,,,,,,,,,,,,,,,,,,,,,,,,,,,,,,,,,,,,,,,,,,,,,,,,,,,,,,,,,,,,,,,,,0.6562,32,2.0,3.0,-0.4429,,,,,,0.625,32,2.0,3.0,-0.4425,,,,,,,,,,,,,,,,,,,,,,,,,,0.64,50,-1.0,-1.0,-0.2663,,,,,,0.625,40,-2.0,-2.0,-0.4052,0.244,0.3607
AVPT,IGV,30,30,235,,,,,,,,,,,,,,,,,,,,,,,,,,,,,,,,,,,,,,,,,,,,,,,,,,,,,,,,,,,,,0.6667,27,0.0,0.0,0.2133,0.6333,30,2.0,2.0,-0.2511,0.7037,27,0.0,0.0,0.5074,,,,,,,,,,,,,,,,,,,,,,,,,,0.6,15,2.0,2.0,0.2656,0.6429,14,-3.0,-3.0,-0.1433,0.6286,35,1.0,2.0,0.4664,,,,,,0.8581,0.9118
AVR,IWM,13,15,202,,,,,,,,,,,,,,,,,,,,,,,,,,,,,,,,,,,,,,,,,,,,,,,,,,,,,,,,,,,,,0.6316,19,-4.0,-4.0,0.4292,0.7059,51,-2.0,-1.0,-0.3328,,,,,,0.6471,17,1.0,1.0,-0.7109,,,,,,,,,,,,,,,,,,,,,0.6154,13,-2.0,-2.0,0.375,0.6774,62,0.0,0.0,-0.3743,,,,,,,,,,,0.4459,0.6986
AVS,IWM,37,37,218,,,,,,,,,,,,,,,,,,,,,,,,,,,,,,,,,,,,,,,,,0.6667,18,0.0,0.0,1.065,,,,,,0.6667,18,0.0,0.0,1.7117,,,,,,,,,,,0.7368,19,-1.0,-1.0,-0.3814,0.7692,13,-5.0,-5.0,0.628,0.7222,72,-3.0,0.0,-0.4446,,,,,,,,,,,,,,,,,,,,,,,,,,0.6066,61,0.0,0.0,-0.3743,,,,,,0.619,126,-1.0,0.0,-0.4349,-0.5564,-1.6319
AVT,SOXX,12,13,194,,,,,,,,,,,,,,,,,,,,,,,,,,,,,,,,,,,,,,,,,,,,,,,,,,,,,,,,,,,,,0.6087,23,-2.0,-2.0,0.2929,0.6875,32,-1.0,-1.0,-0.1968,,,,,,0.6364,33,0.0,0.0,-0.2586,,,,,,,,,,,,,,,,,,,,,,,,,,0.64,25,-5.0,-4.0,-0.1894,0.6,10,-2.0,-2.0,0.5867,0.6429,14,3.0,3.0,-0.3989,0.9163,0.4099
AVTR,XLV,15,15,236,,,,,,,,,,,,,,,,,,,,,,,,,,,,,,,,,,,,,,,,,,,,,,,,,,,,,,,,,,,,,0.6364,66,-2.0,-1.0,0.3074,0.6098,41,1.0,1.0,-0.2728,0.6364,22,3.0,4.0,0.6536,0.6029,68,-1.0,0.0,-0.4768,,,,,,,,,,,,,,,,,,,,,,,,,,,,,,,0.6538,26,-2.0,-2.0,0.4547,0.6076,79,-1.0,-1.0,-0.3371,0.2551,0.4373
AVTX,XBI,15,16,207,,,,,,,,,,,,,,,,,,,,,,,,,,,,,,,,,,,,,,,,,,,,,,,,,,,,,,,,,,,,,,,,,,0.6389,72,-1.0,1.0,-0.3861,,,,,,0.625,16,-2.0,-2.0,-0.712,,,,,,,,,,,,,,,,,,,,,,,,,,0.7333,15,2.0,2.0,-0.5245,,,,,,,,,,,0.7194,0.8654
AVUV,IWM,18,18,236,,,,,,,,,,,0.6,10,0.0,0.0,0.5383,,,,,,,,,,,,,,,,,,,,,,,,,,,,,,,,,,,,,,,,,,,,,,,,,,,,,,,,,,,,,,,,,,,,,,,,,,,,,,,,,,,,,,0.6471,17,-2.0,-2.0,0.1545,,,,,,,,,,,,,,,,0.8971,0.4312
AVXL,IWM,14,16,188,,,,,,,,,,,,,,,,,,,,,,,,,,,,,,,,,,,,,,,,,,,,,,,,,,,,,,,,,,,,,,,,,,0.76,25,2.0,3.0,-0.5189,,,,,,0.6889,45,-3.0,-1.0,-0.5971,,,,,,,,,,,,,,,,,,,,,,,,,,0.747,83,0.0,1.0,-0.4315,0.7273,11,-2.0,-2.0,0.6462,0.7024,84,0.0,1.0,-0.6859,0.614,0.8927
AVXX,SPY,39,40,150,,,,,,,,,,,,,,,,,,,,,,,,,,,,,,,,,,,,,,,,,,,,,,0.7647,34,-1.0,0.0,-4.7562,,,,,,0.6333,30,-1.0,0.0,-6.7384,,,,,,,,,,,,,,,,,,,,,,,,,,,,,,,,,,,,,,,,,,,,,,,,,,,,,,,,,,,,,0.4502,2.8538
AXGN,IWM,22,23,206,,,,,,,,,,,,,,,,,,,,,,,,,,,,,,,,,,,,,,,,,,,,,,0.6,10,0.0,0.0,-0.935,,,,,,,,,,,0.7368,19,-2.0,-2.0,0.3871,,,,,,0.6923,26,1.0,1.0,0.4639,0.6087,23,2.0,2.0,-0.6307,,,,,,,,,,,,,,,,,,,,,0.614,57,0.0,0.0,0.3351,0.6164,73,-1.0,-1.0,-0.3291,0.6129,31,1.0,1.0,0.8979,0.6027,73,-1.0,-1.0,-0.5634,0.6557,0.9209
AXIA,IWM,39,39,223,,,,,,,,,,,,,,,,,,,,,,,,,,,,,,,,,,,,,,,,,,,,,,0.6667,12,-1.0,-1.0,-0.5262,,,,,,,,,,,,,,,,0.617,47,-2.0,-2.0,-0.159,,,,,,0.6087,23,0.0,0.0,-0.3907,,,,,,,,,,,,,,,,,,,,,,,,,,0.6238,101,0.0,1.0,-0.1914,,,,,,,,,,,0.3761,0.7044
AXON,ITA,36,36,246,,,,,,,,,,,,,,,,0.6429,14,0.0,0.0,-2.2389,,,,,,,,,,,,,,,,,,,,,,,,,,,,,,,,,,,,,,,,,0.7,10,5.0,5.0,0.4014,0.6575,73,-2.0,0.0,-0.325,0.6667,12,-4.0,-4.0,0.8575,0.6667,27,-1.0,-1.0,-0.595,,,,,,,,,,,,,,,,,,,,,,,,,,0.7857,28,-2.0,-2.0,-0.2841,,,,,,,,,,,0.1376,0.2939
AXP,XLF,32,32,252,,,,,,,,,,,,,,,,0.6667,27,-1.0,0.0,-0.4783,,,,,,,,,,,,,,,,,,,,,,,,,,,,,,,,,,,,,,,,,0.625,64,-1.0,-1.0,0.1325,0.8,15,-2.0,-2.0,-0.12,,,,,,,,,,,,,,,,,,,,,,,,,,,,,,,,,,,,0.6429,14,-2.0,-2.0,-0.1267,,,,,,,,,,,0.7964,1.2955
AXSM,XBI,13,13,158,,,,,,,,,,,,,,,,,,,,,,,,,,,,,,,,,,,,,,,,,,,,,,,,,,,,,,,,,,,,,,,,,,,,,,,0.6538,26,1.0,2.0,0.6688,0.6,30,-1.0,-1.0,-0.305,,,,,,,,,,,,,,,,,,,,,0.6,50,-1.0,0.0,0.347,0.6364,22,1.0,1.0,-0.3057,0.6154,39,0.0,0.0,0.4062,0.6,10,-2.0,-2.0,-0.7067,0.3948,0.3277
AXTA,XLB,18,18,222,,,,,,,,,,,,,,,,,,,,,,,,,,,,,,,,,,,,,,,,,,,,,,,,,,,,,,,,,,,,,,,,,,0.7347,49,2.0,3.0,-0.2311,,,,,,0.6735,49,2.0,3.0,-0.3891,,,,,,,,,,,,,,,,,,,,,,,,,,0.6275,51,-1.0,-1.0,-0.2397,,,,,,0.8125,32,-3.0,-2.0,-0.2227,0.5863,1.4354
AXTI,SOXX,40,40,521,,,,,,,,,,,,,,,,,,,,,,,,,,,,,,,,,,,,,,,,,,,,,,,,,,,,,,,,,,,,,0.6429,14,-9.0,-9.0,0.7722,0.6429,42,-4.0,-3.0,-0.5833,0.64,25,0.0,0.0,1.3869,0.7368,19,5.0,5.0,-0.7029,,,,,,,,,,,,,,,,,,,,,,,,,,0.6182,55,-4.0,-3.0,-0.7809,0.6,40,2.0,2.0,1.1383,0.6897,29,5.0,6.0,-1.3355,0.7871,1.1682
AXTU,QQQ,32,34,114,,,,,,,,,,,,,,,,,,,,,,,,,,,,,,,,,,,,,,,,,,,,,,,,,,,,,,,,,,,,,,,,,,0.6,25,-15.0,-15.0,-1.5407,,,,,,0.6923,26,-15.0,-15.0,-2.0378,,,,,,,,,,,,,,,,,,,,,0.6471,17,1.0,1.0,1.8827,0.75,12,-2.0,-2.0,-2.1622,,,,,,0.6176,34,-2.0,-1.0,-3.8281,0.7451,6.1677
AXTX,QQQ,40,40,412,,,,,,,,,,,,,,,,,,,,,,,,,,,,,,,,,,,,,,,,,,,,,,0.7273,11,0.0,0.0,-9.2812,,,,,,0.7273,11,0.0,0.0,-9.4588,,,,,,0.6,80,-15.0,-15.0,-1.4031,0.6923,26,0.0,1.0,2.7489,0.6,10,-3.0,-3.0,-2.7683,,,,,,,,,,,,,,,,,,,,,,,,,,0.6515,66,-3.0,-2.0,-1.4751,,,,,,0.6667,15,-3.0,-3.0,-2.797,0.7187,6.4431
AYA,GDX,27,31,165,,,,,,,,,,,,,,,,,,,,,,,,,,,,,,,,,,,,,,,,,,,,,,,,,,,,,,,,,,,,,0.6364,11,-1.0,-1.0,0.4171,,,,,,0.6,10,-1.0,-1.0,1.5367,,,,,,,,,,,,,,,,,,,,,,,,,,0.6923,13,1.0,1.0,0.6056,0.7037,27,-3.0,-2.0,-0.6063,0.7,10,-1.0,-1.0,0.6743,0.8,10,-2.0,-2.0,-0.94,0.874,0.924
AZI,IWM,19,27,161,,,,,,,,,,,,,,,,,,,,,,,,,,,,,,,,,,,,,,,,,,,,,,,,,,,,,,,,0.7,10,0.0,0.0,-4.06,,,,,,0.64,50,15.0,15.0,-4.0409,,,,,,0.6735,49,15.0,15.0,-5.3967,,,,,,,,,,,,,,,,,,,,,,,,,,0.7143,35,-1.0,-1.0,-2.5704,,,,,,0.6944,36,-1.0,-1.0,-2.8996,0.2591,2.1163
AZIO,SPY,21,26,89,,,,,,,,,,,,,,,,,,,,,,,,,,,,,,,,,,,,,,,,,,,,,,,,,,,0.7,10,0.0,0.0,5.4229,,,,,,,,,,,,,,,,,,,,,,,,,,,,,,,,,,,,,,,,,,,,,,0.6129,31,0.0,0.0,1.2884,0.6897,29,-1.0,-1.0,-0.4985,,,,,,0.6452,31,-1.0,-1.0,-0.814,0.3615,0.8107
AZN,IBB,40,40,269,,,,,,0.6429,14,0.0,0.0,-0.2956,,,,,,0.6429,14,0.0,0.0,-0.6022,,,,,,,,,,,,,,,,,,,,,,,,,,,,,,,,,,,,,,,,,,,,,,0.614,57,0.0,0.0,-0.1137,0.619,42,1.0,1.0,0.2027,0.6618,68,-3.0,-2.0,-0.2167,,,,,,,,,,,,,,,,,,,,,,,,,,0.7895,19,-2.0,-2.0,-0.1467,0.6389,36,1.0,1.0,0.1678,,,,,,0.4716,0.9421
AZO,XLY,18,18,234,,,,,,,,,,,,,,,,,,,,,,,,,,,,,,,,,,,,,,,,,,,,,,,,,,,,,,,,,,,,,0.8,10,-3.0,-3.0,0.1675,,,,,,,,,,,0.6304,92,0.0,1.0,-0.32,,,,,,,,,,,,,,,,,,,,,,,,,,,,,,,,,,,,0.6129,31,1.0,1.0,-0.3553,0.3245,0.2564
AZTR,SPY,28,38,217,,,,,,,,,,,,,,,,,,,,,,,,,,,,,,,,,,,,,,,,,,,,,,,,,,,,,,,,,,,,,0.7143,14,-8.0,-8.0,0.535,0.6538,26,15.0,15.0,-9.3794,,,,,,0.6538,26,15.0,15.0,-9.0312,,,,,,,,,,,,,,,,,,,,,,,,,,0.6154,13,-2.0,-2.0,-1.2475,,,,,,0.6047,86,0.0,0.0,-3.5702,0.3413,1.7953
B,GDX,40,40,313,,,,,,,,,,,,,,,,0.6364,11,0.0,0.0,-0.9314,,,,,,,,,,,,,,,,,,,,,,,,,,,,,,,,,,,,,,,,,0.6286,70,1.0,2.0,0.2436,0.6154,39,-2.0,-2.0,-0.2583,,,,,,0.6,35,-1.0,-1.0,-0.4224,,,,,,,,,,,,,,,,,,,,,0.6552,29,1.0,1.0,0.3058,0.6579,38,-3.0,-3.0,-0.2976,,,,,,0.7083,24,-2.0,-2.0,-0.4759,0.9625,0.7747
BA,ITA,40,40,297,,,,,,,,,,,0.6154,13,-1.0,-1.0,0.6925,,,,,,,,,,,,,,,,,,,,,,,,,,,,,,,,,,,,,,,,,,,,,,0.7,20,2.0,2.0,0.2157,0.6154,65,-1.0,-1.0,-0.1487,0.7619,21,2.0,2.0,0.3575,0.6389,36,-2.0,-2.0,-0.2926,,,,,,,,,,,,,,,,,,,,,,,,,,0.6429,14,-3.0,-3.0,-0.0889,0.6364,33,1.0,1.0,0.4038,0.6154,13,-3.0,-3.0,-0.2775,0.7082,0.7888
BABA,KWEB,40,40,622,,,,,,,,,,,0.6,10,0.0,0.0,0.6317,,,,,,,,,,,,,,,,,,,,,,,,,,,,,,,,,,,,,,,,,,,,,,0.8182,11,4.0,4.0,0.3067,0.6514,109,-2.0,-2.0,-0.1525,0.6,20,-5.0,-5.0,0.2908,0.6923,13,3.0,3.0,-0.2911,,,,,,,,,,,,,,,,,,,,,0.6429,28,3.0,3.0,0.4333,0.6625,80,1.0,2.0,-0.1704,,,,,,0.6042,48,-2.0,-2.0,-0.2272,0.7577,0.8479
BABU,SPY,11,23,29,,,,,,,,,,,,,,,,,,,,,,,,,,,,,,,,,,,,,,,,,,,,,,,,,,,,,,,,,,,,,,,,,,,,,,,,,,,,,,,,,,,,,,,,,,,,,,,,,,,,,,,,,,,,,,,0.6,10,-1.0,-1.0,1.74,,,,,,0.4244,2.0865
BABX,SPY,40,40,250,,,,,,,,,,,,,,,,,,,,,,,,,,,,,,,,,,,,,,,,,,,,,,,,,,,0.6,15,-1.0,-1.0,2.2033,,,,,,0.6667,12,-6.0,-6.0,0.3525,0.7576,33,-4.0,-3.0,-0.298,,,,,,0.6154,13,-6.0,-6.0,-0.2563,,,,,,,,,,,,,,,,,,,,,,,,,,0.6667,12,1.0,1.0,-0.2475,0.6,10,1.0,1.0,0.5633,0.6923,13,-2.0,-2.0,-0.8522,0.3986,2.0301
BAC,XLF,40,40,319,0.6296,27,0.0,0.0,0.4782,,,,,,0.6667,27,0.0,0.0,0.5767,,,,,,,,,,,,,,,,,,,,,,,,,,,,,,,,,,,,,,,,,,,,,,,,,,,0.6557,61,1.0,1.0,-0.1203,,,,,,0.6,25,-2.0,-2.0,-0.2947,,,,,,,,,,,,,,,,,,,,,,,,,,0.6031,131,0.0,0.0,-0.1154,,,,,,,,,,,0.7469,0.9555
BAER,ITA,22,26,125,,,,,,,,,,,,,,,,,,,,,,,,,,,,,,,,,,,,,,,,,,,,,,,,,,,,,,,,,,,,,,,,,,0.75,12,0.0,0.0,-0.4467,,,,,,0.6429,14,0.0,0.0,-0.5589,,,,,,,,,,,,,,,,,,,,,,,,,,0.6111,18,0.0,0.0,-0.5382,,,,,,0.6,15,-2.0,-2.0,-0.5111,0.6179,1.2318
BAH,IGV,29,29,229,,,,,,,,,,,,,,,,0.7333,15,0.0,0.0,-1.06,,,,,,,,,,,,,,,,,,,,,,,,,,,,,,,,,,,,,,,,,,,,,,0.7692,13,3.0,3.0,-0.291,,,,,,0.6774,31,2.0,3.0,-0.4652,,,,,,,,,,,,,,,,,,,,,,,,,,0.75,16,1.0,1.0,-0.4417,,,,,,0.625,16,2.0,2.0,-0.565,0.367,0.3343
BAI,QQQ,31,31,251,,,,,,,,,,,,,,,,,,,,,,,,,,,,,,,,,,,,,,,,,,,,,,,,,,,,,,,,,,,,,0.7045,88,1.0,5.0,0.2284,0.6667,18,-4.0,-4.0,-0.3383,0.6875,48,-2.0,-1.0,0.5639,0.6923,13,-3.0,-3.0,-0.2944,,,,,,,,,,,,,,,,,,,,,0.7009,107,0.0,2.0,0.2263,0.6154,13,-3.0,-3.0,-0.3813,0.6016,123,-1.0,0.0,0.5185,,,,,,0.9353,2.4562
BAK,XLE,36,36,205,,,,,,,,,,,,,,,,,,,,,,,,,,,,,,,,,,,,,,,,,,,,,,,,,,,,,,,,,,,,,,,,,,0.6739,46,-2.0,-1.0,-0.5303,,,,,,0.6429,14,0.0,0.0,-0.8533,,,,,,,,,,,,,,,,,,,,,,,,,,0.6543,162,-2.0,2.0,-0.5713,,,,,,0.6296,27,1.0,1.0,-0.8582,0.2608,0.4316
BAND,SPY,18,18,203,,,,,,,,,,,,,,,,,,,,,,,,,,,,,,,,,,,,,,,,,,,,,,,,,,,,,,,,,,,,,0.6923,13,-5.0,-5.0,0.56,0.7273,11,-2.0,-2.0,-0.2413,0.6923,13,1.0,1.0,0.93,0.6667,15,-3.0,-3.0,-0.75,,,,,,,,,,,,,,,,,,,,,,,,,,0.7143,14,-2.0,-2.0,-0.535,0.75,16,1.0,1.0,0.8708,0.6,15,-2.0,-2.0,-1.3322,0.6215,1.3429
BAR,IWM,12,15,102,,,,,,,,,,,,,,,,,,,,,,,,,,,,,,,,,,,,,,,,,,,,,,,,,,,,,,,,,,,,,,,,,,,,,,,,,,,,0.7143,14,-2.0,-2.0,-0.36,,,,,,,,,,,,,,,,,,,,,,,,,,0.6667,15,1.0,1.0,-0.107,,,,,,0.8333,18,-1.0,-1.0,-0.1727,0.49,0.7009
BATL,XLE,40,40,591,,,,,,,,,,,,,,,,,,,,,,,,,,,,,,,,,,,,,,,,,,,,,,,,,,,,,,,,,,,,,0.6842,19,1.0,1.0,0.6523,0.6849,73,-6.0,-4.0,-0.5552,0.65,20,-7.0,-7.0,1.2877,0.6848,92,1.0,4.0,-1.2587,,,,,,,,,,,,,,,,,,,,,,,,,,0.6486,111,-1.0,-1.0,-0.9854,,,,,,0.6667,12,-3.0,-3.0,-0.7075,0.6581,3.3234
BAX,IHI,15,15,237,,,,,,,,,,,,,,,,,,,,,,,,,,,,,,,,,,,,,,,,,,,,,,,,,,,,,,,,,,,,,,,,,,0.6444,45,-1.0,-1.0,-0.1469,,,,,,,,,,,,,,,,,,,,,,,,,,,,,,,0.625,40,1.0,1.0,0.2316,0.625,56,0.0,0.0,-0.1306,,,,,,0.6667,27,-2.0,-2.0,-0.4194,0.6574,0.9713
BB,QQQ,40,40,522,,,,,,,,,,,,,,,,,,,,,,,,,,,,,,,,,,,,,,,,,,,,,,,,,,,,,,,,,,,,,0.75,16,5.0,5.0,0.8442,,,,,,0.675,40,-5.0,-4.0,1.0704,0.625,24,8.0,9.0,-0.9,,,,,,,,,,,,,,,,,,,,,,,,,,0.6842,19,-3.0,-3.0,-0.6562,,,,,,,,,,,0.6019,0.9222
BBAI,SPY,40,40,530,,,,,,,,,,,0.6364,11,-1.0,-1.0,1.5557,,,,,,,,,,,,,,,,,,,,,,,,,,,,,,,,,,,,0.6,20,0.0,0.0,1.7192,,,,,,0.6111,18,4.0,4.0,0.3782,0.6632,193,-2.0,0.0,-0.3517,0.625,24,-4.0,-4.0,0.5613,0.6406,128,0.0,1.0,-0.5915,,,,,,,,,,,,,,,,,,,,,,,,,,,,,,,,,,,,,,,,,0.5784,1.5502
BBAR,SPY,13,18,153,,,,,,,,,,,,,,,,,,,,,,,,,,,,,,,,,,,,,,,,,,,,,,,,,,,,,,,,,,,,,0.6,20,2.0,3.0,0.55,0.7,10,-3.0,-3.0,-0.2914,0.6,10,3.0,3.0,1.105,0.6667,15,-1.0,-1.0,-0.617,,,,,,,,,,,,,,,,,,,,,,,,,,,,,,,0.6034,58,0.0,0.0,0.7091,0.6735,49,-1.0,-1.0,-0.6324,0.6517,1.663
BBBY,IWM,28,28,231,,,,,,0.7273,11,0.0,0.0,-1.96,,,,,,,,,,,,,,,,,,,,,,,,,,,,,,,,,,,,,,,,,0.6429,14,0.0,0.0,2.7856,,,,,,,,,,,0.8571,21,-3.0,-2.0,-0.6528,,,,,,0.7619,42,-4.0,-2.0,-0.8528,,,,,,,,,,,,,,,,,,,,,,,,,,0.6585,41,1.0,1.0,-0.6637,,,,,,0.6481,162,-2.0,0.0,-0.8178,0.4542,0.754
BBD,SPY,38,38,244,0.6,10,-1.0,-1.0,0.4867,,,,,,0.6875,16,0.0,0.0,0.4936,0.6,10,-1.0,-1.0,-0.12,,,,,,,,,,,,,,,,,,,,,0.6429,14,-1.0,-1.0,0.5578,,,,,,0.7143,14,-1.0,-1.0,0.505,,,,,,,,,,,0.6188,223,-3.0,2.0,-0.1462,,,,,,0.6324,204,-2.0,1.0,-0.2761,,,,,,,,,,,,,,,,,,,,,,,,,,0.6293,116,0.0,0.0,-0.1534,0.6429,14,1.0,1.0,0.3867,0.6667,117,0.0,0.0,-0.2327,0.4093,0.757
BBIO,IBB,11,11,225,,,,,,,,,,,,,,,,,,,,,,,,,,,,,,,,,,,,,,,,,,,,,,,,,,,,,,,,,,,,,0.8182,11,-4.0,-4.0,0.2322,0.8182,11,3.0,3.0,-0.1856,0.625,40,0.0,0.0,0.5908,0.65,20,-3.0,-3.0,-0.4954,,,,,,,,,,,,,,,,,,,,,,,,,,0.6,20,-2.0,-2.0,-0.335,,,,,,0.625,24,2.0,2.0,-0.4913,0.5251,0.6063
BBVA,SPY,34,34,236,,,,,,,,,,,,,,,,,,,,,,,,,,,,,,,,,,,,,,,,,0.8,15,0.0,0.0,0.245,0.6667,12,-1.0,-1.0,-0.3163,0.7059,17,0.0,0.0,0.3033,0.6667,12,-1.0,-1.0,-0.25,0.6,10,-4.0,-4.0,0.0933,0.6835,79,1.0,2.0,-0.1144,0.8,10,-4.0,-4.0,0.1738,0.7333,30,-2.0,-2.0,-0.1995,,,,,,,,,,,,,,,,,,,,,,,,,,0.6,15,-2.0,-2.0,-0.0989,0.6429,14,1.0,1.0,0.2222,,,,,,0.5152,1.282
BBWI,XRT,19,19,239,,,,,,,,,,,,,,,,,,,,,,,,,,,,,,,,,,,,,,,,,,,,,,,,,,,,,,,,,,,,,0.625,32,-1.0,-1.0,0.3055,0.6,20,0.0,0.0,-0.3125,0.6429,14,4.0,4.0,1.2956,,,,,,,,,,,,,,,,,,,,,,,,,,0.6,25,-2.0,-2.0,0.2527,0.6667,18,2.0,2.0,-0.3517,0.6,25,-2.0,-2.0,0.5413,,,,,,0.5566,1.3299
BBY,XRT,21,21,241,,,,,,,,,,,,,,,,,,,,,,,,,,,,,,,,,,,,,,,,,,,,,,,,,,,,,,,,,,,,,0.7,10,3.0,3.0,0.3271,0.6111,36,-1.0,-1.0,-0.2345,0.7,10,3.0,3.0,0.3329,0.6383,47,-3.0,-2.0,-0.2623,,,,,,,,,,,,,,,,,,,,,,,,,,0.6667,18,2.0,2.0,-0.2717,,,,,,0.6296,54,1.0,2.0,-0.3688,0.4723,0.646
BCAR,IBIT,14,22,77,,,,,,,,,,,,,,,,,,,,,,,,,,,,,,,,,,,,,,,,,,,,,,,,,,,,,,,,,,,,,,,,,,0.6471,34,-1.0,-1.0,-0.0355,,,,,,0.7692,26,-1.0,-1.0,-0.08,,,,,,,,,,,,,,,,,,,,,,,,,,0.8,10,-1.0,-1.0,-0.0712,,,,,,,,,,,0.1882,0.0206
BCAT,QQQ,20,20,166,,,,,,,,,,,,,,,,,,,,,,,,,,,,,,,,,,,,,,,,,,,,,,,,,,,,,,,,,,,,,,,,,,0.6226,53,0.0,0.0,-0.1027,,,,,,0.6129,62,-1.0,-1.0,-0.1176,,,,,,,,,,,,,,,,,,,,,0.6,25,-2.0,-2.0,0.0893,0.6716,67,-1.0,0.0,-0.0711,0.6087,23,1.0,1.0,0.1493,0.76,25,0.0,0.0,-0.1042,0.7219,0.2607
BCDA,IWM,22,29,93,,,,,,,,,,,,,,,,,,,,,,,,,,,,,,,,,,,,,,,,,,,,,,,,,,,,,,,,,,,,,,,,,,0.7333,15,15.0,15.0,-5.4364,,,,,,0.6667,15,15.0,15.0,-6.387,,,,,,,,,,,,,,,,,,,,,,,,,,,,,,,0.6087,23,-1.0,-1.0,4.6614,0.6,10,1.0,1.0,-1.7683,0.2947,0.7826
BCE,KWEB,15,15,240,,,,,,,,,,,,,,,,,,,,,,,,,,,,,,,,,,,,,,,,,,,,,,,,,,,,,,,,,,,,,,,,,,0.6923,13,2.0,2.0,-0.1,,,,,,0.6164,73,-1.0,-1.0,-0.2431,,,,,,,,,,,,,,,,,,,,,,,,,,0.6222,45,0.0,0.0,-0.1821,,,,,,0.64,75,0.0,1.0,-0.2021,0.0016,0.0004
BCI,QQQ,12,12,191,,,,,,,,,,,,,,,,,,,,,,,,,,,,,,,,,,,,,,,,,,,,,,,,,,,,,,,,,,,,,0.6591,44,0.0,0.0,0.0941,0.6452,31,1.0,1.0,-0.041,,,,,,,,,,,,,,,,,,,,,,,,,,,,,,,0.7391,23,-2.0,-2.0,0.0671,0.7143,35,1.0,1.0,-0.06,0.6,35,0.0,0.0,0.1105,,,,,,0.1517,0.0845
BCRX,IBB,26,26,239,,,,,,0.75,12,0.0,0.0,-0.7744,,,,,,,,,,,,,,,,,,,,,,,,,,,,,,,,,,,,,,,,,,,,,,,,,,,,,,,,0.6712,73,-2.0,0.0,-0.2955,0.625,16,-4.0,-4.0,0.592,0.6364,55,-2.0,-1.0,-0.3711,,,,,,,,,,,,,,,,,,,,,,,,,,0.6296,81,-3.0,-1.0,-0.2384,,,,,,,,,,,0.6699,1.0109
BCS,SPY,40,40,264,0.6,10,1.0,1.0,0.375,,,,,,0.6818,22,0.0,1.0,0.4787,,,,,,,,,,,,,,,,,,,,,,,,,,0.619,21,0.0,0.0,0.3554,,,,,,0.619,21,0.0,0.0,0.4308,,,,,,,,,,,0.6667,27,-3.0,-3.0,-0.1594,0.6875,32,0.0,0.0,0.1755,0.6471,34,-1.0,-1.0,-0.1114,,,,,,,,,,,,,,,,,,,,,,,,,,,,,,,,,,,,,,,,,0.6882,1.6817
BDTX,SPY,31,31,211,,,,,,0.6,10,0.0,0.0,-2.0417,,,,,,0.6,10,0.0,0.0,-1.4867,,,,,,,,,,,,,,,,,,,,,,,,,,0.75,12,-1.0,-1.0,-2.1422,0.6,15,0.0,0.0,2.4533,0.6667,12,-1.0,-1.0,-1.6575,,,,,,0.6643,143,-3.0,3.0,-0.3813,,,,,,0.6914,81,-2.0,1.0,-0.8343,,,,,,,,,,,,,,,,,,,,,,,,,,0.6961,102,0.0,1.0,-0.4099,,,,,,0.6462,65,-1.0,-1.0,-0.81,0.6251,1.1332
BE,QQQ,40,40,572,,,,,,,,,,,,,,,,,,,,,,,,,,,,,,,,,,,,,,,,,,,,,,0.6818,22,-1.0,0.0,-1.7627,,,,,,,,,,,0.6129,31,-1.0,-1.0,0.3484,0.6552,29,-2.0,-2.0,-0.5658,0.6364,33,2.0,2.0,0.7886,0.6364,55,-2.0,-1.0,-1.0686,,,,,,,,,,,,,,,,,,,,,0.6087,23,2.0,2.0,0.285,0.6667,18,-3.0,-3.0,-0.53,,,,,,,,,,,0.8261,2.6024
BEAM,XBI,34,34,243,,,,,,0.6,10,0.0,0.0,-1.6083,,,,,,,,,,,,,,,,,,,,,,,,,,,,,,,,,,,,,,,,,,,,,,,,,,,0.7059,17,-3.0,-3.0,0.3008,0.625,16,-1.0,-1.0,-0.337,,,,,,0.7143,14,-5.0,-5.0,-0.359,,,,,,,,,,,,,,,,,,,,,,,,,,0.6,30,-1.0,-1.0,-0.3839,0.6957,23,2.0,2.0,1.2169,0.7,10,-3.0,-3.0,-0.4357,0.9096,1.6395
BEAT,SPY,25,35,115,,,,,,,,,,,,,,,,,,,,,,,,,,,,,,,,,,,,,,,,,,,,,,,,,,,,,,,,,,,,,,,,,,,,,,,0.6,10,0.0,0.0,1.0433,0.6,10,-2.0,-2.0,-1.36,,,,,,,,,,,,,,,,,,,,,,,,,,0.6444,45,0.0,0.0,-0.9397,,,,,,,,,,,0.1864,0.5182
BEEM,SPY,28,35,125,,,,,,,,,,,,,,,,,,,,,,,,,,,,,,,,,,,,,,,,,0.6429,14,0.0,0.0,2.3378,,,,,,,,,,,,,,,,,,,,,0.7,10,-1.0,-1.0,-0.4514,,,,,,,,,,,,,,,,,,,,,,,,,,,,,,,,,,,,0.625,32,-1.0,-1.0,-0.9495,,,,,,0.6118,85,-1.0,0.0,-1.5527,0.3581,1.1034
BEG,QQQ,22,33,70,,,,,,,,,,,,,,,,,,,,,,,,,,,,,,,,,,,,,,,,,,,,,,,,,,,,,,,,,,,,,,,,,,,,,,,,,,,,,,,,,,,,,,,,,,,,,,,,,,,,,,,,,,,,,,,,,,,,0.6538,26,-2.0,-1.0,-2.6712,0.83,5.6074
BEKE,SPY,27,27,245,,,,,,,,,,,,,,,,,,,,,,,,,,,,,,,,,,,,,,,,,,,,,,,,,,,,,,,,,,,,,,,,,,0.6875,16,-4.0,-4.0,-0.1064,,,,,,,,,,,,,,,,,,,,,,,,,,,,,,,,,,,,0.7692,13,1.0,1.0,-0.107,,,,,,0.6429,14,-2.0,-2.0,-0.1722,0.0333,0.083
BERZ,IWM,17,25,23,,,,,,,,,,,,,,,,,,,,,,,,,,,,,,,,,,,,,,,,,,,,,,,,,,,,,,,,,,,,,,,,,,,,,,,,,,,,,,,,,,,,,,,,,,,,,,,,,,,,,,,,,,,,,,,,,,,,,,,,,-0.6863,-3.8769
BESS,IWM,14,20,61,,,,,,,,,,,,,,,,,,,,,,,,,,,,,,,,,,,,,,,,,,,,,,,,,,,,,,,,,,,,,,,,,,0.7222,18,15.0,15.0,-3.1669,,,,,,0.6429,14,15.0,15.0,-3.6467,,,,,,,,,,,,,,,,,,,,,0.6667,12,0.0,0.0,2.4775,,,,,,0.6667,12,-1.0,-1.0,2.2925,0.7143,14,0.0,0.0,-1.771,0.4875,1.7103
BETA,IWM,29,29,225,,,,,,,,,,,,,,,,,,,,,,,,,,,,,,,,,,,,,,,,,,,,,,0.7273,22,-1.0,0.0,-2.5444,,,,,,0.6522,23,-1.0,0.0,-3.2213,0.6154,13,3.0,3.0,0.3938,,,,,,0.6522,23,-2.0,-2.0,0.7653,0.6,10,5.0,5.0,-0.6567,,,,,,,,,,,,,,,,,,,,,0.7143,14,-2.0,-2.0,0.471,,,,,,0.7143,14,-2.0,-2.0,0.507,,,,,,0.7639,1.5491
BETR,SPY,10,13,101,,,,,,,,,,,,,,,,,,,,,,,,,,,,,,,,,,,,,,,,,,,,,,,,,,,,,,,,,,,,,,,,,,,,,,,,,,,,,,,,,,,,,,,,,,,,,,,,,,,,,0.6724,58,-1.0,0.0,0.7938,,,,,,,,,,,0.6786,28,-1.0,-1.0,-1.1637,0.6161,1.8041
BEX,QQQ,40,40,338,,,,,,,,,,,,,,,,,,,,,,,,,,,,,,,,,,,,,,,,,,,,,,0.6364,22,-1.0,0.0,-3.5464,,,,,,,,,,,0.6,20,7.0,8.0,1.0033,0.6923,13,-3.0,-3.0,-2.0222,0.6364,11,0.0,0.0,1.07,0.76,25,-4.0,-3.0,-2.3621,,,,,,,,,,,,,,,,,,,,,0.6429,14,2.0,2.0,0.7178,0.6341,41,0.0,0.0,-0.8015,,,,,,,,,,,0.7969,4.974
BEZ,IWM,36,37,208,,,,,,,,,,,,,,,,,,,,,,,,,,,,,,,,,,,,,,,,,0.7273,11,-1.0,-1.0,10.7837,0.6,15,0.0,0.0,-4.3022,0.6364,11,-1.0,-1.0,4.5786,0.6,15,0.0,0.0,-6.8978,,,,,,0.6522,23,15.0,15.0,-1.718,,,,,,,,,,,,,,,,,,,,,,,,,,,,,,,0.6226,53,0.0,0.0,1.3536,0.619,21,1.0,1.0,-0.8385,,,,,,,,,,,-0.5983,-6.2716
BF.B,XLP,15,15,233,,,,,,,,,,,,,,,,,,,,,,,,,,,,,,,,,,,,,,,,,,,,,,,,,,,,,,,,,,,,,,,,,,0.6047,43,0.0,0.0,-0.1465,,,,,,0.6429,14,3.0,3.0,-0.4722,,,,,,,,,,,,,,,,,,,,,,,,,,0.6829,41,1.0,1.0,-0.2418,,,,,,,,,,,0.501,0.7881
BFLY,SPY,36,36,281,,,,,,0.7273,11,1.0,1.0,-1.9912,,,,,,0.6364,11,1.0,1.0,-2.5429,,,,,,,,,,,,,,,,,,,,,,,,,,0.6774,31,-1.0,0.0,-1.7729,,,,,,,,,,,0.6154,13,-1.0,-1.0,0.6987,0.8,25,-2.0,-2.0,-0.6665,0.7692,13,-1.0,-1.0,0.86,0.8421,19,-4.0,-4.0,-1.4112,,,,,,,,,,,,,,,,,,,,,,,,,,,,,,,0.625,16,1.0,1.0,1.189,0.6842,19,-2.0,-2.0,-0.9585,0.6375,1.9843
BGDE,SPY,12,17,30,,,,,,,,,,,,,,,,,,,,,,,,,,,,,,,,,,,,,,,,,,,,,,,,,,,,,,,,,,,,,,,,,,,,,,,,,,,,,,,,,,,,,,,,,,,,,,,,,,,,,,,,,,0.6,10,-1.0,-1.0,-1.4867,,,,,,,,,,,0.5563,3.293
BGL,SPY,22,31,137,,,,,,,,,,,,,,,,,,,,,,,,,,,,,,,,,,,,,,,,,,,,,,0.7,10,0.0,0.0,-1.3729,,,,,,,,,,,,,,,,0.6,10,-3.0,-3.0,-0.9117,,,,,,0.8,10,-6.0,-6.0,-1.23,,,,,,,,,,,,,,,,,,,,,,,,,,0.6125,80,-1.0,0.0,-0.9447,,,,,,0.6905,42,-1.0,-1.0,-1.4803,0.5565,2.037
BGS,XLP,26,26,226,,,,,,,,,,,0.6471,17,0.0,0.0,0.8827,,,,,,,,,,,,,,,,,,,,,,,,,,,,,,,,,,,,,,,,,,,,,,,,,,,0.6848,92,0.0,3.0,-0.2287,,,,,,0.6667,57,1.0,3.0,-0.4221,,,,,,,,,,,,,,,,,,,,,,,,,,0.6617,201,-2.0,2.0,-0.2031,,,,,,0.6735,98,-2.0,-1.0,-0.268,0.3664,0.36
BHC,IWM,13,13,205,,,,,,,,,,,,,,,,,,,,,,,,,,,,,,,,,,,,,,,,,,,,,,,,,,,,,,,,,,,,,,,,,,0.7581,62,-2.0,-1.0,-0.2209,,,,,,0.6875,64,-2.0,-1.0,-0.3939,,,,,,,,,,,,,,,,,,,,,,,,,,0.6346,156,-1.0,1.0,-0.3048,,,,,,0.6714,70,-1.0,-1.0,-0.5438,0.3423,0.3146
BHP,XLB,40,40,294,0.6,10,0.0,0.0,0.8233,,,,,,0.7,10,0.0,0.0,0.9129,,,,,,,,,,,,,,,,,,,,,,,,,,,,,,,,,,,,,,,,,,,,,,0.625,48,1.0,1.0,0.1517,0.6286,35,2.0,3.0,-0.0873,,,,,,0.6667,12,3.0,3.0,-0.2475,,,,,,,,,,,,,,,,,,,,,0.7,10,-3.0,-3.0,0.1814,0.6522,23,-2.0,-2.0,-0.1273,0.8,10,-3.0,-3.0,0.22,0.6364,22,-2.0,-2.0,-0.17,0.6198,1.815
BHVN,XBI,26,26,233,,,,,,,,,,,,,,,,,,,,,,,,,,,,,,,,,,,,,,,,,,,,,,,,,,,,,,,,,,,,,0.6429,14,-3.0,-3.0,0.4722,0.6818,22,-5.0,-4.0,-0.5693,0.6562,32,-1.0,0.0,0.6319,,,,,,,,,,,,,,,,,,,,,,,,,,,,,,,0.6364,22,2.0,2.0,-0.5186,0.6364,22,2.0,2.0,0.6593,0.6364,22,-4.0,-3.0,-0.8936,0.7049,1.1473
BHYP,QQQ,32,36,150,,,,,,,,,,,,,,,,,,,,,,,,,,,,,,,,,,,,,,,,,,,,,,,,,,,,,,,,,,,,,0.7273,11,4.0,4.0,0.5825,,,,,,,,,,,,,,,,,,,,,,,,,,,,,,,,,,,,0.6452,31,0.0,0.0,0.5845,,,,,,0.6923,39,0.0,1.0,0.8533,,,,,,0.5577,2.1303
BIAF,IBB,17,34,76,,,,,,,,,,,,,,,,,,,,,,,,,,,,,,,,,,,,,,,,,,,,,,,,,,,,,,,,,,,,,,,,,,,,,,,,,,,,,,,,,,,,,,,,,,,,,,,,,,,,,,,,,,0.7273,11,-1.0,-1.0,-1.3312,,,,,,0.6923,13,1.0,1.0,-0.4611,0.2162,0.7096
BIDU,KWEB,39,39,322,,,,,,,,,,,,,,,,,,,,,,,,,,,,,,,,,,,,,,,,,,,,,,,,,,,,,,,,,,,,,0.6818,22,-4.0,-4.0,0.1827,0.68,25,-3.0,-3.0,-0.2141,,,,,,0.6,15,3.0,3.0,-0.4256,,,,,,,,,,,,,,,,,,,,,,,,,,0.8125,16,2.0,2.0,-0.2815,,,,,,0.6346,104,0.0,2.0,-0.3374,0.6487,0.8664
BIL,IWM,40,40,348,,,,,,0.6579,38,0.0,0.0,-0.0012,,,,,,0.7368,38,0.0,0.0,-0.0011,,,,,,,,,,,,,,,,,,,,,,,,,,0.7097,31,-1.0,0.0,-0.0018,,,,,,0.7419,31,-1.0,0.0,-0.0017,,,,,,0.8199,311,-1.0,0.0,-0.0024,,,,,,0.8497,306,-1.0,0.0,-0.002,,,,,,,,,,,,,,,,,,,,,,,,,,0.8103,290,-2.0,1.0,-0.0024,,,,,,0.8481,283,-2.0,1.0,-0.002,-0.0696,-0.0009
BILI,KWEB,37,37,278,,,,,,,,,,,,,,,,,,,,,,,,,,,,,,,,,,,,,,,,,,,,,,,,,,,,,,,,,,,,,0.6154,26,1.0,1.0,0.3225,0.675,40,3.0,5.0,-0.1444,,,,,,0.6533,75,-2.0,-1.0,-0.2529,,,,,,,,,,,,,,,,,,,,,,,,,,0.6182,55,-3.0,-2.0,-0.1962,,,,,,0.6923,78,0.0,1.0,-0.258,0.8201,1.1287
BILL,IGV,22,22,237,,,,,,,,,,,,,,,,,,,,,,,,,,,,,,,,,,,,,,,,,,,,,,,,,,,,,,,,,,,,,0.6923,13,-1.0,-1.0,0.3211,0.6129,31,1.0,1.0,-0.2516,0.6071,28,2.0,2.0,0.3788,0.6923,26,-2.0,-2.0,-0.3611,,,,,,,,,,,,,,,,,,,,,0.6875,16,2.0,2.0,0.2482,0.7143,21,1.0,1.0,-0.192,,,,,,,,,,,0.8072,1.0703
BINC,SPY,13,13,235,,,,,,,,,,,,,,,,,,,,,,,,,,,,,,,,,,,,,,,,,,,,,,,,,,,,,,,,,,,,,,,,,,0.7072,222,-1.0,0.0,-0.0096,,,,,,0.6245,229,-1.0,0.0,-0.0183,,,,,,,,,,,,,,,,,,,,,,,,,,0.7023,215,-2.0,1.0,-0.0097,,,,,,0.6216,222,-2.0,1.0,-0.0186,0.5156,0.0913
BIRD,IWM,25,31,138,,,,,,,,,,,,,,,,,,,,,,,,,,,,,,,,,,,,,,,,,,,,,,0.6667,12,0.0,0.0,-2.3988,,,,,,,,,,,,,,,,,,,,,,,,,,0.7,10,15.0,15.0,-8.1571,,,,,,,,,,,,,,,,,,,,,,,,,,0.7273,22,1.0,1.0,-1.72,,,,,,0.64,25,1.0,1.0,-3.3644,0.3682,0.9371
BITB,IWM,38,38,254,,,,,,,,,,,,,,,,,,,,,,,,,,,,,,,,,,,,,,,,,,,,,,0.7778,18,0.0,0.0,-0.3143,,,,,,,,,,,0.6,35,0.0,0.0,0.2495,0.6389,36,-1.0,-1.0,-0.2109,0.6316,38,0.0,0.0,0.3667,0.6508,63,-2.0,-1.0,-0.2727,,,,,,,,,,,,,,,,,,,,,0.6,15,-2.0,-2.0,0.1167,,,,,,,,,,,0.625,16,-2.0,-2.0,-0.338,0.5658,1.5982
BITI,SPY,40,40,303,0.7,10,0.0,0.0,0.3829,,,,,,0.7,10,0.0,0.0,0.52,,,,,,,,,,,,,,,,,,,,,,,,,,0.7143,21,0.0,0.0,0.362,,,,,,,,,,,,,,,,,,,,,0.6,20,3.0,3.0,-0.41,0.6512,43,-3.0,-2.0,0.2536,0.6471,34,-1.0,-1.0,-0.3873,,,,,,,,,,,,,,,,,,,,,,,,,,,,,,,0.6429,14,-2.0,-2.0,0.5656,,,,,,-0.5309,-1.8784
BITO,IWM,40,40,472,,,,,,,,,,,,,,,,,,,,,,,,,,,,,,,,,,,,,,,,,,,,,,0.6667,18,0.0,0.0,-0.4058,,,,,,,,,,,,,,,,0.6757,74,-1.0,-1.0,-0.2352,0.6667,12,4.0,4.0,0.2637,0.6774,124,-2.0,-1.0,-0.3542,,,,,,,,,,,,,,,,,,,,,,,,,,0.6299,127,0.0,0.0,-0.2093,,,,,,0.6,60,1.0,1.0,-0.3175,0.5825,1.6338
BITU,IWM,40,40,467,,,,,,,,,,,,,,,,,,,,,,,,,,,,,,,,,,,,,,,,,,,,,,0.6842,19,0.0,0.0,-0.7969,,,,,,,,,,,,,,,,0.7089,79,-2.0,-1.0,-0.4039,,,,,,0.6491,57,3.0,5.0,-0.4659,,,,,,,,,,,,,,,,,,,,,,,,,,0.614,57,1.0,1.0,-0.3809,,,,,,,,,,,0.5673,3.1619
BITX,IWM,40,40,643,,,,,,,,,,,,,,,,,,,,,,,,,,,,,,,,,,,,,,,,,,,,,,0.6667,18,0.0,0.0,-0.8425,,,,,,,,,,,,,,,,0.6667,114,-6.0,-4.0,-0.333,,,,,,0.7391,46,4.0,5.0,-0.4053,,,,,,,,,,,,,,,,,,,,,,,,,,,,,,,,,,,,0.6196,184,0.0,0.0,-0.5875,0.5791,3.3031
BIYA,SPY,29,38,266,,,,,,,,,,,,,,,,,,,,,,,,,,,,,,,,,,,,,,,,,,,,,,0.7143,14,0.0,0.0,-3.354,,,,,,0.6111,18,0.0,0.0,-9.5109,,,,,,0.9,10,2.0,2.0,-2.7233,,,,,,,,,,,,,,,,,,,,,,,,,,,,,,,,,,,,0.6154,13,-2.0,-2.0,-2.6813,,,,,,0.6667,12,-2.0,-2.0,-3.8388,0.3238,4.9335
BIZD,SPY,13,13,223,,,,,,,,,,,,,,,,,,,,,,,,,,,,,,,,,,,,,,,,,,,,,,,,,,,,,,,,,,,,,,,,,,0.634,194,-2.0,1.0,-0.1218,,,,,,0.68,75,-3.0,-1.0,-0.1894,,,,,,,,,,,,,,,,,,,,,,,,,,0.6383,188,-1.0,1.0,-0.1218,,,,,,0.6322,87,-2.0,-1.0,-0.1844,0.3603,0.1455
BJDX,IWM,23,29,238,,,,,,,,,,,,,,,,,,,,,,,,,,,,,,,,,,,,,,,,,,,,,,,,,,,,,,,,0.6,10,0.0,0.0,-2.9933,,,,,,0.6415,53,15.0,15.0,-3.5782,,,,,,0.6792,53,15.0,15.0,-6.4439,,,,,,,,,,,,,,,,,,,,,,,,,,0.6479,71,0.0,0.0,-2.148,,,,,,0.6338,71,0.0,0.0,-3.8329,0.1896,1.3459
BKD,XLV,22,22,235,,,,,,,,,,,,,,,,,,,,,,,,,,,,,,,,,,,,,,,,,,,,,,,,,,,,,,,,,,,,,,,,,,0.64,50,-4.0,-2.0,-0.1953,,,,,,0.7222,36,-3.0,-2.0,-0.4573,,,,,,,,,,,,,,,,,,,,,,,,,,0.6818,22,2.0,2.0,-0.1927,,,,,,0.6053,76,-1.0,-1.0,-0.4159,0.4027,0.5183
BKKT,IBIT,36,36,225,,,,,,,,,,,,,,,,,,,,,,,,,,,,,,,,,,,,,,,,,0.6,10,-1.0,-1.0,1.7133,,,,,,,,,,,,,,,,0.7273,11,0.0,0.0,0.7038,0.7027,37,-4.0,-3.0,-0.6154,0.6429,14,0.0,0.0,1.21,0.6327,49,-3.0,-1.0,-1.0097,,,,,,,,,,,,,,,,,,,,,0.6,15,1.0,1.0,0.7544,0.6774,31,-1.0,-1.0,-0.8986,,,,,,0.6176,34,-1.0,-1.0,-1.3986,0.7875,0.8924
BKNG,SPY,39,39,308,,,,,,0.625,16,-1.0,-1.0,-1.2,,,,,,,,,,,,,,,,,,,,,,,,,,,,,,,,,,,,,,,,,,,,,,,,,,,,,,,,0.7143,14,2.0,2.0,-0.203,,,,,,0.6,10,-3.0,-3.0,-0.2783,,,,,,,,,,,,,,,,,,,,,,,,,,0.6957,23,1.0,1.0,-0.2869,,,,,,0.6154,117,-2.0,-1.0,-0.3251,0.3608,0.6053
BKR,OIH,33,33,245,,,,,,,,,,,,,,,,,,,,,,,,,,,,,,,,,,,,,,,,,,,,,,,,,,,,,,,,,,,,,,,,,,,,,,,0.6333,30,1.0,1.0,0.2395,,,,,,,,,,,,,,,,,,,,,,,,,,0.7143,21,-2.0,-2.0,0.1747,0.8,15,-3.0,-3.0,-0.1658,0.619,21,-2.0,-2.0,0.2523,0.7333,15,-3.0,-3.0,-0.2673,0.7962,0.9099
BKSY,IWM,39,39,260,,,,,,,,,,,,,,,,,,,,,,,,,,,,,,,,,,,,,,,,,,,,,,0.7333,15,0.0,0.0,-2.6345,,,,,,0.625,16,0.0,0.0,-3.483,0.7692,13,3.0,3.0,0.783,0.7,20,-3.0,-3.0,-0.6357,0.7059,17,-2.0,-2.0,0.7733,0.75,12,7.0,7.0,-0.6778,,,,,,,,,,,,,,,,,,,,,,,,,,0.6133,75,0.0,0.0,-0.5959,,,,,,,,,,,0.7322,2.1995
BKV,XLE,17,20,174,,,,,,,,,,,,,,,,,,,,,,,,,,,,,,,,,,,,,,,,,,,,,,,,,,,,,,,,,,,,,0.65,20,1.0,1.0,0.2938,0.8462,13,2.0,2.0,-0.2264,0.6842,19,1.0,1.0,0.5223,,,,,,,,,,,,,,,,,,,,,,,,,,0.6316,19,-2.0,-2.0,0.3025,0.6818,22,1.0,1.0,-0.2127,0.7027,37,0.0,0.0,0.3727,0.6364,11,2.0,2.0,-0.3286,0.687,0.7681
BLDP,ICLN,40,40,276,,,,,,,,,,,,,,,,,,,,,,,,,,,,,,,,,,,,,,,,,,,,,,,,,,,,,,,,,,,,,0.6471,17,-3.0,-3.0,0.8218,0.6579,38,1.0,2.0,-0.4928,0.6471,17,-3.0,-3.0,1.1936,0.7037,27,1.0,1.0,-0.67,,,,,,,,,,,,,,,,,,,,,,,,,,0.6197,71,1.0,2.0,-0.4305,,,,,,0.6897,29,-3.0,-3.0,-0.765,0.671,1.0381
BLDR,XRT,19,19,231,,,,,,,,,,,,,,,,,,,,,,,,,,,,,,,,,,,,,,,,,,,,,,,,,,,,,,,,,,,,,,,,,,0.6176,68,-2.0,-1.0,-0.2981,0.7,10,-5.0,-5.0,0.1971,0.6333,60,1.0,3.0,-0.4813,,,,,,,,,,,,,,,,,,,,,,,,,,0.6308,65,0.0,0.0,-0.2954,0.6842,19,2.0,2.0,0.4823,0.6,35,1.0,1.0,-0.4005,0.5514,1.3054
BLK,XLF,17,17,229,,,,,,,,,,,,,,,,,,,,,,,,,,,,,,,,,,,,,,,,,,,,,,,,,,,,,,,,,,,,,,,,,,0.6538,52,1.0,2.0,-0.1621,,,,,,0.7391,23,-3.0,-3.0,-0.2341,,,,,,,,,,,,,,,,,,,,,,,,,,0.7059,17,1.0,1.0,-0.1692,,,,,,0.6765,68,-2.0,-1.0,-0.2687,0.7002,1.1099
BLKB,IGV,11,11,178,,,,,,,,,,,,,,,,,,,,,,,,,,,,,,,,,,,,,,,,,,,,,,,,,,,,,,,,,,,,,,,,,,0.6316,19,2.0,2.0,-0.4792,0.6923,13,3.0,3.0,0.5178,0.6111,18,2.0,2.0,-0.7155,,,,,,,,,,,,,,,,,,,,,0.6552,29,-3.0,-2.0,0.2911,0.625,24,0.0,0.0,-0.1873,0.6667,12,-3.0,-3.0,0.4363,0.6923,26,-2.0,-2.0,-0.3722,0.7562,0.9211
BLLN,IWM,13,14,173,,,,,,,,,,,,,,,,,,,,,,,,,,,,,,,,,,,,,,,,,,,,,,,,,,,,,,,,,,,,,0.7143,14,4.0,4.0,0.253,0.7083,24,2.0,3.0,-0.3271,0.7692,13,4.0,4.0,0.583,0.6875,16,3.0,3.0,-0.6727,,,,,,,,,,,,,,,,,,,,,0.6364,11,-2.0,-2.0,0.53,,,,,,0.6304,46,0.0,0.0,0.951,,,,,,0.5352,0.7293
BLMN,IWM,13,13,230,,,,,,,,,,,,,,,,,,,,,,,,,,,,,,,,,,,,,,,,,,,,,,,,,,,,,,,,,,,,,,,,,,0.7297,37,4.0,5.0,-0.2974,0.6,15,5.0,5.0,0.3522,0.641,78,1.0,4.0,-0.6392,,,,,,,,,,,,,,,,,,,,,,,,,,,,,,,,,,,,0.6061,66,0.0,0.0,-0.529,0.4833,0.6501
BLND,IWM,23,24,229,,,,,,,,,,,,,,,,,,,,,,,,,,,,,,,,,,,,,,,,,,,,,,,,,,,,,,,,,,,,,0.6154,13,-2.0,-2.0,0.4375,0.7176,85,-1.0,2.0,-0.3821,0.6842,19,3.0,3.0,0.8685,0.6441,59,-2.0,0.0,-0.7571,,,,,,,,,,,,,,,,,,,,,,,,,,0.6337,202,-2.0,1.0,-0.4082,,,,,,0.6571,35,1.0,1.0,-0.99,0.2916,0.6331
BLNE,IWM,12,23,59,,,,,,,,,,,,,,,,,,,,,,,,,,,,,,,,,,,,,,,,,,,,,,,,,,,,,,,,,,,,,,,,,,,,,,,,,,,,,,,,,,,,,,,,,,,,,,,,,,,,,,,,,,0.64,25,-1.0,0.0,-0.5338,,,,,,0.75,12,0.0,0.0,-1.1322,0.5076,1.1587
BLNK,IWM,35,37,183,,,,,,,,,,,,,,,,0.6,10,1.0,1.0,-2.395,,,,,,,,,,,,,,,,,,,,,,,,,,0.75,12,-1.0,-1.0,-2.9078,,,,,,0.72,25,-1.0,0.0,-2.7383,0.6429,14,-2.0,-2.0,0.4589,0.7222,18,1.0,1.0,-0.3538,0.7727,22,-2.0,-2.0,0.6329,0.7647,17,1.0,1.0,-0.9854,,,,,,,,,,,,,,,,,,,,,0.7,10,-2.0,-2.0,0.6029,,,,,,0.7273,11,-2.0,-2.0,0.4713,0.6129,31,1.0,1.0,-0.7163,0.4704,0.5368
BLOX,QQQ,33,37,134,,,,,,,,,,,,,,,,,,,,,,,,,,,,,,,,,,,,,,,,,,,,,,,,,,,,,,,,,,,,,,,,,,,,,,,,,,,,0.65,20,-2.0,-2.0,-0.5723,,,,,,,,,,,,,,,,,,,,,0.6552,29,-1.0,-1.0,0.5063,0.7647,17,-2.0,-2.0,-0.4362,,,,,,0.6316,19,0.0,0.0,-0.7142,0.848,1.5568
BLSH,SPY,39,39,242,,,,,,0.7333,15,-1.0,-1.0,-1.74,,,,,,0.6667,15,-1.0,-1.0,-2.015,,,,,,,,,,,,,,,,,,,,,,,,,,0.6857,35,-1.0,0.0,-1.6529,,,,,,0.6429,14,-1.0,-1.0,-2.4356,0.7037,27,1.0,2.0,0.4205,0.7419,31,-5.0,-4.0,-0.3374,0.6061,33,-1.0,-1.0,0.6415,0.7,30,-5.0,-4.0,-0.9462,,,,,,,,,,,,,,,,,,,,,0.6667,15,-2.0,-2.0,0.526,,,,,,,,,,,,,,,,0.5483,1.7966
BLZE,QQQ,35,35,253,0.8,10,-1.0,-1.0,2.5413,,,,,,0.8,10,-1.0,-1.0,4.105,,,,,,,,,,,,,,,,,,,,,,,,,,0.6,20,-1.0,0.0,1.8142,,,,,,0.6,10,0.0,0.0,2.32,0.6,10,-1.0,-1.0,-1.6483,0.6923,13,15.0,15.0,1.8022,0.6154,26,3.0,3.0,-0.6856,0.7143,14,5.0,5.0,0.794,0.7692,13,-1.0,-1.0,-0.792,,,,,,,,,,,,,,,,,,,,,,,,,,0.6341,41,1.0,1.0,-0.5481,,,,,,0.6061,33,-2.0,-2.0,-0.828,0.5124,0.61
BMBL,SPY,21,21,223,,,,,,,,,,,,,,,,,,,,,,,,,,,,,,,,,,,,,,,,,,,,,,,,,,,,,,,,0.7273,11,0.0,0.0,-1.8625,,,,,,0.7391,23,0.0,0.0,-0.3712,0.6667,15,-4.0,-4.0,0.948,0.6923,26,-3.0,-3.0,-0.3656,,,,,,,,,,,,,,,,,,,,,,,,,,0.7333,15,-2.0,-2.0,-0.2345,,,,,,0.6216,74,-1.0,-1.0,-0.6091,0.3353,0.5063
BMEA,XBI,17,18,147,,,,,,,,,,,,,,,,,,,,,,,,,,,,,,,,,,,,,,,,,,,,,,,,,,,,,,,,,,,,,,,,,,0.8182,11,1.0,1.0,-0.3011,,,,,,0.8182,11,-5.0,-5.0,-0.7267,,,,,,,,,,,,,,,,,,,,,,,,,,0.7143,35,1.0,2.0,-0.3348,,,,,,0.76,25,1.0,1.0,-0.6242,0.5055,0.7151
BMNG,IWM,38,38,241,,,,,,,,,,,,,,,,,,,,,,,,,,,,,,,,,,,,,,,,,,,,,,,,,,,,,,,,,,,,,0.6,10,4.0,4.0,1.0233,0.6087,46,-5.0,-2.0,-0.825,0.6154,13,-2.0,-2.0,2.0537,0.7273,11,4.0,4.0,-1.7063,,,,,,,,,,,,,,,,,,,,,,,,,,,,,,,,,,,,,,,,,0.6609,4.3157
BMNR,IBIT,40,40,666,,,,,,,,,,,,,,,,,,,,,,,,,,,,,,,,,,,,,,,,,,,,,,,,,,,,,,,,0.8,10,-1.0,-1.0,-1.5737,0.6154,13,-7.0,-7.0,0.7963,0.6203,79,-1.0,-1.0,-0.32,0.6667,33,-7.0,-6.0,0.79,0.6296,81,-1.0,-1.0,-0.5792,,,,,,,,,,,,,,,,,,,,,,,,,,0.6494,77,-3.0,-3.0,-0.2256,0.65,20,3.0,3.0,0.5708,0.6053,38,2.0,2.0,-0.353,0.8336,0.9489
BMNU,IWM,40,40,600,,,,,,,,,,,,,,,,,,,,,,,,,,,,,,,,,,,,,,,,,,,,,,,,,,,,,,,,,,,,,0.64,25,4.0,4.0,0.8731,0.6613,124,-3.0,0.0,-0.6087,0.6,20,-6.0,-6.0,1.6158,0.6406,64,-3.0,-2.0,-0.9556,,,,,,,,,,,,,,,,,,,,,,,,,,0.6404,203,-2.0,-1.0,-0.6434,,,,,,,,,,,0.6862,4.4944
BMNZ,QQQ,38,39,229,,,,,,,,,,,,,,,,,,,,,,,,,,,,,,,,,,,,,,,,,0.7273,11,0.0,0.0,2.4838,0.6,10,-1.0,-1.0,-3.59,0.8,10,0.0,0.0,2.7763,0.6364,11,-1.0,-1.0,-3.2786,,,,,,0.7059,17,-15.0,-15.0,-0.9583,0.6,10,-4.0,-4.0,1.8,0.625,16,-15.0,-15.0,-1.6,,,,,,,,,,,,,,,,,,,,,,,,,,0.75,32,1.0,1.0,-1.2704,,,,,,,,,,,-0.6024,-2.552
BMRN,IBB,17,17,226,,,,,,,,,,,,,,,,,,,,,,,,,,,,,,,,,,,,,,,,,,,,,,,,,,,,,,,,,,,,,0.6,15,2.0,2.0,0.2844,,,,,,,,,,,,,,,,,,,,,,,,,,,,,,,,,,,,,,,,,,,,,,,,,,,0.7,20,-2.0,-2.0,-0.3536,0.6242,0.8337
BMY,IBB,36,36,254,0.6,20,-1.0,-1.0,0.6583,,,,,,,,,,,,,,,,,,,,,,,,,,,,,,,,,,,,,,,,,,,,,,,,,,,,,,,,,,,,,0.6471,51,-1.0,-1.0,-0.1145,,,,,,,,,,,,,,,,,,,,,,,,,,,,,,,,,,,,,,,,,0.619,21,-2.0,-2.0,0.1323,,,,,,0.0202,0.0177
BN,SPY,22,22,237,,,,,,,,,,,,,,,,,,,,,,,,,,,,,,,,,,,,,,,,,,,,,,,,,,,,,,,,,,,,,,,,,,0.78,50,1.0,2.0,-0.1877,,,,,,0.68,50,1.0,2.0,-0.2729,,,,,,,,,,,,,,,,,,,,,,,,,,0.6047,129,0.0,1.0,-0.1879,,,,,,0.6,115,0.0,0.0,-0.2635,0.7397,0.8556
BNAI,IWM,31,37,133,,,,,,,,,,,,,,,,,,,,,,,,,,,,,,,,,,,,,,,,,0.64,25,-1.0,0.0,2.5137,,,,,,0.6,10,-1.0,-1.0,3.635,,,,,,,,,,,0.7,10,-6.0,-6.0,-0.7829,,,,,,,,,,,,,,,,,,,,,,,,,,,,,,,,,,,,0.6316,19,-1.0,-1.0,-1.1083,,,,,,,,,,,-0.0171,-0.0525
BNC,IWM,13,15,101,,,,,,,,,,,,,,,,,,,,,,,,,,,,,,,,,,,,,,,,,,,,,,,,,,,,,,,,,,,,,,,,,,,,,,,,,,,,,,,,,,,,,,,,,,,,,,,,,,,,,,,,,,,,,,,,,,,,0.65,20,-1.0,-1.0,-1.4115,0.6832,1.9592
BND,IWM,33,33,256,,,,,,0.6875,16,-1.0,-1.0,-0.0836,,,,,,0.75,16,-1.0,-1.0,-0.1033,,,,,,,,,,,,,,,,,,,,,,,,,,0.7857,14,-1.0,-1.0,-0.1018,,,,,,0.8571,14,-1.0,-1.0,-0.105,,,,,,0.661,118,-1.0,-1.0,-0.0127,,,,,,,,,,,,,,,,,,,,,,,,,,,,,,,0.625,16,-2.0,-2.0,0.023,0.655,171,-1.0,0.0,-0.0129,0.625,16,-2.0,-2.0,0.036,0.6,95,-1.0,-1.0,-0.0279,0.5074,0.1046
BNKK,SPY,16,35,97,,,,,,,,,,,,,,,,,,,,,,,,,,,,,,,,,,,,,,,,,,,,,,,,,,,,,,,,,,,,,,,,,,,,,,,,,,,,,,,,,,,,,,,,,,,,,,,,,,,,,,,,,,0.7167,60,-1.0,0.0,-1.2228,,,,,,0.6389,36,0.0,0.0,-2.01,0.5044,1.1081
BNO,QQQ,40,40,334,,,,,,,,,,,,,,,,,,,,,,,,,,,,,,,,,,,,,,,,,,,,,,0.6364,11,0.0,0.0,-0.35,,,,,,0.6364,11,0.0,0.0,-0.6171,0.6875,16,4.0,4.0,0.2382,,,,,,0.6111,36,0.0,0.0,0.3318,0.7059,17,4.0,4.0,-0.5167,,,,,,,,,,,,,,,,,,,,,0.717,53,-3.0,-2.0,0.2263,,,,,,0.625,48,-2.0,-2.0,0.413,0.7,10,-3.0,-3.0,-0.4443,-0.034,-0.0612
BNRG,IWM,25,35,156,,,,,,,,,,,,,,,,,,,,,,,,,,,,,,,,,,,,,,,,,,,,,,0.7727,22,-1.0,0.0,-2.55,,,,,,,,,,,,,,,,0.7368,19,15.0,15.0,-3.705,,,,,,0.75,20,15.0,15.0,-4.7907,,,,,,,,,,,,,,,,,,,,,,,,,,0.6333,60,-2.0,-1.0,-2.4821,,,,,,0.6,10,1.0,1.0,-1.885,0.1673,1.2482
BNTX,SPY,30,31,165,,,,,,,,,,,,,,,,,,,,,,,,,,,,,,,,,,,,,,,,,,,,,,,,,,,,,,,,,,,,,0.6154,13,2.0,2.0,0.1988,0.7059,17,1.0,1.0,-0.1775,0.75,12,2.0,2.0,0.28,0.6226,53,0.0,1.0,-0.3027,,,,,,,,,,,,,,,,,,,,,,,,,,0.6481,54,-2.0,-1.0,-0.2023,,,,,,,,,,,0.3464,0.3485
BNY,XLF,13,13,238,,,,,,,,,,,,,,,,,,,,,,,,,,,,,,,,,,,,,,,,,,,,,,,,,,,,,,,,,,,,,0.6,10,-3.0,-3.0,0.115,,,,,,,,,,,,,,,,,,,,,,,,,,,,,,,,,,,,0.6286,70,-1.0,-1.0,0.1541,0.6111,18,1.0,1.0,-0.1509,0.6232,69,-1.0,-1.0,0.2491,0.6154,13,-2.0,-2.0,-0.3387,0.7058,0.803
BNZI,SPY,19,31,75,,,,,,,,,,,,,,,,,,,,,,,,,,,,,,,,,,,,,,,,,0.6,10,0.0,0.0,2.305,,,,,,,,,,,,,,,,,,,,,,,,,,,,,,,,,,,,,,,,,,,,,,,,,,,,,,,,,,,,,0.6667,15,-1.0,-1.0,-0.997,,,,,,,,,,,0.335,1.2909
BOIL,IWM,40,40,482,,,,,,,,,,,,,,,,,,,,,,,,,,,,,,,,,,,,,,,,,,,,,,0.6111,18,0.0,0.0,-0.7509,,,,,,,,,,,0.6087,46,1.0,1.0,0.3861,0.7143,49,-7.0,-5.0,-0.3057,0.6923,26,-8.0,-7.0,0.4833,0.6512,43,0.0,0.0,-0.7682,,,,,,,,,,,,,,,,,,,,,,,,,,0.6135,207,0.0,1.0,-0.3772,,,,,,0.619,63,1.0,1.0,-0.6428,-0.09,-0.3541
BORR,OIH,28,28,240,,,,,,0.6364,11,0.0,0.0,-1.7229,,,,,,0.6364,11,0.0,0.0,-2.5414,,,,,,,,,,,,,,,,,,,,,,,,,,,,,,,,,,,,,,,,,0.619,21,-4.0,-4.0,0.3285,0.642,81,0.0,2.0,-0.2506,0.619,21,-4.0,-4.0,0.5877,0.6667,78,0.0,2.0,-0.3698,,,,,,,,,,,,,,,,,,,,,,,,,,0.7143,35,-4.0,-3.0,-0.3716,,,,,,0.7778,36,-3.0,-2.0,-0.5357,0.6008,0.7021
BOT,QQQ,36,39,192,,,,,,,,,,,,,,,,,,,,,,,,,,,,,,,,,,,,,,,,,,,,,,0.6364,11,0.0,0.0,-3.9043,,,,,,,,,,,0.8,10,-1.0,-1.0,0.98,0.6154,13,-4.0,-4.0,-0.965,,,,,,,,,,,,,,,,,,,,,,,,,,,,,,,0.6458,48,-1.0,-1.0,1.2381,,,,,,,,,,,,,,,,0.6485,1.7137
BOTZ,QQQ,35,35,254,,,,,,0.7,10,0.0,0.0,-0.5357,,,,,,0.7,10,0.0,0.0,-0.5671,,,,,,,,,,,,,,,,,,,,,0.6,10,-1.0,-1.0,0.2267,0.8,10,0.0,0.0,-0.4825,,,,,,0.8,10,0.0,0.0,-0.4225,0.6087,23,2.0,2.0,0.0821,0.6471,34,-4.0,-3.0,-0.1314,0.6596,47,-1.0,-1.0,0.221,0.7222,36,-4.0,-3.0,-0.19,,,,,,,,,,,,,,,,,,,,,0.6053,38,1.0,1.0,0.0978,0.6667,45,-3.0,-2.0,-0.1373,0.6154,13,2.0,2.0,0.1262,0.6364,44,-3.0,-2.0,-0.2275,0.7794,0.9004
BOX,IGV,16,16,235,,,,,,,,,,,,,,,,,,,,,,,,,,,,,,,,,,,,,,,,,,,,,,,,,,,,,,,,,,,,,0.6061,33,2.0,2.0,0.226,,,,,,0.625,16,-3.0,-3.0,0.261,0.625,16,-2.0,-2.0,-0.399,,,,,,,,,,,,,,,,,,,,,0.9167,12,-4.0,-4.0,0.2509,,,,,,0.75,12,-4.0,-4.0,0.25,,,,,,0.7578,0.9324
BOXX,IWM,40,40,321,,,,,,0.7353,34,0.0,0.0,-0.0048,,,,,,,,,,,,,,,,,,,,,,,,,,,,,,,,,,,,0.7857,14,-1.0,-1.0,-0.0036,0.6667,18,0.0,0.0,0.0158,,,,,,,,,,,0.7769,242,0.0,0.0,-0.0026,,,,,,0.8363,226,0.0,0.0,-0.0028,,,,,,,,,,,,,,,,,,,,,,,,,,0.7368,247,-2.0,1.0,-0.0025,,,,,,0.7922,231,-2.0,1.0,-0.0028,-0.1933,-0.0035
BP,XLE,40,40,351,,,,,,,,,,,0.6364,11,-1.0,-1.0,0.4057,,,,,,,,,,,,,,,,,,,,,,,,,,,,,,,,,,,,,,,,,,,,,,0.7,10,-4.0,-4.0,0.1271,0.6176,102,1.0,2.0,-0.1079,0.6774,31,2.0,2.0,0.2267,0.75,20,-3.0,-3.0,-0.1807,,,,,,,,,,,,,,,,,,,,,0.7,10,-3.0,-3.0,0.0971,0.6197,71,1.0,2.0,-0.1023,0.7143,21,2.0,2.0,0.2013,,,,,,0.8344,1.4114
BQ,QQQ,12,23,71,,,,,,,,,,,,,,,,,,,,,,,,,,,,,,,,,,,,,,,,,,,,,,,,,,,,,,,,,,,,,,,,,,0.6,10,15.0,15.0,-8.8083,,,,,,0.7273,11,15.0,15.0,-9.14,,,,,,,,,,,,,,,,,,,,,,,,,,0.619,42,-2.0,0.0,-2.9631,,,,,,0.7857,14,-1.0,-1.0,-6.4491,0.1681,0.3942
BRAI,SPY,11,22,48,,,,,,,,,,,,,,,,,,,,,,,,,,,,,,,,,,,,,,,,,,,,,,,,,,,,,,,,,,,,,,,,,,0.6667,18,15.0,15.0,-8.1467,,,,,,,,,,,,,,,,,,,,,,,,,,,,,,,0.625,16,0.0,0.0,3.044,0.6316,19,-1.0,-1.0,-7.7125,0.7222,18,0.0,0.0,4.1785,0.6667,18,-1.0,-1.0,-8.705,0.4457,3.4481
BRBR,XLP,18,18,240,,,,,,0.7,10,-1.0,-1.0,-1.24,,,,,,0.6,10,-1.0,-1.0,-1.7067,,,,,,,,,,,,,,,,,,,,,,,,,,,,,,,,,,,,,,,,,,,,,,0.662,71,2.0,4.0,-0.42,0.64,25,-1.0,-1.0,0.785,0.625,24,0.0,0.0,-0.8753,,,,,,,,,,,,,,,,,,,,,,,,,,0.6,40,1.0,1.0,-0.54,,,,,,0.7,10,2.0,2.0,-0.5957,0.2279,0.373
BRCC,IWM,12,17,150,,,,,,,,,,,,,,,,,,,,,,,,,,,,,,,,,,,,,,,,,,,,,,,,,,,,,,,,,,,,,0.6154,13,-2.0,-2.0,0.8263,0.7419,31,1.0,2.0,-0.3943,,,,,,0.7059,34,1.0,2.0,-0.885,,,,,,,,,,,,,,,,,,,,,,,,,,0.6522,92,-1.0,1.0,-0.427,,,,,,0.7179,39,0.0,0.0,-0.6654,0.2691,0.2941
BRK.B,XLF,40,40,344,,,,,,0.6471,17,0.0,0.0,-0.2391,,,,,,,,,,,,,,,,,,,,,,,,,,,,,,,,,,,,,,,,,,,,,,,,,,,,,,,,0.62,150,-1.0,-1.0,-0.0841,,,,,,,,,,,,,,,,,,,,,,,,,,,,,,,,,,,,0.609,156,0.0,1.0,-0.0949,,,,,,,,,,,0.296,0.19
BRKR,IWM,12,12,226,,,,,,,,,,,,,,,,,,,,,,,,,,,,,,,,,,,,,,,,,,,,,,,,,,,,,,,,,,,,,0.65,40,1.0,3.0,0.3769,0.6111,18,0.0,0.0,-0.3891,0.7,30,1.0,2.0,0.5633,,,,,,,,,,,,,,,,,,,,,,,,,,0.8,15,-2.0,-2.0,0.26,,,,,,0.6875,16,-2.0,-2.0,0.74,,,,,,0.6163,0.9941
BRKU,IWM,10,22,30,,,,,,,,,,,,,,,,,,,,,,,,,,,,,,,,,,,,,,,,,,,,,,,,,,,,,,,,,,,,,,,,,,,,,,,,,,,,,,,,,,,,,,,,,,,,,,,,,,,,,,,,,,,,,,,,,,,,,,,,,-0.2451,-0.2106
BROS,XLY,33,33,243,,,,,,0.6154,13,0.0,0.0,-0.8588,,,,,,,,,,,,,,,,,,,,,,,,,,,,,,,,,,,,,,,,,,,,,,,,,,,,,,,,0.629,62,-4.0,-2.0,-0.2679,0.6111,18,-3.0,-3.0,0.5364,0.7419,31,-2.0,-2.0,-0.4126,,,,,,,,,,,,,,,,,,,,,0.6,10,-3.0,-3.0,0.2117,0.6452,31,1.0,1.0,-0.2415,,,,,,0.6533,75,-1.0,-1.0,-0.4063,0.5287,0.5845
BRR,SPY,17,18,153,,,,,,,,,,,,,,,,,,,,,,,,,,,,,,,,,,,,,,,,,,,,,,,,,,,,,,,,,,,,,,,,,,0.7429,35,-1.0,1.0,-0.7488,0.6923,13,15.0,15.0,2.2978,0.75,12,-1.0,-1.0,-0.5533,,,,,,,,,,,,,,,,,,,,,,,,,,0.6449,107,-1.0,0.0,-0.8741,,,,,,0.614,57,-1.0,-1.0,-1.4691,0.4718,1.2414
BRRR,IWM,11,17,89,,,,,,,,,,,,,,,,,,,,,,,,,,,,,,,,,,,,,,,,,,,,,,,,,,,,,,,,,,,,,,,,,,,,,,,0.6667,15,0.0,0.0,0.392,0.9,10,-1.0,-1.0,-0.3278,,,,,,,,,,,,,,,,,,,,,,,,,,0.6429,14,1.0,1.0,-0.25,0.6364,11,1.0,1.0,0.5329,0.6444,45,-1.0,0.0,-0.2845,0.5555,1.5647
BRTX,QQQ,20,30,104,,,,,,,,,,,,,,,,,,,,,,,,,,,,,,,,,,,,,,,,,,,,,,,,,,,,,,,,,,,,,,,,,,0.6111,18,15.0,15.0,-7.5545,,,,,,0.6471,17,15.0,15.0,-9.0982,,,,,,,,,,,,,,,,,,,,,,,,,,0.6471,68,-1.0,0.0,-2.6716,,,,,,,,,,,0.2666,0.6191
BRUN,QQQ,34,34,247,,,,,,,,,,,,,,,,,,,,,,,,,,,,,,,,,,,,,,,,,,,,,,,,,,,,,,,,0.6,10,0.0,0.0,-2.1733,0.6452,31,-2.0,-1.0,1.031,0.7,10,-6.0,-6.0,-0.6914,0.6923,26,-4.0,-3.0,1.7583,0.6552,29,2.0,3.0,-1.2668,,,,,,,,,,,,,,,,,,,,,0.6364,11,2.0,2.0,0.9929,0.8,10,-3.0,-3.0,-1.7262,,,,,,0.7,10,-3.0,-3.0,-1.99,0.7118,2.0218
BRZE,IGV,27,27,238,,,,,,,,,,,,,,,,,,,,,,,,,,,,,,,,,,,,,,,,,,,,,,,,,,,,,,,,,,,,,0.6491,57,-3.0,-1.0,0.423,0.619,21,1.0,1.0,-0.34,0.7,10,5.0,5.0,0.6229,0.6154,65,0.0,1.0,-0.6275,,,,,,,,,,,,,,,,,,,,,0.6316,19,1.0,1.0,0.3375,0.6471,17,-3.0,-3.0,-0.3891,,,,,,0.617,47,-1.0,-1.0,-0.7538,0.88,1.6422
BSBR,SPY,31,33,188,,,,,,,,,,,,,,,,,,,,,,,,,,,,,,,,,,,,,,,,,0.7333,15,0.0,0.0,0.6655,,,,,,0.6471,17,0.0,0.0,0.6955,,,,,,,,,,,0.6712,73,0.0,1.0,-0.1316,,,,,,0.72,25,1.0,1.0,-0.2478,,,,,,,,,,,,,,,,,,,,,,,,,,0.7027,74,0.0,1.0,-0.1335,,,,,,0.6377,69,0.0,0.0,-0.2052,0.4852,0.9628
BSIN,XLE,29,34,150,,,,,,,,,,,,,,,,,,,,,,,,,,,,,,,,,,,,,,,,,,,,,,,,,,,,,,,,,,,,,,,,,,0.7576,33,-2.0,-1.0,-0.382,0.6,10,2.0,2.0,0.8033,0.7097,62,-3.0,0.0,-0.4689,,,,,,,,,,,,,,,,,,,,,,,,,,0.6301,73,-2.0,0.0,-0.2861,,,,,,0.6579,38,-2.0,-1.0,-0.6996,0.2781,0.2704
BSOL,IWM,38,38,267,,,,,,,,,,,,,,,,,,,,,,,,,,,,,,,,,,,,,,,,,,,,,,,,,,,,,,,,,,,,,,,,,,0.7059,17,1.0,1.0,-0.2608,0.7,10,-5.0,-5.0,0.5057,0.6552,29,1.0,2.0,-0.3921,,,,,,,,,,,,,,,,,,,,,,,,,,0.6239,117,0.0,1.0,-0.244,,,,,,0.625,16,-2.0,-2.0,-0.706,0.5151,1.8983
BSTZ,QQQ,10,13,98,,,,,,,,,,,,,,,,,,,,,,,,,,,,,,,,,,,,,,,,,,,,,,,,,,,,,,,,,,,,,0.7273,11,-2.0,-2.0,0.1925,0.6538,26,-1.0,0.0,-0.1753,0.7143,21,1.0,2.0,0.2927,0.6,35,-2.0,0.0,-0.479,,,,,,,,,,,,,,,,,,,,,0.6087,23,-1.0,-1.0,0.3007,,,,,,0.7,10,1.0,1.0,0.4357,,,,,,0.8646,0.9141
BSX,XLV,39,39,269,,,,,,,,,,,,,,,,0.6,25,0.0,0.0,-1.1253,,,,,,,,,,,,,,,,,,,,,,,,,,,,,,,,,,,,,,,,,,,,,,0.625,48,0.0,0.0,-0.212,0.6087,23,-3.0,-3.0,0.4086,0.6538,52,0.0,0.0,-0.3862,,,,,,,,,,,,,,,,,,,,,,,,,,0.6389,108,-2.0,-1.0,-0.1838,,,,,,0.7391,23,2.0,2.0,-0.4276,0.648,0.9824
BSY,IGV,14,14,233,,,,,,,,,,,,,,,,,,,,,,,,,,,,,,,,,,,,,,,,,,,,,,,,,,,,,,,,,,,,,,,,,,0.7391,23,1.0,1.0,-0.3065,0.8333,12,3.0,3.0,0.364,0.6522,23,1.0,1.0,-0.5573,,,,,,,,,,,,,,,,,,,,,0.6667,12,-4.0,-4.0,0.2762,0.6216,37,1.0,2.0,-0.2109,,,,,,0.6667,12,3.0,3.0,-0.435,0.7342,0.8966
BTAI,QQQ,27,29,135,,,,,,,,,,,,,,,,,,,,,,,,,,,,,,,,,,,,,,,,,,,,,,,,,,,,,,,,,,,,,,,,,,,,,,,,,,,,0.9,10,2.0,2.0,-1.3256,,,,,,,,,,,,,,,,,,,,,,,,,,0.65,40,0.0,1.0,-0.675,,,,,,0.6471,51,-1.0,0.0,-1.5394,0.2869,0.2733
BTBT,IBIT,40,40,342,,,,,,,,,,,,,,,,,,,,,,,,,,,,,,,,,,,,,,,,,,,,,,0.7,10,-1.0,-1.0,-1.64,,,,,,,,,,,,,,,,0.7083,48,-6.0,-4.0,-0.3912,,,,,,1.0,12,5.0,5.0,-1.09,,,,,,,,,,,,,,,,,,,,,,,,,,0.6629,89,-2.0,-1.0,-0.5683,,,,,,0.6809,47,-1.0,-1.0,-0.7409,0.8339,1.0066
BTC,IWM,39,39,263,,,,,,0.7,10,-1.0,-1.0,-0.31,,,,,,0.7,10,-1.0,-1.0,-0.4471,,,,,,,,,,,,,,,,,,,,,,,,,,0.7647,17,0.0,0.0,-0.3308,,,,,,,,,,,0.6053,38,0.0,0.0,0.2496,0.6571,35,-1.0,-1.0,-0.2078,0.6111,36,0.0,0.0,0.395,0.7027,37,-1.0,-1.0,-0.3269,,,,,,,,,,,,,,,,,,,,,,,,,,0.6,45,1.0,1.0,-0.1952,,,,,,0.625,16,-2.0,-2.0,-0.319,0.5585,1.5661
BTCI,IWM,37,37,214,,,,,,,,,,,,,,,,,,,,,,,,,,,,,,,,,,,,,,,,,,,,,,0.6552,29,-1.0,0.0,-0.6216,,,,,,0.7273,11,-1.0,-1.0,-0.86,0.6429,42,-4.0,-3.0,0.2133,0.6452,31,-1.0,-1.0,-0.3855,0.6,25,0.0,0.0,0.2907,0.6,15,2.0,2.0,-0.2978,,,,,,,,,,,,,,,,,,,,,,,,,,0.6562,32,1.0,1.0,-0.1919,,,,,,0.6923,13,-2.0,-2.0,-0.3133,0.5265,1.248
BTCL,IWM,10,25,30,,,,,,,,,,,,,,,,,,,,,,,,,,,,,,,,,,,,,,,,,,,,,,,,,,,,,,,,,,,,,,,,,,,,,,,,,,,,,,,,,,,,,,,,,,,,,,,,,,,,,,,,,,,,,,,,,,,,,,,,,0.5609,3.0873
BTCO,IWM,12,27,38,,,,,,,,,,,,,,,,,,,,,,,,,,,,,,,,,,,,,,,,,0.6,10,0.0,0.0,0.5017,,,,,,,,,,,,,,,,,,,,,,,,,,,,,,,,,,,,,,,,,,,,,,,,,,,,,,,,0.9,10,0.0,0.0,0.1878,,,,,,,,,,,0.8,10,0.0,0.0,-0.3837,0.5586,1.5759
BTCS,SPY,28,31,153,,,,,,,,,,,,,,,,,,,,,,,,,,,,,,,,,,,,,,,,,,,,,,0.6923,13,0.0,0.0,-2.6067,,,,,,0.6667,12,0.0,0.0,-2.6212,,,,,,0.7727,22,-3.0,-2.0,-0.3506,0.6154,13,-3.0,-3.0,1.2,0.6957,23,0.0,1.0,-0.6094,,,,,,,,,,,,,,,,,,,,,,,,,,0.7121,66,0.0,0.0,-0.4289,,,,,,0.6337,101,-1.0,0.0,-0.8405,0.7456,2.2189
BTCT,IWM,14,27,106,,,,,,,,,,,,,,,,,,,,,,,,,,,,,,,,,,,,,,,,,,,,,,,,,,,,,,,,,,,,,,,,,,0.7222,18,15.0,15.0,-4.8669,,,,,,0.65,20,15.0,15.0,-8.5485,,,,,,,,,,,,,,,,,,,,,,,,,,0.7021,47,-1.0,0.0,-2.447,,,,,,0.6552,29,0.0,0.0,-4.9695,0.3106,0.9628
BTCZ,SPY,40,40,283,,,,,,,,,,,,,,,,,,,,,,,,,,,,,,,,,,,,,,,,,0.7143,21,0.0,0.0,0.7033,,,,,,,,,,,,,,,,0.6,10,2.0,2.0,0.44,0.7174,46,-3.0,-1.0,-0.4752,0.6522,23,0.0,0.0,0.734,0.6897,29,-2.0,-1.0,-0.6905,,,,,,,,,,,,,,,,,,,,,,,,,,0.6036,111,0.0,0.0,-0.3624,0.6154,13,-2.0,-2.0,0.8962,,,,,,-0.5354,-3.7558
BTDR,SPY,40,40,278,,,,,,,,,,,,,,,,,,,,,,,,,,,,,,,,,,,,,,,,,0.6667,15,-1.0,-1.0,2.592,,,,,,0.7333,15,-1.0,-1.0,3.0136,,,,,,0.6786,28,0.0,0.0,0.5405,0.6087,23,-2.0,-2.0,-0.6029,0.6071,28,0.0,0.0,1.0541,0.6842,19,1.0,1.0,-0.9077,,,,,,,,,,,,,,,,,,,,,0.6875,16,1.0,1.0,0.6473,,,,,,,,,,,,,,,,0.785,3.5222
BTE,XLE,25,25,233,,,,,,,,,,,,,,,,,,,,,,,,,,,,,,,,,,,,,,,,,,,,,,,,,,,,,,,,,,,,,0.6,10,-5.0,-5.0,0.2983,0.6562,64,1.0,3.0,-0.2557,,,,,,0.6071,28,2.0,2.0,-0.3635,,,,,,,,,,,,,,,,,,,,,0.6,10,-3.0,-3.0,0.265,0.6167,60,0.0,0.0,-0.2419,,,,,,0.7,10,-3.0,-3.0,-0.2771,0.9087,1.6312
BTG,GDX,40,40,277,,,,,,,,,,,,,,,,,,,,,,,,,,,,,,,,,,,,,,,,,,,,,,,,,,,,,,,,,,,,,0.6486,37,1.0,1.0,0.3412,0.68,25,-1.0,-1.0,-0.1547,,,,,,0.8065,31,-3.0,-3.0,-0.3688,,,,,,,,,,,,,,,,,,,,,0.7143,28,1.0,1.0,0.461,0.6364,22,-2.0,-2.0,-0.2464,0.625,32,1.0,1.0,0.676,0.7193,57,-3.0,-2.0,-0.4522,0.9669,0.8224
BTGO,IWM,35,36,213,,,,,,,,,,,,,,,,,,,,,,,,,,,,,,,,,,,,,,,,,,,,,,0.6207,29,-1.0,0.0,-2.6128,,,,,,0.6667,15,0.0,0.0,-3.346,,,,,,0.697,33,-1.0,0.0,-0.4917,0.6,10,1.0,1.0,1.0183,0.7368,19,-1.0,-1.0,-0.8986,,,,,,,,,,,,,,,,,,,,,,,,,,0.6338,71,-2.0,-1.0,-0.4542,,,,,,0.6408,103,0.0,1.0,-0.9114,0.8115,2.2494
BTI,XLP,40,40,280,0.7037,27,-1.0,0.0,0.4616,,,,,,0.6429,14,0.0,0.0,0.5144,0.6154,13,-1.0,-1.0,-0.3412,,,,,,,,,,,,,,,,,,,,,,,,,,,,,,,,,,,,,,,,,,,,,,,,,,,0.6,40,1.0,1.0,0.2421,0.6154,65,-1.0,-1.0,-0.264,,,,,,,,,,,,,,,,,,,,,0.6,10,2.0,2.0,0.1083,0.6364,66,0.0,0.0,-0.1069,0.8,10,2.0,2.0,0.3213,0.6,50,-2.0,-2.0,-0.2257,0.3375,0.4846
BTOG,SPY,13,25,92,,,,,,,,,,,,,,,,,,,,,,,,,,,,,,,,,,,,,,,,,,,,,,,,,,,,,,,,,,,,,,,,,,0.7143,14,15.0,15.0,-7.257,,,,,,0.7333,15,15.0,15.0,-9.0464,,,,,,,,,,,,,,,,,,,,,,,,,,0.7222,18,-1.0,-1.0,-2.5062,,,,,,,,,,,0.4171,2.4465
BTQ,SPY,40,40,402,,,,,,,,,,,,,,,,,,,,,,,,,,,,,,,,,,,,,,,,,0.6,15,-1.0,-1.0,1.4333,0.7,20,0.0,0.0,-3.7107,,,,,,0.65,20,0.0,0.0,-4.3523,0.6571,35,-4.0,-3.0,0.7517,0.7619,21,15.0,15.0,-1.7644,0.6364,22,-4.0,-4.0,1.1607,0.6596,47,0.0,1.0,-1.0916,,,,,,,,,,,,,,,,,,,,,,,,,,0.7143,21,1.0,1.0,-0.8787,,,,,,0.65,20,-2.0,-2.0,-1.3485,0.5841,3.0839
BTSG,IWM,22,22,239,,,,,,,,,,,,,,,,,,,,,,,,,,,,,,,,,,,,,,,,,,,,,,0.6667,12,0.0,0.0,-1.4513,,,,,,,,,,,,,,,,,,,,,0.641,39,-2.0,-2.0,0.422,0.6364,11,-3.0,-3.0,-0.4243,,,,,,,,,,,,,,,,,,,,,0.625,16,-2.0,-2.0,0.379,,,,,,0.6222,45,1.0,1.0,0.3354,,,,,,0.7212,0.9337
BTU,IWM,26,26,242,,,,,,,,,,,,,,,,,,,,,,,,,,,,,,,,,,,,,,,,,0.6667,12,0.0,0.0,1.0788,,,,,,,,,,,,,,,,,,,,,0.8,20,2.0,2.0,-0.2931,0.625,24,0.0,0.0,0.618,0.6818,22,2.0,2.0,-0.3033,,,,,,,,,,,,,,,,,,,,,,,,,,,,,,,,,,,,,,,,,0.2448,0.419
BUD,XLP,40,40,250,0.6667,15,-1.0,-1.0,0.446,,,,,,,,,,,,,,,,,,,,,,,,,,,,,,,,,,,,,,,,,,,,,,,,,,,,,,,,,,,,,0.6341,41,-2.0,-2.0,-0.1023,,,,,,0.65,40,-2.0,-2.0,-0.1858,,,,,,,,,,,,,,,,,,,,,,,,,,0.619,63,0.0,0.0,-0.1062,,,,,,0.6,10,2.0,2.0,-0.15,0.3985,0.6322
BUG,SPY,23,23,228,,,,,,,,,,,,,,,,,,,,,,,,,,,,,,,,,,,,,,,,,,,,,,0.6667,21,-1.0,0.0,-1.3829,,,,,,0.6,10,-1.0,-1.0,-2.155,0.6905,42,-2.0,-1.0,0.34,,,,,,0.678,59,1.0,3.0,0.2875,0.6136,44,0.0,0.0,-0.3467,,,,,,,,,,,,,,,,,,,,,0.6027,73,-1.0,-1.0,0.2682,0.7143,14,-2.0,-2.0,-0.157,0.8182,11,1.0,1.0,0.1256,0.6154,13,-2.0,-2.0,-0.2162,0.2639,0.3892
BULL,IBIT,40,40,358,0.6,10,0.0,0.0,0.9033,,,,,,0.6,25,-1.0,0.0,2.3833,,,,,,,,,,,,,,,,,,,,,,,,,,0.6364,11,-1.0,-1.0,1.2557,,,,,,,,,,,,,,,,0.6,10,-6.0,-6.0,0.6517,0.6349,63,1.0,3.0,-0.4695,0.6,15,-3.0,-3.0,0.6056,0.6207,29,2.0,3.0,-0.75,,,,,,,,,,,,,,,,,,,,,,,,,,0.6328,128,-3.0,-1.0,-0.4068,0.6154,13,3.0,3.0,0.49,0.6604,53,-1.0,-1.0,-0.5489,0.5065,0.2906
BULZ,QQQ,39,39,270,,,,,,,,,,,,,,,,,,,,,,,,,,,,,,,,,,,,,,,,,0.7273,11,-1.0,-1.0,1.09,0.6364,11,0.0,0.0,-1.4814,,,,,,,,,,,0.75,28,-2.0,-1.0,0.58,0.75,16,2.0,2.0,-0.5675,0.6591,44,-3.0,-1.0,1.0214,,,,,,,,,,,,,,,,,,,,,,,,,,,,,,,0.8,10,-3.0,-3.0,-0.775,0.6531,49,1.0,2.0,0.6212,0.6562,32,-2.0,-2.0,-0.8929,0.9554,3.4366
BUR,XLF,16,16,214,,,,,,,,,,,,,,,,,,,,,,,,,,,,,,,,,,,,,,,,,,,,,,,,,,,,,,,,,,,,,,,,,,0.7059,51,2.0,4.0,-0.3994,,,,,,0.625,32,-1.0,-1.0,-0.6745,,,,,,,,,,,,,,,,,,,,,0.8571,14,-2.0,-2.0,0.4233,0.6667,54,-1.0,-1.0,-0.2408,0.7143,14,-2.0,-2.0,0.623,0.6224,98,0.0,0.0,-0.5761,0.5674,1.4273
BURU,SPY,35,35,515,,,,,,,,,,,,,,,,,,,,,,,,,,,,,,,,,,,,,,,,,,,,,,0.7742,31,-1.0,0.0,-1.9783,,,,,,0.7419,31,-1.0,0.0,-2.6196,0.7273,11,-10.0,-10.0,0.3275,0.6818,22,2.0,2.0,-1.0153,0.6667,15,5.0,5.0,1.149,0.631,84,0.0,1.0,-0.8894,,,,,,,,,,,,,,,,,,,,,0.6129,31,1.0,1.0,0.6816,,,,,,0.6111,18,-2.0,-2.0,1.0427,,,,,,0.0779,0.4738
BVS,IHI,11,14,165,,,,,,,,,,,,,,,,,,,,,,,,,,,,,,,,,,,,,,,,,,,,,,,,,,,,,,,,,,,,,0.6,10,0.0,0.0,0.5067,0.65,40,-3.0,-1.0,-0.3665,0.6,15,2.0,2.0,0.6256,0.6429,14,3.0,3.0,-0.49,,,,,,,,,,,,,,,,,,,,,0.6429,14,1.0,1.0,0.23,0.6304,46,-2.0,-1.0,-0.2934,,,,,,0.6,10,-3.0,-3.0,-0.23,0.5456,0.5442
BW,QQQ,34,34,246,,,,,,,,,,,,,,,,,,,,,,,,,,,,,,,,,,,,,,,,,,,,,,,,,,,,,,,,,,,,,0.6897,29,-5.0,-4.0,0.6365,,,,,,0.6667,18,2.0,2.0,0.96,0.6316,38,0.0,1.0,-0.78,,,,,,,,,,,,,,,,,,,,,,,,,,,,,,,,,,,,0.6481,54,1.0,2.0,-0.618,0.8056,1.6482
BWA,QQQ,11,11,233,,,,,,,,,,,,,,,,,,,,,,,,,,,,,,,,,,,,,,,,,,,,,,,,,,,,,,,,,,,,,,,,,,0.6232,69,1.0,3.0,-0.1916,0.6522,23,-3.0,-3.0,0.2847,0.7097,31,-2.0,-2.0,-0.3555,,,,,,,,,,,,,,,,,,,,,0.6316,38,1.0,1.0,0.1708,0.6154,13,2.0,2.0,-0.3075,,,,,,0.6304,46,-3.0,-2.0,-0.3093,0.754,0.9029
BWEN,IWM,19,22,100,,,,,,,,,,,,,,,,,,,,,,,,,,,,,,,,,,,,,,,,,,,,,,0.6,10,0.0,0.0,-2.36,,,,,,,,,,,,,,,,,,,,,,,,,,,,,,,,,,,,,,,,,,,,,,,,,,,,,,,,0.8,15,1.0,1.0,-1.0867,,,,,,0.6,25,-1.0,-1.0,-0.8067,0.6813,1.2939
BWLP,SPY,26,30,138,,,,,,,,,,,,,,,,,,,,,,,,,,,,,,,,,,,,,,,,,,,,,,,,,,,0.6364,11,-1.0,-1.0,1.3186,0.6364,11,0.0,0.0,-1.0443,,,,,,0.75,28,1.0,2.0,-0.1743,,,,,,0.6207,29,1.0,2.0,-0.3822,,,,,,,,,,,,,,,,,,,,,,,,,,0.6389,36,-1.0,-1.0,-0.2187,,,,,,0.6538,52,0.0,0.0,-0.3285,-0.1077,-0.3125
BWXT,XLI,21,22,207,,,,,,,,,,,,,,,,,,,,,,,,,,,,,,,,,,,,,,,,,,,,,,,,,,,,,,,,,,,,,0.7619,21,-3.0,-3.0,0.3263,0.6607,56,-2.0,-1.0,-0.3443,0.6364,33,0.0,0.0,0.3933,0.6452,31,-2.0,-2.0,-0.3045,,,,,,,,,,,,,,,,,,,,,,,,,,,,,,,,,,,,0.6316,38,-1.0,-1.0,-0.5442,0.8442,1.5451
BX,XLF,33,33,247,,,,,,,,,,,,,,,,,,,,,,,,,,,,,,,,,,,,,,,,,,,,,,,,,,,,,,,,,,,,,,,,,,0.6667,45,1.0,1.0,-0.372,,,,,,0.8,30,-1.0,-1.0,-0.3367,,,,,,,,,,,,,,,,,,,,,,,,,,0.6667,18,1.0,1.0,-0.2675,,,,,,0.6111,18,1.0,1.0,-0.2936,0.7198,1.5309
BXBL,SPY,11,16,62,,,,,,,,,,,,,,,,,,,,,,,,,,,,,,,,,,,,,,,,,,,,,,,,,,,,,,,,,,,,,,,,,,0.6429,14,15.0,15.0,-2.8344,,,,,,0.625,16,15.0,15.0,-4.698,,,,,,,,,,,,,,,,,,,,,,,,,,0.619,21,-1.0,-1.0,-2.0631,,,,,,0.6471,17,0.0,0.0,-1.5336,0.1545,0.2622
BXMT,XLF,12,12,209,,,,,,,,,,,,,,,,,,,,,,,,,,,,,,,,,,,,,,,,,,,,,,,,,,,,,,,,,,,,,,,,,,0.625,168,-2.0,1.0,-0.1205,,,,,,0.6753,77,-2.0,-1.0,-0.241,,,,,,,,,,,,,,,,,,,,,,,,,,1.0,14,1.0,1.0,-0.1179,,,,,,0.8667,15,1.0,1.0,-0.1746,0.5349,0.6153
BXSL,XLF,20,20,223,0.7,10,-1.0,-1.0,0.5643,,,,,,0.6,10,-1.0,-1.0,0.895,,,,,,,,,,,,,,,,,,,,,,,,,,,,,,,,,,,,,,,,,,,,,,,,,,,0.6738,141,-1.0,0.0,-0.1299,,,,,,0.6316,57,-1.0,-1.0,-0.1781,,,,,,,,,,,,,,,,,,,,,,,,,,0.6557,122,0.0,1.0,-0.126,,,,,,0.6167,120,0.0,1.0,-0.2323,0.4862,0.3253
BYAH,SPY,24,29,228,,,,,,,,,,,,,,,,,,,,,,,,,,,,,,,,,,,,,,,,,,,,,,0.6923,13,0.0,0.0,-5.3389,,,,,,0.9231,13,0.0,0.0,-6.7333,0.7,10,-15.0,-15.0,2.84,,,,,,0.75,16,-15.0,-15.0,6.9333,,,,,,,,,,,,,,,,,,,,,,,,,,,,,,,0.6071,28,1.0,1.0,-2.5547,,,,,,0.6545,55,-1.0,-1.0,-4.3892,0.2888,4.0694
BYND,SPY,40,40,397,,,,,,,,,,,0.7692,13,-1.0,-1.0,1.046,0.6364,11,0.0,0.0,-1.2871,,,,,,,,,,,,,,,,,,,,,,,,,,0.6286,35,-1.0,0.0,-1.3236,,,,,,0.6667,15,-1.0,-1.0,-1.469,0.6341,41,-4.0,-3.0,0.4804,0.6154,13,-6.0,-6.0,-0.16,0.6271,59,-2.0,-2.0,0.4049,0.6842,19,3.0,3.0,-0.6815,,,,,,,,,,,,,,,,,,,,,,,,,,,,,,,,,,,,,,,,,0.5601,1.0778
BYRN,SPY,17,19,174,,,,,,,,,,,,,,,,,,,,,,,,,,,,,,,,,,,,,,,,,,,,,,0.7,10,0.0,0.0,-0.71,,,,,,,,,,,,,,,,0.6538,26,2.0,3.0,-0.4771,,,,,,0.6154,13,4.0,4.0,-3.8687,,,,,,,,,,,,,,,,,,,,,,,,,,0.6449,107,-1.0,0.0,-0.9764,,,,,,0.6364,11,-2.0,-2.0,-1.0386,0.5711,0.7806
BZ,KWEB,18,18,229,,,,,,,,,,,,,,,,,,,,,,,,,,,,,,,,,,,,,,,,,,,,,,,,,,,,,,,,,,,,,0.6667,15,-4.0,-4.0,0.231,0.6447,76,0.0,1.0,-0.1843,,,,,,0.6316,38,1.0,1.0,-0.2583,,,,,,,,,,,,,,,,,,,,,0.6923,13,3.0,3.0,0.2356,0.6854,89,0.0,2.0,-0.1843,,,,,,0.6712,73,0.0,1.0,-0.2753,0.5663,0.276
BZAI,QQQ,39,39,285,,,,,,,,,,,,,,,,,,,,,,,,,,,,,,,,,,,,,,,,,,,,,,0.8333,12,0.0,0.0,-1.631,0.6,10,-1.0,-1.0,2.625,,,,,,,,,,,0.6977,43,1.0,3.0,-0.423,0.6,15,-6.0,-6.0,0.8733,0.8235,17,-4.0,-4.0,-0.6129,,,,,,,,,,,,,,,,,,,,,,,,,,0.7021,47,-3.0,-2.0,-0.3121,,,,,,0.6667,33,-2.0,-2.0,-0.7582,0.7015,1.3173
BZFD,SPY,20,23,120,,,,,,,,,,,,,,,,,,,,,,,,,,,,,,,,,,,,,,,,,,,,,,,,,,,,,,,,0.6,10,0.0,0.0,-5.1667,,,,,,,,,,,,,,,,0.6364,11,0.0,0.0,-0.74,,,,,,,,,,,,,,,,,,,,,,,,,,,,,,,,,,,,0.6522,69,-1.0,0.0,-1.0109,0.6437,1.7911
C,XLF,39,39,257,,,,,,0.6364,11,-1.0,-1.0,-0.5271,,,,,,0.7273,11,-1.0,-1.0,-0.6,,,,,,,,,,,,,,,,,,,,,,,,,,,,,,,,,,,,,,,,,,,,,,0.619,21,2.0,2.0,-0.22,,,,,,0.6047,43,-1.0,-1.0,-0.3654,,,,,,,,,,,,,,,,,,,,,,,,,,,,,,,0.6111,18,1.0,1.0,0.1791,0.6017,118,0.0,0.0,-0.2976,0.7737,1.409
CABA,SPY,30,31,238,,,,,,0.6364,11,0.0,0.0,-2.06,,,,,,0.6,10,0.0,0.0,-2.41,,,,,,,,,,,,,,,,,,,,,,,,,,0.6364,11,-1.0,-1.0,-2.8586,,,,,,,,,,,0.6429,14,3.0,3.0,0.6078,0.64,50,0.0,1.0,-0.3575,0.6154,13,-6.0,-6.0,1.0412,0.7143,21,1.0,1.0,-0.4747,,,,,,,,,,,,,,,,,,,,,,,,,,0.7333,15,1.0,1.0,-0.57,,,,,,0.6429,14,1.0,1.0,-0.6389,0.7629,1.4692
CADL,SPY,27,27,220,,,,,,,,,,,,,,,,,,,,,,,,,,,,,,,,,,,,,,,,,,,,,,,,,,,0.6667,12,0.0,0.0,2.1475,,,,,,,,,,,0.7,30,0.0,1.0,-0.5252,0.6522,23,-3.0,-3.0,0.6913,0.6667,39,0.0,1.0,-0.7877,,,,,,,,,,,,,,,,,,,,,,,,,,0.6415,106,0.0,1.0,-0.3429,,,,,,0.6429,14,1.0,1.0,-0.7478,0.7465,1.4174
CAG,XLP,39,39,268,,,,,,,,,,,0.625,16,0.0,0.0,1.232,,,,,,,,,,,,,,,,,,,,,,,,,,,,,,,,,,,,,,,,,,,,,,,,,,,0.6905,42,-1.0,-1.0,-0.1745,0.7,10,4.0,4.0,0.3657,0.6484,91,-3.0,-1.0,-0.3647,,,,,,,,,,,,,,,,,,,,,,,,,,0.6731,52,-2.0,-2.0,-0.232,,,,,,0.7059,51,-2.0,-2.0,-0.3381,0.8002,1.0842
CAI,IHI,18,18,238,,,,,,,,,,,,,,,,,,,,,,,,,,,,,,,,,,,,,,,,,,,,,,,,,,,,,,,,,,,,,0.6129,31,1.0,1.0,0.4184,0.6667,30,-1.0,-1.0,-0.3775,0.8182,11,3.0,3.0,0.6456,0.7857,14,2.0,2.0,-0.5364,,,,,,,,,,,,,,,,,,,,,0.6034,58,-1.0,-1.0,0.4157,0.6316,57,0.0,0.0,-0.3447,,,,,,0.614,57,0.0,0.0,-0.6009,0.57,0.8094
CAKE,XLY,10,10,213,,,,,,,,,,,,,,,,,,,,,,,,,,,,,,,,,,,,,,,,,,,,,,,,,,,,,,,,,,,,,0.7333,15,-3.0,-3.0,0.3227,0.6364,11,4.0,4.0,-0.2929,,,,,,,,,,,,,,,,,,,,,,,,,,,,,,,0.7083,24,1.0,1.0,0.1571,,,,,,,,,,,,,,,,0.4301,0.411
CALC,IWM,14,25,74,,,,,,,,,,,,,,,,,,,,,,,,,,,,,,,,,,,,,,,,,,,,,,,,,,,,,,,,,,,,,,,,,,,,,,,,,,,,,,,,,,,,,,,,,,,,,,,,,,,,,0.7692,13,-1.0,-1.0,1.763,,,,,,0.7059,17,-1.0,-1.0,2.4983,,,,,,0.3042,0.9076
CALM,XLP,10,11,174,,,,,,,,,,,,,,,,,,,,,,,,,,,,,,,,,,,,,,,,,,,,,,,,,,,,,,,,,,,,,0.6364,11,2.0,2.0,0.2257,0.6316,19,1.0,1.0,-0.205,0.6667,21,1.0,1.0,0.3557,0.6154,13,-3.0,-3.0,-0.2188,,,,,,,,,,,,,,,,,,,,,,,,,,0.6923,26,-2.0,-2.0,-0.1761,0.6071,28,1.0,1.0,0.4112,0.6,30,-2.0,-2.0,-0.3233,0.5552,0.5336
CALX,IWM,10,11,189,,,,,,,,,,,,,,,,,,,,,,,,,,,,,,,,,,,,,,,,,,,,,,,,,,,,,,,,,,,,,0.6731,52,-2.0,-1.0,0.3557,0.6774,31,1.0,2.0,-0.2414,,,,,,0.64,25,1.0,1.0,-0.4475,,,,,,,,,,,,,,,,,,,,,0.6154,52,0.0,0.0,0.4738,,,,,,0.7333,15,-2.0,-2.0,0.41,,,,,,0.5192,0.482
CAMT,SOXX,32,33,138,,,,,,,,,,,,,,,,,,,,,,,,,,,,,,,,,,,,,,,,,,,,,,,,,,,,,,,,,,,,,0.6,10,-1.0,-1.0,0.5833,0.8,10,-2.0,-2.0,-0.4688,,,,,,0.6667,12,-2.0,-2.0,-1.055,,,,,,,,,,,,,,,,,,,,,0.6667,30,3.0,5.0,0.478,,,,,,,,,,,,,,,,0.9371,1.0776
CAN,QQQ,40,40,288,,,,,,,,,,,,,,,,,,,,,,,,,,,,,,,,,,,,,,,,,,,,,,0.7273,22,-1.0,0.0,-1.9406,,,,,,0.75,12,0.0,0.0,-2.8989,0.6667,27,-1.0,-1.0,0.4706,0.6857,35,-2.0,-2.0,-0.3983,,,,,,0.675,40,0.0,1.0,-0.7844,,,,,,,,,,,,,,,,,,,,,,,,,,0.6491,57,1.0,2.0,-0.2486,0.7333,15,2.0,2.0,0.65,0.614,57,0.0,0.0,-0.7526,0.6676,1.0812
CANF,IWM,10,21,66,,,,,,,,,,,,,,,,,,,,,,,,,,,,,,,,,,,,,,,,,,,,,,,,,,,,,,,,,,,,,0.6154,13,15.0,15.0,2.1125,,,,,,0.6154,13,15.0,15.0,6.5913,,,,,,,,,,,,,,,,,,,,,,,,,,0.7222,18,-1.0,-1.0,2.5938,0.7273,11,0.0,0.0,-2.6187,0.65,20,0.0,0.0,2.4446,,,,,,0.3906,1.1278
CANG,SPY,24,28,116,,,,,,,,,,,,,,,,,,,,,,,,,,,,,,,,,,,,,,,,,,,,,,0.7692,13,0.0,0.0,-4.094,,,,,,,,,,,,,,,,0.6364,11,-15.0,-15.0,-1.6171,,,,,,0.7273,11,-15.0,-15.0,-1.5137,,,,,,,,,,,,,,,,,,,,,,,,,,0.6286,35,0.0,0.0,-1.5345,,,,,,0.6111,72,-1.0,0.0,-2.4334,0.436,2.8188
CAPR,XBI,24,24,213,,,,,,,,,,,,,,,,,,,,,,,,,,,,,,,,,,,,,,,,,,,,,,,,,,,,,,,,,,,,,,,,,,0.7826,23,2.0,3.0,-0.6467,,,,,,0.9231,13,3.0,3.0,-1.3608,,,,,,,,,,,,,,,,,,,,,,,,,,0.6207,58,1.0,2.0,-0.5847,,,,,,0.6316,38,1.0,1.0,-0.9175,0.6696,0.9531
CAPS,IHI,14,27,36,,,,,,,,,,,,,,,,,,,,,,,,,,,,,,,,,,,,,,,,,,,,,,,,,,,,,,,,,,,,,,,,,,,,,,,,,,,,,,,,,,,,,,,,,,,,,,,,,,,,,,,,,,,,,,,,,,,,,,,,,0.1914,0.469
CAR,IWM,10,11,112,,,,,,,,,,,,,,,,,,,,,,,,,,,,,,,,,,,,,,,,,,,,,,,,,,,,,,,,,,,,,,,,,,0.6,10,-2.0,-2.0,-0.4267,0.6,10,-3.0,-3.0,0.7283,0.6667,12,2.0,2.0,-0.7775,,,,,,,,,,,,,,,,,,,,,,,,,,0.6,15,1.0,1.0,-0.2856,0.6842,19,1.0,1.0,0.7662,,,,,,0.4784,0.6921
CARR,XLI,17,17,242,,,,,,,,,,,,,,,,,,,,,,,,,,,,,,,,,,,,,,,,,,,,,,,,,,,,,,,,,,,,,0.6977,43,-1.0,-1.0,0.183,0.6316,19,3.0,3.0,-0.1233,,,,,,0.6667,18,-2.0,-2.0,-0.3758,,,,,,,,,,,,,,,,,,,,,,,,,,0.6136,44,1.0,1.0,-0.1978,,,,,,0.62,50,-1.0,-1.0,-0.2768,0.8805,1.4621
CART,SPY,20,20,237,,,,,,0.6364,11,0.0,0.0,-0.9671,,,,,,,,,,,,,,,,,,,,,,,,,,,,,,,,,,,,,,,,,,,,,,,,,,,0.7143,14,4.0,4.0,0.219,0.6,20,2.0,2.0,-0.2017,0.6429,14,4.0,4.0,0.4211,0.629,62,-3.0,-2.0,-0.3046,,,,,,,,,,,,,,,,,,,,,,,,,,0.6,15,-2.0,-2.0,-0.12,,,,,,0.6667,15,-2.0,-2.0,-0.3,0.1908,0.2496
CAST,IWM,30,32,314,,,,,,,,,,,,,,,,,,,,,,,,,,,,,,,,,,,,,,,,,,,,,,0.6,15,0.0,0.0,-3.6422,,,,,,,,,,,,,,,,0.7667,60,15.0,15.0,-9.4013,0.6,10,-5.0,-5.0,5.9933,0.7,60,15.0,15.0,-12.0445,,,,,,,,,,,,,,,,,,,,,,,,,,0.6957,46,1.0,1.0,-9.3744,,,,,,0.6744,43,1.0,1.0,-11.7741,0.1001,0.8088
CASY,XLP,10,11,202,,,,,,,,,,,,,,,,,,,,,,,,,,,,,,,,,,,,,,,,,,,,,,,,,,,,,,,,,,,,,,,,,,0.6538,26,-3.0,-3.0,-0.1841,,,,,,0.623,61,-1.0,0.0,-0.3613,,,,,,,,,,,,,,,,,,,,,,,,,,0.6765,34,1.0,1.0,-0.2978,,,,,,0.6383,47,0.0,0.0,-0.4203,0.4169,0.326
CAT,XLI,40,40,310,,,,,,,,,,,,,,,,,,,,,,,,,,,,,,,,,,,,,,,,,,,,,,,,,,,,,,,,,,,,,0.6667,15,-5.0,-5.0,0.305,0.7188,32,-1.0,-1.0,-0.2952,0.619,42,0.0,0.0,0.37,0.68,25,3.0,3.0,-0.2359,,,,,,,,,,,,,,,,,,,,,,,,,,0.6087,46,1.0,1.0,-0.18,0.6538,26,-2.0,-2.0,0.3612,,,,,,0.8287,2.1453
CATX,XBI,17,18,218,,,,,,,,,,,,,,,,,,,,,,,,,,,,,,,,,,,,,,,,,,,,,,,,,,,,,,,,,,,,,,,,,,0.6392,97,-1.0,1.0,-0.3519,,,,,,0.6974,76,0.0,3.0,-0.7213,,,,,,,,,,,,,,,,,,,,,,,,,,0.6667,105,-2.0,0.0,-0.3531,,,,,,0.6731,52,0.0,0.0,-0.7791,0.7385,0.751
CAVA,XLY,34,34,249,,,,,,,,,,,,,,,,0.6316,19,0.0,0.0,-1.3567,,,,,,,,,,,,,,,,,,,,,,,,,,,,,,,,,,,,,,,,,0.6667,12,-5.0,-5.0,0.3575,0.6216,37,-1.0,-1.0,-0.2713,0.6071,28,2.0,3.0,0.6212,0.6667,54,-3.0,-2.0,-0.5436,,,,,,,,,,,,,,,,,,,,,0.6,10,-3.0,-3.0,0.3683,0.6084,143,-1.0,0.0,-0.2693,,,,,,0.6234,77,-1.0,-1.0,-0.4285,0.3152,0.3768
CB,XLF,18,18,240,,,,,,,,,,,,,,,,,,,,,,,,,,,,,,,,,,,,,,,,,,,,,,,,,,,,,,,,,,,,,,,,,,0.625,72,-1.0,-1.0,-0.1153,,,,,,0.6538,26,2.0,2.0,-0.0959,,,,,,,,,,,,,,,,,,,,,,,,,,0.6429,14,-2.0,-2.0,-0.1544,,,,,,0.6429,14,-2.0,-2.0,-0.1933,0.2962,0.3917
CBOE,XLF,17,17,231,,,,,,,,,,,,,,,,,,,,,,,,,,,,,,,,,,,,,,,,,,,,,,,,,,,,,,,,,,,,,0.64,25,1.0,1.0,0.2369,0.625,16,3.0,3.0,-0.328,0.6429,14,2.0,2.0,0.7067,0.6304,92,-1.0,0.0,-0.3736,,,,,,,,,,,,,,,,,,,,,,,,,,0.6667,18,1.0,1.0,-0.195,,,,,,0.6111,18,1.0,1.0,-0.4118,0.4308,0.5508
CBRG,QQQ,40,40,410,,,,,,,,,,,,,,,,,,,,,,,,,,,,,,,,,,,,,,,,,,,,,,0.7273,22,-1.0,0.0,-5.1687,,,,,,0.6,10,0.0,0.0,-7.815,0.6667,12,-8.0,-8.0,1.7437,0.8182,11,11.0,11.0,-1.0744,0.6154,13,-10.0,-10.0,0.8162,0.6154,13,-3.0,-3.0,-2.5012,,,,,,,,,,,,,,,,,,,,,,,,,,0.7333,15,-3.0,-3.0,-1.3682,,,,,,0.7222,18,2.0,2.0,-1.1638,0.8698,3.9428
CBRL,XLY,12,13,210,,,,,,,,,,,,,,,,,,,,,,,,,,,,,,,,,,,,,,,,,,,,,,,,,,,,,,,,,,,,,0.65,20,0.0,0.0,0.4323,0.661,59,1.0,3.0,-0.4687,0.625,24,-2.0,-2.0,0.7633,0.6111,18,0.0,0.0,-0.5936,,,,,,,,,,,,,,,,,,,,,,,,,,0.7727,22,-2.0,-2.0,-0.4388,,,,,,,,,,,0.3984,0.4579
CBRS,SOXX,40,40,457,,,,,,,,,,,,,,,,,,,,,,,,,,,,,,,,,,,,,,,,,,,,,,,,,,,,,,,,,,,,,0.6452,31,-9.0,-8.0,0.499,0.6,20,-6.0,-6.0,-0.4467,0.6842,38,-6.0,-5.0,0.6327,0.6129,31,2.0,3.0,-0.7195,,,,,,,,,,,,,,,,,,,,,0.6444,45,1.0,1.0,0.5634,0.8,10,-6.0,-6.0,-0.7075,,,,,,0.7273,22,-3.0,-3.0,-0.5675,0.8536,0.6573
CBRX,QQQ,19,26,52,,,,,,,,,,,,,,,,,,,,,,,,,,,,,,,,,,,,,,,,,,,,,,,,,,,,,,,,,,,,,0.6364,11,15.0,15.0,2.8,,,,,,,,,,,,,,,,,,,,,,,,,,,,,,,,,,,,,,,,,0.6,10,1.0,1.0,-1.2383,,,,,,,,,,,0.8577,3.7942
CBRZ,IWM,17,23,64,,,,,,,,,,,,,,,,,,,,,,,,,,,,,,,,,,,,,,,,,,,,,,,,,,,,,,,,,,,,,,,,,,0.6667,15,-15.0,-15.0,-2.303,0.6,10,-15.0,-15.0,5.5483,,,,,,,,,,,,,,,,,,,,,,,,,,,,,,,0.7692,13,0.0,0.0,-1.979,,,,,,0.6,20,-1.0,-1.0,-3.7508,-0.7462,-4.8703
CC,IWM,12,12,230,,,,,,,,,,,,,,,,,,,,,,,,,,,,,,,,,,,,,,,,,,,,,,,,,,,,,,,,,,,,,0.6842,19,-3.0,-3.0,0.3446,0.6154,26,-2.0,-2.0,-0.3031,0.7273,11,2.0,2.0,0.4888,0.6786,28,-2.0,-2.0,-0.5074,,,,,,,,,,,,,,,,,,,,,,,,,,0.6,40,1.0,1.0,-0.3358,,,,,,,,,,,0.4653,0.8676
CCC,IGV,22,22,245,,,,,,,,,,,,,,,,,,,,,,,,,,,,,,,,,,,,,,,,,,,,,,,,,,,,,,,,,,,,,0.6,15,3.0,3.0,0.6911,0.6471,51,0.0,0.0,-0.2061,0.6364,33,-4.0,-3.0,0.6267,,,,,,,,,,,,,,,,,,,,,,,,,,,,,,,0.6327,49,-1.0,-1.0,-0.37,,,,,,0.6667,12,3.0,3.0,-0.4225,0.8423,1.0202
CCCC,IWM,30,30,239,0.8182,11,0.0,0.0,2.1011,,,,,,,,,,,,,,,,,,,,,,,,,,,,,,,,,,,,0.6923,13,0.0,0.0,1.7444,,,,,,0.6154,13,0.0,0.0,4.1075,,,,,,0.8182,11,-3.0,-3.0,0.5267,0.6818,66,0.0,3.0,-0.6507,,,,,,0.6905,42,1.0,3.0,-1.0414,,,,,,,,,,,,,,,,,,,,,,,,,,0.6239,109,0.0,1.0,-0.6722,,,,,,0.7027,37,1.0,1.0,-1.1973,0.6856,0.9327
CCEP,XLP,33,33,232,0.7333,15,0.0,0.0,0.5409,,,,,,0.8,15,0.0,0.0,0.7058,0.6364,11,-1.0,-1.0,-0.5486,,,,,,,,,,,,,,,,,,,,,,,,,,,,,,,,,,,,,,,,,,,,,,,,,,,,,,,,,,,,,,,,,,,,,,,,,,,,,,,,,0.6,10,2.0,2.0,0.1433,0.6316,57,0.0,0.0,-0.1353,,,,,,0.6034,58,0.0,0.0,-0.1697,0.779,0.9675
CCHH,SPY,19,35,137,,,,,,,,,,,,,,,,,,,,,,,,,,,,,,,,,,,,,,,,,0.6364,11,0.0,0.0,2.9886,,,,,,,,,,,,,,,,,,,,,,,,,,,,,,,0.6452,31,-15.0,-15.0,-2.404,,,,,,,,,,,,,,,,,,,,,,,,,,0.6538,52,-1.0,-1.0,-2.6453,,,,,,,,,,,0.0985,0.6742
CCI,VNQ,12,12,235,,,,,,,,,,,,,,,,,,,,,,,,,,,,,,,,,,,,,,,,,,,,,,,,,,,,,,,,,,,,,,,,,,0.6735,49,0.0,0.0,-0.1842,,,,,,0.6122,49,0.0,0.0,-0.3317,,,,,,,,,,,,,,,,,,,,,,,,,,0.6486,37,1.0,1.0,-0.1938,,,,,,0.6044,91,0.0,0.0,-0.2971,0.6102,1.1301
CCJ,GDX,37,37,265,0.6,10,0.0,0.0,1.2333,,,,,,,,,,,0.6,20,-1.0,0.0,-1.4133,,,,,,,,,,,,,,,,,,,,,,,,,,,,,,,,,,,,,,,,,0.6087,23,-2.0,-2.0,0.3793,0.6286,35,-1.0,-1.0,-0.2782,0.625,72,0.0,1.0,0.5067,0.6818,22,2.0,2.0,-0.414,,,,,,,,,,,,,,,,,,,,,0.7778,27,1.0,1.0,0.4833,,,,,,0.7447,47,0.0,1.0,0.5423,0.6316,19,-2.0,-2.0,-0.8017,0.7534,0.463
CCL,XLY,40,40,331,0.6667,12,0.0,0.0,0.8512,,,,,,,,,,,,,,,,,,,,,,,,,,,,,,,,,,,,,,,,,,,,,,,,,,,,,,,,0.6066,61,0.0,0.0,0.1914,0.6458,48,-1.0,-1.0,-0.2445,0.75,12,-4.0,-4.0,0.5267,0.65,20,4.0,4.0,-0.2615,,,,,,,,,,,,,,,,,,,,,0.6364,11,-3.0,-3.0,0.3157,0.6286,35,1.0,1.0,-0.285,0.7692,13,-3.0,-3.0,0.472,0.6571,35,1.0,1.0,-0.3613,0.6822,1.3701
CCOI,SPY,25,27,206,,,,,,,,,,,,,,,,,,,,,,,,,,,,,,,,,,,,,,,,,,,,,,0.6667,15,0.0,0.0,-2.331,,,,,,0.7333,15,0.0,0.0,-2.7991,0.6316,19,-3.0,-3.0,0.61,0.6271,59,0.0,3.0,-0.5276,0.6316,19,-3.0,-3.0,0.7592,0.6415,53,-2.0,0.0,-1.1791,,,,,,,,,,,,,,,,,,,,,,,,,,0.6765,102,0.0,1.0,-0.5399,,,,,,0.7273,11,-2.0,-2.0,-0.85,0.6012,1.3419
CCTG,XLF,21,30,159,,,,,,,,,,,,,,,,,,,,,,,,,,,,,,,,,,,,,,,,,,,,,,,,,,,,,,,,,,,,,,,,,,0.725,40,15.0,15.0,-15.0662,,,,,,0.7143,28,-15.0,-15.0,-3.7015,,,,,,,,,,,,,,,,,,,,,,,,,,0.6613,62,0.0,1.0,-4.3478,,,,,,0.6667,12,1.0,1.0,-3.4625,-0.0811,-0.9623
CCUP,SPY,40,40,391,,,,,,,,,,,,,,,,,,,,,,,,,,,,,,,,,,,,,,,,,,,,,,0.6286,35,-1.0,0.0,-3.9005,,,,,,0.7143,14,-1.0,-1.0,-4.049,0.6154,13,-9.0,-9.0,1.8362,0.76,25,-7.0,-6.0,-0.5811,0.6923,13,-9.0,-9.0,1.8578,0.7195,82,-2.0,2.0,-0.9773,,,,,,,,,,,,,,,,,,,,,,,,,,0.6391,133,-2.0,-1.0,-0.7426,,,,,,0.6385,130,-2.0,-1.0,-1.1702,0.6197,4.4871
CDE,GDX,40,40,329,,,,,,,,,,,,,,,,,,,,,,,,,,,,,,,,,,,,,,,,,,,,,,,,,,,,,,,,,,,,,0.6774,31,-6.0,-5.0,0.3276,0.9375,16,3.0,3.0,-0.1987,0.6296,27,2.0,2.0,0.8359,0.6923,26,-2.0,-2.0,-0.7467,,,,,,,,,,,,,,,,,,,,,0.625,32,-4.0,-4.0,0.285,0.6875,32,3.0,4.0,-0.4105,0.6071,28,0.0,0.0,0.8394,0.7,20,3.0,3.0,-0.5693,0.9338,1.0972
CDNL,XLI,10,10,161,,,,,,,,,,,,,,,,,,,,,,,,,,,,,,,,,,,,,,,,,,,,,,,,,,,,,,,,,,,,,0.6154,13,-3.0,-3.0,0.4275,0.6364,11,-4.0,-4.0,-0.9343,0.8,10,4.0,4.0,0.7775,0.6667,12,5.0,5.0,-0.82,,,,,,,,,,,,,,,,,,,,,0.625,48,0.0,0.0,0.566,0.6,20,1.0,1.0,-0.4217,0.662,71,0.0,1.0,0.9302,0.7308,26,-1.0,-1.0,-1.0137,0.7252,2.0076
CDNS,IGV,34,34,254,0.6875,16,-1.0,-1.0,0.8136,,,,,,0.75,16,-1.0,-1.0,1.1742,,,,,,,,,,,,,,,,,,,,,,,,,,,,,,,,,,,,,,,,,,,,,,0.6154,13,-3.0,-3.0,0.3675,,,,,,,,,,,,,,,,,,,,,,,,,,,,,,,,,,,,,,,,,,,,,,,,,,,,,,,,0.6003,0.6398
CDT,IWM,26,34,151,,,,,,,,,,,,,,,,,,,,,,,,,,,,,,,,,,,,,,,,,,,,,,,,,,,,,,,,0.7273,11,-1.0,-1.0,-3.5512,,,,,,0.6216,37,15.0,15.0,-10.4004,0.6,15,-15.0,-15.0,4.23,0.641,39,15.0,15.0,-12.9092,,,,,,,,,,,,,,,,,,,,,,,,,,0.6829,82,-1.0,0.0,-2.5555,,,,,,0.6538,52,0.0,1.0,-6.1226,0.3493,2.314
CDTG,SPY,10,20,50,,,,,,,,,,,,,,,,,,,,,,,,,,,,,,,,,,,,,,,,,,,,,,,,,,,,,,,,,,,,,,,,,,0.6364,11,-15.0,-15.0,-2.6986,,,,,,0.7,10,-15.0,-15.0,-3.6243,,,,,,,,,,,,,,,,,,,,,,,,,,,,,,,,,,,,0.6,20,0.0,0.0,-3.395,0.0924,0.726
CDXS,IWM,13,14,172,,,,,,,,,,,,,,,,,,,,,,,,,,,,,,,,,,,,,,,,,,,,,,,,,,,,,,,,,,,,,,,,,,0.75,88,-3.0,2.0,-0.507,,,,,,0.7,50,0.0,2.0,-0.9754,,,,,,,,,,,,,,,,,,,,,,,,,,0.7662,77,0.0,1.0,-0.5568,,,,,,0.69,100,-1.0,0.0,-0.8978,0.7958,1.2832
CDZI,SPY,10,10,169,,,,,,,,,,,,,,,,,,,,,,,,,,,,,,,,,,,,,,,,,,,,,,,,,,,,,,,,,,,,,,,,,,0.7692,13,-3.0,-3.0,-0.35,,,,,,,,,,,,,,,,,,,,,,,,,,,,,,,,,,,,,,,,,,,,,,,,,,,0.7845,1.6171
CE,XLB,11,11,220,,,,,,,,,,,,,,,,,,,,,,,,,,,,,,,,,,,,,,,,,,,,,,,,,,,,,,,,,,,,,,,,,,0.6897,29,0.0,0.0,-0.2525,,,,,,0.625,64,-1.0,0.0,-0.4355,,,,,,,,,,,,,,,,,,,,,,,,,,0.6038,53,-1.0,-1.0,-0.3028,0.7273,22,-2.0,-2.0,0.495,0.6875,48,-1.0,-1.0,-0.5364,0.2696,0.4012
CECO,XLI,10,10,165,,,,,,,,,,,,,,,,,,,,,,,,,,,,,,,,,,,,,,,,,,,,,,,,,,,,,,,,,,,,,,,,,,0.8,10,2.0,2.0,-0.475,0.75,12,-3.0,-3.0,0.5767,0.7179,39,0.0,2.0,-0.6704,,,,,,,,,,,,,,,,,,,,,,,,,,,,,,,0.7059,17,-2.0,-2.0,0.4417,0.6364,33,1.0,1.0,-0.4795,0.6842,1.4729
CEF,IWM,19,20,193,,,,,,,,,,,,,,,,,,,,,,,,,,,,,,,,,,,,,,,,,,,,,,,,,,,,,,,,,,,,,0.6,30,0.0,0.0,0.22,,,,,,0.75,32,0.0,0.0,0.3063,0.6538,26,-3.0,-3.0,-0.24,,,,,,,,,,,,,,,,,,,,,0.8,10,-2.0,-2.0,0.1062,0.6042,48,0.0,0.0,-0.1476,0.6207,29,1.0,1.0,0.2372,,,,,,0.4996,1.0258
CEG,SPY,40,40,357,0.8125,16,0.0,0.0,1.1646,0.6,10,-1.0,-1.0,-1.1783,0.6875,16,0.0,0.0,1.2009,0.6,10,-1.0,-1.0,-1.89,,,,,,,,,,,,,,,,,,,,,0.8,20,0.0,0.0,1.0675,,,,,,0.7,20,0.0,0.0,1.1614,0.6667,15,-1.0,-1.0,-1.528,,,,,,0.6552,29,-3.0,-3.0,-0.2289,,,,,,0.6786,28,-3.0,-3.0,-0.2889,,,,,,,,,,,,,,,,,,,,,0.6522,23,-2.0,-2.0,0.1387,,,,,,0.6842,19,1.0,1.0,0.3123,,,,,,0.7748,1.4077
CEGX,SPY,19,27,74,,,,,,,,,,,,,,,,,,,,,,,,,,,,,,,,,,,,,,,,,,,,,,,,,,,0.6,10,0.0,0.0,2.5567,,,,,,,,,,,,,,,,,,,,,,,,,,,,,,,,,,,,,,,,,,,,,,,,,,,0.6154,13,-1.0,-1.0,-0.6112,,,,,,,,,,,0.7948,2.9068
CELC,IBB,20,20,210,,,,,,,,,,,,,,,,,,,,,,,,,,,,,,,,,,,,,,,,,,,,,,,,,,,,,,,,,,,,,0.6,45,0.0,1.0,0.5226,0.7273,22,-4.0,-3.0,-0.48,0.6383,47,0.0,1.0,0.579,0.7222,18,2.0,2.0,-0.8954,,,,,,,,,,,,,,,,,,,,,,,,,,0.7917,24,2.0,2.0,-0.4295,0.6176,34,1.0,1.0,0.5329,0.6667,24,2.0,2.0,-0.695,0.6669,1.3612
CELH,XLP,40,40,340,,,,,,0.6957,23,0.0,0.0,-1.415,,,,,,0.6957,23,0.0,0.0,-1.1975,,,,,,,,,,,,,,,,,,,,,,,,,,,,,,,,,,,,,,,,,,,,,,0.6579,38,-2.0,-2.0,-0.3864,0.6667,15,-5.0,-5.0,0.683,,,,,,,,,,,,,,,,,,,,,,,,,,,,,,,0.6111,54,1.0,2.0,-0.373,,,,,,0.6415,53,1.0,2.0,-0.6621,0.1979,0.2754
CELZ,QQQ,13,19,77,,,,,,,,,,,,,,,,,,,,,,,,,,,,,,,,,,,,,,,,,,,,,,,,,,,,,,,,,,,,,0.6667,15,15.0,15.0,13.732,,,,,,,,,,,,,,,,,,,,,,,,,,,,,,,,,,,,0.6,20,1.0,1.0,6.32,,,,,,,,,,,,,,,,0.2215,0.4174
CENX,IWM,30,30,234,,,,,,,,,,,,,,,,,,,,,,,,,,,,,,,,,,,,,,,,,,,,,,0.6667,15,0.0,0.0,-1.618,,,,,,0.7333,15,0.0,0.0,-1.8809,0.6667,39,-6.0,-5.0,0.3469,0.6316,19,-4.0,-4.0,-0.2217,0.6316,19,-3.0,-3.0,0.7292,0.8,10,4.0,4.0,-0.5125,,,,,,,,,,,,,,,,,,,,,,,,,,,,,,,,,,,,,,,,,0.3962,1.0651
CEPT,NONE,16,19,105,,,,,,,,,,,,,,,,,,,,,,,,,,,,,,,,,,,,,,,,,,,,,,,,,,,,,,,,,,,,,0.7143,14,-1.0,-1.0,0.243,0.6,10,-2.0,-2.0,-0.3917,,,,,,0.6,10,0.0,0.0,-1.25,,,,,,,,,,,,,,,,,,,,,,,,,,,,,,,,,,,,,,,,,,
CERS,SPY,13,13,223,,,,,,,,,,,,,,,,,,,,,,,,,,,,,,,,,,,,,,,,,,,,,,,,,,,,,,,,,,,,,,,,,,0.6441,118,-1.0,3.0,-0.3962,0.6316,19,-2.0,-2.0,0.745,0.7297,37,0.0,0.0,-0.603,,,,,,,,,,,,,,,,,,,,,,,,,,0.6979,96,0.0,0.0,-0.4106,,,,,,0.7143,14,-2.0,-2.0,-0.625,0.4695,0.6852
CERT,IBB,19,19,237,0.6364,11,0.0,0.0,1.8314,,,,,,0.7273,11,0.0,0.0,2.8375,,,,,,,,,,,,,,,,,,,,,,,,,,,,,,,,,,,,,,,,,,,,,,0.6,20,0.0,0.0,0.5333,0.7241,29,3.0,3.0,-0.5967,0.6154,13,-3.0,-3.0,0.89,0.6429,28,2.0,2.0,-0.7967,,,,,,,,,,,,,,,,,,,,,,,,,,0.7917,24,2.0,2.0,-0.4842,,,,,,0.7308,26,2.0,2.0,-0.5037,0.2272,0.4274
CETX,XLI,14,22,63,,,,,,,,,,,,,,,,,,,,,,,,,,,,,,,,,,,,,,,,,,,,,,,,,,,,,,,,,,,,,,,,,,,,,,,,,,,,,,,,,,,,,,,,,,,,,,,,,,,,,,,,,,,,,,,,,,,,,,,,,0.0724,0.2612
CEVA,SMH,29,30,215,,,,,,,,,,,,,,,,,,,,,,,,,,,,,,,,,,,,,,,,,,,,,,,,,,,,,,,,,,,,,0.6,10,5.0,5.0,0.595,,,,,,0.7083,24,-4.0,-4.0,0.6782,0.75,12,-2.0,-2.0,-0.7233,,,,,,,,,,,,,,,,,,,,,0.7179,39,-1.0,0.0,0.6532,0.75,16,-2.0,-2.0,-0.4758,0.6957,46,0.0,2.0,1.0241,0.7333,15,-4.0,-4.0,-0.6255,0.9403,1.0987
CF,XLE,27,27,236,,,,,,,,,,,,,,,,,,,,,,,,,,,,,,,,,,,,,,,,,,,,,,,,,,,,,,,,,,,,,0.6296,27,-4.0,-3.0,0.1912,0.6154,26,2.0,2.0,-0.16,0.6667,12,-4.0,-4.0,0.475,0.6471,51,0.0,0.0,-0.3264,,,,,,,,,,,,,,,,,,,,,0.7,10,-3.0,-3.0,0.1571,0.6818,22,2.0,2.0,-0.2793,,,,,,0.6667,21,2.0,2.0,-0.3971,0.672,0.794
CFG,KRE,13,13,239,,,,,,,,,,,,,,,,,,,,,,,,,,,,,,,,,,,,,,,,,,,,,,,,,,,,,,,,,,,,,0.619,21,-2.0,-2.0,0.1223,0.75,16,2.0,2.0,-0.1317,0.7273,22,-2.0,-2.0,0.2125,0.6053,38,1.0,1.0,-0.2309,,,,,,,,,,,,,,,,,,,,,0.6078,51,-1.0,-1.0,0.1132,0.675,40,1.0,1.0,-0.1204,,,,,,0.6923,39,1.0,1.0,-0.2415,0.7506,0.9793
CGAU,GDX,18,18,231,,,,,,,,,,,,,,,,,,,,,,,,,,,,,,,,,,,,,,,,,,,,,,,,,,,,,,,,,,,,,0.6667,24,1.0,1.0,0.405,0.6364,22,-3.0,-3.0,-0.2643,0.6316,19,3.0,3.0,0.4142,0.6667,45,-3.0,-2.0,-0.4897,,,,,,,,,,,,,,,,,,,,,0.6957,23,1.0,1.0,0.4606,0.6774,31,-3.0,-3.0,-0.3014,0.6053,38,-1.0,0.0,0.4904,0.6071,28,-4.0,-4.0,-0.3553,0.9405,1.0458
CGBL,QQQ,29,31,262,,,,,,0.6154,13,0.0,0.0,-0.1288,,,,,,0.6667,12,-1.0,-1.0,-0.0862,,,,,,,,,,,,,,,,,,,,,,,,,,,,,,,,,,,,,,,,,,,,,,,,,,,,,,,,,,,,,,,,,,,,,,,,,,,,,,,,,0.6,10,2.0,2.0,0.03,0.6279,43,-3.0,-2.0,-0.0522,0.6053,38,1.0,1.0,0.0935,0.7143,35,-2.0,-2.0,-0.0848,0.9475,0.4399
CGC,IWM,39,40,240,,,,,,0.6154,26,-1.0,0.0,-1.1081,,,,,,,,,,,,,,,,,,,,,,,,,,,,,,,,,,,,,,,,,,,,,,,,,,,,,,,,0.619,84,-1.0,0.0,-0.2388,,,,,,0.64,25,1.0,1.0,-0.3669,,,,,,,,,,,,,,,,,,,,,,,,,,0.6528,72,0.0,0.0,-0.2989,,,,,,,,,,,0.3203,0.3748
CGDV,SPY,10,10,237,,,,,,,,,,,,,,,,,,,,,,,,,,,,,,,,,,,,,,,,,,,,,,,,,,,,,,,,,,,,,0.6,10,-2.0,-2.0,0.15,,,,,,,,,,,0.6,10,-2.0,-2.0,-0.1817,,,,,,,,,,,,,,,,,,,,,,,,,,0.6,15,-2.0,-2.0,-0.0856,,,,,,0.6,15,-2.0,-2.0,-0.1556,0.9782,0.9208
CGEM,XBI,19,22,184,,,,,,,,,,,,,,,,,,,,,,,,,,,,,,,,,,,,,,,,,,,,,,,,,,,,,,,,,,,,,0.6429,14,-2.0,-2.0,0.4067,0.6364,11,1.0,1.0,-0.4714,0.6,10,5.0,5.0,1.755,0.65,20,-1.0,-1.0,-1.3423,,,,,,,,,,,,,,,,,,,,,0.6286,35,0.0,0.0,0.5032,,,,,,,,,,,0.6667,15,-2.0,-2.0,-0.819,0.7857,0.973
CGEN,IWM,14,20,103,,,,,,,,,,,,,,,,,,,,,,,,,,,,,,,,,,,,,,,,,,,,,,,,,,,,,,,,,,,,,,,,,,,,,,,0.6,10,0.0,0.0,0.615,0.8,10,-3.0,-3.0,-0.5237,,,,,,,,,,,,,,,,,,,,,,,,,,0.6667,54,-1.0,0.0,-0.3764,,,,,,0.7586,29,-2.0,-1.0,-0.4095,0.5764,0.9717
CGIE,QQQ,31,36,159,,,,,,0.75,12,-1.0,-1.0,-0.1244,,,,,,,,,,,,,,,,,,,,,,,,,,,,,,,,,,,,,,,,,,,,,,,,,,,,,,,,0.6111,18,1.0,1.0,-0.0736,,,,,,,,,,,,,,,,,,,,,,,,,,,,,,,,,,,,0.7143,21,-2.0,-2.0,-0.0993,0.6538,26,1.0,1.0,0.0994,0.75,20,-2.0,-2.0,-0.134,0.8495,0.5938
CGNT,IGV,15,16,175,,,,,,,,,,,,,,,,,,,,,,,,,,,,,,,,,,,,,,,,,,,,,,,,,,,,,,,,,,,,,,,,,,0.6667,45,-2.0,-1.0,-0.2657,0.7333,15,0.0,0.0,0.5718,0.68,25,-2.0,-2.0,-0.4259,,,,,,,,,,,,,,,,,,,,,,,,,,0.6,10,-4.0,-4.0,-0.4167,0.6129,31,0.0,0.0,0.4211,0.6522,23,-1.0,-1.0,-0.3413,0.842,0.8406
CGNX,QQQ,27,27,239,,,,,,,,,,,,,,,,,,,,,,,,,,,,,,,,,,,,,,,,,,,,,,,,,,,,,,,,,,,,,0.6786,28,-2.0,-2.0,0.4705,0.6429,14,-3.0,-3.0,-0.32,0.6071,28,-2.0,-2.0,0.7582,0.6087,23,3.0,3.0,-0.5357,,,,,,,,,,,,,,,,,,,,,0.619,42,1.0,1.0,0.345,0.6667,12,2.0,2.0,-0.29,,,,,,0.6286,35,-2.0,-2.0,-0.4836,0.8692,1.5283
CGTL,XRT,18,33,128,,,,,,,,,,,,,,,,,,,,,,,,,,,,,,,,,,,,,,,,,,,,,,,,,,,,,,,,,,,,,,,,,,0.8182,22,15.0,15.0,-4.6906,,,,,,0.8824,17,15.0,15.0,-8.3913,,,,,,,,,,,,,,,,,,,,,0.6364,11,-2.0,-2.0,2.3857,0.6875,32,-1.0,0.0,-1.9345,,,,,,0.8,35,-1.0,0.0,-2.1214,-0.0104,-0.0702
CGTX,IWM,29,33,153,,,,,,,,,,,,,,,,,,,,,,,,,,,,,,,,,,,,,,,,,0.6,10,-1.0,-1.0,2.3967,0.6667,12,0.0,0.0,-6.155,,,,,,,,,,,,,,,,0.7619,21,-1.0,0.0,-0.4994,,,,,,0.6364,11,-1.0,-1.0,-1.4543,,,,,,,,,,,,,,,,,,,,,,,,,,0.7121,66,0.0,1.0,-0.9743,,,,,,0.63,100,-2.0,0.0,-1.2932,0.5765,1.5029
CHA,SPY,20,23,153,,,,,,,,,,,,,,,,,,,,,,,,,,,,,,,,,,,,,,,,,,,,,,,,,,,,,,,,0.6,10,0.0,0.0,-2.0517,0.6667,21,1.0,2.0,0.4579,0.6154,26,0.0,0.0,-0.2156,,,,,,0.6667,27,0.0,0.0,-0.3117,,,,,,,,,,,,,,,,,,,,,,,,,,,,,,,,,,,,,,,,,0.1879,0.2267
CHAI,SPY,22,32,188,,,,,,,,,,,,,,,,,,,,,,,,,,,,,,,,,,,,,,,,,,,,,,,,,,,,,,,,,,,,,,,,,,0.6923,13,-2.0,-2.0,-0.6056,0.7,10,-7.0,-7.0,1.2486,0.6,10,-2.0,-2.0,-0.8717,,,,,,,,,,,,,,,,,,,,,,,,,,0.7143,21,1.0,1.0,-1.0453,,,,,,0.7368,19,1.0,1.0,-1.7843,0.2869,1.651
CHAT,QQQ,31,31,221,,,,,,,,,,,,,,,,,,,,,,,,,,,,,,,,,,,,,,,,,,,,,,0.8,10,-1.0,-1.0,-0.425,,,,,,0.6,10,-1.0,-1.0,-1.0433,0.6739,46,-2.0,0.0,0.3542,,,,,,0.8333,12,0.0,0.0,0.509,,,,,,,,,,,,,,,,,,,,,,,,,,0.7586,29,1.0,1.0,0.2164,,,,,,0.6591,44,1.0,2.0,0.3352,0.625,24,-2.0,-2.0,-0.786,0.9228,2.2792
CHGA,SPY,14,33,98,,,,,,,,,,,,,,,,,,,,,,,,,,,,,,,,,,,,,,,,,,,,,,,,,,,,,,,,,,,,,,,,,,,,,,,,,,,,0.75,12,15.0,15.0,-7.9589,,,,,,,,,,,,,,,,,,,,,,,,,,0.6129,31,-1.0,-1.0,-2.8268,,,,,,0.6418,67,-1.0,0.0,-3.4272,0.4085,1.908
CHGG,XLY,27,30,170,,,,,,,,,,,,,,,,,,,,,,,,,,,,,,,,,,,,,,,,,,,,,,,,,,,,,,,,,,,,,,,,,,0.6863,51,-2.0,0.0,-0.4337,0.6154,26,-2.0,-1.0,1.2419,0.7,20,0.0,0.0,-0.7686,,,,,,,,,,,,,,,,,,,,,,,,,,0.6393,61,-2.0,-1.0,-0.4097,,,,,,0.6774,31,0.0,0.0,-0.8348,0.2383,0.5025
CHOW,IGV,17,32,127,,,,,,,,,,,,,,,,,,,,,,,,,,,,,,,,,,,,,,,,,,,,,,,,,,,,,,,,,,,,,,,,,,0.619,21,15.0,15.0,-18.6546,,,,,,,,,,,,,,,,,,,,,,,,,,,,,,,,,,,,0.6154,13,0.0,0.0,-5.1438,,,,,,0.6154,13,0.0,0.0,-7.885,0.088,0.2499
CHPT,SPY,26,28,186,,,,,,,,,,,,,,,,,,,,,,,,,,,,,,,,,,,,,,,,,,,,,,,,,,,0.6,15,0.0,0.0,2.9833,,,,,,0.6957,23,0.0,1.0,0.77,0.6667,12,6.0,6.0,-0.9237,0.7692,13,0.0,0.0,1.196,0.7273,11,-1.0,-1.0,-0.4062,,,,,,,,,,,,,,,,,,,,,,,,,,0.6667,15,-2.0,-2.0,-0.331,0.7,10,1.0,1.0,0.7257,,,,,,0.8032,2.2716
CHPY,QQQ,40,40,252,,,,,,,,,,,,,,,,,,,,,,,,,,,,,,,,,,,,,,,,,0.7273,11,-1.0,-1.0,0.9187,0.7273,11,0.0,0.0,-0.845,0.6,10,-1.0,-1.0,1.7117,,,,,,0.6364,33,3.0,4.0,0.2595,0.65,20,2.0,2.0,-0.2962,0.6667,21,0.0,0.0,0.4171,0.6471,17,2.0,2.0,-0.3255,,,,,,,,,,,,,,,,,,,,,,,,,,0.6429,14,-3.0,-3.0,-0.3944,0.7,10,2.0,2.0,0.2743,,,,,,0.9389,2.4035
CHR,IWM,10,21,28,,,,,,,,,,,,,,,,,,,,,,,,,,,,,,,,,,,,,,,,,,,,,,,,,,,,,,,,,,,,,,,,,,,,,,,,,,,,,,,,,,,,,,,,,,,,,,,,,,,,,0.6,10,-1.0,-1.0,1.9467,,,,,,,,,,,,,,,,0.2905,1.04
CHRN,IWM,23,28,124,,,,,,,,,,,,,,,,,,,,,,,,,,,,,,,,,,,,,,,,,0.6,10,0.0,0.0,3.7367,,,,,,0.6,10,0.0,0.0,6.72,,,,,,,,,,,0.6154,13,15.0,15.0,-1.2688,0.6,10,15.0,15.0,3.66,,,,,,,,,,,,,,,,,,,,,,,,,,,,,,,0.6786,28,-1.0,-1.0,-1.1363,0.6154,26,1.0,1.0,1.6069,0.6667,24,-1.0,-1.0,-2.2012,0.5785,2.2948
CHRS,IWM,20,22,155,,,,,,,,,,,,,,,,,,,,,,,,,,,,,,,,,,,,,,,,,,,,,,,,,,,,,,,,,,,,,,,,,,0.7167,60,-1.0,3.0,-0.3747,,,,,,0.7931,29,-4.0,-3.0,-0.5048,,,,,,,,,,,,,,,,,,,,,,,,,,0.7297,111,-2.0,1.0,-0.292,,,,,,0.6505,103,-1.0,1.0,-0.5604,0.446,0.7223
CHSN,SPY,17,34,70,,,,,,,,,,,,,,,,,,,,,,,,,,,,,,,,,,,,,,,,,,,,,,,,,,,,,,,,,,,,,,,,,,,,,,,,,,,,,,,,,,,,,,,,,,,,,,,,,,,,,,,,,,0.6552,29,-1.0,-1.0,-2.4632,,,,,,,,,,,-0.0643,-0.2857
CHTR,KWEB,24,24,244,,,,,,,,,,,,,,,,,,,,,,,,,,,,,,,,,,,,,,,,,,,,,,,,,,,,,,,,,,,,,0.6154,52,-4.0,-3.0,0.2531,0.6618,68,-1.0,0.0,-0.3169,,,,,,0.6207,29,2.0,3.0,-0.4611,,,,,,,,,,,,,,,,,,,,,,,,,,0.6897,29,2.0,3.0,-0.39,0.6429,28,-2.0,-2.0,0.5939,0.7,30,2.0,3.0,-0.6533,-0.0835,-0.0532
CHWY,KWEB,40,40,274,,,,,,,,,,,,,,,,,,,,,,,,,,,,,,,,,,,,,,,,,,,,,,,,,,,,,,,,,,,,,0.68,25,-5.0,-4.0,0.1276,0.6724,58,-3.0,-2.0,-0.2374,,,,,,0.7069,58,-3.0,-2.0,-0.4215,,,,,,,,,,,,,,,,,,,,,0.6296,27,-3.0,-3.0,0.2182,0.6207,29,-2.0,-2.0,-0.2844,0.625,16,3.0,3.0,0.394,0.625,32,1.0,1.0,-0.441,0.1956,0.1505
CHYM,IGV,29,29,244,,,,,,,,,,,0.6923,13,-1.0,-1.0,2.4056,,,,,,,,,,,,,,,,,,,,,,,,,,,,,,,,,,,,,,,,,,,,,,0.8333,12,-4.0,-4.0,0.191,0.6575,73,-3.0,-1.0,-0.2631,0.6379,58,1.0,2.0,0.7768,0.8462,26,4.0,5.0,-0.5541,,,,,,,,,,,,,,,,,,,,,,,,,,0.6078,51,-1.0,-1.0,-0.3545,0.619,21,1.0,1.0,0.5292,0.6122,49,-1.0,-1.0,-0.6727,0.6276,0.5458
CI,XLV,17,17,238,,,,,,,,,,,0.7,10,-1.0,-1.0,1.1,,,,,,,,,,,,,,,,,,,,,,,,,,,,,,,,,,,,,,,,,,,,,,0.6389,36,-2.0,-2.0,0.1217,,,,,,0.6667,15,2.0,2.0,0.261,0.6226,53,-1.0,-1.0,-0.31,,,,,,,,,,,,,,,,,,,,,0.6087,23,2.0,2.0,0.185,,,,,,,,,,,,,,,,0.6666,0.7505
CIBR,SPY,28,28,242,,,,,,0.8182,11,0.0,0.0,-0.8878,,,,,,0.8182,11,0.0,0.0,-0.9289,,,,,,,,,,,,,,,,,,,,,,,,,,,,,,,,,,,,0.6154,13,0.0,0.0,-0.7087,0.6585,41,-1.0,-1.0,0.2385,0.6667,12,3.0,3.0,-0.2575,0.6842,19,2.0,2.0,0.2215,,,,,,,,,,,,,,,,,,,,,,,,,,0.6,115,0.0,0.0,0.1767,0.7143,14,-2.0,-2.0,-0.196,0.7143,14,1.0,1.0,0.111,0.6667,15,-2.0,-2.0,-0.296,0.4519,0.5902
CIEG,QQQ,31,33,149,,,,,,,,,,,,,,,,,,,,,,,,,,,,,,,,,,,,,,,,,,,,,,,,,,,,,,,,,,,,,0.6,10,1.0,1.0,1.775,,,,,,,,,,,,,,,,,,,,,,,,,,,,,,,,,,,,,,,,,0.7857,14,-2.0,-2.0,-1.5218,0.6667,36,0.0,1.0,1.9625,,,,,,0.8222,3.7891
CIEN,SOXX,40,40,339,,,,,,0.7273,11,0.0,0.0,-3.175,,,,,,0.7273,11,0.0,0.0,-3.7275,,,,,,,,,,,,,,,,,,,,,,,,,,,,,,,,,,,,,,,,,0.6667,27,-4.0,-4.0,0.5278,,,,,,0.6774,31,2.0,2.0,0.4771,0.6364,33,-3.0,-3.0,-0.7738,,,,,,,,,,,,,,,,,,,,,0.6731,52,3.0,4.0,0.296,0.6522,23,-4.0,-4.0,-0.4807,0.6383,47,-2.0,-1.0,1.1403,0.65,40,-5.0,-4.0,-0.6708,0.8496,0.7157
CIFG,QQQ,15,22,36,,,,,,,,,,,,,,,,,,,,,,,,,,,,,,,,,,,,,,,,,,,,,,,,,,,,,,,,,,,,,,,,,,,,,,,,,,,,,,,,,,,,,,,,,,,,,,,,,,,,,,,,,,,,,,,,,,,,,,,,,0.8399,5.5799
CIFR,SPY,40,40,437,,,,,,,,,,,,,,,,,,,,,,,,,,,,,,,,,,,,,,,,,,,,,,0.7,20,0.0,0.0,-2.1114,,,,,,0.6,20,0.0,0.0,-3.4233,0.62,50,0.0,1.0,0.6426,0.7308,26,-4.0,-4.0,-0.5611,0.6071,28,5.0,6.0,0.7871,0.6571,35,-2.0,-2.0,-1.0348,,,,,,,,,,,,,,,,,,,,,,,,,,0.6538,26,-2.0,-2.0,-0.5753,,,,,,,,,,,0.7264,4.0133
CIFU,QQQ,11,20,44,,,,,,,,,,,,,,,,,,,,,,,,,,,,,,,,,,,,,,,,,,,,,,,,,,,,,,,,,,,,,,,,,,,,,,,,,,,,,,,,,,,,,,,,,,,,,,,,,,,,,,,,,,,,,,,,,,,,,,,,,0.8362,4.7383
CIG,XLU,25,25,212,,,,,,0.6,10,0.0,0.0,-0.235,,,,,,,,,,,,,,,,,,,,,,,,,,,,,,,,,,,,,,,,,,,,,,,,,,,,,,,,0.7333,135,-2.0,0.0,-0.1547,,,,,,0.7184,103,-1.0,0.0,-0.1704,,,,,,,,,,,,,,,,,,,,,,,,,,0.6867,166,-1.0,1.0,-0.1378,,,,,,0.76,25,1.0,1.0,-0.1895,0.4538,0.9239
CIIT,XLF,24,27,248,,,,,,,,,,,,,,,,,,,,,,,,,,,,,,,,,,,,,,,,,,,,,,,,,,,,,,,,,,,,,,,,,,0.6452,62,15.0,15.0,-6.1723,,,,,,,,,,,,,,,,,,,,,,,,,,,,,,,,,,,,0.6724,116,-1.0,0.0,-3.1764,,,,,,0.641,117,-1.0,0.0,-5.8793,-0.0243,-0.4819
CING,QQQ,17,24,106,,,,,,,,,,,,,,,,,,,,,,,,,,,,,,,,,,,,,,,,,,,,,,,,,,,,,,,,,,,,,,,,,,,,,,,,,,,,,,,,,,,,,,,,,,,,,,,,,,,,,0.619,21,-1.0,-1.0,1.86,,,,,,,,,,,0.7273,11,1.0,1.0,-0.895,0.5891,0.5088
CION,XLF,10,11,145,,,,,,,,,,,,,,,,,,,,,,,,,,,,,,,,,,,,,,,,,,,,,,,,,,,,,,,,,,,,,,,,,,0.7174,92,-2.0,2.0,-0.265,,,,,,0.6885,61,-2.0,0.0,-0.3952,,,,,,,,,,,,,,,,,,,,,,,,,,0.7627,59,0.0,0.0,-0.2473,,,,,,0.6292,89,-1.0,0.0,-0.3368,0.5231,0.7099
CIRC,QQQ,27,30,241,,,,,,,,,,,,,,,,,,,,,,,,,,,,,,,,,,,,,,,,,,,,,,,,,,,,,,,,,,,,,0.6,10,-7.0,-7.0,2.4767,0.6829,41,15.0,15.0,-5.3725,0.7692,13,-7.0,-7.0,3.52,0.8182,11,6.0,6.0,-3.0356,,,,,,,,,,,,,,,,,,,,,,,,,,0.6667,54,1.0,2.0,-2.145,0.7,10,-3.0,-3.0,39.5171,0.6,15,2.0,2.0,-3.4211,0.3659,1.2341
CISS,SPY,12,28,71,,,,,,,,,,,,,,,,,,,,,,,,,,,,,,,,,,,,,,,,,,,,,,,,,,,,,,,,,,,,,,,,,,,,,,,,,,,,0.8333,12,-15.0,-15.0,-4.205,,,,,,,,,,,,,,,,,,,,,,,,,,0.6053,38,-1.0,0.0,-2.2487,,,,,,,,,,,0.1084,0.5449
CL,XLP,20,20,240,0.7,10,-1.0,-1.0,0.8171,,,,,,0.7,10,-1.0,-1.0,1.1186,,,,,,,,,,,,,,,,,,,,,,,,,,,,,,,,,,,,,,,,,,,,,,,,,,,0.75,24,-2.0,-2.0,-0.1111,0.6,20,2.0,2.0,0.2892,0.6538,52,-3.0,-2.0,-0.1912,,,,,,,,,,,,,,,,,,,,,,,,,,0.62,50,-2.0,-2.0,-0.1103,,,,,,0.7,50,-2.0,-2.0,-0.1483,0.7286,1.0499
CLBT,IGV,20,20,234,,,,,,,,,,,,,,,,,,,,,,,,,,,,,,,,,,,,,,,,,,,,,,,,,,,,,,,,,,,,,0.7,10,3.0,3.0,0.3157,0.6538,26,1.0,1.0,-0.3012,,,,,,0.6316,57,0.0,1.0,-0.525,,,,,,,,,,,,,,,,,,,,,,,,,,0.6667,45,-1.0,-1.0,-0.2117,0.6316,19,1.0,1.0,0.4767,0.6154,13,-4.0,-4.0,-0.4463,0.7371,0.7986
CLDI,IWM,34,40,285,,,,,,,,,,,,,,,,,,,,,,,,,,,,,,,,,,,,,,,,,,,,,,0.7407,27,-1.0,0.0,-1.7375,,,,,,0.8125,16,0.0,0.0,-1.9123,0.7273,11,-5.0,-5.0,0.375,0.6875,16,-1.0,-1.0,-0.7964,,,,,,0.6923,13,-7.0,-7.0,-0.9267,,,,,,,,,,,,,,,,,,,,,,,,,,0.6216,37,1.0,1.0,-1.2717,,,,,,0.6,40,1.0,1.0,-1.9025,0.3659,1.0246
CLF,XLB,40,40,299,,,,,,0.65,20,-1.0,0.0,-1.5085,,,,,,0.9,10,0.0,0.0,-1.5722,,,,,,,,,,,,,,,,,,,,,,,,,,,,,,,,,,,,,,,,,0.6111,18,-3.0,-3.0,0.3318,0.6061,33,2.0,3.0,-0.372,0.6349,63,0.0,1.0,0.7873,0.6071,28,-2.0,-2.0,-0.5006,,,,,,,,,,,,,,,,,,,,,,,,,,0.64,25,-2.0,-2.0,-0.2775,0.6279,86,0.0,0.0,0.768,0.6349,63,-1.0,-1.0,-0.7362,0.8133,2.1988
CLIK,IWM,13,26,57,,,,,,,,,,,,,,,,,,,,,,,,,,,,,,,,,,,,,,,,,,,,,,,,,,,,,,,,,,,,,,,,,,,,,,,,,,,,,,,,,,,,,,,,,,,,,,,,,,,,,,,,,,0.6471,17,0.0,0.0,-1.6918,,,,,,0.6562,32,-1.0,0.0,-2.4919,0.358,1.2933
CLM,SPY,38,39,214,0.7857,14,-1.0,-1.0,0.3109,,,,,,0.8108,37,-1.0,0.0,0.359,,,,,,,,,,,,,,,,,,,,,,,,,,0.6562,32,-1.0,0.0,0.3395,,,,,,0.8182,33,-1.0,0.0,0.3526,,,,,,,,,,,0.6146,96,0.0,0.0,-0.0737,,,,,,,,,,,,,,,,,,,,,,,,,,,,,,,0.8,10,1.0,1.0,0.1475,0.6163,86,-2.0,-1.0,-0.0758,,,,,,0.7857,14,-2.0,-2.0,-0.4091,0.7466,0.4993
CLNE,XLE,20,20,208,,,,,,,,,,,,,,,,,,,,,,,,,,,,,,,,,,,,,,,,,,,,,,,,,,,,,,,,,,,,,,,,,,0.7194,139,-2.0,4.0,-0.2915,0.8,10,3.0,3.0,0.7788,0.6454,141,-4.0,1.0,-0.4588,,,,,,,,,,,,,,,,,,,,,,,,,,0.7188,64,-2.0,-1.0,-0.2574,,,,,,0.6429,84,-3.0,-1.0,-0.5359,0.5142,0.3255
CLOU,SPY,13,14,100,,,,,,,,,,,,,,,,,,,,,,,,,,,,,,,,,,,,,,,,,,,,,,,,,,,,,,,,,,,,,0.7143,21,-2.0,-1.0,0.288,,,,,,,,,,,0.6667,12,0.0,0.0,-0.5375,,,,,,,,,,,,,,,,,,,,,0.6786,28,-1.0,-1.0,0.3037,,,,,,,,,,,,,,,,0.1083,0.206
CLOV,IWM,38,38,277,0.7,10,0.0,0.0,2.3143,,,,,,0.7,10,0.0,0.0,2.28,0.8182,11,-1.0,-1.0,-0.9022,,,,,,,,,,,,,,,,,,,,,0.625,32,-1.0,0.0,2.2595,,,,,,,,,,,0.6923,13,-1.0,-1.0,-0.9333,,,,,,0.642,81,-4.0,-2.0,-0.3475,0.7333,15,2.0,2.0,0.7918,0.64,25,-2.0,-2.0,-0.6831,,,,,,,,,,,,,,,,,,,,,,,,,,0.6183,131,0.0,1.0,-0.3988,,,,,,0.6383,94,-1.0,-1.0,-0.7228,0.397,0.5163
CLPT,IWM,24,27,156,,,,,,,,,,,,,,,,0.6364,11,-1.0,-1.0,-2.1471,,,,,,,,,,,,,,,,,,,,,,,,,,,,,,,,,,,,0.7,10,-1.0,-1.0,-2.2386,0.6,15,-1.0,-1.0,2.7322,0.7,10,-4.0,-4.0,-0.5329,0.8,10,-1.0,-1.0,5.7688,0.8182,11,0.0,0.0,-0.9989,,,,,,,,,,,,,,,,,,,,,,,,,,0.6286,35,0.0,0.0,-0.6982,,,,,,,,,,,0.8852,1.9398
CLS,XLK,40,40,298,,,,,,,,,,,,,,,,,,,,,,,,,,,,,,,,,,,,,,,,,,,,,,,,,,,,,,,,,,,,,0.6071,28,0.0,0.0,0.4747,,,,,,0.6176,34,0.0,0.0,0.7224,0.6,10,-7.0,-7.0,-1.1533,,,,,,,,,,,,,,,,,,,,,0.6818,44,0.0,0.0,0.4587,,,,,,0.7179,39,1.0,1.0,0.6639,,,,,,0.9162,1.4316
CLSK,SPY,40,40,465,,,,,,,,,,,,,,,,,,,,,,,,,,,,,,,,,,,,,,,,,0.6667,15,-1.0,-1.0,2.159,0.6,20,0.0,0.0,-2.6425,0.6667,15,-1.0,-1.0,2.325,,,,,,,,,,,0.7237,76,-4.0,-2.0,-0.5467,0.75,16,4.0,4.0,1.0925,0.6538,52,-3.0,-2.0,-0.8691,,,,,,,,,,,,,,,,,,,,,,,,,,,,,,,,,,,,,,,,,0.8089,3.5363
CLSX,QQQ,27,33,101,,,,,,,,,,,,,,,,,,,,,,,,,,,,,,,,,,,,,,,,,,,,,,0.6,10,0.0,0.0,-3.4417,,,,,,,,,,,,,,,,,,,,,,,,,,,,,,,,,,,,,,,,,,,,,,,,,,,0.6,15,0.0,0.0,5.1689,,,,,,0.6364,11,1.0,1.0,1.1329,,,,,,0.8503,4.5358
CLVT,SPY,12,12,247,,,,,,,,,,,,,,,,,,,,,,,,,,,,,,,,,,,,,,,,,,,,,,,,,,,,,,,,,,,,,,,,,,0.7073,82,1.0,4.0,-0.4391,0.6,20,2.0,2.0,1.17,0.6538,52,0.0,1.0,-0.7065,,,,,,,,,,,,,,,,,,,,,,,,,,0.7416,89,-1.0,-1.0,-0.5383,,,,,,0.6,85,-1.0,-1.0,-1.0275,-0.0261,-0.0553
CLWT,XLI,10,20,61,,,,,,,,,,,,,,,,,,,,,,,,,,,,,,,,,,,,,,,,,,,,,,,,,,,,,,,,,,,,,,,,,,,,,,,,,,,,0.7222,18,15.0,15.0,-8.0369,,,,,,,,,,,,,,,,,,,,,,,,,,,,,,,,,,,,,,,,,-0.1679,-0.791
CLX,XLP,29,29,241,0.6154,13,0.0,0.0,0.7988,0.8333,12,-1.0,-1.0,-1.458,,,,,,0.75,12,-1.0,-1.0,-1.3889,,,,,,,,,,,,,,,,,,,,,,,,,,,,,,,,,,,,,,,,,0.6429,14,-4.0,-4.0,0.1633,0.6,80,0.0,1.0,-0.2156,,,,,,0.6667,39,0.0,0.0,-0.3862,,,,,,,,,,,,,,,,,,,,,,,,,,0.7,10,2.0,2.0,-0.2986,,,,,,0.8,10,2.0,2.0,-0.3212,0.7819,1.0978
CLYM,IWM,10,11,188,,,,,,,,,,,,,,,,,,,,,,,,,,,,,,,,,,,,,,,,,,,,,,,,,,,,,,,,,,,,,0.6,10,4.0,4.0,0.4533,0.8,15,2.0,2.0,-0.6,0.65,20,-1.0,-1.0,1.0585,0.6,20,1.0,1.0,-0.9017,,,,,,,,,,,,,,,,,,,,,0.6154,13,-2.0,-2.0,0.5713,0.6562,32,1.0,1.0,-0.4595,,,,,,0.66,50,0.0,0.0,-0.9597,0.7032,1.287
CMBT,SPY,32,33,219,,,,,,,,,,,,,,,,,,,,,,,,,,,,,,,,,,,,,,,,,0.6154,13,-1.0,-1.0,0.7325,0.7333,15,0.0,0.0,-0.6,,,,,,0.625,16,0.0,0.0,-0.969,,,,,,0.6789,109,-4.0,0.0,-0.2042,,,,,,0.6522,46,-2.0,-1.0,-0.2837,,,,,,,,,,,,,,,,,,,,,,,,,,0.6381,105,0.0,1.0,-0.1931,,,,,,0.6,100,0.0,0.0,-0.2547,0.1063,0.224
CMCSA,KWEB,40,40,325,0.6667,21,0.0,0.0,0.5993,0.6667,12,-1.0,-1.0,-0.8225,,,,,,,,,,,,,,,,,,,,,,,,,,,,,,,,,,,,,,,,,,,,,,,,,,,,,,,,0.675,40,-2.0,-2.0,-0.1844,0.6,10,-3.0,-3.0,0.5067,0.7391,23,2.0,2.0,-0.2971,,,,,,,,,,,,,,,,,,,,,,,,,,0.6667,36,2.0,3.0,-0.21,,,,,,0.6174,115,-1.0,0.0,-0.3154,-0.0782,-0.0365
CME,XLF,30,30,250,0.6111,18,0.0,0.0,1.0727,,,,,,0.6111,18,0.0,0.0,1.2609,,,,,,,,,,,,,,,,,,,,,,,,,,,,,,,,,,,,,,,,,,,,,,,,,,,0.6333,30,-2.0,-2.0,-0.1911,,,,,,0.6286,35,-4.0,-3.0,-0.3305,,,,,,,,,,,,,,,,,,,,,,,,,,0.6429,14,-2.0,-2.0,-0.1822,,,,,,0.6338,71,-1.0,-1.0,-0.2582,0.2351,0.3246
CMG,XLY,40,40,276,,,,,,,,,,,,,,,,,,,,,,,,,,,,,,,,,,,,,,,,,,,,,,,,,,,,,,,,,,,,,,,,,,0.6415,53,2.0,3.0,-0.1535,,,,,,0.6286,35,-1.0,-1.0,-0.3755,,,,,,,,,,,,,,,,,,,,,0.75,12,-3.0,-3.0,0.1811,0.6897,29,-2.0,-2.0,-0.185,,,,,,,,,,,0.3967,0.4451
CMI,XLI,16,16,231,,,,,,,,,,,,,,,,,,,,,,,,,,,,,,,,,,,,,,,,,,,,,,,,,,,,,,,,,,,,,0.617,47,1.0,2.0,0.2293,0.6071,28,3.0,3.0,-0.1665,,,,,,0.6667,15,-3.0,-3.0,-0.507,,,,,,,,,,,,,,,,,,,,,,,,,,0.6429,42,1.0,1.0,-0.2111,,,,,,0.625,24,-2.0,-2.0,-0.292,0.8019,1.9094
CMND,SPY,23,35,100,,,,,,,,,,,,,,,,,,,,,,,,,,,,,,,,,,,,,,,,,,,,,,,,,,,,,,,,,,,,,,,,,,0.619,21,15.0,15.0,-7.3523,,,,,,0.619,21,15.0,15.0,-9.3762,,,,,,,,,,,,,,,,,,,,,,,,,,,,,,,,,,,,0.6216,37,0.0,0.0,-3.9943,-0.0424,-0.2866
CMP,XLB,12,15,127,,,,,,,,,,,,,,,,,,,,,,,,,,,,,,,,,,,,,,,,,,,,,,,,,,,,,,,,,,,,,,,,,,0.6522,23,1.0,2.0,-0.3673,,,,,,0.6,10,2.0,2.0,-0.5267,,,,,,,,,,,,,,,,,,,,,,,,,,0.6,55,-1.0,0.0,-0.3264,,,,,,0.6154,26,-1.0,-1.0,-0.4906,0.7267,1.6067
CMPS,IWM,40,40,271,,,,,,1.0,11,0.0,0.0,-2.1918,,,,,,0.9,10,0.0,0.0,-2.1167,,,,,,,,,,,,,,,,,,,,,,,,,,0.7143,14,-1.0,-1.0,-2.373,,,,,,,,,,,,,,,,0.6957,46,-2.0,-1.0,-0.6091,,,,,,0.6667,48,-2.0,-1.0,-1.1003,,,,,,,,,,,,,,,,,,,,,,,,,,0.6565,131,0.0,1.0,-0.5064,0.6471,17,-2.0,-2.0,0.7018,0.6667,42,1.0,1.0,-0.9289,0.6718,1.2053
CMPX,XBI,35,36,247,,,,,,,,,,,0.6,10,-1.0,-1.0,0.9683,,,,,,,,,,,,,,,,,,,,,,,,,,,,,,,,,,,,,,,,,,,,,,,,,,,0.6111,36,-4.0,-3.0,-0.2295,,,,,,0.6562,32,-1.0,-1.0,-0.6181,,,,,,,,,,,,,,,,,,,,,,,,,,0.6383,47,-2.0,-1.0,-0.4293,,,,,,0.6842,19,-2.0,-2.0,-0.7415,0.6848,0.7554
CMRC,IGV,12,12,142,,,,,,,,,,,,,,,,,,,,,,,,,,,,,,,,,,,,,,,,,,,,,,,,,,,,,,,,,,,,,,,,,,0.6538,26,2.0,3.0,-0.3576,0.6667,15,2.0,2.0,1.279,0.75,16,1.0,1.0,-0.57,,,,,,,,,,,,,,,,,,,,,0.7,10,3.0,3.0,0.4129,0.68,25,0.0,0.0,-0.4312,,,,,,0.6071,28,0.0,0.0,-0.5829,0.1898,0.116
CMTL,XLK,14,16,139,,,,,,,,,,,,,,,,,,,,,,,,,,,,,,,,,,,,,,,,,,,,,,,,,,,,,,,,,,,,,,,,,,0.625,24,-1.0,0.0,-0.624,0.75,12,-1.0,-1.0,1.0256,0.6,10,0.0,0.0,-0.9983,,,,,,,,,,,,,,,,,,,,,,,,,,0.6667,15,-2.0,-2.0,-0.625,0.7692,13,-1.0,-1.0,1.205,0.6154,13,-3.0,-3.0,-0.8213,0.4423,0.4269
CNC,IHF,26,26,243,0.6,10,0.0,0.0,0.9833,,,,,,0.7,10,0.0,0.0,0.9371,,,,,,,,,,,,,,,,,,,,,,,,,,,,,,,,,,,,,,,,,,,,,,0.6296,27,2.0,3.0,0.2047,0.6042,48,0.0,0.0,-0.2055,0.6222,45,1.0,2.0,0.2771,,,,,,,,,,,,,,,,,,,,,,,,,,,,,,,0.6071,28,1.0,1.0,-0.1553,,,,,,,,,,,0.6746,0.863
CNDT,IWM,10,11,147,,,,,,,,,,,,,,,,,,,,,,,,,,,,,,,,,,,,,,,,,,,,,,,,,,,,,,,,,,,,,,,,,,0.7193,57,-2.0,1.0,-0.5224,,,,,,0.8182,33,0.0,1.0,-0.9204,,,,,,,,,,,,,,,,,,,,,,,,,,0.6535,101,-1.0,1.0,-0.5474,,,,,,0.6364,44,-1.0,-1.0,-0.77,0.3577,0.5098
CNEY,IWM,12,22,101,,,,,,,,,,,,,,,,,,,,,,,,,,,,,,,,,,,,,,,,,,,,,,,,,,,,,,,,,,,,,,,,,,0.6,25,-15.0,-15.0,-1.3113,,,,,,,,,,,,,,,,,,,,,,,,,,,,,,,,,,,,,,,,,,,,,,,,,,,0.1973,0.8553
CNH,XLI,21,21,236,0.7,10,0.0,0.0,1.04,,,,,,0.7,10,0.0,0.0,1.2443,,,,,,,,,,,,,,,,,,,,,,,,,,,,,,,,,,,,,,,,,,,,,,,,,,,0.65,40,1.0,1.0,-0.2769,0.6154,13,3.0,3.0,0.5737,,,,,,,,,,,,,,,,,,,,,,,,,,,,,,,,,,,,,,,,,,,,,,0.7729,1.0101
CNQ,XLE,36,36,252,,,,,,,,,,,0.6364,11,0.0,0.0,0.6129,,,,,,,,,,,,,,,,,,,,,,,,,,,,,,,,,,,,0.6,10,0.0,0.0,0.715,,,,,,0.6,15,-3.0,-3.0,0.1678,0.6071,28,2.0,2.0,-0.1659,0.6923,26,2.0,2.0,0.2294,,,,,,,,,,,,,,,,,,,,,,,,,,,,,,,,,,,,0.619,21,2.0,2.0,0.3192,,,,,,0.8809,1.1461
CNR,IWM,12,13,147,,,,,,,,,,,,,,,,,,,,,,,,,,,,,,,,,,,,,,,,,,,,,,,,,,,,,,,,,,,,,0.7368,19,1.0,1.0,0.2664,0.6667,18,2.0,2.0,-0.3167,,,,,,0.6,20,1.0,1.0,-0.305,,,,,,,,,,,,,,,,,,,,,0.6842,19,1.0,1.0,0.2223,,,,,,,,,,,0.6667,15,-2.0,-2.0,-0.491,0.0574,0.0772
CNTN,IWM,29,30,160,,,,,,,,,,,,,,,,,,,,,,,,,,,,,,,,,,,,,,,,,,,,,,0.6,15,0.0,0.0,-2.6256,,,,,,,,,,,0.75,12,0.0,0.0,0.6389,0.9,10,2.0,2.0,-0.8144,0.6522,23,-1.0,0.0,1.114,0.6667,21,2.0,3.0,-1.42,,,,,,,,,,,,,,,,,,,,,,,,,,0.6522,23,1.0,1.0,-0.838,,,,,,0.6667,27,1.0,1.0,-1.1744,0.4847,1.359
CNTX,IWM,28,33,221,,,,,,,,,,,,,,,,,,,,,,,,,,,,,,,,,,,,,,,,,,,,,,,,,,,,,,,,0.6429,14,0.0,0.0,-3.1878,0.6429,14,-3.0,-3.0,0.4389,0.6923,26,1.0,2.0,-0.6806,0.6471,17,-3.0,-3.0,0.66,0.6571,35,-2.0,-1.0,-1.0283,,,,,,,,,,,,,,,,,,,,,,,,,,0.7,10,-2.0,-2.0,-0.9986,,,,,,0.6053,38,1.0,1.0,-1.9043,0.2219,0.5196
CNX,XLE,16,16,225,,,,,,,,,,,,,,,,,,,,,,,,,,,,,,,,,,,,,,,,,,,,,,,,,,,,,,,,,,,,,,,,,,0.7143,28,1.0,1.0,-0.215,,,,,,,,,,,,,,,,,,,,,,,,,,,,,,,,,,,,0.6038,53,-1.0,-1.0,-0.1938,0.6316,19,2.0,2.0,0.2375,0.6,10,-3.0,-3.0,-0.4583,0.4409,0.3241
CNXC,IGV,10,10,209,,,,,,,,,,,,,,,,,,,,,,,,,,,,,,,,,,,,,,,,,,,,,,,,,,,,,,,,,,,,,,,,,,0.6757,74,-2.0,1.0,-0.9194,0.6364,11,-2.0,-2.0,0.4486,0.6667,18,1.0,1.0,-0.7467,,,,,,,,,,,,,,,,,,,,,0.6,15,-3.0,-3.0,0.4844,0.6806,72,0.0,2.0,-0.9402,0.6429,14,-3.0,-3.0,0.4333,0.6316,19,1.0,1.0,-0.7033,0.6704,0.8687
CNXT,QQQ,11,25,43,,,,,,,,,,,,,,,,,,,,,,,,,,,,,,,,,,,,,,,,,,,,,,,,,,,,,,,,,,,,,,,,,,,,,,,,,,,,,,,,,,,,,,,,,,,,,,,,,,,,,,,,,,,,,,,,,,,,,,,,,0.6798,1.6549
CODX,IHI,18,33,149,,,,,,,,,,,,,,,,,,,,,,,,,,,,,,,,,,,,,,,,,,,,,,,,,,,,,,,,,,,,,,,,,,0.6207,29,15.0,15.0,-2.2289,,,,,,,,,,,,,,,,,,,,,,,,,,,,,,,,,,,,0.6786,56,-1.0,1.0,-1.7011,,,,,,,,,,,0.0487,0.2622
COF,XLF,27,27,242,,,,,,,,,,,0.6154,13,0.0,0.0,1.1425,0.6,10,-1.0,-1.0,-0.8633,,,,,,,,,,,,,,,,,,,,,,,,,,,,,,,,,,,,,,,,,0.6098,41,-1.0,-1.0,0.248,0.6082,97,0.0,1.0,-0.1617,0.6341,41,-1.0,-1.0,0.2277,0.7,10,3.0,3.0,-0.3057,,,,,,,,,,,,,,,,,,,,,,,,,,0.6429,14,-2.0,-2.0,-0.1733,,,,,,0.6429,14,-2.0,-2.0,-0.1644,0.6873,1.1347
COGT,XBI,22,22,231,,,,,,,,,,,,,,,,,,,,,,,,,,,,,,,,,,,,,,,,,,,,,,,,,,,,,,,,,,,,,0.6897,29,0.0,0.0,0.2615,0.6667,18,3.0,3.0,-0.3417,,,,,,0.6552,29,-1.0,-1.0,-0.5889,,,,,,,,,,,,,,,,,,,,,0.6957,23,-2.0,-2.0,0.1975,0.7,10,3.0,3.0,-0.3,0.6364,11,-3.0,-3.0,0.3471,,,,,,0.8089,0.9503
COHH,QQQ,27,32,96,,,,,,,,,,,,,,,,,,,,,,,,,,,,,,,,,,,,,,,,,,,,,,,,,,,0.7,10,-1.0,-1.0,7.8743,,,,,,,,,,,,,,,,0.7273,11,-15.0,-15.0,1.8975,,,,,,,,,,,,,,,,,,,,,,,,,,0.8,20,-1.0,-1.0,1.76,0.625,24,0.0,1.0,-1.7367,,,,,,,,,,,0.7983,4.9929
COHR,SMH,40,40,523,,,,,,,,,,,,,,,,,,,,,,,,,,,,,,,,,,,,,,,,,,,,,,,,,,,,,,,,,,,,,0.6304,46,4.0,5.0,0.46,0.6875,16,-5.0,-5.0,-0.4873,0.7586,29,-9.0,-8.0,0.8727,0.6102,59,-4.0,-3.0,-0.7514,,,,,,,,,,,,,,,,,,,,,0.7333,15,4.0,4.0,0.4945,0.65,40,-2.0,-2.0,-0.4635,0.6098,41,2.0,2.0,0.6572,0.7,10,-7.0,-7.0,-0.8657,0.8743,1.0938
COHU,SOXX,29,32,219,,,,,,,,,,,,,,,,,,,,,,,,,,,,,,,,,,,,,,,,,,,,,,,,,,,,,,,,,,,,,0.6364,11,3.0,3.0,0.5743,0.72,25,-1.0,0.0,-0.3467,0.6591,44,3.0,5.0,0.8686,0.6111,18,-1.0,-1.0,-0.4509,,,,,,,,,,,,,,,,,,,,,0.8333,12,2.0,2.0,0.494,0.619,21,3.0,3.0,-0.5377,0.6818,22,4.0,4.0,0.5787,0.7083,24,-5.0,-4.0,-0.7018,0.9252,1.047
COHX,QQQ,40,40,255,,,,,,,,,,,,,,,,,,,,,,,,,,,,,,,,,,,,,,,,,,,,,,0.8462,13,0.0,0.0,-4.4773,,,,,,0.6154,13,0.0,0.0,-6.2313,,,,,,,,,,,0.75,24,-15.0,-15.0,1.7383,0.6875,16,0.0,0.0,-1.2682,,,,,,,,,,,,,,,,,,,,,,,,,,0.7,10,-3.0,-3.0,-0.7129,,,,,,0.6364,22,-2.0,-2.0,-2.0186,0.8207,4.8831
COIG,SPY,17,32,31,,,,,,,,,,,,,,,,,,,,,,,,,,,,,,,,,,,,,,,,,,,,,,0.8182,11,0.0,0.0,-3.0567,,,,,,,,,,,,,,,,,,,,,,,,,,,,,,,,,,,,,,,,,,,,,,,,,,,,,,,,,,,,,,,,,,,,,,,0.5961,4.8863
COIN,IBIT,40,40,520,,,,,,0.6364,11,-1.0,-1.0,-0.9471,,,,,,,,,,,,,,,,,,,,,,,,,,,,,,,,,,,,,,,,,,,,,,,,,,,0.6667,39,2.0,2.0,0.4135,0.6667,45,1.0,1.0,-0.407,,,,,,0.6239,117,-2.0,-1.0,-0.4673,,,,,,,,,,,,,,,,,,,,,0.6,15,3.0,3.0,0.2511,0.6,30,2.0,2.0,-0.3228,,,,,,0.6429,70,-1.0,-1.0,-0.6591,0.7752,0.8032
COIW,SPY,23,29,41,,,,,,,,,,,,,,,,,,,,,,,,,,,,,,,,,,,,,,,,,,,,,,0.6154,13,0.0,0.0,-1.82,,,,,,,,,,,,,,,,,,,,,,,,,,,,,,,,,,,,,,,,,,,,,,,,,,,0.6875,16,0.0,0.0,0.6191,,,,,,,,,,,0.7,10,-1.0,-1.0,-0.4186,0.6529,2.847
COLD,IWM,13,13,234,,,,,,,,,,,,,,,,,,,,,,,,,,,,,,,,,,,,,,,,,,,,,,,,,,,,,,,,,,,,,0.625,32,-2.0,-2.0,0.187,0.6761,71,0.0,0.0,-0.1677,,,,,,0.6471,34,1.0,1.0,-0.3327,,,,,,,,,,,,,,,,,,,,,,,,,,0.6218,119,0.0,1.0,-0.2035,,,,,,0.6875,16,-2.0,-2.0,-0.3127,0.4974,0.6121
COMP,IWM,26,26,246,0.7,10,-1.0,-1.0,0.7386,,,,,,0.6,10,-1.0,-1.0,1.1967,,,,,,,,,,,,,,,,,,,,,,,,,,0.9167,12,0.0,0.0,2.0445,,,,,,0.8333,12,0.0,0.0,2.328,,,,,,0.6957,23,-2.0,-2.0,0.3712,,,,,,0.6154,39,2.0,3.0,0.7458,0.75,12,5.0,5.0,-0.3111,,,,,,,,,,,,,,,,,,,,,0.6173,81,0.0,0.0,0.5336,0.6207,87,-1.0,-1.0,-0.5011,,,,,,0.6471,17,-2.0,-2.0,-0.9118,0.5802,1.2652
CONI,QQQ,24,37,73,,,,,,,,,,,,,,,,,,,,,,,,,,,,,,,,,,,,,,,,,0.6,10,-1.0,-1.0,2.445,,,,,,,,,,,,,,,,,,,,,,,,,,,,,,,,,,,,,,,,,,,,,,,,,,,,,,,,,,,,,0.6364,11,0.0,0.0,-1.4543,,,,,,0.6364,11,1.0,1.0,-1.3057,-0.5709,-2.2263
CONL,SPY,40,40,680,,,,,,,,,,,,,,,,,,,,,,,,,,,,,,,,,,,,,,,,,,,,,,0.6571,35,-1.0,0.0,-2.173,,,,,,,,,,,0.6667,15,-6.0,-6.0,0.724,0.6771,96,1.0,3.0,-0.518,0.6,15,-6.0,-6.0,1.0133,0.6667,54,2.0,3.0,-1.1442,,,,,,,,,,,,,,,,,,,,,,,,,,,,,,,,,,,,0.6021,284,0.0,0.0,-0.9349,0.6526,4.7748
CONY,SPY,40,40,227,,,,,,0.8182,11,-1.0,-1.0,-0.8933,,,,,,0.8182,11,-1.0,-1.0,-1.5167,,,,,,,,,,,,,,,,,,,,,,,,,,0.6571,35,-1.0,0.0,-0.9287,,,,,,0.65,20,0.0,0.0,-1.1646,0.6522,23,0.0,0.0,0.4307,0.6875,16,1.0,1.0,-0.46,0.6842,19,0.0,0.0,0.5385,0.6552,29,-1.0,-1.0,-0.3684,,,,,,,,,,,,,,,,,,,,,,,,,,0.6364,55,-1.0,-1.0,-0.2031,0.6154,13,1.0,1.0,0.29,,,,,,0.6069,1.9753
COP,XLE,34,34,261,,,,,,,,,,,,,,,,,,,,,,,,,,,,,,,,,,,,,,,,,,,,,,,,,,,,,,,,,,,,,,,,,,0.7,10,3.0,3.0,-0.14,0.7097,31,-2.0,-2.0,0.2418,0.6176,34,2.0,3.0,-0.2224,,,,,,,,,,,,,,,,,,,,,,,,,,0.6522,23,2.0,2.0,-0.1413,,,,,,0.6087,23,2.0,2.0,-0.2079,0.9235,1.2129
COPX,QQQ,39,39,303,0.6,10,-1.0,-1.0,0.4417,,,,,,,,,,,,,,,,,,,,,,,,,,,,,,,,,,,,0.6667,12,-1.0,-1.0,0.6412,,,,,,0.75,12,-1.0,-1.0,0.5389,,,,,,0.7727,22,3.0,3.0,0.2047,0.6,30,-2.0,-2.0,-0.2406,0.75,20,3.0,3.0,0.4227,0.641,78,-4.0,-2.0,-0.342,,,,,,,,,,,,,,,,,,,,,,,,,,0.6154,13,-3.0,-3.0,-0.21,,,,,,0.6724,58,-3.0,-2.0,-0.3859,0.6808,1.2078
COR,XLV,10,10,234,,,,,,,,,,,,,,,,,,,,,,,,,,,,,,,,,,,,,,,,,,,,,,,,,,,,,,,,,,,,,0.6071,28,-2.0,-2.0,0.1765,,,,,,,,,,,0.6207,29,-2.0,-2.0,-0.2094,,,,,,,,,,,,,,,,,,,,,,,,,,,,,,,,,,,,0.6176,34,1.0,1.0,-0.2724,0.6897,0.8229
CORD,IWM,40,40,370,,,,,,,,,,,,,,,,,,,,,,,,,,,,,,,,,,,,,,,,,0.6562,32,-1.0,0.0,3.8976,,,,,,,,,,,,,,,,0.75,12,2.0,2.0,1.3656,0.6129,31,-7.0,-6.0,-1.01,0.6786,28,5.0,6.0,1.7095,0.64,25,7.0,8.0,-1.2644,,,,,,,,,,,,,,,,,,,,,0.619,21,-2.0,-2.0,1.3162,,,,,,,,,,,,,,,,-0.5256,-3.8287
CORN,IWM,16,16,146,,,,,,,,,,,,,,,,,,,,,,,,,,,,,,,,,,,,,,,,,,,,,,,,,,,,,,,,,,,,,0.6346,52,0.0,1.0,0.1342,0.6471,17,-2.0,-2.0,-0.1,,,,,,0.7368,57,-2.0,-1.0,-0.1698,,,,,,,,,,,,,,,,,,,,,,,,,,0.9,10,-2.0,-2.0,-0.1333,,,,,,0.6122,49,0.0,1.0,-0.1823,-0.3022,-0.2307
CORZ,SPY,40,40,288,,,,,,,,,,,,,,,,,,,,,,,,,,,,,,,,,,,,,,,,,,,,,,0.7,20,0.0,0.0,-1.1321,,,,,,0.7,20,0.0,0.0,-1.7843,0.6667,24,2.0,2.0,0.3481,0.7273,33,3.0,4.0,-0.3775,0.6522,23,2.0,2.0,0.7567,0.6486,37,3.0,4.0,-0.5758,,,,,,,,,,,,,,,,,,,,,,,,,,0.6875,16,1.0,1.0,-0.6209,,,,,,0.6111,18,1.0,1.0,-0.6991,0.7453,2.8643
COSM,SPY,37,40,352,,,,,,,,,,,,,,,,,,,,,,,,,,,,,,,,,,,,,,,,,,,,,,,,,,,,,,,,,,,,,0.6111,18,-3.0,-3.0,1.19,0.7368,38,2.0,4.0,-1.4754,0.6667,21,-7.0,-6.0,1.935,0.6364,11,-8.0,-8.0,-1.0586,,,,,,,,,,,,,,,,,,,,,,,,,,0.6316,19,-2.0,-2.0,-1.6725,,,,,,0.6429,14,-2.0,-2.0,-2.03,0.1336,0.6141
COST,XLP,39,39,293,,,,,,,,,,,,,,,,0.6571,35,-1.0,0.0,-0.6661,,,,,,,,,,,,,,,,,,,,,,,,,,,,,,,,,,,,,,,,,0.6923,13,-5.0,-5.0,0.1544,0.6,30,-3.0,-2.0,-0.1289,0.75,12,-3.0,-3.0,0.2344,0.7619,21,-2.0,-2.0,-0.2294,,,,,,,,,,,,,,,,,,,,,0.6,10,2.0,2.0,0.145,,,,,,,,,,,,,,,,0.8772,1.0196
COTG,IWM,16,27,38,,,,,,,,,,,,,,,,,,,,,,,,,,,,,,,,,,,,,,,,,,,,,,,,,,,,,,,,,,,,,,,,,,,,,,,,,,,,,,,,,,,,,,,,,,,,,,,,,,,,,0.6,10,-1.0,-1.0,0.4233,,,,,,,,,,,,,,,,-0.5506,-0.9324
COTY,XLP,26,26,244,,,,,,,,,,,,,,,,,,,,,,,,,,,,,,,,,,,,,,,,,,,,,,,,,,,,,,,,,,,,,,,,,,0.6968,155,-4.0,1.0,-0.3089,0.6667,12,4.0,4.0,1.1362,0.7195,82,-3.0,-1.0,-0.4344,,,,,,,,,,,,,,,,,,,,,,,,,,0.6491,228,-2.0,2.0,-0.3209,,,,,,0.6549,113,0.0,2.0,-0.568,0.2247,0.3701
COUR,XLY,20,20,243,0.6429,14,0.0,0.0,2.1722,,,,,,0.6429,14,0.0,0.0,2.3456,,,,,,,,,,,,,,,,,,,,,,,,,,,,,,,,,,,,,,,,,,,,,,0.7,10,-4.0,-4.0,0.2614,0.78,50,1.0,2.0,-0.4008,,,,,,0.6806,144,-1.0,2.0,-0.5305,,,,,,,,,,,,,,,,,,,,,,,,,,0.6339,183,-1.0,2.0,-0.334,,,,,,0.6433,171,-1.0,1.0,-0.4895,0.4565,0.6602
CPB,XLP,39,39,260,0.6364,11,-1.0,-1.0,0.6629,,,,,,,,,,,0.6364,11,-1.0,-1.0,-0.7914,,,,,,,,,,,,,,,,,,,,,,,,,,,,,,,,,,,,,,,,,0.6667,15,-4.0,-4.0,0.159,0.6038,53,0.0,0.0,-0.2166,,,,,,0.6226,53,1.0,2.0,-0.3158,,,,,,,,,,,,,,,,,,,,,,,,,,0.6098,41,1.0,1.0,-0.2484,0.6,10,2.0,2.0,0.5267,0.6,65,0.0,0.0,-0.2746,0.7114,0.9224
CPER,IWM,29,31,199,,,,,,,,,,,,,,,,,,,,,,,,,,,,,,,,,,,,,,,,,0.6087,23,-1.0,0.0,0.4036,,,,,,0.7,10,-1.0,-1.0,0.47,,,,,,0.7083,24,1.0,1.0,0.1053,0.7308,26,-4.0,-3.0,-0.11,,,,,,0.68,25,-4.0,-3.0,-0.1424,,,,,,,,,,,,,,,,,,,,,,,,,,0.6207,29,1.0,1.0,-0.165,,,,,,,,,,,0.5033,0.7999
CPNG,SPY,40,40,367,0.619,21,-1.0,-1.0,1.7331,,,,,,0.619,21,-1.0,-1.0,2.4277,,,,,,,,,,,,,,,,,,,,,,,,,,,,,,,,,,,,,,,,,,,,,,0.6667,12,4.0,4.0,0.5075,0.6364,110,-1.0,0.0,-0.1653,0.6923,13,4.0,4.0,0.5111,0.6667,54,-1.0,-1.0,-0.3142,,,,,,,,,,,,,,,,,,,,,,,,,,0.6018,113,-1.0,-1.0,-0.1728,,,,,,0.6,20,1.0,1.0,-0.2625,0.279,0.4526
CPOP,SPY,27,30,312,,,,,,,,,,,,,,,,,,,,,,,,,,,,,,,,,,,,,,,,,0.6,10,-1.0,-1.0,15.0683,,,,,,,,,,,0.6667,12,0.0,0.0,-6.5563,,,,,,0.8571,21,-1.0,0.0,-1.2383,0.6364,11,-1.0,-1.0,2.4729,0.6515,66,-15.0,-15.0,-1.6547,,,,,,,,,,,,,,,,,,,,,,,,,,0.6306,111,0.0,0.0,-1.3676,,,,,,0.633,218,-1.0,0.0,-4.5231,0.2367,4.0823
CPRT,XLY,32,32,254,,,,,,,,,,,,,,,,,,,,,,,,,,,,,,,,,,,,,,,,,,,,,,,,,,,,,,,,,,,,,,,,,,0.6353,85,0.0,1.0,-0.207,,,,,,0.6744,43,-1.0,-1.0,-0.2948,,,,,,,,,,,,,,,,,,,,,,,,,,0.63,100,0.0,1.0,-0.1694,,,,,,0.7188,32,1.0,1.0,-0.3852,0.3366,0.2827
CPRX,IWM,10,10,174,,,,,,,,,,,,,,,,,,,,,,,,,,,,,,,,,,,,,,,,,,,,,,,,,,,,,,,,,,,,,,,,,,0.7483,151,-1.0,0.0,-0.0072,,,,,,0.6937,160,-1.0,0.0,-0.0097,,,,,,,,,,,,,,,,,,,,,,,,,,0.7357,140,-2.0,1.0,-0.007,,,,,,0.698,149,-2.0,1.0,-0.0098,0.1201,0.0062
CPSH,SPY,30,31,221,,,,,,,,,,,,,,,,,,,,,,,,,,,,,,,,,,,,,,,,,0.75,12,-1.0,-1.0,3.7778,0.8333,12,0.0,0.0,-3.857,,,,,,0.6429,14,0.0,0.0,-3.7389,0.625,24,15.0,15.0,2.6367,0.6364,11,-4.0,-4.0,-2.0571,0.6522,23,15.0,15.0,4.728,0.7273,11,-7.0,-7.0,-1.1038,,,,,,,,,,,,,,,,,,,,,,,,,,0.6,10,1.0,1.0,-1.65,,,,,,0.6667,12,1.0,1.0,-1.1775,0.608,2.7813
CQQQ,QQQ,16,16,228,,,,,,,,,,,,,,,,,,,,,,,,,,,,,,,,,,,,,,,,,,,,,,,,,,,,,,,,,,,,,0.641,39,-2.0,-2.0,0.0904,0.625,32,-1.0,-1.0,-0.1035,0.7143,14,-3.0,-3.0,0.063,0.9286,14,-5.0,-5.0,-0.1654,,,,,,,,,,,,,,,,,,,,,,,,,,0.6,10,2.0,2.0,-0.09,,,,,,0.6957,46,-3.0,-2.0,-0.1653,0.5838,1.098
CRBP,XBI,17,18,129,,,,,,,,,,,,,,,,,,,,,,,,,,,,,,,,,,,,,,,,,,,,,,,,,,,,,,,,,,,,,,,,,,0.6129,31,0.0,1.0,-0.3358,,,,,,0.7692,13,-2.0,-2.0,-0.524,,,,,,,,,,,,,,,,,,,,,0.7,10,-1.0,-1.0,0.3071,0.6364,33,0.0,0.0,-1.0343,,,,,,0.6452,31,0.0,0.0,-1.41,0.6633,0.8243
CRBU,SPY,20,21,221,,,,,,,,,,,,,,,,,,,,,,,,,,,,,,,,,,,,,,,,,,,,,,0.9091,11,0.0,0.0,-3.087,,,,,,0.6667,12,0.0,0.0,-3.8325,,,,,,0.6765,102,-2.0,2.0,-0.4217,,,,,,0.7,40,-3.0,-2.0,-0.74,,,,,,,,,,,,,,,,,,,,,,,,,,0.6684,196,-2.0,1.0,-0.495,,,,,,0.7071,99,0.0,0.0,-0.796,0.6093,1.104
CRCA,SPY,40,40,350,,,,,,,,,,,,,,,,,,,,,,,,,,,,,,,,,,,,,,,,,,,,,,,,,,,,,,,,0.6667,15,-1.0,-1.0,-4.025,0.6923,13,5.0,5.0,1.6733,0.7179,39,1.0,3.0,-0.7386,0.6154,13,5.0,5.0,2.2,0.9091,11,-7.0,-7.0,-1.368,,,,,,,,,,,,,,,,,,,,,,,,,,0.8125,16,-2.0,-2.0,-1.0346,,,,,,0.6471,17,-2.0,-2.0,-1.1245,0.6052,4.3757
CRCD,IWM,40,40,315,,,,,,,,,,,,,,,,,,,,,,,,,,,,,,,,,,,,,,,,,0.6154,13,-1.0,-1.0,4.0788,,,,,,0.6154,13,-1.0,-1.0,5.5187,,,,,,0.8,10,0.0,0.0,1.3275,,,,,,0.6154,13,4.0,4.0,1.7738,0.6,10,-7.0,-7.0,-0.9867,,,,,,,,,,,,,,,,,,,,,0.6,35,1.0,1.0,1.121,,,,,,,,,,,,,,,,-0.5818,-3.4484
CRCG,SPY,40,40,463,,,,,,,,,,,,,,,,,,,,,,,,,,,,,,,,,,,,,,,,,,,,,,0.6,35,-1.0,0.0,-4.0871,,,,,,0.6667,15,-1.0,-1.0,-4.06,0.75,16,-5.0,-5.0,0.53,0.9167,12,-8.0,-8.0,-0.8145,0.6667,12,6.0,6.0,1.1787,0.7879,33,-8.0,-6.0,-1.2715,,,,,,,,,,,,,,,,,,,,,,,,,,0.65,20,-2.0,-2.0,-0.9346,,,,,,0.6667,18,-2.0,-2.0,-0.8758,0.6048,4.2951
CRCL,IBIT,40,40,691,,,,,,,,,,,,,,,,,,,,,,,,,,,,,,,,,,,,,,,,,,,,,,0.6,10,-1.0,-1.0,-1.73,,,,,,0.6,10,-1.0,-1.0,-2.8267,0.6923,13,-7.0,-7.0,0.3533,0.622,127,-2.0,-1.0,-0.328,0.6154,39,2.0,2.0,0.7896,0.6667,54,1.0,1.0,-0.45,,,,,,,,,,,,,,,,,,,,,0.6842,19,3.0,3.0,0.2515,0.726,73,-3.0,-3.0,-0.2942,0.6,20,3.0,3.0,0.4717,0.6111,36,-4.0,-4.0,-0.6314,0.7163,0.7294
CRDF,IWM,23,25,182,,,,,,,,,,,,,,,,,,,,,,,,,,,,,,,,,,,,,,,,,0.7,10,0.0,0.0,2.7643,,,,,,,,,,,0.6,10,-1.0,-1.0,-5.2883,0.6,10,-15.0,-15.0,1.26,0.8182,11,-4.0,-4.0,-0.4078,,,,,,0.6667,36,0.0,2.0,-0.9304,,,,,,,,,,,,,,,,,,,,,,,,,,0.6383,47,-1.0,-1.0,-0.5797,,,,,,0.6667,99,-1.0,0.0,-0.9582,0.3003,0.6094
CRDL,SPY,15,24,98,,,,,,,,,,,,,,,,,,,,,,,,,,,,,,,,,,,,,,,,,,,,,,,,,,,,,,,,,,,,,,,,,,0.7857,14,0.0,0.0,-0.6318,,,,,,0.7368,19,0.0,0.0,-0.7707,,,,,,,,,,,,,,,,,,,,,,,,,,0.6552,58,-1.0,0.0,-0.4589,,,,,,0.6515,66,-1.0,0.0,-0.5577,0.4172,0.9184
CRDO,SOXX,40,40,503,,,,,,,,,,,,,,,,,,,,,,,,,,,,,,,,,,,,,,,,,,,,,,,,,,,,,,,,,,,,,0.64,25,4.0,4.0,0.4881,0.6,35,3.0,3.0,-0.3943,0.6909,55,0.0,1.0,0.9082,0.8462,13,6.0,6.0,-0.5091,,,,,,,,,,,,,,,,,,,,,0.675,40,-1.0,-1.0,0.7541,0.64,25,-5.0,-5.0,-0.5088,0.642,81,1.0,2.0,0.8948,0.6667,21,5.0,5.0,-0.7443,0.9304,1.1398
CRDU,QQQ,40,40,250,,,,,,,,,,,,,,,,,,,,,,,,,,,,,,,,,,,,,,,,,,,,,,0.6,10,0.0,0.0,-7.2067,,,,,,,,,,,0.7333,15,15.0,15.0,2.2718,,,,,,0.8824,17,15.0,15.0,2.2027,,,,,,,,,,,,,,,,,,,,,,,,,,0.6066,61,-1.0,-1.0,1.953,,,,,,,,,,,,,,,,0.7783,4.948
CRE,SPY,11,16,95,,,,,,,,,,,,,,,,,,,,,,,,,,,,,,,,,,,,,,,,,,,,,,,,,,,,,,,,,,,,,,,,,,0.7179,39,15.0,15.0,-5.6182,,,,,,0.6053,38,15.0,15.0,-8.3913,,,,,,,,,,,,,,,,,,,,,,,,,,0.6071,28,-1.0,-1.0,-5.8012,,,,,,,,,,,0.0198,0.1682
CREG,QQQ,21,30,158,,,,,,,,,,,,,,,,,,,,,,,,,,,,,,,,,,,,,,,,,,,,,,,,,,,,,,,,,,,,,,,,,,,,,,,,,,,,,,,,,,,,,,,,,,,,,,,,,,,,,,,,,,0.6129,31,-1.0,-1.0,-2.3295,,,,,,0.6129,31,-1.0,-1.0,-4.8695,0.0741,0.2594
CRF,SPY,29,33,198,0.75,28,-1.0,0.0,0.3348,,,,,,0.7407,27,-1.0,0.0,0.329,,,,,,,,,,,,,,,,,,,,,,,,,,0.75,16,0.0,0.0,0.3417,,,,,,0.6957,23,-1.0,0.0,0.3544,,,,,,,,,,,,,,,,,,,,,,,,,,,,,,,,,,,,,,,,,,,,,,,,,,,0.6,10,-2.0,-2.0,-0.1433,,,,,,0.7143,14,-2.0,-2.0,-0.277,0.6109,0.321
CRGY,XLE,34,34,243,0.7,10,-1.0,-1.0,0.93,,,,,,0.6,10,-1.0,-1.0,1.5367,,,,,,,,,,,,,,,,,,,,,,,,,,,,,,,,,,,,,,,,,,,,,,0.6,15,-3.0,-3.0,0.2478,0.6429,28,1.0,1.0,-0.1733,0.7273,11,-5.0,-5.0,0.355,0.6522,69,0.0,1.0,-0.496,,,,,,,,,,,,,,,,,,,,,,,,,,0.619,21,2.0,2.0,-0.1954,,,,,,,,,,,0.8696,1.6231
CRH,XLB,12,12,235,,,,,,,,,,,,,,,,,,,,,,,,,,,,,,,,,,,,,,,,,,,,,,,,,,,,,,,,,,,,,,,,,,,,,,,0.6053,38,-1.0,-1.0,0.3052,0.6727,55,1.0,2.0,-0.2281,,,,,,,,,,,,,,,,,,,,,0.6122,49,1.0,1.0,0.1687,,,,,,,,,,,0.6,50,1.0,1.0,-0.26,0.6741,1.3042
CRIS,IWM,16,21,94,,,,,,,,,,,,,,,,,,,,,,,,,,,,,,,,,,,,,,,,,,,,,,,,,,,,,,,,,,,,,,,,,,,,,,,0.6364,11,-15.0,-15.0,2.0029,,,,,,,,,,,,,,,,,,,,,,,,,,,,,,,0.72,25,0.0,0.0,-3.3706,,,,,,0.6296,27,-1.0,-1.0,-4.5071,0.2716,1.0547
CRK,XLE,23,23,235,,,,,,,,,,,,,,,,,,,,,,,,,,,,,,,,,,,,,,,,,,,,,,,,,,,,,,,,,,,,,,,,,,0.6452,31,-2.0,-2.0,-0.3105,,,,,,0.65,20,-3.0,-3.0,-0.2892,,,,,,,,,,,,,,,,,,,,,,,,,,0.7222,18,2.0,2.0,-0.1515,,,,,,0.7,10,-3.0,-3.0,-0.3143,0.4367,0.5432
CRM,IGV,40,40,409,,,,,,0.6,10,-1.0,-1.0,-1.4033,0.6,10,-1.0,-1.0,0.8167,,,,,,,,,,,,,,,,,,,,,,,,,,,,,,,,,,,,,,,,,,,,,,0.625,32,2.0,3.0,0.2035,0.7333,30,1.0,1.0,-0.2382,0.9,10,-5.0,-5.0,0.29,0.6406,64,0.0,0.0,-0.4278,,,,,,,,,,,,,,,,,,,,,0.6667,15,-4.0,-4.0,0.114,0.6133,75,-1.0,-1.0,-0.3067,0.6429,14,-4.0,-4.0,0.4444,,,,,,0.7803,1.2648
CRMD,IWM,23,23,187,,,,,,,,,,,,,,,,0.6364,11,0.0,0.0,-1.3743,,,,,,,,,,,,,,,,,,,,,,,,,,,,,,,,,,,,,,,,,,,,,,0.6667,48,-2.0,-1.0,-0.3181,,,,,,0.6916,107,-2.0,1.0,-0.4676,,,,,,,,,,,,,,,,,,,,,,,,,,0.6058,137,-1.0,1.0,-0.2989,0.7,10,-2.0,-2.0,0.5614,0.6909,55,0.0,0.0,-0.4932,0.5361,0.6176
CRMG,SPY,40,40,308,,,,,,,,,,,,,,,,,,,,,,,,,,,,,,,,,,,,,,,,,0.6571,35,-1.0,0.0,2.6226,,,,,,0.7,20,0.0,0.0,3.1093,,,,,,0.625,16,1.0,1.0,0.839,0.7576,33,-1.0,0.0,-0.5432,,,,,,0.6875,32,-1.0,0.0,-0.9332,,,,,,,,,,,,,,,,,,,,,,,,,,0.75,16,1.0,1.0,-0.3092,,,,,,0.7333,15,1.0,1.0,-0.6382,-0.2251,-1.2382
CRML,SPY,40,40,385,,,,,,,,,,,,,,,,,,,,,,,,,,,,,,,,,,,,,,,,,,,,,,0.65,20,0.0,0.0,-1.84,,,,,,0.6,15,-1.0,-1.0,-3.4456,,,,,,0.6818,66,-1.0,0.0,-0.3153,0.7273,11,5.0,5.0,0.6038,0.8462,13,3.0,3.0,-0.6936,,,,,,,,,,,,,,,,,,,,,,,,,,,,,,,0.7,20,1.0,1.0,0.47,,,,,,0.6996,2.4778
CRMT,XRT,22,25,167,,,,,,,,,,,,,,,,,,,,,,,,,,,,,,,,,,,,,,,,,,,,,,,,,,,,,,,,,,,,,,,,,,0.6364,22,-15.0,-15.0,-1.8786,,,,,,0.7,10,3.0,3.0,-2.38,,,,,,,,,,,,,,,,,,,,,,,,,,0.641,39,-1.0,-1.0,-1.3712,,,,,,,,,,,0.2245,1.3168
CRMU,IWM,15,27,38,,,,,,,,,,,,,,,,,,,,,,,,,,,,,,,,,,,,,,,,,,,,,,,,,,,,,,,,,,,,,,,,,,,,,,,,,,,,,,,,,,,,,,,,,,,,,,,,,,,,,,,,,,0.8333,12,-1.0,-1.0,-1.559,,,,,,0.6,10,-1.0,-1.0,-3.1183,0.712,4.4821
CRMX,QQQ,21,35,53,,,,,,,,,,,,,,,,,,,,,,,,,,,,,,,,,,,,,,,,,,,,,,,,,,,,,,,,,,,,,,,,,,,,,,,,,,,,,,,,,,,,,,,,,,,,,,,,,,,,,,,,,,0.6667,24,-1.0,0.0,-1.4606,,,,,,,,,,,0.7026,2.7335
CRNC,IWM,28,28,205,,,,,,0.7273,11,-1.0,-1.0,-1.895,,,,,,,,,,,,,,,,,,,,,,,,,,,,,,,,,,,,,,,,,0.6667,12,0.0,0.0,1.92,,,,,,0.6,10,3.0,3.0,0.5367,0.6364,11,-9.0,-9.0,-0.3971,,,,,,0.6364,11,4.0,4.0,-0.9429,,,,,,,,,,,,,,,,,,,,,0.6154,13,-2.0,-2.0,0.37,0.6078,51,0.0,0.0,-0.6645,,,,,,,,,,,0.6192,1.2689
CRNT,XLK,22,25,170,,,,,,,,,,,,,,,,,,,,,,,,,,,,,,,,,,,,,,,,,,,,,,,,,,,,,,,,,,,,,0.6667,12,0.0,0.0,0.5563,0.7143,21,-2.0,-2.0,-0.4553,,,,,,0.6486,37,-2.0,-1.0,-0.5963,,,,,,,,,,,,,,,,,,,,,,,,,,0.7317,82,-2.0,1.0,-0.7452,,,,,,0.7368,19,1.0,1.0,-1.3379,0.8135,0.7005
CRNX,XBI,19,19,221,,,,,,,,,,,,,,,,0.6364,11,0.0,0.0,-0.3029,,,,,,,,,,,,,,,,,,,,,,,,,,,,,,,,,,,,,,,,,,,,,,0.6333,60,0.0,0.0,-0.0553,,,,,,0.7103,107,-1.0,0.0,-0.1959,,,,,,,,,,,,,,,,,,,,,,,,,,0.7111,45,-2.0,-1.0,-0.1275,,,,,,0.6557,61,1.0,2.0,-0.4722,0.4286,0.3109
CRON,SPY,21,22,165,,,,,,,,,,,,,,,,,,,,,,,,,,,,,,,,,,,,,,,,,,,,,,,,,,,0.6667,12,0.0,0.0,1.2537,,,,,,,,,,,0.6522,23,-2.0,-2.0,-0.0813,0.6,10,2.0,2.0,0.48,0.9,10,1.0,1.0,-0.3144,,,,,,,,,,,,,,,,,,,,,,,,,,0.6136,44,-1.0,-1.0,-0.1874,,,,,,,,,,,0.2653,0.1862
CRS,IWM,10,10,214,,,,,,,,,,,,,,,,,,,,,,,,,,,,,,,,,,,,,,,,,,,,,,,,,,,,,,,,,,,,,0.7222,18,-2.0,-2.0,0.4846,,,,,,0.6316,19,-2.0,-2.0,0.7408,0.6316,38,1.0,1.0,-0.4046,,,,,,,,,,,,,,,,,,,,,,,,,,,,,,,,,,,,0.6377,69,0.0,0.0,-0.3986,0.7427,1.2833
CRSP,XBI,33,33,233,0.6667,12,-1.0,-1.0,1.6413,,,,,,,,,,,,,,,,,,,,,,,,,,,,,,,,,,,,,,,,,,,,,,,,,,,,,,,,0.6429,42,-1.0,0.0,0.2874,0.7727,22,1.0,1.0,-0.3376,0.6744,43,-1.0,0.0,0.4562,0.6667,30,-3.0,-3.0,-0.4315,,,,,,,,,,,,,,,,,,,,,,,,,,0.6308,65,1.0,2.0,-0.4032,0.7,10,-4.0,-4.0,0.2514,,,,,,0.8237,1.0558
CRSR,QQQ,35,35,267,,,,,,,,,,,,,,,,,,,,,,,,,,,,,,,,,,,,,,,,,0.6,10,-1.0,-1.0,1.355,0.6,10,0.0,0.0,-2.1717,0.6,10,-1.0,-1.0,2.345,0.6,10,0.0,0.0,-2.4317,0.6522,23,-2.0,-1.0,0.724,0.6897,29,3.0,4.0,-0.55,0.8125,16,-1.0,-1.0,1.0031,0.6316,19,3.0,3.0,-0.5017,,,,,,,,,,,,,,,,,,,,,,,,,,0.8182,11,2.0,2.0,-0.2544,0.6129,31,-2.0,-2.0,0.7863,0.6364,11,2.0,2.0,-0.8514,0.7403,1.2924
CRVO,QQQ,20,25,163,,,,,,,,,,,,,,,,,,,,,,,,,,,,,,,,,,,,,,,,,,,,,,,,,,,,,,,,,,,,,0.7273,11,-15.0,-15.0,1.4537,,,,,,,,,,,,,,,,,,,,,,,,,,,,,,,,,,,,0.7273,11,1.0,1.0,2.9975,0.6957,23,-2.0,-2.0,-4.6281,,,,,,0.65,60,-2.0,-1.0,-3.4574,0.4963,0.8681
CRVS,XBI,27,27,208,,,,,,,,,,,,,,,,,,,,,,,,,,,,,,,,,,,,,,,,,,,,,,,,,,,,,,,,,,,,,0.6875,16,-2.0,-2.0,0.3218,0.6389,36,2.0,3.0,-0.363,,,,,,0.6667,39,2.0,3.0,-0.405,,,,,,,,,,,,,,,,,,,,,,,,,,0.6875,16,-2.0,-2.0,-0.5764,,,,,,0.7143,21,-1.0,-1.0,-0.518,0.7961,1.2193
CRWD,IGV,40,40,398,0.6154,13,-1.0,-1.0,2.1613,,,,,,0.8462,13,-1.0,-1.0,2.5527,0.6364,11,0.0,0.0,-1.5257,,,,,,,,,,,,,,,,,,,,,,,,,,,,,,,,,,,,,,,,,,,,,,0.6429,42,1.0,1.0,-0.327,0.6136,44,-2.0,-2.0,0.5811,0.8,10,-15.0,-15.0,-0.1163,,,,,,,,,,,,,,,,,,,,,,,,,,0.7273,22,-3.0,-3.0,-0.3144,0.6,20,2.0,2.0,0.4717,0.625,24,-3.0,-3.0,-0.3347,0.5995,0.4588
CRWG,QQQ,40,40,357,,,,,,,,,,,,,,,,,,,,,,,,,,,,,,,,,,,,,,,,,,,,,,0.8182,11,0.0,0.0,-4.4978,0.6667,12,-1.0,-1.0,7.0825,0.9,10,0.0,0.0,-4.7889,,,,,,0.8,10,6.0,6.0,-0.4375,,,,,,0.6842,19,-15.0,-15.0,-1.4423,,,,,,,,,,,,,,,,,,,,,,,,,,0.75,16,2.0,2.0,-0.7283,,,,,,,,,,,0.7452,3.3422
CRWL,SPY,22,27,86,,,,,,,,,,,,,,,,,,,,,,,,,,,,,,,,,,,,,,,,,0.6364,11,0.0,0.0,6.1743,,,,,,,,,,,,,,,,,,,,,,,,,,,,,,,,,,,,,,,,,,,,,,,,,,,,,,,,,,,,,,,,,,,,,,,,,,,,0.2985,0.9981
CRWU,QQQ,40,40,376,,,,,,,,,,,,,,,,,,,,,,,,,,,,,,,,,,,,,,,,,,,,,,0.8333,12,0.0,0.0,-5.007,0.6364,11,-1.0,-1.0,8.1314,0.75,12,0.0,0.0,-6.1856,,,,,,0.6667,36,-9.0,-7.0,-0.8062,0.6923,13,-9.0,-9.0,2.0889,0.6522,23,-15.0,-15.0,-1.3673,,,,,,,,,,,,,,,,,,,,,,,,,,0.6842,19,2.0,2.0,-0.9115,,,,,,0.6104,77,0.0,0.0,-1.4672,0.7434,3.4239
CRWV,QQQ,40,40,686,,,,,,,,,,,,,,,,,,,,,,,,,,,,,,,,,,,,,,,,,0.7,10,-1.0,-1.0,2.8214,0.75,12,0.0,0.0,-2.7644,0.8,10,-1.0,-1.0,3.5563,0.8333,12,0.0,0.0,-2.836,0.6429,14,-7.0,-7.0,0.4511,0.64,50,-2.0,-2.0,-0.3912,0.619,21,6.0,6.0,0.5308,0.7073,41,-4.0,-4.0,-0.4752,,,,,,,,,,,,,,,,,,,,,,,,,,0.6129,31,-4.0,-3.0,-0.5458,,,,,,0.6087,23,2.0,2.0,-0.5164,0.7326,1.6707
CSAI,SPY,13,29,73,,,,,,,,,,,,,,,,,,,,,,,,,,,,,,,,,,,,,,,,,,,,,,,,,,,,,,,,,,,,,,,,,,,,,,,,,,,,,,,,,,,,,,,,,,,,,,,,,,,,,,,,,,0.6316,19,0.0,0.0,-3.2675,0.6,15,-1.0,-1.0,1.9044,,,,,,0.184,0.8123
CSAN,SPY,26,30,159,,,,,,,,,,,,,,,,,,,,,,,,,,,,,,,,,,,,,,,,,,,,,,,,,,,,,,,,0.7273,11,0.0,0.0,-1.2512,0.6,10,-4.0,-4.0,0.7267,0.6795,78,-3.0,0.0,-0.2138,0.7273,11,-4.0,-4.0,0.8137,0.6,20,-3.0,-3.0,-0.7317,,,,,,,,,,,,,,,,,,,,,0.6364,11,-2.0,-2.0,0.4457,0.6636,110,-1.0,0.0,-0.2915,0.6,10,1.0,1.0,0.4867,,,,,,0.31,0.8723
CSCO,XLK,40,40,327,0.6111,18,-1.0,-1.0,0.7764,,,,,,,,,,,0.6154,13,0.0,0.0,-1.0012,,,,,,,,,,,,,,,,,,,,,,,,,,,,,,,,,,,,,,,,,0.6,30,-2.0,-2.0,0.2228,0.625,16,2.0,2.0,-0.161,,,,,,0.6429,14,-4.0,-4.0,-0.3011,,,,,,,,,,,,,,,,,,,,,0.6667,24,-3.0,-3.0,0.2294,0.625,40,1.0,1.0,-0.1644,,,,,,,,,,,0.6471,0.3462
CSEX,QQQ,20,27,38,,,,,,,,,,,,,,,,,,,,,,,,,,,,,,,,,,,,,,,,,,,,,,,,,,,,,,,,,,,,,,,,,,,,,,,,,,,,,,,,,,,,,,,,,,,,,,,,,,,,,,,,,,,,,,,,,,,,,,,,,0.8496,3.7973
CSGP,VNQ,26,26,240,,,,,,,,,,,,,,,,,,,,,,,,,,,,,,,,,,,,,,,,,,,,,,,,,,,,,,,,,,,,,0.6667,15,2.0,2.0,0.338,0.75,16,3.0,3.0,-0.4242,0.6,25,-4.0,-4.0,0.41,0.6,25,-2.0,-2.0,-0.4787,,,,,,,,,,,,,,,,,,,,,,,,,,0.64,25,-2.0,-2.0,-0.3775,,,,,,,,,,,0.1271,0.4166
CSHI,QQQ,16,17,136,,,,,,0.6667,12,0.0,0.0,-0.0375,,,,,,0.6364,11,0.0,0.0,-0.05,,,,,,,,,,,,,,,,,,,,,,,,,,,,,,,,,,,,,,,,,,,,,,0.6355,107,-1.0,0.0,-0.0065,,,,,,0.7237,76,0.0,0.0,-0.0058,,,,,,,,,,,,,,,,,,,,,,,,,,0.6528,72,-2.0,0.0,-0.0064,,,,,,0.6944,72,-2.0,0.0,-0.0072,0.1792,0.0041
CSIQ,ICLN,39,39,243,,,,,,,,,,,,,,,,,,,,,,,,,,,,,,,,,,,,,,,,,,,,,,,,,,,,,,,,,,,,,0.7857,14,-2.0,-2.0,0.7264,0.6667,27,0.0,0.0,-0.5517,0.6875,16,-2.0,-2.0,0.8473,0.6667,30,0.0,0.0,-1.1085,,,,,,,,,,,,,,,,,,,,,,,,,,0.7407,27,-3.0,-3.0,-0.5015,,,,,,0.6111,18,-4.0,-4.0,-0.8445,0.787,1.1544
CSTM,IWM,28,28,236,,,,,,,,,,,,,,,,0.6,10,-1.0,-1.0,-1.1067,,,,,,,,,,,,,,,,,,,,,0.6923,13,0.0,0.0,1.2744,,,,,,,,,,,,,,,,0.6,10,-5.0,-5.0,0.12,0.6486,37,2.0,3.0,-0.1837,,,,,,0.7188,32,-2.0,-2.0,-0.5039,,,,,,,,,,,,,,,,,,,,,,,,,,0.6164,73,0.0,0.0,-0.2084,,,,,,,,,,,0.7827,1.7875
CSWC,SPY,19,19,195,,,,,,,,,,,,,,,,,,,,,,,,,,,,,,,,,,,,,,,,,,,,,,,,,,,,,,,,,,,,,,,,,,0.6923,52,-1.0,-1.0,-0.1547,,,,,,0.8095,21,-2.0,-2.0,-0.3694,,,,,,,,,,,,,,,,,,,,,,,,,,0.6275,153,-2.0,1.0,-0.1281,,,,,,0.9167,12,-2.0,-2.0,-0.2409,0.3391,0.1747
CSX,XTN,33,33,252,,,,,,,,,,,,,,,,,,,,,,,,,,,,,,,,,,,,,,,,,,,,,,,,,,,,,,,,,,,,,,,,,,0.7,40,1.0,1.0,-0.1254,0.7143,14,2.0,2.0,0.083,,,,,,,,,,,,,,,,,,,,,,,,,,0.7,10,0.0,0.0,0.1543,0.6923,13,-1.0,-1.0,-0.1233,0.7273,11,0.0,0.0,0.2838,,,,,,0.4065,0.2134
CTA,QQQ,11,15,113,,,,,,,,,,,,,,,,,,,,,,,,,,,,,,,,,,,,,,,,,,,,,,,,,,,,,,,,,,,,,,,,,,0.619,21,-2.0,-2.0,-0.0754,0.6667,12,0.0,0.0,0.1025,0.6923,26,-2.0,-2.0,-0.2094,,,,,,,,,,,,,,,,,,,,,,,,,,0.6,15,1.0,1.0,-0.13,,,,,,0.6923,13,1.0,1.0,-0.1544,0.1163,0.0836
CTM,QQQ,35,39,216,,,,,,,,,,,,,,,,,,,,,,,,,,,,,,,,,,,,,,,,,,,,,,0.6364,11,0.0,0.0,-1.5171,,,,,,0.7,10,0.0,0.0,-1.7143,0.6364,11,3.0,3.0,0.2486,0.7308,26,1.0,2.0,-0.7105,,,,,,0.6857,35,-2.0,-1.0,-0.8029,,,,,,,,,,,,,,,,,,,,,,,,,,0.6667,24,-2.0,-2.0,-0.7131,0.6389,36,1.0,2.0,4.123,0.8462,13,-3.0,-3.0,-0.6645,0.6273,0.853
CTMX,XBI,21,21,236,,,,,,,,,,,,,,,,,,,,,,,,,,,,,,,,,,,,,,,,,,,,,,,,,,,,,,,,,,,,,0.6923,13,-5.0,-5.0,0.4133,0.64,25,-1.0,-1.0,-0.1444,,,,,,0.6744,43,1.0,2.0,-0.4983,,,,,,,,,,,,,,,,,,,,,,,,,,0.6212,66,1.0,2.0,-0.3205,,,,,,0.6957,46,1.0,1.0,-0.5044,0.7116,0.7275
CTNT,IWM,21,37,167,,,,,,,,,,,,,,,,,,,,,,,,,,,,,,,,,,,,,,,,,,,,,,,,,,,,,,,,,,,,,,,,,,0.7273,11,-2.0,-2.0,-0.4413,,,,,,,,,,,,,,,,,,,,,,,,,,,,,,,,,,,,0.6143,70,0.0,1.0,-2.0426,0.6364,22,1.0,1.0,3.8057,,,,,,0.4576,1.6345
CTSH,IGV,31,31,244,,,,,,,,,,,0.6,10,0.0,0.0,0.92,,,,,,,,,,,,,,,,,,,,,,,,,,,,,,,,,,,,,,,,,,,,,,0.6842,19,-3.0,-3.0,0.2885,0.6154,26,2.0,2.0,-0.24,0.6316,19,-3.0,-3.0,0.4267,0.6,15,-4.0,-4.0,-0.4067,,,,,,,,,,,,,,,,,,,,,0.8333,12,-4.0,-4.0,0.188,0.62,50,-1.0,-1.0,-0.3142,0.619,21,1.0,1.0,0.3231,0.6042,48,-1.0,-1.0,-0.4214,0.6354,0.7626
CTXR,IBB,12,22,49,,,,,,,,,,,,,,,,,,,,,,,,,,,,,,,,,,,,,,,,,,,,,,,,,,,,,,,,,,,,,,,,,,,,,,,,,,,,,,,,,,,,,,,,,,,,,,,,,,,,,,,,,,0.6429,14,0.0,0.0,-0.3244,,,,,,0.6154,13,0.0,0.0,-0.99,0.1858,0.5144
CUPR,QQQ,15,25,111,,,,,,,,,,,,,,,,,,,,,,,,,,,,,,,,,,,,,,,,,,,,,,,,,,,,,,,,,,,,,,,,,,0.6667,42,15.0,15.0,-8.4646,,,,,,0.717,53,15.0,15.0,-12.135,,,,,,,,,,,,,,,,,,,,,,,,,,0.7073,41,0.0,1.0,-6.0845,,,,,,0.6531,49,0.0,1.0,-9.0969,-0.0124,-0.0909
CURE,IWM,15,22,48,,,,,,,,,,,,,,,,,,,,,,,,,,,,,,,,,,,,,,,,,0.8,10,0.0,0.0,2.2338,,,,,,0.8,10,0.0,0.0,2.6863,,,,,,,,,,,,,,,,,,,,,,,,,,,,,,,,,,,,,,,,,,,,,,,,,,,,,,,,,,,,,,,,,,-0.0806,-0.1434
CURI,IWM,14,17,105,,,,,,,,,,,,,,,,,,,,,,,,,,,,,,,,,,,,,,,,,,,,,,,,,,,,,,,,,,,,,,,,,,,,,,,,,,,,0.8,10,0.0,0.0,-0.4963,,,,,,,,,,,,,,,,,,,,,0.6154,13,1.0,1.0,1.1562,,,,,,,,,,,0.6562,64,-1.0,1.0,-0.5288,0.5747,0.75
CVE,XLE,31,31,249,,,,,,,,,,,,,,,,,,,,,,,,,,,,,,,,,,,,,,,,,,,,,,,,,,,,,,,,,,,,,0.8462,13,-4.0,-4.0,0.2118,0.6286,35,-2.0,-2.0,-0.2018,0.6429,14,-4.0,-4.0,0.3178,0.6,35,-2.0,-2.0,-0.3348,,,,,,,,,,,,,,,,,,,,,0.7,10,-3.0,-3.0,0.2357,0.6061,33,-2.0,-2.0,-0.172,,,,,,,,,,,0.8896,1.423
CVGI,IWM,11,12,125,,,,,,,,,,,,,,,,,,,,,,,,,,,,,,,,,,,,,,,,,,,,,,,,,,,,,,,,,,,,,,,,,,0.6522,23,-1.0,0.0,-0.4813,0.6,10,0.0,0.0,0.9817,0.6667,12,-1.0,-1.0,-1.4863,,,,,,,,,,,,,,,,,,,,,,,,,,0.6452,31,-1.0,-1.0,-0.4235,,,,,,0.7895,19,1.0,1.0,-1.006,0.603,1.0571
CVM,QQQ,12,17,84,,,,,,,,,,,,,,,,,,,,,,,,,,,,,,,,,,,,,,,,,,,,,,,,,,,,,,,,,,,,,,,,,,,,,,,,,,,,,,,,,,,,,,,,,,,,,,,,,,,,,,,,,,0.8667,15,-1.0,-1.0,-0.9815,,,,,,0.7586,29,0.0,1.0,-1.175,0.245,0.3685
CVNA,IWM,40,40,290,,,,,,0.6667,15,0.0,0.0,-1.255,,,,,,,,,,,,,,,,,,,,,,,,,,,,,,,,,,,,0.7857,14,-1.0,-1.0,-1.5109,,,,,,,,,,,,,,,,0.619,21,2.0,2.0,-0.2762,,,,,,0.75,20,-4.0,-4.0,-0.51,,,,,,,,,,,,,,,,,,,,,,,,,,0.65,20,-2.0,-2.0,-0.2762,,,,,,,,,,,0.726,1.2804
CVS,IHF,30,30,247,,,,,,0.6154,13,-1.0,-1.0,-0.6713,,,,,,,,,,,,,,,,,,,,,,,,,,,,,,,,,,,,,,,,,,,,,,,,,,,,,,,,0.625,16,2.0,2.0,-0.193,,,,,,,,,,,,,,,,,,,,,,,,,,,,,,,,,,,,0.6316,19,-2.0,-2.0,-0.1617,,,,,,,,,,,0.365,0.4185
CVX,XLE,40,40,304,,,,,,,,,,,,,,,,,,,,,,,,,,,,,,,,,,,,,,,,,,,,,,,,,,,,,,,,,,,,,,,,,,0.619,21,2.0,2.0,-0.0962,0.6133,75,0.0,0.0,0.2437,,,,,,,,,,,,,,,,,,,,,,,,,,,,,,,,,,,,0.7,10,-3.0,-3.0,0.1914,,,,,,0.9403,0.9939
CWD,SPY,13,25,85,,,,,,,,,,,,,,,,,,,,,,,,,,,,,,,,,,,,,,,,,,,,,,,,,,,,,,,,,,,,,,,,,,,,,,,,,,,,0.6667,12,15.0,15.0,-11.605,,,,,,,,,,,,,,,,,,,,,,,,,,0.6364,33,-1.0,-1.0,-2.891,,,,,,0.7,30,-1.0,-1.0,-4.3119,0.4666,2.2451
CWEB,SPY,32,35,191,,,,,,,,,,,,,,,,,,,,,,,,,,,,,,,,,,,,,,,,,,,,,,,,,,,,,,,,,,,,,,,,,,0.7273,11,-6.0,-6.0,-0.16,,,,,,0.7083,24,0.0,1.0,-0.2865,,,,,,,,,,,,,,,,,,,,,,,,,,,,,,,,,,,,0.6102,59,-1.0,-1.0,-0.3878,0.3647,1.6754
CWEN,IWM,10,10,208,,,,,,,,,,,,,,,,,,,,,,,,,,,,,,,,,,,,,,,,,,,,,,,,,,,,,,,,,,,,,,,,,,0.6061,33,-2.0,-2.0,-0.18,0.6429,14,-3.0,-3.0,0.3111,0.6562,32,-2.0,-2.0,-0.3105,,,,,,,,,,,,,,,,,,,,,0.6154,39,1.0,1.0,0.2038,0.6724,58,0.0,0.0,-0.1836,,,,,,0.7143,14,-2.0,-2.0,-0.41,0.6844,0.6617
CWH,XRT,15,15,231,,,,,,,,,,,,,,,,,,,,,,,,,,,,,,,,,,,,,,,,,,,,,,,,,,,,,,,,,,,,,,,,,,0.7429,35,3.0,5.0,-0.5415,,,,,,0.6977,43,0.0,1.0,-0.7147,,,,,,,,,,,,,,,,,,,,,,,,,,0.6629,89,-2.0,-1.0,-0.488,,,,,,0.7143,49,1.0,2.0,-0.7789,0.6334,1.6322
CWVX,QQQ,40,40,329,,,,,,,,,,,,,,,,,,,,,,,,,,,,,,,,,,,,,,,,,0.6364,11,-1.0,-1.0,5.7286,0.7273,11,0.0,0.0,-5.0187,0.7273,11,-1.0,-1.0,7.15,0.9,10,0.0,0.0,-4.5856,0.6667,15,15.0,15.0,1.892,0.7778,27,-4.0,-3.0,-0.9557,0.7,10,0.0,0.0,1.47,0.9091,11,-7.0,-7.0,-1.705,,,,,,,,,,,,,,,,,,,,,,,,,,0.8,15,2.0,2.0,-0.8058,0.6,10,-3.0,-3.0,1.9667,,,,,,0.6849,3.2534
CXAI,IGV,39,40,370,,,,,,,,,,,,,,,,,,,,,,,,,,,,,,,,,,,,,,,,,,,,,,,,,,,,,,,,,,,,,,,,,,0.72,50,2.0,5.0,-1.3175,0.6,10,-7.0,-7.0,0.5517,0.6857,35,-1.0,0.0,-1.6121,,,,,,,,,,,,,,,,,,,,,,,,,,,,,,,,,,,,0.8095,21,1.0,1.0,-2.14,0.2488,0.5939
CXDO,SPY,19,25,164,,,,,,,,,,,,,,,,,,,,,,,,,,,,,,,,,,,,,,,,,,,,,,,,,,,,,,,,0.7273,11,0.0,0.0,-2.0387,0.6364,11,-3.0,-3.0,0.7671,0.75,12,1.0,1.0,-0.49,0.625,16,-1.0,-1.0,0.829,0.75,12,1.0,1.0,-0.6322,,,,,,,,,,,,,,,,,,,,,,,,,,0.6393,61,0.0,0.0,-0.4933,,,,,,0.6,10,-2.0,-2.0,-1.1483,0.6309,1.1408
CXM,IGV,23,23,237,0.6667,12,0.0,0.0,1.8038,,,,,,0.6667,12,0.0,0.0,1.6488,,,,,,,,,,,,,,,,,,,,,,,,,,,,,,,,,,,,,,,,,,,,,,,,,,,0.6765,34,-3.0,-3.0,-0.2904,,,,,,0.6923,26,3.0,4.0,-0.8378,,,,,,,,,,,,,,,,,,,,,0.6667,12,-4.0,-4.0,0.3225,0.6429,98,-3.0,-1.0,-0.416,0.6667,12,-4.0,-4.0,0.4838,0.6875,16,2.0,2.0,-0.5027,0.7175,0.919
CYCU,SPY,25,35,118,,,,,,,,,,,,,,,,,,,,,,,,,,,,,,,,,,,,,,,,,,,,,,0.75,12,0.0,0.0,-2.3611,,,,,,,,,,,,,,,,,,,,,,,,,,,,,,,,,,,,,,,,,,,,,,,,,,,0.7619,21,-1.0,-1.0,1.7606,,,,,,,,,,,,,,,,0.1425,0.4465
CYPH,IWM,35,38,247,,,,,,,,,,,,,,,,,,,,,,,,,,,,,,,,,,,,,,,,,,,,,,,,,,,,,,,,0.6,15,0.0,0.0,-2.6278,,,,,,0.7143,21,2.0,3.0,-0.7727,0.6923,13,-15.0,-15.0,1.2444,0.7037,27,3.0,4.0,-1.4763,,,,,,,,,,,,,,,,,,,,,,,,,,0.6154,65,-1.0,-1.0,-1.52,,,,,,0.6341,82,-2.0,-1.0,-1.1948,0.5039,3.0592
CYTK,XBI,16,16,227,,,,,,,,,,,,,,,,,,,,,,,,,,,,,,,,,,,,,,,,,,,,,,,,,,,,,,,,,,,,,,,,,,0.675,40,2.0,4.0,-0.2852,,,,,,0.6383,47,1.0,2.0,-0.4417,,,,,,,,,,,,,,,,,,,,,,,,,,0.6338,71,1.0,3.0,-0.2658,0.6,10,-4.0,-4.0,0.4517,0.6047,43,1.0,1.0,-0.4265,0.8128,0.7202
CZR,IWM,18,18,251,,,,,,,,,,,,,,,,,,,,,,,,,,,,,,,,,,,,,,,,,,,,,,,,,,,,,,,,,,,,,,,,,,0.7093,86,0.0,0.0,-0.0351,,,,,,,,,,,,,,,,,,,,,,,,,,,,,,,,,,,,0.6047,86,-1.0,-1.0,-0.0588,,,,,,,,,,,0.264,0.0643
D,XLU,26,26,240,0.7308,26,-1.0,0.0,0.6458,,,,,,0.6538,26,-1.0,0.0,0.6288,,,,,,,,,,,,,,,,,,,,,,,,,,,,,,,,,,,,,,,,,,,,,,,,,,,0.6364,44,1.0,1.0,-0.1293,,,,,,0.6047,43,1.0,1.0,-0.2108,,,,,,,,,,,,,,,,,,,,,0.7273,11,-2.0,-2.0,0.1412,0.7037,27,1.0,1.0,-0.1547,0.6364,11,-2.0,-2.0,0.1471,0.6154,26,1.0,1.0,-0.1937,0.7295,0.8654
DAIC,SPY,23,34,96,,,,,,,,,,,,,,,,,,,,,,,,,,,,,,,,,,,,,,,,,,,,,,,,,,,,,,,,,,,,,,,,,,,,,,,,,,,,0.9,10,15.0,15.0,-17.5956,,,,,,,,,,,,,,,,,,,,,,,,,,0.6364,22,0.0,0.0,-1.42,,,,,,0.7105,38,-1.0,-1.0,-7.1433,0.1933,1.4519
DAL,XTN,40,40,301,0.7143,14,0.0,0.0,0.745,,,,,,,,,,,,,,,,,,,,,,,,,,,,,,,,,,,,,,,,,,,,,,,,,,,,,,,,,,,,,0.6471,34,-2.0,-2.0,-0.1868,0.6364,11,-4.0,-4.0,0.5386,0.6271,59,-3.0,-2.0,-0.3165,,,,,,,,,,,,,,,,,,,,,,,,,,0.6667,12,-1.0,-1.0,-0.2325,0.6,10,0.0,0.0,0.305,0.7692,13,-1.0,-1.0,-0.335,0.8827,1.5226
DAMD,IWM,40,40,408,,,,,,,,,,,,,,,,,,,,,,,,,,,,,,,,,,,,,,,,,,,,,,0.7143,14,-1.0,-1.0,-2.253,0.6316,19,0.0,0.0,4.4208,,,,,,0.75,12,6.0,6.0,0.6633,0.72,25,-1.0,0.0,-1.0794,0.6429,28,5.0,6.0,1.1678,0.7143,14,0.0,0.0,-1.804,,,,,,,,,,,,,,,,,,,,,0.6667,27,-2.0,-2.0,0.8606,0.6091,110,0.0,0.0,-1.0981,,,,,,,,,,,-0.7483,-6.4896
DARE,IWM,10,17,28,,,,,,,,,,,,,,,,,,,,,,,,,,,,,,,,,,,,,,,,,,,,,,,,,,,,,,,,,,,,,,,,,,,,,,,,,,,,,,,,,,,,,,,,,,,,,,,,,,,,,,,,,,,,,,,,,,,,,,,,,0.2624,0.377
DASH,SPY,25,25,248,,,,,,0.6,10,0.0,0.0,-1.9667,0.6,10,0.0,0.0,0.9633,,,,,,,,,,,,,,,,,,,,,,,,,,,,,,,,,,,,0.6154,13,0.0,0.0,1.4038,,,,,,0.7143,14,-2.0,-2.0,0.257,0.6429,28,-1.0,-1.0,-0.215,,,,,,0.6857,35,2.0,3.0,-0.4904,,,,,,,,,,,,,,,,,,,,,0.625,16,-2.0,-2.0,0.267,,,,,,,,,,,,,,,,0.1671,0.235
DAVA,IGV,10,13,92,,,,,,,,,,,,,,,,,,,,,,,,,,,,,,,,,,,,,,,,,,,,,,,,,,,,,,,,,,,,,,,,,,0.8,15,0.0,0.0,-0.5758,,,,,,,,,,,,,,,,,,,,,,,,,,,,,,,,,,,,0.9412,17,-1.0,-1.0,-0.4288,,,,,,,,,,,0.1879,0.1867
DB,SPY,37,37,259,0.7,10,0.0,0.0,0.2543,,,,,,0.8,10,0.0,0.0,0.2325,,,,,,,,,,,,,,,,,,,,,,,,,,0.6842,19,0.0,0.0,0.3015,0.6923,13,-1.0,-1.0,-0.3944,0.6316,19,0.0,0.0,0.4375,,,,,,0.6,20,-4.0,-4.0,0.0708,0.6122,49,-3.0,-2.0,-0.1047,,,,,,0.7143,28,-2.0,-2.0,-0.177,,,,,,,,,,,,,,,,,,,,,,,,,,,,,,,,,,,,,,,,,0.704,2.2215
DBA,QQQ,19,20,196,,,,,,0.6364,11,0.0,0.0,-0.5171,,,,,,0.6364,11,0.0,0.0,-0.3743,,,,,,,,,,,,,,,,,,,,,,,,,,,,,,,,,,,,,,,,,,,,,,,,,,,,,,,,,,,,,,,,,,,,,,,,,,,,,,,,,,,,,,0.6176,34,0.0,0.0,-0.0629,,,,,,0.6087,23,-2.0,-2.0,-0.0764,0.0801,0.0197
DBC,QQQ,14,15,200,,,,,,,,,,,,,,,,,,,,,,,,,,,,,,,,,,,,,,,,,,,,,,,,,,,,,,,,,,,,,,,,,,,,,,,0.7273,33,1.0,1.0,0.1225,,,,,,,,,,,,,,,,,,,,,,,,,,,,,,,,,,,,0.72,25,-2.0,-2.0,0.1122,,,,,,0.0254,0.0169
DBGI,IWM,27,34,200,,,,,,,,,,,,,,,,,,,,,,,,,,,,,,,,,,,,,,,,,0.6,10,0.0,0.0,1.0167,0.6,10,-1.0,-1.0,-2.3883,0.6667,12,-1.0,-1.0,6.3725,0.8182,11,0.0,0.0,-7.6478,,,,,,0.6757,37,15.0,15.0,-8.1084,,,,,,0.72,25,-15.0,-15.0,-2.4333,,,,,,,,,,,,,,,,,,,,,,,,,,0.8,15,-2.0,-2.0,-4.7183,,,,,,,,,,,0.3835,1.9079
DBMF,QQQ,14,14,213,,,,,,,,,,,,,,,,,,,,,,,,,,,,,,,,,,,,,,,,,,,,,,,,,,,,,,,,,,,,,,,,,,,,,,,,,,,,,,,,,,,,,,,,,,,,,,,,,,,,,0.6042,48,1.0,2.0,0.0393,0.7,10,-3.0,-3.0,-0.0486,,,,,,,,,,,0.4615,0.1467
DBO,QQQ,19,19,195,,,,,,,,,,,,,,,,,,,,,,,,,,,,,,,,,,,,,,,,,,,,,,,,,,,,,,,,,,,,,0.65,20,-1.0,-1.0,0.2146,0.625,24,0.0,0.0,-0.1907,0.6774,31,1.0,2.0,0.4167,0.7,20,-2.0,-2.0,-0.39,,,,,,,,,,,,,,,,,,,,,0.6667,21,-2.0,-2.0,0.2771,,,,,,0.7692,26,-2.0,-2.0,0.394,0.7,10,-3.0,-3.0,-0.4643,0.0043,0.0073
DBX,IGV,15,15,235,,,,,,,,,,,,,,,,,,,,,,,,,,,,,,,,,,,,,,,,,,,,,,,,,,,,,,,,,,,,,,,,,,0.6364,11,3.0,3.0,-0.2157,,,,,,,,,,,,,,,,,,,,,,,,,,,,,,,,,,,,0.6042,48,-1.0,-1.0,-0.1831,0.6111,36,-2.0,-2.0,0.275,0.625,48,-1.0,-1.0,-0.3757,0.7075,0.6302
DC,GDX,26,26,229,,,,,,,,,,,,,,,,,,,,,,,,,,,,,,,,,,,,,,,,,,,,,,,,,,,,,,,,,,,,,,,,,,0.6852,54,1.0,4.0,-0.5119,0.72,25,1.0,1.0,0.6856,0.8571,14,-5.0,-5.0,-0.75,,,,,,,,,,,,,,,,,,,,,0.6,10,-5.0,-5.0,0.3383,0.6744,43,-3.0,-2.0,-0.3862,0.6286,35,0.0,1.0,0.7618,0.75,16,3.0,3.0,-0.4675,0.8747,0.7047
DCGO,IWM,14,18,146,,,,,,,,,,,,,,,,,,,,,,,,,,,,,,,,,,,,,,,,,,,,,,,,,,,,,,,,,,,,,0.9,10,2.0,2.0,0.4933,0.625,16,1.0,1.0,-0.963,,,,,,0.8125,16,1.0,1.0,-1.4977,,,,,,,,,,,,,,,,,,,,,,,,,,,,,,,,,,,,0.6154,26,1.0,1.0,-1.2019,0.0996,0.1646
DCTH,SPY,13,15,135,,,,,,,,,,,,,,,,,,,,,,,,,,,,,,,,,,,,,,,,,,,,,,,,,,,,,,,,,,,,,0.6364,11,-3.0,-3.0,0.34,0.6562,32,-2.0,-1.0,-0.239,,,,,,0.6,20,2.0,3.0,-0.6692,,,,,,,,,,,,,,,,,,,,,,,,,,0.641,39,0.0,0.0,-0.284,,,,,,,,,,,0.6632,1.1362
DDD,SPY,35,35,253,,,,,,,,,,,,,,,,,,,,,,,,,,,,,,,,,,,,,,,,,,,,,,0.7778,18,0.0,0.0,-1.7686,,,,,,,,,,,,,,,,0.6618,68,-1.0,1.0,-0.5651,,,,,,0.76,25,-1.0,-1.0,-0.6384,,,,,,,,,,,,,,,,,,,,,,,,,,0.6306,111,0.0,0.0,-0.4903,,,,,,0.7273,11,1.0,1.0,-0.7363,0.7736,2.0674
DDL,SPY,11,11,75,,,,,,,,,,,,,,,,,,,,,,,,,,,,,,,,,,,,,,,,,,,,,,,,,,,,,,,,,,,,,,,,,,,,,,,,,,,,,,,,,,,,,,,,,,,,,,,,,,,,,,,,,,0.7308,26,0.0,0.0,-0.4032,,,,,,0.7,40,-1.0,0.0,-0.3993,0.213,0.301
DDM,SPY,17,23,57,,,,,,,,,,,,,,,,,,,,,,,,,,,,,,,,,,,,,,,,,,,,,,,,,,,,,,,,,,,,,,,,,,,,,,,0.6538,26,-1.0,0.0,0.29,,,,,,,,,,,,,,,,,,,,,,,,,,,,,,,0.7778,18,0.0,0.0,-0.2179,0.7,10,-1.0,-1.0,0.3814,,,,,,0.7467,1.1582
DDOG,IGV,39,39,276,,,,,,,,,,,,,,,,,,,,,,,,,,,,,,,,,,,,,,,,,,,,,,,,,,,,,,,,,,,,,0.6,15,-3.0,-3.0,0.3467,0.6,35,-1.0,-1.0,-0.289,0.619,42,0.0,0.0,0.4485,0.6316,19,3.0,3.0,-0.6075,,,,,,,,,,,,,,,,,,,,,,,,,,0.6,15,3.0,3.0,-0.3911,0.6842,19,2.0,2.0,0.8408,,,,,,0.7806,1.0299
DE,XLI,22,22,231,,,,,,,,,,,0.6,10,0.0,0.0,0.9783,,,,,,,,,,,,,,,,,,,,,,,,,,,,,,,,,,,,,,,,,,,,,,,,,,,,,,,,0.7143,14,2.0,2.0,0.421,0.6327,49,-1.0,-1.0,-0.231,,,,,,,,,,,,,,,,,,,,,0.7,10,-3.0,-3.0,0.1014,0.617,47,-1.0,-1.0,-0.1686,,,,,,,,,,,0.8432,0.7774
DEC,XLE,22,27,189,,,,,,,,,,,,,,,,,,,,,,,,,,,,,,,,,,,,,,,,,,,,,,,,,,,,,,,,,,,,,0.6667,24,0.0,0.0,0.2125,0.7407,54,-4.0,-2.0,-0.198,0.68,25,2.0,3.0,0.4924,0.6571,35,-2.0,-2.0,-0.3287,,,,,,,,,,,,,,,,,,,,,,,,,,0.6491,57,-2.0,-1.0,-0.1743,0.6531,49,0.0,0.0,0.3163,0.6667,24,1.0,1.0,-0.3506,0.8296,1.1272
DECK,XLY,16,16,233,,,,,,,,,,,,,,,,,,,,,,,,,,,,,,,,,,,,,,,,,,,,,,,,,,,,,,,,,,,,,,,,,,0.6549,113,-2.0,0.0,-0.1941,0.6667,12,-5.0,-5.0,0.38,0.6667,48,-3.0,-2.0,-0.3869,,,,,,,,,,,,,,,,,,,,,,,,,,0.617,94,-2.0,-1.0,-0.211,,,,,,0.6143,70,-1.0,-1.0,-0.3177,0.7574,0.9379
DEFT,IBIT,35,38,215,,,,,,,,,,,,,,,,,,,,,,,,,,,,,,,,,,,,,,,,,,,,,,,,,,,,,,,,,,,,,0.6471,17,-2.0,-2.0,0.5255,0.675,40,-1.0,0.0,-0.7152,0.7,20,-2.0,-2.0,1.1871,0.7,20,0.0,0.0,-1.2464,,,,,,,,,,,,,,,,,,,,,0.6,25,-3.0,-3.0,0.6887,0.7391,23,-1.0,-1.0,-0.7218,0.6667,15,-4.0,-4.0,0.81,0.7059,17,1.0,1.0,-1.1867,0.6396,0.4622
DELL,XLK,40,40,506,,,,,,,,,,,,,,,,,,,,,,,,,,,,,,,,,,,,,,,,,,,,,,,,,,,,,,,,,,,,,0.6512,43,-1.0,-1.0,0.4071,0.6129,31,-2.0,-2.0,-0.3542,,,,,,0.6667,33,-3.0,-3.0,-0.6586,,,,,,,,,,,,,,,,,,,,,,,,,,,,,,,,,,,,0.6,55,1.0,1.0,-0.7179,0.5806,0.8744
DEO,XLP,38,38,242,,,,,,,,,,,,,,,,,,,,,,,,,,,,,,,,,,,,,,,,,,,,,,,,,,,,,,,,,,,,,,,,,,0.6848,92,0.0,2.0,-0.1165,,,,,,0.6111,18,-3.0,-3.0,-0.1836,,,,,,,,,,,,,,,,,,,,,,,,,,0.6739,92,0.0,1.0,-0.1211,,,,,,0.6,10,2.0,2.0,-0.155,0.6149,1.2538
DEVS,NONE,18,19,165,,,,,,,,,,,,,,,,,,,,,,,,,,,,,,,,,,,,,,,,,,,,,,,,,,,,,,,,,,,,,,,,,,,,,,,,,,,,,,,,,,,,,,,,,,,,,,,,,,,,,,,,,,,,,,,,,,,,,,,,,,
DEVSF,QQQ,19,20,197,,,,,,,,,,,,,,,,,,,,,,,,,,,,,,,,,,,,,,,,,,,,,,,,,,,,,,,,,,,,,,,,,,,,,,,,,,,,0.6047,43,-15.0,-15.0,-3.0565,,,,,,,,,,,,,,,,,,,,,0.6667,15,1.0,1.0,4.073,0.6412,131,-3.0,0.0,-3.26,,,,,,0.6222,45,-1.0,-1.0,-4.3679,0.0688,0.7237
DFDV,SPY,35,35,200,,,,,,,,,,,,,,,,,,,,,,,,,,,,,,,,,,,,,,,,,,,,,,0.6552,29,-1.0,0.0,-2.4926,,,,,,,,,,,0.6111,18,-5.0,-5.0,0.5627,0.7273,11,0.0,0.0,-0.5975,0.6,10,2.0,2.0,0.7833,0.8462,13,-6.0,-6.0,-0.6327,,,,,,,,,,,,,,,,,,,,,,,,,,0.6235,85,0.0,1.0,-0.6743,,,,,,,,,,,0.5511,2.4385
DFEN,IWM,22,24,80,,,,,,,,,,,,,,,,,,,,,,,,,,,,,,,,,,,,,,,,,,,,,,,,,,,,,,,,,,,,,,,,,,,,,,,,,,,,,,,,,,,,,,,,,,,,,,,,,,,,,0.6923,13,-1.0,-1.0,0.4522,0.6429,14,1.0,1.0,-0.5122,0.6875,16,0.0,0.0,0.9336,0.7143,14,1.0,1.0,-0.735,0.6383,1.497
DFLI,IWM,24,30,97,,,,,,,,,,,,,,,,,,,,,,,,,,,,,,,,,,,,,,,,,,,,,,0.6364,11,0.0,0.0,-0.9486,,,,,,,,,,,,,,,,0.6,10,1.0,1.0,-0.6383,,,,,,0.7273,11,2.0,2.0,-0.9087,,,,,,,,,,,,,,,,,,,,,,,,,,,,,,,,,,,,,,,,,0.3817,0.7233
DFNS,SPY,39,40,340,,,,,,,,,,,,,,,,,,,,,,,,,,,,,,,,,,,,,,,,,,,,,,0.6471,34,-1.0,0.0,-41.5195,,,,,,0.7,30,-1.0,0.0,-8.3533,0.6,10,-9.0,-9.0,1.23,0.6341,41,-1.0,1.0,-1.5015,0.7273,11,-6.0,-6.0,2.6625,0.6512,43,-15.0,-15.0,-1.7325,,,,,,,,,,,,,,,,,,,,,,,,,,,,,,,,,,,,0.6168,107,-1.0,-1.0,-10.7606,0.2406,2.1336
DFTX,XBI,35,35,247,,,,,,,,,,,0.6364,11,0.0,0.0,1.4986,,,,,,,,,,,,,,,,,,,,,,,,,,,,,,,,,,,,,,,,,,,,,,0.6154,13,4.0,4.0,0.4475,0.9091,11,-6.0,-6.0,-0.759,0.6316,19,-2.0,-2.0,0.5658,0.6667,12,-3.0,-3.0,-0.7775,,,,,,,,,,,,,,,,,,,,,,,,,,0.8182,11,3.0,3.0,-1.2533,0.6,10,-3.0,-3.0,0.4583,0.8182,11,3.0,3.0,-2.4433,0.6011,0.7575
DG,XLP,23,23,241,0.6364,11,0.0,0.0,1.1057,,,,,,0.6364,11,0.0,0.0,1.6143,,,,,,,,,,,,,,,,,,,,,,,,,,,,,,,,,,,,,,,,,,,,,,0.6364,22,-3.0,-3.0,0.1636,0.6818,22,2.0,2.0,-0.2007,0.6154,13,3.0,3.0,0.725,0.6304,46,-2.0,-2.0,-0.2231,,,,,,,,,,,,,,,,,,,,,0.7,10,2.0,2.0,0.3457,,,,,,0.7,10,2.0,2.0,0.3643,,,,,,0.428,0.5133
DGNX,IWM,30,38,232,,,,,,,,,,,,,,,,,,,,,,,,,,,,,,,,,,,,,,,,,0.7857,14,0.0,0.0,4.3518,0.7,10,-1.0,-1.0,-4.2086,0.6667,15,0.0,0.0,4.296,,,,,,0.6,10,-1.0,-1.0,1.0633,0.6364,11,1.0,1.0,-1.24,,,,,,0.6923,13,2.0,2.0,-1.0578,,,,,,,,,,,,,,,,,,,,,,,,,,0.6066,61,0.0,0.0,-2.4854,,,,,,0.619,21,1.0,1.0,-1.4423,0.2093,1.172
DGRO,SPY,24,24,243,,,,,,,,,,,,,,,,,,,,,,,,,,,,,,,,,,,,,,,,,,,,,,0.6154,13,0.0,0.0,-0.1925,,,,,,0.7692,13,0.0,0.0,-0.171,,,,,,0.6037,164,0.0,1.0,-0.05,,,,,,0.6056,71,-1.0,-1.0,-0.0695,,,,,,,,,,,,,,,,,,,,,,,,,,0.61,100,-2.0,-1.0,-0.0441,,,,,,0.63,100,-2.0,-1.0,-0.0748,0.4432,0.1756
DGRW,SPY,11,11,206,,,,,,,,,,,,,,,,,,,,,,,,,,,,,,,,,,,,,,,,,,,,,,,,,,,,,,,,,,,,,,,,,,0.6,15,-2.0,-2.0,-0.0889,,,,,,0.6667,15,-2.0,-2.0,-0.125,,,,,,,,,,,,,,,,,,,,,,,,,,0.8182,11,1.0,1.0,-0.0811,,,,,,0.8182,11,1.0,1.0,-0.0611,0.9031,0.5412
DGXX,SPY,40,40,332,,,,,,,,,,,,,,,,,,,,,,,,,,,,,,,,,,,,,,,,,,,,,,0.75,20,0.0,0.0,-3.2207,,,,,,0.6,20,0.0,0.0,-4.4883,0.6364,22,-2.0,-2.0,0.705,0.6066,61,1.0,3.0,-0.5946,0.619,21,0.0,0.0,1.26,0.619,21,-4.0,-4.0,-0.8362,,,,,,,,,,,,,,,,,,,,,,,,,,0.7368,19,-2.0,-2.0,-0.8943,,,,,,,,,,,0.6606,3.1867
DHI,XHB,14,14,231,,,,,,,,,,,,,,,,,,,,,,,,,,,,,,,,,,,,,,,,,,,,,,,,,,,,,,,,,,,,,,,,,,0.6471,34,1.0,1.0,-0.2618,,,,,,0.6596,47,-1.0,-1.0,-0.3158,,,,,,,,,,,,,,,,,,,,,,,,,,0.6364,22,-2.0,-2.0,-0.1857,,,,,,0.6304,46,-1.0,-1.0,-0.3448,0.8395,0.966
DHR,XLV,18,18,239,,,,,,,,,,,,,,,,,,,,,,,,,,,,,,,,,,,,,,,,,,,,,,,,,,,,,,,,,,,,,0.6154,13,2.0,2.0,0.2787,0.6154,13,4.0,4.0,-0.1312,0.6154,13,2.0,2.0,0.4512,0.6552,29,1.0,1.0,-0.2411,,,,,,,,,,,,,,,,,,,,,0.6296,27,-2.0,-2.0,0.1153,0.6522,23,2.0,2.0,-0.162,0.6364,33,1.0,1.0,0.3252,0.6522,23,2.0,2.0,-0.25,0.6206,0.8975
DHT,XLI,31,31,239,0.75,12,-1.0,-1.0,0.9611,,,,,,0.75,12,-1.0,-1.0,1.2756,,,,,,,,,,,,,,,,,,,,,,,,,,,,,,,,,,,,,,,,,,,,,,0.6,25,2.0,2.0,0.3193,0.6182,55,-3.0,-2.0,-0.2179,0.625,24,2.0,2.0,0.5847,0.6,40,-2.0,-2.0,-0.28,,,,,,,,,,,,,,,,,,,,,,,,,,,,,,,,,,,,,,,,,0.3342,0.4221
DIA,SPY,40,40,360,0.625,16,-1.0,-1.0,0.205,,,,,,0.6875,16,-1.0,-1.0,0.2327,,,,,,,,,,,,,,,,,,,,,,,,,,0.6429,14,-1.0,-1.0,0.2167,,,,,,,,,,,,,,,,,,,,,0.6049,81,-1.0,-1.0,-0.0751,,,,,,,,,,,,,,,,,,,,,,,,,,,,,,,,,,,,,,,,,,,,,,0.6875,16,1.0,1.0,-0.0573,0.7464,0.5684
DINO,XLE,19,19,231,0.6364,11,0.0,0.0,0.67,,,,,,0.6,10,0.0,0.0,1.5083,,,,,,,,,,,,,,,,,,,,,,,,,,,,,,,,,,,,,,,,,,,,,,,,,,,,,,,,0.6,10,4.0,4.0,0.205,,,,,,,,,,,,,,,,,,,,,,,,,,0.7,20,2.0,2.0,0.1557,,,,,,0.6,10,-3.0,-3.0,0.4517,0.6053,38,1.0,1.0,-0.3583,0.7725,0.9818
DIOD,SOXX,11,11,160,,,,,,,,,,,,,,,,,,,,,,,,,,,,,,,,,,,,,,,,,,,,,,,,,,,,,,,,,,,,,0.6,15,-1.0,-1.0,0.4344,0.6364,11,3.0,3.0,-0.2471,0.75,16,-2.0,-2.0,0.6117,0.7,10,2.0,2.0,-0.5486,,,,,,,,,,,,,,,,,,,,,0.6818,22,4.0,5.0,0.4027,0.8571,14,1.0,1.0,-0.3108,0.7059,17,-1.0,-1.0,1.0808,0.7857,14,1.0,1.0,-0.7636,0.9581,0.9696
DIS,SPY,40,40,283,0.7273,22,0.0,0.0,0.5394,0.6875,16,-1.0,-1.0,-0.7755,,,,,,,,,,,,,,,,,,,,,,,,,,,,,,,0.6,15,-1.0,-1.0,0.3978,,,,,,,,,,,0.65,20,0.0,0.0,-0.7392,,,,,,0.7241,29,-2.0,-2.0,-0.1348,0.6364,11,2.0,2.0,0.3071,0.6,15,-3.0,-3.0,-0.1811,,,,,,,,,,,,,,,,,,,,,,,,,,0.6042,96,-1.0,-1.0,-0.1314,,,,,,0.625,16,-2.0,-2.0,-0.194,0.3634,0.3162
DISK,NONE,11,13,63,,,,,,,,,,,,,,,,,,,,,,,,,,,,,,,,,,,,,,,,,,,,,,,,,,,,,,,,,,,,,,,,,,,,,,,,,,,,,,,,,,,,,,,,,,,,,,,,,,,,,,,,,,,,,,,,,,,,,,,,,,
DIVO,SPY,28,28,222,,,,,,0.6429,28,-1.0,0.0,-0.18,,,,,,,,,,,,,,,,,,,,,,,,,,,,,,,,,,,,,,,,,,,,,,,,,,,,,,,,0.6,10,1.0,1.0,-0.07,,,,,,0.6,10,1.0,1.0,-0.0717,,,,,,,,,,,,,,,,,,,,,,,,,,0.6667,12,1.0,1.0,-0.075,,,,,,0.6,15,1.0,1.0,-0.0378,0.5979,0.2577
DJT,IWM,40,40,314,,,,,,0.6429,14,0.0,0.0,-0.8333,,,,,,,,,,,,,,,,,,,,,,,,,,,,,,,,,,,,0.7692,13,-1.0,-1.0,-1.016,0.6111,18,0.0,0.0,1.84,,,,,,0.6333,30,1.0,1.0,0.38,0.7143,14,-6.0,-6.0,-0.242,,,,,,0.7059,34,-4.0,-3.0,-0.5796,,,,,,,,,,,,,,,,,,,,,,,,,,,,,,,,,,,,,,,,,0.4769,0.6925
DJTU,IWM,19,25,70,,,,,,,,,,,,,,,,,,,,,,,,,,,,,,,,,,,,,,,,,,,,,,,,,,,,,,,,,,,,,,,,,,,,,,,,,,,,,,,,,,,,,,,,,,,,,,,,,,,,,,,,,,0.6316,19,-1.0,-1.0,-0.8817,,,,,,0.6,15,0.0,0.0,-1.5633,0.5703,1.612
DK,XLE,12,13,201,,,,,,,,,,,,,,,,,,,,,,,,,,,,,,,,,,,,,,,,,,,,,,,,,,,,,,,,,,,,,0.6604,53,-2.0,-1.0,0.3874,,,,,,0.6522,23,1.0,1.0,0.5413,0.6,10,-3.0,-3.0,-0.2433,,,,,,,,,,,,,,,,,,,,,0.6098,41,0.0,0.0,0.4672,,,,,,0.6429,28,-2.0,-2.0,0.6617,0.6333,30,1.0,1.0,-0.5263,0.8229,1.4799
DKNG,XLY,40,40,299,,,,,,,,,,,,,,,,,,,,,,,,,,,,,,,,,,,,,,,,,,,,,,,,,,,,,,,,,,,,,,,,,,0.6957,46,-1.0,-1.0,-0.2012,,,,,,,,,,,,,,,,,,,,,,,,,,,,,,,,,,,,0.6444,45,1.0,2.0,-0.2603,,,,,,0.6129,31,1.0,1.0,-0.4553,0.1333,0.1659
DLLL,QQQ,35,37,292,,,,,,,,,,,,,,,,,,,,,,,,,,,,,,,,,,,,,,,,,0.6,10,-1.0,-1.0,6.5967,,,,,,0.7,10,-1.0,-1.0,6.7471,,,,,,0.6667,21,2.0,3.0,1.1286,0.6,10,-1.0,-1.0,-0.63,0.75,12,2.0,2.0,2.0956,0.6154,13,-1.0,-1.0,-0.955,,,,,,,,,,,,,,,,,,,,,,,,,,,,,,,,,,,,,,,,,0.5688,2.4373
DLO,SPY,25,25,236,,,,,,,,,,,,,,,,0.75,12,0.0,0.0,-0.9367,,,,,,,,,,,,,,,,,,,,,,,,,,,,,,,,,,,,0.6667,12,0.0,0.0,-1.375,0.68,25,-2.0,-2.0,0.3494,0.6176,34,1.0,1.0,-0.2629,,,,,,0.6286,35,1.0,1.0,-0.455,,,,,,,,,,,,,,,,,,,,,,,,,,0.6494,77,-1.0,-1.0,-0.2894,,,,,,0.631,84,-1.0,-1.0,-0.5609,0.3651,0.5466
DLTR,XLP,15,15,242,,,,,,,,,,,,,,,,,,,,,,,,,,,,,,,,,,,,,,,,,,,,,,,,,,,,,,,,,,,,,,,,,,0.7273,22,2.0,2.0,-0.1913,0.6,15,4.0,4.0,0.2789,,,,,,,,,,,,,,,,,,,,,,,,,,0.8,10,2.0,2.0,0.155,0.6667,42,1.0,1.0,-0.2886,0.6,10,2.0,2.0,0.2417,,,,,,0.3913,0.5818
DNA,SPY,28,29,216,,,,,,,,,,,,,,,,,,,,,,,,,,,,,,,,,,,,,,,,,,,,,,,,,,,,,,,,,,,,,,,,,,0.6957,23,-1.0,-1.0,-0.215,0.7,10,-5.0,-5.0,0.4929,0.625,40,0.0,2.0,-1.098,,,,,,,,,,,,,,,,,,,,,,,,,,0.7273,11,1.0,1.0,-0.7712,,,,,,0.6923,13,-2.0,-2.0,-0.5122,0.7129,1.9679
DNLI,XBI,21,21,228,,,,,,,,,,,,,,,,,,,,,,,,,,,,,,,,,,,,,,,,,,,,,,,,,,,,,,,,,,,,,0.6818,22,2.0,2.0,0.4153,0.625,24,3.0,3.0,-0.2167,0.6364,44,2.0,3.0,0.5882,,,,,,,,,,,,,,,,,,,,,,,,,,,,,,,,,,,,0.6094,64,0.0,0.0,0.4618,,,,,,0.733,0.8433
DNN,GDX,39,39,269,,,,,,,,,,,,,,,,,,,,,,,,,,,,,,,,,,,,,,,,,,,,,,,,,,,,,,,,,,,,,0.6471,34,0.0,0.0,0.5036,0.6452,31,-2.0,-2.0,-0.2585,0.6061,33,0.0,0.0,0.736,0.6786,28,3.0,4.0,-0.6189,,,,,,,,,,,,,,,,,,,,,0.64,25,1.0,1.0,0.5644,0.6548,84,-4.0,-2.0,-0.2789,0.6667,27,1.0,1.0,0.6978,0.6207,29,-4.0,-4.0,-0.3822,0.8405,0.5913
DNUT,XLY,29,29,234,,,,,,,,,,,,,,,,,,,,,,,,,,,,,,,,,,,,,,,,,,,,,,,,,,,,,,,,,,,,,,,,,,0.7429,35,1.0,2.0,-0.4581,0.7,20,-3.0,-3.0,0.6529,0.625,24,-2.0,-2.0,-0.492,,,,,,,,,,,,,,,,,,,,,,,,,,0.6562,128,-1.0,0.0,-0.3051,,,,,,,,,,,0.317,0.2528
DOC,VNQ,20,20,241,,,,,,,,,,,0.6364,11,0.0,0.0,0.3971,,,,,,,,,,,,,,,,,,,,,,,,,,,,,,,,,,,,,,,,,,,,,,,,,,,0.7075,106,-2.0,-1.0,-0.1311,0.7273,11,2.0,2.0,0.2162,0.6711,76,-1.0,-1.0,-0.2088,,,,,,,,,,,,,,,,,,,,,,,,,,0.6386,202,-1.0,1.0,-0.1222,,,,,,0.6232,69,-1.0,-1.0,-0.2372,0.5328,0.8321
DOCN,QQQ,34,34,256,,,,,,,,,,,,,,,,,,,,,,,,,,,,,,,,,,,,,,,,,,,,,,,,,,,,,,,,,,,,,0.8,20,-3.0,-3.0,0.8519,0.76,25,1.0,1.0,-0.4153,0.6957,23,-3.0,-3.0,1.4712,0.8462,26,-5.0,-4.0,-0.8159,,,,,,,,,,,,,,,,,,,,,,,,,,,,,,,0.6038,53,0.0,0.0,0.7875,0.6154,13,-3.0,-3.0,-0.9612,0.695,1.2641
DOCS,IGV,23,23,239,,,,,,,,,,,,,,,,,,,,,,,,,,,,,,,,,,,,,,,,,,,,,,,,,,,,,,,,,,,,,0.7586,29,3.0,4.0,0.25,0.6818,44,0.0,0.0,-0.2803,0.6842,19,3.0,3.0,0.3915,0.6452,31,-1.0,-1.0,-0.3985,,,,,,,,,,,,,,,,,,,,,0.7027,37,1.0,2.0,0.2281,0.766,47,-1.0,-1.0,-0.2422,0.6757,37,1.0,2.0,0.4568,0.7292,48,-1.0,-1.0,-0.472,0.6574,0.7084
DOCU,IGV,23,23,250,,,,,,,,,,,,,,,,,,,,,,,,,,,,,,,,,,,,,,,,,,,,,,,,,,,,,,,,,,,,,,,,,,0.6,30,-2.0,-2.0,-0.2078,0.6154,52,1.0,2.0,0.5141,0.6897,29,3.0,4.0,-0.2455,,,,,,,,,,,,,,,,,,,,,0.6667,21,1.0,1.0,0.1979,0.6216,37,-2.0,-2.0,-0.163,0.6667,12,-4.0,-4.0,0.345,0.625,16,2.0,2.0,-0.52,0.8197,1.1175
DOG,QQQ,32,33,168,,,,,,,,,,,,,,,,0.6786,28,-1.0,0.0,-0.2174,,,,,,,,,,,,,,,,,,,,,,,,,,,,,,,,,,,,,,,,,0.7273,11,-2.0,-2.0,0.0812,0.6129,31,0.0,0.0,-0.0647,,,,,,0.6,15,1.0,1.0,-0.0822,,,,,,,,,,,,,,,,,,,,,,,,,,,,,,,0.75,20,-2.0,-2.0,0.122,0.7143,28,0.0,0.0,-0.1645,-0.4445,-0.174
DOMO,IGV,27,28,220,,,,,,,,,,,,,,,,,,,,,,,,,,,,,,,,,,,,,,,,,,,,,,,,,,,,,,,,,,,,,,,,,,0.7,30,-3.0,-2.0,-0.6333,,,,,,0.7241,29,0.0,1.0,-1.0657,,,,,,,,,,,,,,,,,,,,,0.6364,11,3.0,3.0,1.46,0.7115,52,-4.0,-2.0,-0.6673,0.7,10,-4.0,-4.0,0.4171,0.6267,75,0.0,2.0,-1.2849,0.4592,0.7738
DOW,XLE,38,38,259,,,,,,0.8125,16,-1.0,-1.0,-1.2977,0.7273,11,0.0,0.0,1.455,0.625,16,-1.0,-1.0,-1.849,,,,,,,,,,,,,,,,,,,,,,,,,,0.8,10,-1.0,-1.0,-1.0138,,,,,,0.7,10,-1.0,-1.0,-1.8,0.6389,36,-3.0,-3.0,0.2161,0.68,25,3.0,3.0,-0.1806,0.64,50,-4.0,-3.0,0.4006,0.7826,23,3.0,3.0,-0.3711,,,,,,,,,,,,,,,,,,,,,0.9091,11,-3.0,-3.0,0.163,0.6667,21,2.0,2.0,-0.1943,0.6364,11,-3.0,-3.0,0.3857,0.6667,21,2.0,2.0,-0.4193,0.7179,1.085
DPRO,SPY,38,38,256,,,,,,,,,,,0.7273,11,1.0,1.0,3.1812,,,,,,,,,,,,,,,,,,,,,,,,,,,,,,,0.697,33,-1.0,0.0,-2.3696,,,,,,,,,,,0.6383,47,1.0,2.0,0.511,0.625,24,3.0,4.0,-0.6053,0.7778,27,1.0,1.0,0.6405,0.7333,15,2.0,2.0,-0.7491,,,,,,,,,,,,,,,,,,,,,,,,,,0.6667,12,-2.0,-2.0,-0.3575,,,,,,,,,,,0.7108,1.9526
DPST,IWM,23,24,152,,,,,,,,,,,,,,,,,,,,,,,,,,,,,,,,,,,,,,,,,0.75,12,0.0,0.0,1.5389,,,,,,0.7273,11,0.0,0.0,1.695,,,,,,0.6364,11,0.0,0.0,0.3586,0.6429,14,1.0,1.0,-0.8889,0.7391,23,-1.0,0.0,0.4724,0.6,15,3.0,3.0,-0.5878,,,,,,,,,,,,,,,,,,,,,0.6053,38,0.0,0.0,0.493,,,,,,0.6,10,-2.0,-2.0,0.62,0.625,24,1.0,1.0,-1.1213,0.6484,1.0004
DPZ,XLY,17,17,233,0.7,10,0.0,0.0,1.63,,,,,,0.7,10,0.0,0.0,1.7814,,,,,,,,,,,,,,,,,,,,,,,,,,,,,,,,,,,,,,,,,,,,,,0.6111,18,-3.0,-3.0,0.1509,,,,,,0.75,16,3.0,3.0,0.3567,0.6,40,0.0,0.0,-0.2925,,,,,,,,,,,,,,,,,,,,,0.7,10,-3.0,-3.0,0.3429,,,,,,,,,,,0.6333,30,1.0,1.0,-0.3953,0.2319,0.2133
DQ,ICLN,10,13,169,,,,,,,,,,,,,,,,,,,,,,,,,,,,,,,,,,,,,,,,,,,,,,,,,,,,,,,,,,,,,0.6364,11,2.0,2.0,0.5043,0.6818,22,-3.0,-3.0,-0.4433,0.65,20,-4.0,-4.0,0.3954,0.6588,85,-3.0,1.0,-0.5109,,,,,,,,,,,,,,,,,,,,,0.6154,39,0.0,1.0,0.5025,0.7059,17,2.0,2.0,-0.4517,,,,,,0.64,50,-2.0,0.0,-0.4066,0.6055,0.5831
DRAL,NONE,18,19,71,,,,,,,,,,,,,,,,,,,,,,,,,,,,,,,,,,,,,,,,,,,,,,,,,,,,,,,,,,,,,,,,,,0.6154,13,-15.0,-15.0,-0.8125,0.6667,15,-15.0,-15.0,0.931,,,,,,,,,,,,,,,,,,,,,,,,,,,,,,,,,,,,,,,,,,,,,,,
DRAM,QQQ,40,40,817,,,,,,,,,,,,,,,,,,,,,,,,,,,,,,,,,,,,,,,,,0.6,10,-1.0,-1.0,1.4383,0.6667,12,0.0,0.0,-1.355,0.7,10,-1.0,-1.0,1.5557,0.6667,12,0.0,0.0,-2.0587,0.6512,43,3.0,3.0,0.3332,,,,,,0.6477,88,3.0,4.0,0.5082,0.6552,29,-6.0,-6.0,-0.5347,,,,,,,,,,,,,,,,,,,,,0.6591,44,2.0,3.0,0.2659,0.6154,26,-3.0,-3.0,-0.6325,0.6591,44,2.0,3.0,0.469,,,,,,0.8509,4.2588
DRD,GDX,23,27,157,,,,,,,,,,,,,,,,,,,,,,,,,,,,,,,,,,,,,,,,,,,,,,,,,,,,,,,,,,,,,,,,,,0.6154,26,-3.0,-2.0,-0.3237,,,,,,0.7619,21,-1.0,0.0,-0.3944,,,,,,,,,,,,,,,,,,,,,0.6364,11,0.0,0.0,0.4614,0.6429,14,2.0,2.0,-0.6044,,,,,,0.7273,11,0.0,0.0,-0.6188,0.9331,1.064
DRIP,IWM,38,38,237,,,,,,,,,,,,,,,,,,,,,,,,,,,,,,,,,,,,,,,,,,,,,,0.7333,30,-1.0,0.0,-0.9809,,,,,,0.7692,13,-1.0,-1.0,-1.464,,,,,,0.6923,52,1.0,3.0,-0.3261,,,,,,0.6296,27,-2.0,-2.0,-0.6512,,,,,,,,,,,,,,,,,,,,,,,,,,0.6364,66,-1.0,-1.0,-0.309,,,,,,0.7857,14,-2.0,-2.0,-0.6064,0.2576,0.7059
DRN,IWM,15,15,188,,,,,,,,,,,,,,,,,,,,,,,,,,,,,,,,,,,,,,,,,,,,,,,,,,,,,,,,,,,,,0.75,16,2.0,2.0,0.2642,0.6522,46,-3.0,-1.0,-0.2197,0.619,21,2.0,2.0,0.3569,0.6596,47,-4.0,-2.0,-0.3977,,,,,,,,,,,,,,,,,,,,,,,,,,0.6364,33,1.0,1.0,-0.25,,,,,,0.6154,78,-2.0,-1.0,-0.4092,0.2044,0.2107
DRNZ,SPY,17,22,111,,,,,,,,,,,,,,,,,,,,,,,,,,,,,,,,,,,,,,,,,,,,,,,,,,,,,,,,,,,,,0.6,10,1.0,1.0,0.3633,,,,,,0.6667,12,0.0,0.0,0.6887,,,,,,,,,,,,,,,,,,,,,,,,,,0.6744,43,0.0,0.0,0.4197,0.625,24,-1.0,-1.0,-0.42,0.6324,68,-1.0,0.0,0.5779,,,,,,0.7008,1.4924
DRS,ITA,11,12,200,,,,,,,,,,,,,,,,,,,,,,,,,,,,,,,,,,,,,,,,,,,,,,,,,,,,,,,,,,,,,0.7,20,-3.0,-3.0,0.2593,0.6,30,-2.0,-2.0,-0.2878,0.7368,19,2.0,2.0,0.4929,,,,,,,,,,,,,,,,,,,,,,,,,,0.6154,26,1.0,1.0,0.3438,0.7222,18,2.0,2.0,-0.3592,,,,,,0.6154,26,-1.0,-1.0,-0.4,0.6258,0.7868
DRTS,SPY,35,36,179,,,,,,,,,,,,,,,,,,,,,,,,,,,,,,,,,,,,,,,,,,,,,,0.6,15,0.0,0.0,-2.2767,,,,,,0.6111,18,0.0,0.0,-2.4064,0.6667,45,0.0,2.0,0.559,0.75,20,-3.0,-2.0,-0.6233,0.7,10,0.0,0.0,1.8171,0.6667,27,-3.0,-2.0,-0.6911,,,,,,,,,,,,,,,,,,,,,,,,,,0.7,10,1.0,1.0,-0.45,,,,,,,,,,,0.4889,1.4816
DRVN,XLY,20,20,184,,,,,,,,,,,0.6,10,0.0,0.0,1.2867,,,,,,,,,,,,,,,,,,,,,,,,,,,,,,,,,,,,,,,,,,,,,,0.6429,14,-3.0,-3.0,0.1733,0.6889,45,1.0,3.0,-0.3865,,,,,,0.7857,14,2.0,2.0,-0.6718,,,,,,,,,,,,,,,,,,,,,,,,,,0.619,21,-2.0,-2.0,-0.2285,0.6111,18,1.0,1.0,0.5173,0.7,20,-2.0,-2.0,-0.2793,0.4988,0.462
DSGX,IGV,12,12,164,,,,,,,,,,,,,,,,,,,,,,,,,,,,,,,,,,,,,,,,,,,,,,,,,,,,,,,,,,,,,0.7273,11,-4.0,-4.0,0.3013,0.7069,58,-2.0,0.0,-0.3251,0.6471,17,-2.0,-2.0,0.2536,0.6786,28,-1.0,-1.0,-0.3874,,,,,,,,,,,,,,,,,,,,,0.7,10,-4.0,-4.0,0.33,0.6452,31,-3.0,-2.0,-0.217,,,,,,0.64,25,-1.0,-1.0,-0.5219,0.8478,0.726
DSX,IWM,19,21,161,,,,,,,,,,,,,,,,0.6,10,0.0,0.0,-1.1083,,,,,,,,,,,,,,,,,,,,,,,,,,,,,,,,,,,,,,,,,,,,,,0.7397,73,-1.0,2.0,-0.223,,,,,,0.6552,58,0.0,2.0,-0.4066,,,,,,,,,,,,,,,,,,,,,,,,,,0.6465,99,-1.0,1.0,-0.2572,0.65,20,1.0,1.0,1.3008,0.6452,93,-1.0,0.0,-0.438,0.44,0.5314
DSY,SPY,11,20,94,,,,,,,,,,,,,,,,,,,,,,,,,,,,,,,,,,,,,,,,,,,,,,,,,,,,,,,,,,,,,,,,,,0.6829,41,15.0,15.0,-16.1186,,,,,,0.6279,43,15.0,15.0,-21.8463,,,,,,,,,,,,,,,,,,,,,,,,,,0.6567,67,-1.0,0.0,-10.0893,,,,,,0.6296,27,-1.0,-1.0,-25.5571,0.027,0.3385
DT,IGV,31,31,243,,,,,,0.6,10,1.0,1.0,-0.3717,0.6,10,1.0,1.0,1.7817,,,,,,,,,,,,,,,,,,,,,,,,,,,,,,,,,,,,,,,,,,,,,,0.6364,33,-1.0,-1.0,0.2043,0.6038,53,0.0,0.0,-0.2144,0.6471,34,-1.0,-1.0,0.4386,0.64,25,-3.0,-3.0,-0.3056,,,,,,,,,,,,,,,,,,,,,0.625,16,2.0,2.0,0.272,0.6111,18,-3.0,-3.0,-0.1955,0.6154,13,-4.0,-4.0,0.5762,0.6,50,-1.0,-1.0,-0.6003,0.8689,1.011
DTCR,QQQ,31,31,235,,,,,,,,,,,,,,,,,,,,,,,,,,,,,,,,,,,,,,,,,,,,,,,,,,,,,,,,,,,,,0.6538,26,2.0,2.0,0.0865,0.6071,28,-2.0,-2.0,-0.2359,0.6111,36,-1.0,-1.0,0.3095,,,,,,,,,,,,,,,,,,,,,,,,,,0.6118,85,0.0,1.0,0.1331,0.6452,31,-2.0,-2.0,-0.1545,0.6667,12,2.0,2.0,0.23,0.6,30,-2.0,-2.0,-0.2922,0.9114,1.1731
DUK,XLU,29,29,238,,,,,,,,,,,,,,,,,,,,,,,,,,,,,,,,,,,,,,,,,,,,,,,,,,,,,,,,,,,,,,,,,,0.6316,19,-2.0,-2.0,-0.1108,,,,,,0.7368,19,-2.0,-2.0,-0.1814,,,,,,,,,,,,,,,,,,,,,,,,,,0.64,25,1.0,1.0,-0.1356,,,,,,,,,,,0.5316,0.7977
DUOL,IGV,30,30,222,,,,,,0.6364,11,0.0,0.0,-1.8643,,,,,,0.7273,11,0.0,0.0,-1.5963,,,,,,,,,,,,,,,,,,,,,,,,,,,,,,,,,,,,,,,,,0.6,10,-3.0,-3.0,0.6333,0.6364,22,2.0,2.0,-0.4814,0.619,21,0.0,0.0,0.6585,0.62,50,1.0,2.0,-0.5232,,,,,,,,,,,,,,,,,,,,,,,,,,0.6591,44,-1.0,-1.0,-0.2834,0.6154,13,2.0,2.0,0.6463,0.6667,12,3.0,3.0,-0.5925,0.5453,0.62
DUOT,QQQ,23,26,165,,,,,,,,,,,,,,,,,,,,,,,,,,,,,,,,,,,,,,,,,,,,,,,,,,,,,,,,,,,,,,,,,,,,,,,0.6923,13,2.0,2.0,0.6778,0.6667,12,-2.0,-2.0,-0.8975,,,,,,,,,,,,,,,,,,,,,0.6207,29,0.0,0.0,0.4022,0.6538,26,-2.0,-2.0,-0.3665,,,,,,0.6818,22,-2.0,-2.0,-0.6933,0.5057,0.8887
DUST,QQQ,39,40,213,,,,,,,,,,,,,,,,,,,,,,,,,,,,,,,,,,,,,,,,,,,,,,0.6923,13,-1.0,-1.0,-1.5322,0.6154,13,-1.0,-1.0,2.0013,0.6,10,0.0,0.0,-1.645,0.7273,11,4.0,4.0,0.5275,0.6667,12,5.0,5.0,-0.3988,0.6364,11,3.0,3.0,1.0,0.7778,27,-5.0,-4.0,-1.2738,,,,,,,,,,,,,,,,,,,,,,,,,,,,,,,0.6786,28,-2.0,-2.0,1.0663,0.6923,13,2.0,2.0,-0.5322,-0.4665,-1.7339
DV,IGV,14,14,230,,,,,,,,,,,,,,,,,,,,,,,,,,,,,,,,,,,,,,,,,,,,,,,,,,,,,,,,,,,,,,,,,,0.6381,105,0.0,3.0,-0.2828,,,,,,0.8182,11,3.0,3.0,-0.3389,,,,,,,,,,,,,,,,,,,,,,,,,,0.7778,27,2.0,3.0,-0.2252,,,,,,0.6364,44,-1.0,-1.0,-0.4825,0.7131,0.6269
DVLT,QQQ,40,40,462,0.8,10,1.0,1.0,1.8687,0.7,10,-1.0,-1.0,-2.2043,0.7,10,1.0,1.0,2.8286,0.8,10,-1.0,-1.0,-3.0875,,,,,,,,,,,,,,,,,,,,,0.7273,11,-1.0,-1.0,2.23,0.6667,12,0.0,0.0,-1.905,0.7273,11,-1.0,-1.0,1.9312,,,,,,0.6,25,-5.0,-5.0,0.614,0.6562,32,1.0,1.0,-0.6876,0.75,12,3.0,3.0,1.3644,0.625,64,0.0,1.0,-0.8675,,,,,,,,,,,,,,,,,,,,,,,,,,0.7,10,-4.0,-4.0,-0.2414,,,,,,0.6429,14,-3.0,-3.0,-0.8256,0.7648,1.4099
DVN,XLE,40,40,288,0.6364,11,-1.0,-1.0,0.7629,,,,,,,,,,,,,,,,,,,,,,,,,,,,,,,,,,,,,,,,,,,,,,,,,,,0.6,10,-1.0,-1.0,-0.59,,,,,,0.7222,18,2.0,2.0,-0.1208,,,,,,,,,,,,,,,,,,,,,,,,,,,,,,,0.6,10,-3.0,-3.0,0.2233,0.6364,22,2.0,2.0,-0.1864,,,,,,,,,,,0.9339,1.3344
DX,SPY,35,35,253,,,,,,,,,,,,,,,,,,,,,,,,,,,,,,,,,,,,,,,,,,,,,,,,,,,,,,,,0.6154,13,-1.0,-1.0,-0.5875,,,,,,0.7692,13,2.0,2.0,-0.063,,,,,,0.6129,186,-2.0,0.0,-0.157,,,,,,,,,,,,,,,,,,,,,,,,,,0.6092,87,-1.0,-1.0,-0.0806,,,,,,0.6667,15,-2.0,-2.0,-0.211,0.5858,0.4734
DXC,IGV,22,22,245,,,,,,,,,,,,,,,,,,,,,,,,,,,,,,,,,,,,,,,,,,,,,,,,,,,,,,,,,,,,,0.6667,18,3.0,3.0,0.4917,0.6591,44,1.0,2.0,-0.4031,0.75,12,-5.0,-5.0,0.4067,0.6,45,1.0,2.0,-0.6467,,,,,,,,,,,,,,,,,,,,,0.6667,12,3.0,3.0,0.265,0.6279,86,-2.0,-1.0,-0.393,0.6667,12,3.0,3.0,0.43,0.6531,49,-1.0,-1.0,-0.6769,0.5694,0.7996
DXCM,IHI,18,18,240,0.7,10,0.0,0.0,0.8357,,,,,,,,,,,,,,,,,,,,,,,,,,,,,,,,,,,,,,,,,,,,,,,,,,,,,,,,0.6154,26,-3.0,-3.0,0.1588,0.6,10,-4.0,-4.0,-0.1467,,,,,,0.6977,43,1.0,1.0,-0.2233,,,,,,,,,,,,,,,,,,,,,,,,,,0.6,10,2.0,2.0,-0.3333,,,,,,0.7,40,1.0,1.0,-0.2479,0.5396,0.5655
DXD,QQQ,33,35,197,,,,,,0.6667,15,-1.0,-1.0,-0.349,,,,,,0.6667,15,-1.0,-1.0,-0.377,,,,,,,,,,,,,,,,,,,,,,,,,,0.7,10,0.0,0.0,-0.3514,,,,,,,,,,,0.6667,12,-3.0,-3.0,0.135,0.6111,54,-1.0,-1.0,-0.1888,0.8,20,1.0,2.0,0.2412,0.6111,36,0.0,0.0,-0.2691,,,,,,,,,,,,,,,,,,,,,0.6,10,-3.0,-3.0,0.18,0.6,30,0.0,0.0,-0.1617,0.6429,28,-2.0,-2.0,0.2006,0.6727,55,0.0,1.0,-0.2573,-0.5409,-0.4042
DXF,XLF,19,36,145,,,,,,,,,,,,,,,,,,,,,,,,,,,,,,,,,,,,,,,,,,,,,,,,,,,,,,,,,,,,,,,,,,0.7037,27,15.0,15.0,-13.3495,,,,,,0.6923,26,15.0,15.0,-19.67,,,,,,,,,,,,,,,,,,,,,0.7273,11,2.0,2.0,1.8387,0.6957,23,-1.0,-1.0,-4.2288,,,,,,0.6957,23,-1.0,-1.0,-5.4681,0.2508,2.9034
DXST,XLI,11,23,96,,,,,,,,,,,,,,,,,,,,,,,,,,,,,,,,,,,,,,,,,,,,,,,,,,,,,,,,,,,,,,,,,,0.6538,26,15.0,15.0,-4.1794,,,,,,0.6154,26,15.0,15.0,-5.5819,,,,,,,,,,,,,,,,,,,,,,,,,,,,,,,,,,,,0.7857,14,0.0,0.0,-4.89,0.0572,0.4868
DXYZ,SPY,40,40,419,,,,,,0.6364,11,-2.0,-2.0,-0.6243,,,,,,,,,,,,,,,,,,,,,,,,,,,,,,,,,,,,0.65,20,0.0,0.0,-2.7246,,,,,,0.6,20,0.0,0.0,-3.1208,0.64,50,-7.0,-5.0,0.4466,0.6389,36,1.0,1.0,-0.4313,0.6471,17,-6.0,-6.0,0.5773,0.6222,45,-1.0,0.0,-0.7471,,,,,,,,,,,,,,,,,,,,,,,,,,,,,,,,,,,,,,,,,0.1044,0.4305
DY,SPY,11,11,204,,,,,,,,,,,,,,,,,,,,,,,,,,,,,,,,,,,,,,,,,,,,,,,,,,,,,,,,,,,,,0.6842,19,-1.0,-1.0,0.3269,0.8261,23,-2.0,-2.0,-0.2974,0.68,25,-1.0,-1.0,0.54,0.7297,37,-3.0,-2.0,-0.6307,,,,,,,,,,,,,,,,,,,,,0.6,10,1.0,1.0,0.265,,,,,,,,,,,0.6,10,-2.0,-2.0,-0.4283,0.722,1.9152
DYN,XBI,20,20,229,,,,,,,,,,,,,,,,,,,,,,,,,,,,,,,,,,,,,,,,,,,,,,,,,,,,,,,,,,,,,0.7,20,0.0,0.0,0.395,0.6829,41,3.0,4.0,-0.3754,0.6,20,0.0,0.0,0.9892,0.625,24,3.0,3.0,-0.5307,,,,,,,,,,,,,,,,,,,,,,,,,,0.6923,13,-4.0,-4.0,-0.4856,0.6034,58,0.0,0.0,0.4537,0.6,10,3.0,3.0,-0.8033,0.7972,1.1217
E,XLE,29,32,159,,,,,,,,,,,,,,,,,,,,,,,,,,,,,,,,,,,,,,,,,,,,,,,,,,,,,,,,,,,,,,,,,,0.65,20,-1.0,-1.0,-0.1215,0.6154,13,2.0,2.0,0.1825,0.6875,32,1.0,1.0,-0.165,,,,,,,,,,,,,,,,,,,,,0.6316,19,1.0,1.0,0.1233,0.6667,45,-2.0,-1.0,-0.13,,,,,,0.6389,36,-1.0,-1.0,-0.2009,0.8016,1.3077
EARN,IBIT,10,18,95,,,,,,,,,,,,,,,,,,,,,,,,,,,,,,,,,,,,,,,,,,,,,,,,,,,,,,,,,,,,,,,,,,0.7391,23,0.0,0.0,-0.0706,,,,,,0.6038,53,-1.0,1.0,-0.1819,,,,,,,,,,,,,,,,,,,,,,,,,,0.6857,35,-1.0,0.0,-0.1067,,,,,,0.7,30,-1.0,0.0,-0.1252,0.3379,0.0809
EBAY,SPY,21,21,238,,,,,,,,,,,,,,,,,,,,,,,,,,,,,,,,,,,,,,,,,,,,,,0.9091,11,0.0,0.0,-0.945,,,,,,0.7273,11,0.0,0.0,-0.815,,,,,,0.625,16,-3.0,-3.0,-0.149,0.6042,48,0.0,0.0,0.3176,0.6667,27,1.0,1.0,-0.4167,,,,,,,,,,,,,,,,,,,,,,,,,,0.6154,13,1.0,1.0,-0.13,0.6,15,-2.0,-2.0,0.3822,0.6429,14,1.0,1.0,-0.2533,0.3161,0.2787
EBS,XBI,15,16,170,,,,,,,,,,,,,,,,,,,,,,,,,,,,,,,,,,,,,,,,,,,,,,,,,,,,,,,,,,,,,,,,,,0.6667,42,-1.0,0.0,-0.3704,0.6471,17,1.0,1.0,0.3682,0.6591,44,-1.0,0.0,-0.6334,,,,,,,,,,,,,,,,,,,,,,,,,,0.7241,29,-2.0,-1.0,-0.281,0.75,12,2.0,2.0,0.6478,0.6,40,0.0,0.0,-0.5925,0.6572,0.6948
EC,XLE,24,24,228,,,,,,,,,,,,,,,,,,,,,,,,,,,,,,,,,,,,,,,,,,,,,,,,,,,,,,,,,,,,,,,,,,0.6471,85,0.0,2.0,-0.2798,0.6538,26,-2.0,-2.0,0.41,0.65,20,2.0,2.0,-0.4862,,,,,,,,,,,,,,,,,,,,,0.6,10,-3.0,-3.0,0.39,0.66,50,1.0,2.0,-0.2685,0.6333,30,-2.0,-2.0,0.4826,0.6458,48,1.0,2.0,-0.5616,0.6519,0.9828
ECAT,SPY,12,14,139,,,,,,,,,,,,,,,,,,,,,,,,,,,,,,,,,,,,,,,,,,,,,,,,,,,,,,,,,,,,,0.6061,33,-1.0,-1.0,0.148,0.6531,49,0.0,0.0,-0.0681,,,,,,,,,,,,,,,,,,,,,,,,,,,,,,,,,,,,0.6042,48,0.0,0.0,-0.0914,,,,,,,,,,,0.8265,0.8086
ECC,SPY,19,22,140,,,,,,0.7,10,-1.0,-1.0,-0.6186,,,,,,,,,,,,,,,,,,,,,,,,,,,,,,,,,,,,0.7,10,0.0,0.0,-0.6729,,,,,,,,,,,,,,,,0.7407,27,-3.0,-2.0,-0.2275,,,,,,0.6176,68,-1.0,0.0,-0.294,,,,,,,,,,,,,,,,,,,,,,,,,,0.6923,39,-1.0,-1.0,-0.1693,,,,,,0.6512,43,-1.0,-1.0,-0.3429,0.3498,0.2828
ECHO,SPY,40,40,369,,,,,,,,,,,,,,,,0.6667,12,-1.0,-1.0,-1.9937,,,,,,,,,,,,,,,,,,,,,,,,,,0.6286,35,-1.0,0.0,-1.8395,,,,,,,,,,,0.6222,45,1.0,2.0,0.3554,0.6667,30,3.0,4.0,-0.4665,0.625,24,1.0,1.0,0.8253,0.642,81,-1.0,0.0,-0.6229,,,,,,,,,,,,,,,,,,,,,,,,,,0.75,20,-2.0,-2.0,-0.466,0.6818,22,1.0,1.0,0.9167,0.6111,18,-2.0,-2.0,-0.7509,0.5938,1.5636
ECHX,SPY,23,30,136,,,,,,,,,,,,,,,,,,,,,,,,,,,,,,,,,,,,,,,,,,,,,,0.8182,11,0.0,0.0,-6.7744,,,,,,,,,,,,,,,,,,,,,,,,,,,,,,,,,,,,,,,,,,,,,,,,,,,,,,,,0.6786,28,-1.0,-1.0,-1.3511,0.7692,13,1.0,1.0,1.819,,,,,,0.5161,2.7102
ECL,XLB,11,11,232,,,,,,,,,,,,,,,,,,,,,,,,,,,,,,,,,,,,,,,,,,,,,,,,,,,,,,,,,,,,,,,,,,0.661,59,1.0,2.0,-0.141,0.7059,17,-3.0,-3.0,0.1683,0.6119,67,0.0,0.0,-0.2159,,,,,,,,,,,,,,,,,,,,,,,,,,0.6377,138,-1.0,0.0,-0.1397,0.6,10,-3.0,-3.0,0.0917,0.6026,78,0.0,0.0,-0.2449,0.5473,0.6917
ECO,SPY,28,30,147,,,,,,,,,,,,,,,,,,,,,,,,,,,,,,,,,,,,,,,,,,,,,,0.7,10,0.0,0.0,-0.7314,,,,,,0.6,15,0.0,0.0,-1.3333,,,,,,0.6667,15,-2.0,-2.0,-0.259,0.7273,11,-3.0,-3.0,0.4425,0.6,15,-2.0,-2.0,-0.2944,,,,,,,,,,,,,,,,,,,,,,,,,,,,,,,0.6842,38,-1.0,-1.0,0.5031,,,,,,0.1967,0.3836
ECX,QQQ,21,23,177,,,,,,,,,,,,,,,,,,,,,,,,,,,,,,,,,,,,,,,,,,,,,,,,,,,,,,,,,,,,,,,,,,0.6757,37,-3.0,-1.0,-0.464,,,,,,0.8,25,2.0,3.0,-1.2525,,,,,,,,,,,,,,,,,,,,,,,,,,0.7027,37,-1.0,-1.0,-0.5077,,,,,,0.7368,57,-2.0,-1.0,-1.2662,0.4698,0.3916
EDBL,SPY,28,38,228,,,,,,,,,,,,,,,,,,,,,,,,,,,,,,,,,,,,,,,,,0.6364,11,-1.0,-1.0,2.0357,,,,,,,,,,,,,,,,,,,,,,,,,,,,,,,0.6129,31,15.0,15.0,-8.0274,,,,,,,,,,,,,,,,,,,,,,,,,,,,,,,,,,,,,,,,,0.1521,1.3423
EDC,QQQ,13,21,48,,,,,,,,,,,,,,,,,,,,,,,,,,,,,,,,,,,,,,,,,,,,,,,,,,,,,,,,,,,,,,,,,,,,,,,,,,,,,,,,,,,,,,,,,,,,,,,,,,,,,,,,,,,,,,,,,,,,,,,,,0.9001,4.1877
EDHL,KWEB,10,18,94,,,,,,,,,,,,,,,,,,,,,,,,,,,,,,,,,,,,,,,,,,,,,,,,,,,,,,,,,,,,,,,,,,,,,,,,,,,,,,,,,,,,,,,,,,,,,,,,,,,,,,,,,,0.625,16,0.0,0.0,-8.108,0.619,21,-1.0,-1.0,17.7254,,,,,,-0.0859,-0.3054
EDIT,XBI,29,29,230,,,,,,,,,,,,,,,,,,,,,,,,,,,,,,,,,,,,,,,,,,,,,,,,,,,,,,,,,,,,,0.7273,11,2.0,2.0,0.9,0.75,20,1.0,1.0,-0.6247,0.6571,35,-3.0,-2.0,1.1965,0.675,40,0.0,1.0,-0.8111,,,,,,,,,,,,,,,,,,,,,,,,,,0.6522,46,1.0,1.0,-0.708,,,,,,0.625,48,1.0,1.0,-1.421,0.7478,1.0513
EDSA,IWM,12,18,36,,,,,,,,,,,,,,,,,,,,,,,,,,,,,,,,,,,,,,,,,,,,,,,,,,,,,,,,,,,,,,,,,,,,,,,,,,,,,,,,,,,,,,,,,,,,,,,,,,,,,,,,,,,,,,,,,,,,,,,,,0.3473,0.6602
EDV,IWM,25,25,206,0.7,10,-1.0,-1.0,0.1471,,,,,,0.7,20,-1.0,0.0,0.1821,,,,,,,,,,,,,,,,,,,,,,,,,,,,,,,,,,,,0.6923,13,0.0,0.0,0.1611,,,,,,,,,,,,,,,,0.6364,11,1.0,1.0,0.0886,,,,,,,,,,,,,,,,,,,,,,,,,,0.6111,36,1.0,1.0,0.0441,0.6349,63,-1.0,-1.0,-0.0553,,,,,,0.619,63,0.0,0.0,-0.0779,0.3922,0.2794
EDZ,IWM,10,16,40,,,,,,,,,,,,,,,,,,,,,,,,,,,,,,,,,,,,,,,,,,,,,,,,,,,,,,,,,,,,,,,,,,,,,,,,,,,,,,,,,,,,,,,,,,,,,,,,,,,,,,,,,,,,,,,,,,,,,,,,,-0.7082,-5.288
EEM,QQQ,40,40,286,,,,,,,,,,,,,,,,,,,,,,,,,,,,,,,,,,,,,,,,,0.7273,22,-1.0,0.0,0.225,,,,,,0.7273,11,-1.0,-1.0,0.4088,,,,,,0.6607,56,0.0,0.0,0.1784,0.6087,23,-3.0,-3.0,-0.1014,0.6271,59,1.0,2.0,0.2086,,,,,,,,,,,,,,,,,,,,,,,,,,0.6613,62,1.0,2.0,0.0976,0.6667,42,-2.0,-2.0,-0.1146,0.6134,119,0.0,2.0,0.1922,0.6923,13,-3.0,-3.0,-0.3356,0.9042,1.4107
EFA,IWM,27,27,244,0.6364,11,-1.0,-1.0,0.1886,,,,,,0.6364,11,-1.0,-1.0,0.2729,,,,,,,,,,,,,,,,,,,,,,,,,,0.8,10,-1.0,-1.0,0.1375,,,,,,0.65,20,-1.0,0.0,0.2846,,,,,,,,,,,0.6207,29,-2.0,-2.0,-0.0744,,,,,,0.7273,22,1.0,1.0,-0.1631,,,,,,,,,,,,,,,,,,,,,,,,,,,,,,,,,,,,,,,,,0.819,0.8764
EFC,XLF,25,25,209,,,,,,,,,,,0.6,15,0.0,0.0,0.5733,,,,,,,,,,,,,,,,,,,,,,,,,,,,,,,,,,,,,,,,,,,,,,,,,,,0.6225,151,-2.0,0.0,-0.1082,,,,,,,,,,,,,,,,,,,,,,,,,,,,,,,,,,,,0.6373,102,0.0,1.0,-0.1072,,,,,,,,,,,0.5794,0.4156
EGHT,IGV,16,16,212,,,,,,,,,,,,,,,,,,,,,,,,,,,,,,,,,,,,,,,,,,,,,,,,,,,,,,,,,,,,,,,,,,0.6346,104,-3.0,1.0,-0.528,,,,,,0.7857,28,0.0,0.0,-0.6027,,,,,,,,,,,,,,,,,,,,,,,,,,0.6765,102,-1.0,2.0,-0.552,,,,,,0.6053,76,-1.0,0.0,-0.6604,0.5285,0.4125
EGO,GDX,27,27,241,,,,,,,,,,,,,,,,,,,,,,,,,,,,,,,,,,,,,,,,,,,,,,,,,,,,,,,,,,,,,0.6216,37,1.0,2.0,0.3578,0.6098,41,-4.0,-3.0,-0.2824,0.6429,14,0.0,0.0,0.37,0.6279,43,-4.0,-3.0,-0.657,,,,,,,,,,,,,,,,,,,,,0.7619,21,-1.0,-1.0,0.21,0.7273,22,0.0,0.0,-0.2612,0.64,25,1.0,1.0,0.8169,0.6167,60,-4.0,-3.0,-0.5208,0.9767,1.0401
EGY,XLE,21,23,190,,,,,,,,,,,,,,,,,,,,,,,,,,,,,,,,,,,,,,,,,,,,,,,,,,,,,,,,,,,,,,,,,,0.6575,73,-2.0,0.0,-0.1483,0.619,21,1.0,1.0,0.5508,0.65,20,-1.0,-1.0,-0.3508,,,,,,,,,,,,,,,,,,,,,,,,,,0.6286,35,-1.0,-1.0,-0.2364,,,,,,0.7568,37,-1.0,-1.0,-0.3818,0.7267,0.9062
EH,SPY,32,34,211,,,,,,,,,,,,,,,,,,,,,,,,,,,,,,,,,,,,,,,,,0.6923,13,-1.0,-1.0,2.1789,0.8,15,0.0,0.0,-2.0025,,,,,,,,,,,0.6087,23,-3.0,-3.0,0.4986,0.7222,36,-2.0,-1.0,-0.2962,,,,,,0.617,47,-3.0,-2.0,-0.4686,,,,,,,,,,,,,,,,,,,,,,,,,,0.7,10,-2.0,-2.0,-0.5257,,,,,,0.6176,68,-1.0,-1.0,-0.871,0.4912,1.5806
EHGO,IWM,24,26,296,,,,,,,,,,,,,,,,,,,,,,,,,,,,,,,,,,,,,,,,,,,,,,0.6923,13,0.0,0.0,-3.1489,,,,,,0.6923,13,0.0,0.0,-3.9144,,,,,,,,,,,,,,,,,,,,,,,,,,,,,,,,,,,,,,,,,0.7143,14,-2.0,-2.0,1.604,0.6667,21,1.0,1.0,-3.2357,,,,,,0.6842,19,1.0,1.0,-8.0915,0.0958,1.7277
EIDO,IWM,21,24,181,,,,,,,,,,,,,,,,,,,,,,,,,,,,,,,,,,,,,,,,,,,,,,,,,,,,,,,,,,,,,,,,,,0.65,20,1.0,1.0,-0.0208,0.6,10,2.0,2.0,0.1533,0.6111,18,-2.0,-2.0,-0.4118,,,,,,,,,,,,,,,,,,,,,,,,,,0.6125,80,0.0,1.0,-0.0547,,,,,,,,,,,0.0068,0.0198
EL,IWM,23,23,239,,,,,,,,,,,,,,,,,,,,,,,,,,,,,,,,,,,,,,,,,,,,,,,,,,,,,,,,0.6,10,0.0,0.0,-1.695,,,,,,0.6452,31,-2.0,-2.0,-0.1555,,,,,,0.6562,32,-2.0,-2.0,-0.3538,,,,,,,,,,,,,,,,,,,,,,,,,,0.625,16,-2.0,-2.0,-0.273,,,,,,0.625,16,-2.0,-2.0,-0.625,0.5895,0.81
ELAB,SPY,35,37,234,,,,,,,,,,,,,,,,,,,,,,,,,,,,,,,,,,,,,,,,,,,,,,,,,,,,,,,,,,,,,,,,,,0.7273,33,0.0,1.0,-0.7896,,,,,,0.68,25,15.0,15.0,-4.0788,,,,,,,,,,,,,,,,,,,,,,,,,,0.6557,61,-1.0,-1.0,-0.9142,,,,,,0.6,60,-1.0,-1.0,-1.6219,0.294,1.4547
ELAN,IWM,20,20,243,,,,,,,,,,,,,,,,,,,,,,,,,,,,,,,,,,,,,,,,,,,,,,,,,,,,,,,,,,,,,0.6154,39,-1.0,-1.0,0.3075,0.7059,17,3.0,3.0,-0.3392,0.7179,39,-1.0,-1.0,0.5196,0.6275,51,1.0,1.0,-0.3191,,,,,,,,,,,,,,,,,,,,,0.6471,17,-2.0,-2.0,0.3509,,,,,,,,,,,,,,,,0.7455,0.9775
ELBM,IWM,25,30,78,,,,,,,,,,,,,,,,,,,,,,,,,,,,,,,,,,,,,,,,,,,,,,0.7273,11,-1.0,-1.0,-1.9963,,,,,,,,,,,,,,,,,,,,,,,,,,,,,,,,,,,,,,,,,,,,,,,,,,,0.6429,14,0.0,0.0,0.4689,0.6522,23,-1.0,-1.0,-0.3413,0.6,20,-1.0,-1.0,0.9092,,,,,,0.3348,0.8328
ELDN,XBI,31,33,195,,,,,,0.6667,12,0.0,0.0,-1.4525,,,,,,0.7692,13,0.0,0.0,-1.06,,,,,,,,,,,,,,,,,,,,,,,,,,,,,,,,,,,,,,,,,0.72,25,1.0,1.0,0.6978,0.7143,14,3.0,3.0,-0.275,,,,,,0.6923,13,-3.0,-3.0,-0.5389,,,,,,,,,,,,,,,,,,,,,,,,,,0.75,12,-2.0,-2.0,-0.4889,,,,,,0.8,10,-2.0,-2.0,-0.58,0.6912,0.7459
ELF,SPY,37,37,274,0.6364,11,-1.0,-1.0,1.9171,,,,,,,,,,,0.6429,14,0.0,0.0,-1.3767,,,,,,,,,,,,,,,,,,,,,0.6,15,-1.0,-1.0,2.4944,,,,,,,,,,,,,,,,,,,,,0.7692,26,-5.0,-4.0,-0.3245,0.6316,38,0.0,0.0,0.7192,0.619,42,-4.0,-3.0,-0.3685,,,,,,,,,,,,,,,,,,,,,,,,,,0.6875,16,1.0,1.0,-0.4718,,,,,,,,,,,0.2652,0.5091
ELIL,SPY,18,21,33,,,,,,,,,,,,,,,,,,,,,,,,,,,,,,,,,,,,,,,,,,,,,,0.7273,11,0.0,0.0,-1.8213,,,,,,,,,,,,,,,,,,,,,,,,,,,,,,,,,,,,,,,,,,,,,,,,,,,0.6154,13,0.0,0.0,0.4613,,,,,,,,,,,,,,,,0.4113,1.2145
ELMT,SPY,24,25,173,,,,,,,,,,,,,,,,,,,,,,,,,,,,,,,,,,,,,,,,,,,,,,0.6667,12,0.0,0.0,-3.3338,,,,,,,,,,,0.8182,11,15.0,15.0,1.3656,,,,,,0.6429,14,15.0,15.0,2.8422,,,,,,,,,,,,,,,,,,,,,,,,,,0.6129,62,0.0,0.0,1.0171,0.9,10,-2.0,-2.0,-0.28,,,,,,,,,,,0.7102,2.2079
ELPC,IWM,30,39,140,0.6,10,-1.0,-1.0,0.685,,,,,,,,,,,,,,,,,,,,,,,,,,,,,,,,,,,,0.6154,13,0.0,0.0,0.5975,,,,,,0.6667,12,0.0,0.0,0.67,0.6,10,-1.0,-1.0,-0.9483,,,,,,0.65,20,0.0,0.0,-0.2331,0.6667,24,-1.0,-1.0,0.2994,0.6364,22,0.0,0.0,-0.6243,,,,,,,,,,,,,,,,,,,,,,,,,,0.6286,35,0.0,0.0,-0.1559,,,,,,,,,,,0.4855,0.7568
ELPW,XLI,31,40,331,,,,,,,,,,,,,,,,,,,,,,,,,,,,,,,,,,,,,,,,,,,,,,,,,,,,,,,,,,,,,0.6429,14,-12.0,-12.0,1.2544,0.7241,29,-15.0,-15.0,-0.6719,,,,,,0.75,12,-5.0,-5.0,-0.6889,,,,,,,,,,,,,,,,,,,,,,,,,,0.6,55,0.0,0.0,-1.8009,,,,,,0.6538,26,1.0,1.0,-1.7059,0.1449,0.9141
ELTX,IBB,19,20,185,,,,,,,,,,,,,,,,,,,,,,,,,,,,,,,,,,,,,,,,,,,,,,,,,,,,,,,,,,,,,0.6,10,0.0,0.0,1.8783,0.6087,23,15.0,15.0,-5.2436,,,,,,0.6389,36,-15.0,-15.0,-1.9626,,,,,,,,,,,,,,,,,,,,,,,,,,0.7333,15,2.0,2.0,-1.5182,,,,,,,,,,,-0.009,-0.0384
ELVA,ICLN,19,20,156,,,,,,,,,,,,,,,,,,,,,,,,,,,,,,,,,,,,,,,,,,,,,,,,,,,,,,,,,,,,,0.6,10,-4.0,-4.0,0.6267,,,,,,0.8182,11,-2.0,-2.0,1.5433,0.6,10,0.0,0.0,-1.9283,,,,,,,,,,,,,,,,,,,,,0.6875,16,2.0,2.0,0.8327,0.7308,26,-2.0,-1.0,-0.5016,0.75,28,1.0,2.0,1.2,,,,,,0.7408,0.737
ELVN,XBI,18,19,192,,,,,,,,,,,,,,,,,,,,,,,,,,,,,,,,,,,,,,,,,,,,,,,,,,,,,,,,,,,,,0.7,10,-5.0,-5.0,0.6271,,,,,,0.7143,21,-5.0,-4.0,0.8407,0.6,10,3.0,3.0,-0.5483,,,,,,,,,,,,,,,,,,,,,,,,,,,,,,,0.7,20,-1.0,-1.0,0.61,,,,,,0.5442,0.5708
EMBJ,IWM,35,36,228,,,,,,,,,,,,,,,,,,,,,,,,,,,,,,,,,,,,,,,,,,,,,,0.6471,17,0.0,0.0,-0.8655,,,,,,,,,,,,,,,,0.6316,19,2.0,2.0,-0.1225,0.625,40,0.0,0.0,0.3324,0.625,24,-4.0,-3.0,-0.23,,,,,,,,,,,,,,,,,,,,,0.6154,13,-2.0,-2.0,0.2162,,,,,,0.6429,14,-2.0,-2.0,0.3967,,,,,,0.7151,1.1338
EME,XLI,13,13,186,,,,,,,,,,,,,,,,,,,,,,,,,,,,,,,,,,,,,,,,,,,,,,,,,,,,,,,,,,,,,0.6,15,-2.0,-2.0,0.3578,0.6,25,2.0,2.0,-0.2307,0.7,10,-5.0,-5.0,0.4029,0.75,20,-1.0,-1.0,-0.5367,,,,,,,,,,,,,,,,,,,,,0.625,56,-2.0,-1.0,0.2931,,,,,,,,,,,,,,,,0.8316,1.6725
EMR,XLI,10,10,237,,,,,,,,,,,,,,,,,,,,,,,,,,,,,,,,,,,,,,,,,,,,,,,,,,,,,,,,,,,,,,,,,,0.6,45,1.0,1.0,-0.1581,0.6,25,2.0,2.0,0.2313,0.6604,53,0.0,0.0,-0.2803,,,,,,,,,,,,,,,,,,,,,,,,,,0.7045,44,1.0,1.0,-0.1835,0.6154,26,-2.0,-2.0,0.3081,,,,,,0.8531,1.3073
EMXC,QQQ,15,15,240,,,,,,,,,,,,,,,,,,,,,,,,,,,,,,,,,,,,,,,,,,,,,,,,,,,,,,,,,,,,,0.6286,35,-2.0,-2.0,0.1532,0.6471,17,-3.0,-3.0,-0.1545,0.6304,46,0.0,0.0,0.1862,,,,,,,,,,,,,,,,,,,,,,,,,,0.6618,68,-1.0,-1.0,0.2004,0.6304,46,-3.0,-2.0,-0.1628,0.6442,104,0.0,2.0,0.2164,0.6667,12,-3.0,-3.0,-0.3688,0.9026,1.6542
ENB,XLE,28,28,245,0.6296,27,-1.0,0.0,0.5618,,,,,,,,,,,,,,,,,,,,,,,,,,,,,,,,,,,,0.8,10,0.0,0.0,0.5962,,,,,,0.8,10,0.0,0.0,0.68,,,,,,,,,,,0.6111,72,-1.0,-1.0,-0.123,0.6452,31,1.0,1.0,0.2105,0.6176,34,-2.0,-2.0,-0.1843,,,,,,,,,,,,,,,,,,,,,0.6,10,-3.0,-3.0,0.1433,0.614,57,-1.0,-1.0,-0.1317,0.7,10,-3.0,-3.0,0.2743,0.6374,91,-2.0,-1.0,-0.1929,0.7677,0.3801
ENGN,XBI,13,13,141,,,,,,,,,,,,,,,,,,,,,,,,,,,,,,,,,,,,,,,,,,,,,,,,,,,,,,,,,,,,,,,,,,0.7692,13,-2.0,-2.0,-0.387,,,,,,0.7778,27,-3.0,-2.0,-0.5471,,,,,,,,,,,,,,,,,,,,,,,,,,0.7586,29,1.0,2.0,-0.3468,,,,,,0.6333,60,0.0,1.0,-0.5003,0.6628,0.5977
ENHA,SPY,28,32,180,,,,,,,,,,,,,,,,,,,,,,,,,,,,,,,,,,,,,,,,,0.6154,13,-1.0,-1.0,3.4075,,,,,,,,,,,0.68,25,-1.0,0.0,-3.7647,,,,,,0.7143,14,-15.0,-15.0,-1.051,0.6364,11,-4.0,-4.0,0.7829,0.6316,19,-2.0,-2.0,-1.6592,,,,,,,,,,,,,,,,,,,,,,,,,,0.6351,74,0.0,0.0,-1.1328,,,,,,0.6203,79,0.0,0.0,-1.6741,0.32,1.4564
ENLT,SPY,24,29,95,,,,,,,,,,,,,,,,,,,,,,,,,,,,,,,,,,,,,,,,,,,,,,,,,,,,,,,,0.6,10,-1.0,-1.0,-1.115,,,,,,0.7,10,0.0,0.0,-0.6171,,,,,,,,,,,,,,,,,,,,,,,,,,,,,,,,,,,,,,,,,,,,,,,,,,,0.4023,1.7192
ENLV,SPY,14,19,86,,,,,,,,,,,,,,,,,,,,,,,,,,,,,,,,,,,,,,,,,,,,,,,,,,,,,,,,,,,,,,,,,,,,,,,,,,,,,,,,,,,,,,,,,,,,,,,,,,,,,,,,,,,,,,,0.6129,31,0.0,0.0,6.8642,,,,,,0.4077,1.8463
ENPH,ICLN,40,40,306,,,,,,,,,,,,,,,,,,,,,,,,,,,,,,,,,,,,,,,,,,,,,,,,,,,,,,,,,,,,,0.6071,28,-2.0,-2.0,0.4512,0.6207,29,3.0,4.0,-0.4044,0.8333,18,-5.0,-5.0,0.698,0.6774,31,4.0,5.0,-0.8824,,,,,,,,,,,,,,,,,,,,,0.6154,26,-2.0,-2.0,0.7462,,,,,,0.6923,26,-2.0,-2.0,1.0778,0.6552,29,-3.0,-3.0,-0.7911,0.8126,1.2679
ENSC,XBI,17,32,100,,,,,,,,,,,,,,,,,,,,,,,,,,,,,,,,,,,,,,,,,,,,,,,,,,,,,,,,,,,,,,,,,,,,,,,0.6364,11,-4.0,-4.0,1.9457,0.6364,11,-2.0,-2.0,-0.9343,,,,,,,,,,,,,,,,,,,,,0.6364,11,-1.0,-1.0,1.0914,0.6552,29,0.0,1.0,-1.1821,0.6,10,-1.0,-1.0,2.0,0.6842,19,0.0,0.0,-2.4162,0.3219,0.5988
ENTG,IWM,22,22,249,,,,,,,,,,,,,,,,,,,,,,,,,,,,,,,,,,,,,,,,,,,,,,0.6,10,0.0,0.0,-1.9183,,,,,,0.7,10,0.0,0.0,-2.7743,0.697,66,1.0,4.0,0.3711,0.6364,11,-9.0,-9.0,-0.53,0.6667,30,2.0,3.0,0.7305,0.6923,13,1.0,1.0,-0.8478,,,,,,,,,,,,,,,,,,,,,0.6818,44,1.0,1.0,0.486,,,,,,0.6364,44,1.0,1.0,0.7904,,,,,,0.7423,3.6532
ENVX,QQQ,40,40,287,,,,,,,,,,,,,,,,,,,,,,,,,,,,,,,,,,,,,,,,,,,,,,0.8,10,0.0,0.0,-1.2375,0.6667,12,-1.0,-1.0,2.08,,,,,,0.6842,19,-1.0,-1.0,0.7769,0.7222,18,-2.0,-2.0,-0.65,0.6667,21,-1.0,-1.0,1.1886,0.6889,45,-3.0,-2.0,-0.7606,,,,,,,,,,,,,,,,,,,,,,,,,,0.7692,13,-3.0,-3.0,-0.571,,,,,,0.6481,54,-3.0,-2.0,-0.9006,0.9034,1.7074
EOG,XLE,19,19,240,,,,,,,,,,,,,,,,,,,,,,,,,,,,,,,,,,,,,,,,,,,,,,,,,,,,,,,,,,,,,0.6667,33,-2.0,-2.0,0.1668,0.6364,33,2.0,3.0,-0.12,0.6061,33,-2.0,-2.0,0.302,0.6471,17,-3.0,-3.0,-0.1927,,,,,,,,,,,,,,,,,,,,,0.6452,31,-2.0,-2.0,0.1345,0.7,10,-3.0,-3.0,-0.1043,0.6129,31,-2.0,-2.0,0.2837,0.6,10,-3.0,-3.0,-0.22,0.9258,1.1862
EONR,XLE,25,39,138,,,,,,,,,,,,,,,,,,,,,,,,,,,,,,,,,,,,,,,,,,,,,,,,,,,,,,,,,,,,,0.6364,11,5.0,5.0,1.2843,,,,,,0.6,10,0.0,0.0,2.3383,,,,,,,,,,,,,,,,,,,,,,,,,,0.6333,30,1.0,2.0,1.2447,0.6364,11,-2.0,-2.0,-0.1857,0.7273,11,2.0,2.0,2.5425,,,,,,0.4454,1.3329
EOSE,SPY,40,40,477,,,,,,,,,,,,,,,,,,,,,,,,,,,,,,,,,,,,,,,,,,,,,,0.6857,35,-1.0,0.0,-2.8704,,,,,,0.6667,15,-1.0,-1.0,-4.899,0.617,47,-6.0,-5.0,0.5897,0.6701,97,-2.0,0.0,-0.5652,0.6,10,7.0,7.0,1.2983,0.6569,102,-2.0,0.0,-0.8301,,,,,,,,,,,,,,,,,,,,,,,,,,0.614,171,-2.0,-1.0,-0.561,0.625,24,1.0,1.0,0.482,,,,,,0.6901,3.2322
EOSU,SPY,27,30,54,,,,,,,,,,,,,,,,,,,,,,,,,,,,,,,,,,,,,,,,,,,,,,0.7826,23,-1.0,0.0,-5.52,,,,,,,,,,,,,,,,,,,,,,,,,,,,,,,,,,,,,,,,,,,,,,,,,,,,,,,,0.6667,12,-1.0,-1.0,-2.7912,,,,,,0.6316,19,-1.0,-1.0,-5.4067,0.5819,6.7745
EPAM,IGV,14,14,221,,,,,,,,,,,,,,,,,,,,,,,,,,,,,,,,,,,,,,,,,,,,,,,,,,,,,,,,,,,,,0.6087,23,-2.0,-2.0,0.2457,0.6316,38,2.0,3.0,-0.3092,0.6316,19,-2.0,-2.0,0.5292,0.72,25,0.0,0.0,-0.625,,,,,,,,,,,,,,,,,,,,,0.6923,13,-3.0,-3.0,0.2156,0.6286,35,1.0,2.0,-0.2595,0.6429,14,-3.0,-3.0,0.5622,0.625,16,2.0,2.0,-0.47,0.6115,0.8718
EPD,XLE,32,32,245,0.8462,13,-1.0,-1.0,0.4336,,,,,,0.6923,13,-1.0,-1.0,0.6567,,,,,,,,,,,,,,,,,,,,,,,,,,,,,,,,,,,,,,,,,,,,,,,,,,,0.6176,68,-1.0,-1.0,-0.0931,0.6389,36,1.0,1.0,0.2287,0.6429,14,2.0,2.0,-0.1867,,,,,,,,,,,,,,,,,,,,,,,,,,0.6071,56,-1.0,-1.0,-0.1118,0.7,10,-3.0,-3.0,0.1043,,,,,,0.6174,0.251
EPR,VNQ,10,11,161,,,,,,,,,,,,,,,,,,,,,,,,,,,,,,,,,,,,,,,,,,,,,,,,,,,,,,,,,,,,,,,,,,0.7,30,-1.0,-1.0,-0.1457,,,,,,0.6875,80,-1.0,0.0,-0.26,,,,,,,,,,,,,,,,,,,,,,,,,,0.6583,120,-2.0,1.0,-0.1428,,,,,,0.6515,132,-2.0,1.0,-0.2608,0.8382,0.8031
EQ,IWM,16,19,130,,,,,,,,,,,,,,,,,,,,,,,,,,,,,,,,,,,,,,,,,,,,,,,,,,,,,,,,,,,,,,,,,,0.7,10,1.0,1.0,-0.2214,0.75,12,-1.0,-1.0,1.0122,0.6429,14,1.0,1.0,-1.1578,,,,,,,,,,,,,,,,,,,,,,,,,,0.7333,45,0.0,1.0,-0.6712,,,,,,,,,,,0.338,0.6202
EQNR,XLE,40,40,287,,,,,,,,,,,,,,,,,,,,,,,,,,,,,,,,,,,,,,,,,,,,,,,,,,,,,,,,,,,,,0.6667,12,-3.0,-3.0,0.175,0.8,10,5.0,5.0,-0.1375,0.625,16,3.0,3.0,0.298,,,,,,,,,,,,,,,,,,,,,,,,,,,,,,,0.6818,22,2.0,2.0,-0.18,0.6,10,-3.0,-3.0,0.41,,,,,,0.8882,2.022
EQPT,IWM,29,29,235,,,,,,,,,,,,,,,,,,,,,,,,,,,,,,,,,,,,,,,,,,,,,,0.7391,23,-1.0,0.0,-1.6094,,,,,,0.8,10,-1.0,-1.0,-3.2862,0.6364,22,1.0,1.0,0.46,0.8,10,-6.0,-6.0,-0.5038,0.6875,16,0.0,0.0,1.1127,0.6875,32,-4.0,-3.0,-0.6182,,,,,,,,,,,,,,,,,,,,,0.6875,16,-2.0,-2.0,0.46,,,,,,,,,,,0.6,70,0.0,0.0,-0.9617,0.4871,0.8547
EQT,XLE,35,35,258,0.6129,31,-1.0,0.0,0.5179,,,,,,0.6,20,0.0,0.0,0.6792,,,,,,,,,,,,,,,,,,,,,,,,,,,,,,,,,,,,,,,,,,,,,,0.6154,13,2.0,2.0,0.1212,,,,,,,,,,,0.6154,78,-1.0,-1.0,-0.2287,,,,,,,,,,,,,,,,,,,,,0.6279,43,-3.0,-2.0,0.14,0.6066,61,-1.0,-1.0,-0.18,,,,,,0.6,10,-3.0,-3.0,-0.2117,0.571,0.3957
EQX,GDX,40,40,271,,,,,,,,,,,,,,,,,,,,,,,,,,,,,,,,,,,,,,,,,,,,,,,,,,,,,,,,,,,,,,,,,,0.6984,63,-6.0,-3.0,-0.225,0.625,32,1.0,1.0,0.646,0.625,32,-6.0,-5.0,-0.6115,,,,,,,,,,,,,,,,,,,,,,,,,,0.6386,83,-4.0,-2.0,-0.2426,0.6,30,1.0,1.0,0.6583,0.6923,52,-3.0,-2.0,-0.47,0.9718,0.9909
ERAS,XBI,27,27,245,,,,,,,,,,,,,,,,,,,,,,,,,,,,,,,,,,,,,,,,,,,,,,,,,,,,,,,,,,,,,0.6176,34,-1.0,-1.0,0.4033,0.76,25,2.0,3.0,-0.4726,0.619,21,-3.0,-3.0,1.1746,0.6122,49,1.0,2.0,-0.858,,,,,,,,,,,,,,,,,,,,,,,,,,0.7742,31,2.0,3.0,-0.4292,0.62,50,1.0,1.0,0.7161,0.625,32,2.0,3.0,-0.9985,0.5242,0.8565
ERIC,XLK,40,40,277,,,,,,0.6,10,0.0,0.0,-0.345,,,,,,0.6,10,0.0,0.0,-0.635,,,,,,,,,,,,,,,,,,,,,,,,,,,,,,,,,,,,,,,,,,,,,,0.6591,44,-2.0,-2.0,-0.2121,0.6316,38,1.0,1.0,0.3404,0.7,10,-5.0,-5.0,-0.2857,,,,,,,,,,,,,,,,,,,,,,,,,,0.6053,38,-1.0,-1.0,-0.1604,,,,,,0.6111,18,-3.0,-3.0,-0.1591,0.6367,0.4876
ERII,XLI,15,18,162,,,,,,,,,,,,,,,,,,,,,,,,,,,,,,,,,,,,,,,,,,,,,,,,,,,,,,,,,,,,,,,,,,0.6567,67,-1.0,1.0,-0.2175,0.6364,11,2.0,2.0,0.7471,0.6087,46,0.0,1.0,-0.5779,,,,,,,,,,,,,,,,,,,,,0.6,15,-2.0,-2.0,0.3233,0.6542,107,-1.0,1.0,-0.254,,,,,,0.6279,43,-2.0,-1.0,-0.5226,0.7158,0.9902
ERO,GDX,32,33,219,,,,,,,,,,,,,,,,,,,,,,,,,,,,,,,,,,,,,,,,,,,,,,,,,,,,,,,,,,,,,0.6,15,5.0,5.0,0.2611,,,,,,0.6364,11,2.0,2.0,0.7886,,,,,,,,,,,,,,,,,,,,,,,,,,0.8095,21,1.0,1.0,0.5576,,,,,,0.6667,24,1.0,1.0,1.1294,,,,,,0.8172,0.9262
EROC,SPY,16,16,147,,,,,,,,,,,,,,,,,,,,,,,,,,,,,,,,,,,,,,,,,,,,,,,,,,,,,,,,,,,,,0.6364,11,-4.0,-4.0,0.66,0.6154,26,0.0,1.0,-1.0213,,,,,,0.8125,16,0.0,0.0,-0.8354,,,,,,,,,,,,,,,,,,,,,,,,,,0.75,12,1.0,1.0,-0.8678,,,,,,0.7692,13,1.0,1.0,-0.982,0.3052,0.6438
ERX,QQQ,18,20,153,,,,,,,,,,,,,,,,,,,,,,,,,,,,,,,,,,,,,,,,,,,,,,,,,,,,,,,,,,,,,0.6053,38,-1.0,1.0,0.3357,,,,,,0.8,10,-3.0,-3.0,0.2512,,,,,,,,,,,,,,,,,,,,,,,,,,0.6,25,1.0,1.0,0.244,0.619,21,0.0,0.0,-0.3154,0.6176,34,-1.0,-1.0,0.4643,0.6071,28,0.0,0.0,-0.6618,-0.3992,-0.527
ERY,IWM,22,22,206,,,,,,,,,,,,,,,,,,,,,,,,,,,,,,,,,,,,,,,,,,,,,,,,,,,,,,,,,,,,,0.6429,14,-5.0,-5.0,0.2022,0.6923,52,-4.0,-2.0,-0.2033,,,,,,0.7073,41,-4.0,-3.0,-0.3252,,,,,,,,,,,,,,,,,,,,,0.6667,15,-2.0,-2.0,0.223,0.6525,118,-1.0,0.0,-0.214,,,,,,,,,,,0.3638,0.7799
ESI,IWM,13,13,236,,,,,,,,,,,,,,,,,,,,,,,,,,,,,,,,,,,,,,,,,,,,,,,,,,,,,,,,,,,,,0.7333,30,2.0,2.0,0.3014,0.7368,19,3.0,3.0,-0.3179,0.6818,22,1.0,1.0,0.4007,0.6364,22,0.0,0.0,-0.4686,,,,,,,,,,,,,,,,,,,,,,,,,,,,,,,,,,,,0.619,84,-1.0,-1.0,-0.4848,0.7828,1.9543
ESLT,ITA,17,18,82,,,,,,,,,,,,,,,,,,,,,,,,,,,,,,,,,,,,,,,,,,,,,,,,,,,,,,,,,,,,,,,,,,,,,,,,,,,,,,,,,,,,,,,,,,,,,,,,,,,,,0.6154,13,-1.0,-1.0,0.2675,0.7647,17,0.0,0.0,-0.23,,,,,,,,,,,0.2007,0.5258
ESPR,SPY,21,21,183,,,,,,,,,,,0.6667,18,0.0,0.0,0.2408,,,,,,,,,,,,,,,,,,,,,,,,,,,,,,,0.6,10,-1.0,-1.0,-0.08,0.6,10,-1.0,-1.0,0.2167,,,,,,,,,,,0.7371,175,-1.0,0.0,-0.0592,,,,,,0.7374,179,-1.0,0.0,-0.0616,,,,,,,,,,,,,,,,,,,,,,,,,,0.7329,161,-1.0,1.0,-0.0566,,,,,,0.7229,166,-1.0,1.0,-0.0606,-0.0987,-0.0286
ESTC,IGV,29,29,241,,,,,,,,,,,,,,,,,,,,,,,,,,,,,,,,,,,,,,,,,,,,,,,,,,,,,,,,,,,,,0.6545,55,0.0,1.0,0.3067,0.6129,31,2.0,3.0,-0.2521,0.6087,23,-2.0,-2.0,0.7264,0.6364,33,0.0,0.0,-0.4029,,,,,,,,,,,,,,,,,,,,,0.6,45,0.0,0.0,0.3,,,,,,,,,,,0.6364,44,-1.0,-1.0,-0.5093,0.8847,1.3298
ET,XLE,40,40,275,0.6471,17,-1.0,-1.0,0.4355,,,,,,,,,,,,,,,,,,,,,,,,,,,,,,,,,,,,,,,,,,,,,,,,,,,,,,,,0.65,20,-2.0,-2.0,0.1508,0.6372,226,-1.0,1.0,-0.1224,,,,,,,,,,,,,,,,,,,,,,,,,,,,,,,,,,,,0.635,137,0.0,2.0,-0.1153,,,,,,0.6047,43,1.0,1.0,-0.24,0.8054,0.4062
ETH,IWM,40,40,340,,,,,,,,,,,,,,,,,,,,,,,,,,,,,,,,,,,,,,,,,,,,,,,,,,,,,,,,,,,,,0.625,24,1.0,1.0,0.1967,0.6098,41,-1.0,-1.0,-0.2624,,,,,,0.6389,36,0.0,0.0,-0.3852,,,,,,,,,,,,,,,,,,,,,,,,,,0.6667,21,-2.0,-2.0,-0.2121,,,,,,0.6,20,-2.0,-2.0,-0.5842,0.6475,2.3116
ETHA,IWM,40,40,521,,,,,,,,,,,,,,,,,,,,,,,,,,,,,,,,,,,,,,,,,0.6154,13,-1.0,-1.0,0.4787,0.6316,19,0.0,0.0,-0.5108,,,,,,0.6316,19,0.0,0.0,-0.9725,0.625,24,-5.0,-5.0,0.3367,0.6324,68,-1.0,-1.0,-0.2779,,,,,,0.6102,59,0.0,0.0,-0.3789,,,,,,,,,,,,,,,,,,,,,,,,,,0.6552,29,-2.0,-2.0,-0.1758,,,,,,0.629,62,1.0,1.0,-0.3546,0.6541,2.3152
ETHB,IWM,26,31,109,,,,,,,,,,,,,,,,,,,,,,,,,,,,,,,,,,,,,,,,,,,,,,,,,,,,,,,,0.6,15,0.0,0.0,-0.9778,0.7,10,0.0,0.0,0.1771,0.8182,11,-1.0,-1.0,-0.2144,,,,,,,,,,,,,,,,,,,,,,,,,,,,,,,0.8,10,1.0,1.0,0.0862,0.7083,24,-1.0,-1.0,-0.1794,0.6667,30,-1.0,-1.0,0.484,0.697,33,0.0,0.0,-0.4804,0.6454,2.3051
ETHD,SPY,37,40,162,,,,,,,,,,,,,,,,,,,,,,,,,,,,,,,,,,,,,,,,,0.6111,18,0.0,0.0,1.1455,0.6429,14,-1.0,-1.0,-1.1389,,,,,,,,,,,0.7,10,2.0,2.0,0.4557,,,,,,,,,,,,,,,,,,,,,,,,,,,,,,,,,,,,0.6579,38,-1.0,-1.0,0.4976,,,,,,,,,,,,,,,,-0.5988,-5.2195
ETHE,IWM,40,40,318,,,,,,,,,,,,,,,,,,,,,,,,,,,,,,,,,,,,,,,,,0.6429,14,-1.0,-1.0,0.44,0.6316,19,0.0,0.0,-0.5475,,,,,,,,,,,0.6,15,-5.0,-5.0,0.3444,0.6364,44,-2.0,-2.0,-0.2543,,,,,,0.6296,27,1.0,1.0,-0.2159,,,,,,,,,,,,,,,,,,,,,,,,,,0.6087,46,1.0,1.0,-0.2025,,,,,,0.6458,48,1.0,1.0,-0.4129,0.6537,2.3386
ETHT,IWM,40,40,364,,,,,,,,,,,,,,,,,,,,,,,,,,,,,,,,,,,,,,,,,,,,,,0.6316,19,0.0,0.0,-1.05,,,,,,0.6316,19,0.0,0.0,-1.8625,,,,,,0.6346,52,-4.0,-3.0,-0.4748,0.6562,32,4.0,5.0,0.6471,0.6739,46,1.0,3.0,-0.659,,,,,,,,,,,,,,,,,,,,,,,,,,0.6304,46,1.0,1.0,-0.371,,,,,,0.64,50,1.0,1.0,-0.7022,0.6519,4.6406
ETHU,IWM,40,40,668,,,,,,,,,,,,,,,,,,,,,,,,,,,,,,,,,,,,,,,,,0.6154,13,-1.0,-1.0,0.9675,0.6316,19,0.0,0.0,-1.1017,,,,,,0.6842,19,0.0,0.0,-1.82,0.9,10,-10.0,-10.0,0.6556,0.6268,142,-3.0,-1.0,-0.4255,0.7273,11,-10.0,-10.0,0.9962,0.6857,35,1.0,1.0,-0.75,,,,,,,,,,,,,,,,,,,,,,,,,,,,,,,,,,,,0.6286,35,-2.0,-2.0,-0.9773,0.6553,4.7753
ETHW,IWM,28,28,203,,,,,,,,,,,,,,,,,,,,,,,,,,,,,,,,,,,,,,,,,,,,,,,,,,,,,,,,,,,,,,,,,,,,,,,0.619,21,-2.0,-2.0,0.34,0.7692,13,1.0,1.0,-0.268,,,,,,,,,,,,,,,,,,,,,,,,,,0.6667,12,-2.0,-2.0,-0.2788,,,,,,0.6,15,-2.0,-2.0,-0.43,0.6562,2.3345
ETN,QQQ,37,37,265,,,,,,,,,,,,,,,,,,,,,,,,,,,,,,,,,,,,,,,,,,,,,,,,,,,,,,,,,,,,,0.6275,51,-2.0,-1.0,0.2369,0.7,30,0.0,0.0,-0.141,0.619,21,-2.0,-2.0,0.3046,0.6154,13,-3.0,-3.0,-0.61,,,,,,,,,,,,,,,,,,,,,,,,,,0.6111,36,-2.0,-2.0,-0.2136,,,,,,,,,,,0.8935,1.3663
ETOR,SPY,11,11,184,,,,,,,,,,,,,,,,,,,,,,,,,,,,,,,,,,,,,,,,,,,,,,,,,,,,,,,,,,,,,0.7037,27,-4.0,-3.0,0.3216,0.6154,13,1.0,1.0,-0.28,0.6087,23,2.0,3.0,0.5893,0.7143,14,-4.0,-4.0,-0.399,,,,,,,,,,,,,,,,,,,,,,,,,,0.6364,11,1.0,1.0,-0.37,,,,,,,,,,,0.6006,1.0213
ETSY,SPY,13,13,236,,,,,,,,,,,,,,,,,,,,,,,,,,,,,,,,,,,,,,,,,,,,,,,,,,,,,,,,,,,,,0.619,21,-2.0,-2.0,0.2654,0.6667,18,3.0,3.0,-0.2075,0.7778,18,3.0,3.0,0.4514,0.6,35,-1.0,-1.0,-0.2886,,,,,,,,,,,,,,,,,,,,,0.6667,15,-2.0,-2.0,0.193,,,,,,0.6,15,-2.0,-2.0,0.3644,,,,,,0.339,0.4975
ETU,IWM,13,28,33,,,,,,,,,,,,,,,,,,,,,,,,,,,,,,,,,,,,,,,,,,,,,,,,,,,,,,,,,,,,,,,,,,,,,,,,,,,,,,,,,,,,,,,,,,,,,,,,,,,,,,,,,,,,,,,,,,,,,,,,,0.6365,4.5909
EU,GDX,35,35,242,,,,,,0.8,10,0.0,0.0,-2.1525,,,,,,0.6,10,0.0,0.0,-2.67,,,,,,,,,,,,,,,,,,,,,,,,,,,,,,,,,,,,,,,,,,,,,,0.8125,16,1.0,1.0,-0.5415,0.7,10,-2.0,-2.0,0.5543,0.6912,68,0.0,2.0,-0.5789,,,,,,,,,,,,,,,,,,,,,,,,,,0.6923,52,2.0,4.0,-0.3261,,,,,,0.6849,73,-4.0,-2.0,-0.6414,0.5856,0.4479
EUV,QQQ,39,39,292,,,,,,,,,,,,,,,,,,,,,,,,,,,,,,,,,,,,,,,,,0.7,10,-1.0,-1.0,1.3729,0.8182,11,0.0,0.0,-1.2489,0.6,10,-1.0,-1.0,2.485,0.6364,11,0.0,0.0,-1.7729,0.6667,33,-3.0,-2.0,0.3523,0.6308,65,-1.0,1.0,-0.3093,0.7037,27,2.0,2.0,0.6068,0.7222,18,-4.0,-4.0,-0.9092,,,,,,,,,,,,,,,,,,,,,0.6727,55,1.0,2.0,0.2786,0.6,30,-2.0,-2.0,-0.3678,0.614,57,0.0,0.0,0.5169,0.6552,29,-2.0,-2.0,-0.7258,0.9256,2.455
EVC,QQQ,17,17,206,,,,,,,,,,,,,,,,,,,,,,,,,,,,,,,,,,,,,,,,,,,,,,,,,,,,,,,,,,,,,0.6,15,-2.0,-2.0,0.6322,0.7143,35,-4.0,-3.0,-0.5444,0.625,16,3.0,3.0,0.776,0.6761,71,-4.0,-1.0,-0.7775,,,,,,,,,,,,,,,,,,,,,0.6667,45,1.0,2.0,0.5017,0.6053,38,0.0,0.0,-0.4957,0.8182,11,2.0,2.0,0.8711,0.619,42,0.0,0.0,-0.8242,0.6378,0.6691
EVEX,SPY,19,19,203,,,,,,,,,,,,,,,,,,,,,,,,,,,,,,,,,,,,,,,,,,,,,,0.7,10,0.0,0.0,-1.3143,,,,,,,,,,,0.64,25,1.0,2.0,0.7269,0.8571,14,3.0,3.0,-0.4792,0.6364,11,4.0,4.0,1.0857,0.6316,19,1.0,1.0,-0.7292,,,,,,,,,,,,,,,,,,,,,,,,,,0.618,89,0.0,1.0,-0.5033,,,,,,0.6923,13,-2.0,-2.0,-0.72,0.783,2.0743
EVGN,XLE,13,23,76,,,,,,,,,,,,,,,,,,,,,,,,,,,,,,,,,,,,,,,,,,,,,,,,,,,,,,,,,,,,,,,,,,,,,,,,,,,,,,,,,,,,,,,,,,,,,,,,,,,,,,,,,,0.8,15,0.0,0.0,-1.8408,0.6,10,0.0,0.0,2.7067,,,,,,0.0873,0.2375
EVGO,SPY,39,39,248,,,,,,0.6923,13,0.0,0.0,-1.5944,,,,,,0.6154,13,0.0,0.0,-1.8438,,,,,,,,,,,,,,,,,,,,,,,,,,0.6765,34,-1.0,0.0,-1.65,,,,,,,,,,,0.619,21,2.0,2.0,0.4723,0.7101,69,-2.0,-1.0,-0.3302,0.7333,15,-5.0,-5.0,0.5955,0.7222,36,-2.0,-2.0,-0.5573,,,,,,,,,,,,,,,,,,,,,,,,,,0.628,207,-2.0,0.0,-0.3899,,,,,,0.6161,112,0.0,0.0,-0.64,0.658,1.5081
EVH,IGV,17,17,216,,,,,,,,,,,,,,,,,,,,,,,,,,,,,,,,,,,,,,,,,,,,,,,,,,,,,,,,,,,,,0.6875,16,0.0,0.0,0.5664,0.68,50,-3.0,-1.0,-0.4862,0.65,20,-1.0,-1.0,0.3492,0.7857,14,3.0,3.0,-0.5064,,,,,,,,,,,,,,,,,,,,,0.625,16,1.0,1.0,0.421,0.6234,77,-1.0,0.0,-0.5731,0.6667,18,1.0,1.0,0.7567,0.641,39,-1.0,-1.0,-1.036,0.6579,0.6527
EVLV,SPY,26,26,218,0.8,10,-1.0,-1.0,1.055,,,,,,0.6,10,-1.0,-1.0,1.4517,,,,,,,,,,,,,,,,,,,,,,,,,,,,,,,,,,,,,,,,,,,,,,0.6316,19,1.0,1.0,0.51,0.6364,11,2.0,2.0,-0.1171,0.6364,33,1.0,2.0,0.6638,0.6486,37,-4.0,-3.0,-0.4025,,,,,,,,,,,,,,,,,,,,,,,,,,0.6154,13,-2.0,-2.0,-0.3337,,,,,,0.6429,14,-2.0,-2.0,-0.5067,0.5855,0.926
EVMN,XBI,12,14,145,,,,,,,,,,,,,,,,,,,,,,,,,,,,,,,,,,,,,,,,,,,,,,,,,,,,,,,,,,,,,,,,,,0.6111,18,-2.0,-2.0,-0.4564,0.6667,12,-3.0,-3.0,0.2663,0.6364,11,1.0,1.0,-0.6329,,,,,,,,,,,,,,,,,,,,,0.6,10,2.0,2.0,0.3383,0.7826,23,-2.0,-1.0,-0.6006,,,,,,1.0,10,2.0,2.0,-0.714,0.4657,0.4719
EVTL,SPY,40,40,253,,,,,,,,,,,,,,,,,,,,,,,,,,,,,,,,,,,,,,,,,,,,,,0.7619,21,0.0,0.0,-2.4619,,,,,,0.6286,35,-1.0,0.0,-2.7909,0.625,24,-2.0,-2.0,0.7247,0.6538,52,-1.0,1.0,-0.4541,0.7059,17,-4.0,-4.0,0.7017,0.6316,19,0.0,0.0,-1.5242,,,,,,,,,,,,,,,,,,,,,0.6,15,1.0,1.0,0.8444,0.6226,106,0.0,0.0,-0.4852,,,,,,0.6923,13,-2.0,-2.0,-1.1078,0.7719,2.4196
EVTV,QQQ,17,21,75,,,,,,,,,,,,,,,,,,,,,,,,,,,,,,,,,,,,,,,,,,,,,,,,,,,,,,,,,,,,,,,,,,,,,,,,,,,,,,,,,,,,,,,,,,,,,,,,,,,,,0.9,10,1.0,1.0,0.8822,0.6765,34,-1.0,0.0,-0.6522,,,,,,0.625,24,-1.0,-1.0,-0.978,0.478,0.5612
EW,IHI,10,10,238,,,,,,,,,,,,,,,,,,,,,,,,,,,,,,,,,,,,,,,,,,,,,,,,,,,,,,,,,,,,,,,,,,0.6279,43,-1.0,-1.0,-0.18,,,,,,0.6364,33,1.0,1.0,-0.36,,,,,,,,,,,,,,,,,,,,,,,,,,0.66,50,1.0,2.0,-0.2006,,,,,,0.64,50,1.0,2.0,-0.3225,0.7775,0.699
EWH,SPY,16,16,224,,,,,,,,,,,,,,,,,,,,,,,,,,,,,,,,,,,,,,,,,,,,,,,,,,,0.6,10,0.0,0.0,0.5617,,,,,,,,,,,0.64,25,1.0,1.0,-0.0519,0.6,15,-2.0,-2.0,0.1211,0.6129,93,-1.0,-1.0,-0.1079,,,,,,,,,,,,,,,,,,,,,,,,,,0.6154,13,-2.0,-2.0,-0.045,,,,,,0.7273,11,1.0,1.0,-0.0912,0.4172,0.5376
EWJ,QQQ,33,33,268,,,,,,0.6364,11,0.0,0.0,-0.1371,,,,,,,,,,,,,,,,,,,,,,,,,,,,,,,,,,,,0.6364,11,0.0,0.0,-0.0914,,,,,,,,,,,0.65,60,-1.0,-1.0,0.1159,,,,,,0.6471,136,-1.0,0.0,0.1484,0.6154,39,-2.0,-2.0,-0.1729,,,,,,,,,,,,,,,,,,,,,0.6064,188,-1.0,2.0,0.0936,0.6579,38,-2.0,-2.0,-0.1096,0.6429,112,0.0,2.0,0.1239,0.641,39,-2.0,-2.0,-0.21,0.8043,0.8279
EWT,QQQ,34,34,259,,,,,,,,,,,,,,,,,,,,,,,,,,,,,,,,,,,,,,,,,0.7,10,-1.0,-1.0,0.3671,,,,,,0.7,10,-1.0,-1.0,0.4886,,,,,,0.75,24,2.0,2.0,0.1467,0.6452,31,-2.0,-2.0,-0.136,0.6538,52,2.0,4.0,0.2165,0.6154,13,-5.0,-5.0,-0.3713,,,,,,,,,,,,,,,,,,,,,0.6491,57,1.0,2.0,0.1041,0.6596,47,-3.0,-2.0,-0.1513,0.6273,110,0.0,2.0,0.2365,0.6667,12,-3.0,-3.0,-0.4125,0.82,1.678
EWTX,XBI,14,18,201,,,,,,,,,,,,,,,,,,,,,,,,,,,,,,,,,,,,,,,,,,,,,,,,,,,,,,,,,,,,,0.7143,14,2.0,2.0,0.361,,,,,,0.625,24,1.0,1.0,0.3007,0.625,16,-1.0,-1.0,-0.554,,,,,,,,,,,,,,,,,,,,,0.7143,14,2.0,2.0,0.249,,,,,,0.6512,43,0.0,0.0,0.5386,0.6,10,-4.0,-4.0,-0.4883,0.5484,0.6281
EWY,QQQ,40,40,685,,,,,,,,,,,,,,,,,,,,,,,,,,,,,,,,,,,,,,,,,0.8,10,-1.0,-1.0,0.6763,0.6667,12,0.0,0.0,-0.6075,0.8,10,-1.0,-1.0,0.9338,,,,,,0.6176,34,5.0,5.0,0.2514,0.6,30,-5.0,-5.0,-0.3211,0.6471,34,5.0,5.0,0.3341,0.6471,51,0.0,0.0,-0.5758,,,,,,,,,,,,,,,,,,,,,0.625,24,2.0,2.0,0.16,0.623,122,-3.0,-2.0,-0.425,0.6,25,2.0,2.0,0.354,0.625,24,-3.0,-3.0,-0.674,0.8382,2.8405
EWZ,IWM,40,40,280,,,,,,0.6071,28,-1.0,0.0,-0.2876,,,,,,0.6786,28,-1.0,0.0,-0.2984,,,,,,,,,,,,,,,,,,,,,,,,,,0.6429,14,-1.0,-1.0,-0.2733,,,,,,0.6429,14,-1.0,-1.0,-0.2756,,,,,,0.6923,13,2.0,2.0,-0.2667,0.6,15,2.0,2.0,0.2533,,,,,,,,,,,,,,,,,,,,,,,,,,0.6111,18,-2.0,-2.0,0.1591,0.6386,83,0.0,0.0,-0.1272,,,,,,,,,,,0.5497,0.6287
EXC,XLU,15,15,237,,,,,,,,,,,,,,,,,,,,,,,,,,,,,,,,,,,,,,,,,,,,,,,,,,,,,,,,,,,,,,,,,,0.625,32,-2.0,-2.0,-0.1,,,,,,0.6154,91,-2.0,-1.0,-0.1846,,,,,,,,,,,,,,,,,,,,,,,,,,0.6538,26,1.0,1.0,-0.1553,,,,,,0.6538,26,1.0,1.0,-0.2382,0.6174,0.8327
EXE,XLE,19,19,238,0.6,10,0.0,0.0,0.5183,,,,,,,,,,,,,,,,,,,,,,,,,,,,,,,,,,,,,,,,,,,,,,,,,,,,,,,,,,,,,0.6364,22,1.0,1.0,-0.2036,0.619,21,-2.0,-2.0,0.3131,,,,,,,,,,,,,,,,,,,,,,,,,,,,,,,0.6316,57,-1.0,-1.0,-0.1622,,,,,,0.6,10,-3.0,-3.0,-0.1883,0.5443,0.3274
EXEL,IBB,15,15,229,,,,,,,,,,,,,,,,,,,,,,,,,,,,,,,,,,,,,,,,,,,,,,,,,,,,,,,,,,,,,0.6774,31,-2.0,-2.0,0.289,0.6,10,-3.0,-3.0,-0.225,0.6552,29,-2.0,-2.0,0.3542,,,,,,,,,,,,,,,,,,,,,,,,,,0.6154,26,2.0,2.0,0.1487,,,,,,0.6,20,-2.0,-2.0,0.35,,,,,,0.479,0.4601
EXFY,IWM,21,23,195,,,,,,,,,,,,,,,,,,,,,,,,,,,,,,,,,,,,,,,,,0.6,10,0.0,0.0,2.0083,,,,,,,,,,,,,,,,,,,,,0.7317,41,0.0,1.0,-0.2797,,,,,,0.6,25,-1.0,-1.0,-0.1393,,,,,,,,,,,,,,,,,,,,,,,,,,0.6331,139,-1.0,1.0,-0.4905,,,,,,,,,,,0.5748,0.9109
EXK,GDX,40,40,276,,,,,,,,,,,,,,,,,,,,,,,,,,,,,,,,,,,,,,,,,,,,,,,,,,,,,,,,,,,,,0.6923,13,-5.0,-5.0,0.3544,0.6739,46,2.0,4.0,-0.399,0.6296,27,-1.0,-1.0,0.6412,0.6667,48,0.0,1.0,-0.4297,,,,,,,,,,,,,,,,,,,,,,,,,,0.6724,58,-3.0,-2.0,-0.3859,,,,,,0.6364,22,-2.0,-2.0,-0.8757,0.9445,1.1631
EXLS,IGV,18,18,236,0.6364,11,0.0,0.0,1.9471,,,,,,,,,,,,,,,,,,,,,,,,,,,,,,,,,,,,,,,,,,,,,,,,,,,,,,,,0.6216,37,-4.0,-3.0,0.2157,0.6796,103,-1.0,1.0,-0.2194,0.8333,18,2.0,2.0,0.418,0.7297,37,-1.0,-1.0,-0.54,,,,,,,,,,,,,,,,,,,,,0.9091,11,-4.0,-4.0,0.176,0.6316,114,-1.0,1.0,-0.1849,0.6,10,-4.0,-4.0,0.27,0.6154,52,-3.0,-2.0,-0.2669,0.386,0.3881
EXPE,SPY,12,12,221,,,,,,,,,,,,,,,,,,,,,,,,,,,,,,,,,,,,,,,,,,,,,,,,,,,,,,,,,,,,,,,,,,0.6364,11,-3.0,-3.0,-0.1457,,,,,,0.6286,35,1.0,1.0,-0.3327,,,,,,,,,,,,,,,,,,,,,0.7143,14,-2.0,-2.0,0.317,,,,,,0.6154,13,1.0,1.0,0.3113,,,,,,0.215,0.2919
EXTR,SOXX,18,18,234,,,,,,,,,,,,,,,,,,,,,,,,,,,,,,,,,,,,,,,,,,,,,,,,,,,,,,,,,,,,,0.6923,26,-1.0,-1.0,0.3344,0.625,24,-2.0,-2.0,-0.3007,0.6111,36,1.0,1.0,0.3445,,,,,,,,,,,,,,,,,,,,,,,,,,0.6279,43,3.0,4.0,0.2844,0.6,15,-5.0,-5.0,-0.1889,0.6481,54,0.0,2.0,0.3754,,,,,,0.8617,0.3916
EYPT,IBB,19,19,214,,,,,,,,,,,,,,,,,,,,,,,,,,,,,,,,,,,,,,,,,,,,,,,,,,,,,,,,,,,,,0.6154,13,-5.0,-5.0,0.3363,0.8,15,-1.0,-1.0,-0.6442,0.625,24,0.0,0.0,0.6887,0.7083,24,2.0,2.0,-0.8871,,,,,,,,,,,,,,,,,,,,,,,,,,,,,,,0.6667,18,-2.0,-2.0,0.7217,0.6667,24,2.0,2.0,-0.605,0.5892,0.8899
EZGO,SPY,15,31,75,,,,,,,,,,,,,,,,,,,,,,,,,,,,,,,,,,,,,,,,,,,,,,,,,,,,,,,,,,,,,,,,,,,,,,,,,,,,,,,,,,,,,,,,,,,,,,,,,,,,,,,,,,0.6667,18,-1.0,-1.0,-2.075,,,,,,0.617,47,-1.0,0.0,-1.7662,0.1838,0.6812
EZPW,SPY,19,19,190,,,,,,,,,,,,,,,,,,,,,,,,,,,,,,,,,,,,,,,,,,,,,,,,,,,0.6,10,0.0,0.0,1.4767,,,,,,,,,,,0.6269,67,0.0,2.0,-0.3443,0.7,10,-3.0,-3.0,0.9843,0.7143,14,2.0,2.0,-0.537,,,,,,,,,,,,,,,,,,,,,,,,,,0.6377,69,-2.0,-1.0,-0.352,,,,,,0.6364,11,-2.0,-2.0,-0.5557,0.5321,0.6814
EZRA,IBIT,10,24,37,,,,,,,,,,,,,,,,,,,,,,,,,,,,,,,,,,,,,,,,,,,,,,,,,,,,,,,,,,,,,,,,,,,,,,,,,,,,,,,,,,,,,,,,,,,,,,,,,,,,,,,,,,,,,,,,,,,,,,,,,0.0448,0.032
F,SPY,40,40,366,,,,,,0.6923,13,-1.0,-1.0,-1.14,,,,,,0.6154,13,-1.0,-1.0,-1.475,,,,,,,,,,,,,,,,,,,,,,,,,,0.6667,15,-1.0,-1.0,-1.189,0.6,20,0.0,0.0,1.6475,0.6667,15,-1.0,-1.0,-1.463,0.6364,11,4.0,4.0,0.2243,0.6667,39,1.0,1.0,-0.2046,,,,,,0.68,25,-3.0,-3.0,-0.3424,,,,,,,,,,,,,,,,,,,,,,,,,,,,,,,,,,,,,,,,,0.5897,0.8739
FABC,QQQ,25,29,106,,,,,,,,,,,,,,,,,,,,,,,,,,,,,,,,,,,,,,,,,,,,,,,,,,,,,,,,,,,,,,,,,,,,,,,,,,,,,,,,,,,,,,,,,,,,,,,,,,,,,0.6667,15,1.0,1.0,1.42,,,,,,0.6316,19,0.0,0.0,1.85,0.6,15,1.0,1.0,-2.4756,0.6406,1.7563
FAC,IWM,17,23,108,,,,,,,,,,,,,,,,,,,,,,,,,,,,,,,,,,,,,,,,,,,,,,,,,,,,,,,,,,,,,,,,,,0.6,10,15.0,15.0,-1.7633,,,,,,0.6923,13,-15.0,-15.0,-3.5989,,,,,,,,,,,,,,,,,,,,,,,,,,0.6154,13,1.0,1.0,-1.1475,,,,,,,,,,,0.3314,1.4418
FAMI,SPY,10,20,64,,,,,,,,,,,,,,,,,,,,,,,,,,,,,,,,,,,,,,,,,,,,,,,,,,,,,,,,,,,,,,,,,,0.6667,15,-15.0,-15.0,-0.525,,,,,,,,,,,,,,,,,,,,,,,,,,,,,,,,,,,,0.6471,34,0.0,1.0,-3.6645,,,,,,0.6875,32,0.0,1.0,-4.42,0.133,0.6904
FANG,XLE,24,24,240,,,,,,,,,,,,,,,,,,,,,,,,,,,,,,,,,,,,,,,,,,,,,,,,,,,,,,,,,,,,,0.6429,84,0.0,1.0,0.1794,,,,,,0.6329,79,0.0,1.0,0.2892,0.6,20,-3.0,-3.0,-0.2,,,,,,,,,,,,,,,,,,,,,0.6053,38,1.0,1.0,0.1983,,,,,,0.6379,58,1.0,2.0,0.3141,0.6098,41,-3.0,-2.0,-0.21,0.8852,1.2256
FAS,IWM,34,34,207,0.6667,12,0.0,0.0,0.86,,,,,,0.6667,12,0.0,0.0,1.0375,,,,,,,,,,,,,,,,,,,,,,,,,,0.7333,15,0.0,0.0,1.0727,,,,,,0.6667,15,0.0,0.0,1.564,,,,,,0.6364,22,-3.0,-2.0,0.2393,0.6667,36,0.0,0.0,-0.2675,,,,,,0.6129,31,0.0,0.0,-0.4,,,,,,,,,,,,,,,,,,,,,,,,,,,,,,,,,,,,0.6486,37,1.0,1.0,-0.5042,0.4262,0.6955
FAST,IWM,16,16,241,,,,,,,,,,,,,,,,,,,,,,,,,,,,,,,,,,,,,,,,,,,,,,,,,,,,,,,,,,,,,,,,,,,,,,,,,,,,0.6,15,2.0,2.0,-0.2822,,,,,,,,,,,,,,,,,,,,,,,,,,,,,,,,,,,,0.75,16,-2.0,-2.0,-0.1608,0.2103,0.1347
FATE,IWM,31,32,234,,,,,,,,,,,,,,,,,,,,,,,,,,,,,,,,,,,,,,,,,,,,,,0.7143,14,0.0,0.0,-1.867,0.6154,13,-1.0,-1.0,3.6713,0.6,15,0.0,0.0,-2.18,0.6364,11,-1.0,-1.0,0.9286,0.6923,26,-5.0,-4.0,-0.565,0.6154,13,1.0,1.0,1.3775,0.7647,17,0.0,0.0,-1.0969,,,,,,,,,,,,,,,,,,,,,,,,,,0.6,110,0.0,1.0,-0.6668,,,,,,0.6076,79,-1.0,-1.0,-0.9402,0.7332,1.4419
FATN,QQQ,10,20,52,,,,,,,,,,,,,,,,,,,,,,,,,,,,,,,,,,,,,,,,,,,,,,,,,,,,,,,,,,,,,,,,,,,,,,,,,,,,,,,,,,,,,,,,,,,,,,,,,,,,,,,,,,0.6667,12,0.0,0.0,-2.0812,,,,,,,,,,,0.4813,0.7278
FAZ,QQQ,26,26,167,,,,,,,,,,,,,,,,,,,,,,,,,,,,,,,,,,,,,,,,,,,,,,,,,,,,,,,,,,,,,0.8182,11,-4.0,-4.0,0.2533,0.6667,24,0.0,0.0,-0.2344,0.6,10,2.0,2.0,0.6,0.6522,23,-2.0,-2.0,-0.592,,,,,,,,,,,,,,,,,,,,,,,,,,0.625,24,1.0,1.0,-0.2353,0.6364,11,2.0,2.0,0.3129,0.6071,28,0.0,0.0,-0.6229,-0.0754,-0.0774
FBIO,IWM,19,23,133,,,,,,,,,,,,,,,,,,,,,,,,,,,,,,,,,,,,,,,,,,,,,,,,,,,,,,,,,,,,,0.8333,12,0.0,0.0,0.779,0.6818,22,-2.0,-1.0,-0.2587,,,,,,0.6667,15,0.0,0.0,-0.715,,,,,,,,,,,,,,,,,,,,,,,,,,,,,,,,,,,,0.7632,38,-1.0,-1.0,-0.5945,0.6451,0.9606
FBL,SPY,40,40,260,,,,,,,,,,,,,,,,0.6364,11,-1.0,-1.0,-1.9314,,,,,,,,,,,,,,,,,,,,,,,,,,0.7143,21,0.0,0.0,-2.3073,,,,,,0.7143,21,0.0,0.0,-2.4693,0.7692,13,-4.0,-4.0,0.479,0.8182,11,-3.0,-3.0,-0.4989,0.6296,27,-1.0,-1.0,1.2729,0.6957,23,-6.0,-5.0,-0.6606,,,,,,,,,,,,,,,,,,,,,,,,,,0.7333,15,-2.0,-2.0,-0.4791,,,,,,0.7143,14,-2.0,-2.0,-1.237,0.6016,2.1194
FBND,IWM,11,11,237,,,,,,,,,,,,,,,,,,,,,,,,,,,,,,,,,,,,,,,,,,,,,,,,,,,,,,,,,,,,,,,,,,0.6053,114,0.0,0.0,-0.0219,,,,,,,,,,,,,,,,,,,,,,,,,,,,,,,0.6875,16,-2.0,-2.0,0.0245,0.6392,158,-1.0,0.0,-0.019,0.625,16,-2.0,-2.0,0.041,,,,,,0.4143,0.0831
FBTC,IWM,40,40,335,,,,,,0.6667,12,-1.0,-1.0,-0.345,,,,,,,,,,,,,,,,,,,,,,,,,,,,,,,,,,,,0.6842,19,0.0,0.0,-0.3931,,,,,,,,,,,0.6531,49,0.0,0.0,0.2044,0.6579,38,2.0,3.0,-0.1376,0.617,47,0.0,0.0,0.3248,0.6613,62,1.0,2.0,-0.2376,,,,,,,,,,,,,,,,,,,,,,,,,,0.6154,52,1.0,1.0,-0.1791,,,,,,0.6667,21,-2.0,-2.0,-0.4843,0.5653,1.5851
FBY,SPY,10,13,51,,,,,,,,,,,,,,,,,,,,,,,,,,,,,,,,,,,,,,,,,,,,,,,,,,,,,,,,,,,,,,,,,,,,,,,,,,,,,,,,,,,,,,,,,,,,,,,,,,,,,,,,,,,,,,,,,,,,0.6071,28,-1.0,0.0,-0.3176,0.4204,0.6546
FCEL,ICLN,40,40,434,,,,,,,,,,,,,,,,,,,,,,,,,,,,,,,,,,,,,,,,,,,,,,,,,,,,,,,,,,,,,0.6957,23,-12.0,-11.0,0.84,0.7059,17,2.0,2.0,-0.4042,0.6667,12,-12.0,-12.0,1.13,0.8125,16,2.0,2.0,-0.7523,,,,,,,,,,,,,,,,,,,,,0.6,45,-1.0,-1.0,1.5422,0.6,35,2.0,2.0,-0.9538,0.6129,31,-2.0,-2.0,1.4989,0.6346,52,-4.0,-3.0,-1.4936,0.5895,1.7932
FCG,QQQ,13,13,209,,,,,,,,,,,,,,,,,,,,,,,,,,,,,,,,,,,,,,,,,,,,,,,,,,,,,,,,,,,,,0.6,45,0.0,0.0,0.1326,0.6765,34,-2.0,-2.0,-0.1048,0.6538,26,1.0,1.0,0.2753,0.8182,11,-3.0,-3.0,-0.17,,,,,,,,,,,,,,,,,,,,,0.6786,28,-2.0,-2.0,0.1426,0.6944,36,1.0,2.0,-0.1124,,,,,,0.8,10,-3.0,-3.0,-0.2075,-0.2391,-0.18
FCX,GDX,40,40,300,,,,,,0.6667,12,-1.0,-1.0,-0.82,,,,,,,,,,,,,,,,,,,,,,,,,,,,,,,,,,,,,,,,,,,,,,,,,,,0.6341,41,-2.0,-2.0,0.2227,0.6216,37,-1.0,-1.0,-0.2104,0.6207,29,1.0,1.0,0.4211,,,,,,,,,,,,,,,,,,,,,,,,,,0.7692,26,1.0,1.0,0.2965,0.6667,30,3.0,4.0,-0.2905,0.8571,28,1.0,1.0,0.4967,0.6667,18,3.0,3.0,-0.2992,0.7048,0.6432
FDVV,SPY,12,12,222,,,,,,,,,,,,,,,,,,,,,,,,,,,,,,,,,,,,,,,,,,,,,,,,,,,,,,,,,,,,,,,,,,,,,,,,,,,,0.6038,53,-1.0,-1.0,-0.1378,,,,,,,,,,,,,,,,,,,,,,,,,,0.6667,15,-2.0,-2.0,-0.047,,,,,,,,,,,0.787,0.3927
FDX,XTN,26,26,255,,,,,,,,,,,,,,,,0.6364,11,0.0,0.0,-0.7914,,,,,,,,,,,,,,,,,,,,,,,,,,,,,,,,,,,,,,,,,0.65,20,2.0,2.0,0.1969,0.64,50,0.0,0.0,-0.1772,0.75,20,2.0,2.0,0.2887,0.6923,13,-4.0,-4.0,-0.59,,,,,,,,,,,,,,,,,,,,,,,,,,0.7,10,1.0,1.0,-0.3286,,,,,,0.8,10,1.0,1.0,-0.17,0.7272,0.6669
FDXF,IWM,19,21,199,0.6,10,0.0,0.0,1.5217,,,,,,0.7,10,0.0,0.0,2.1129,,,,,,,,,,,,,,,,,,,,,,,,,,,,,,,,,,,,,,,,,,,,,,0.7692,13,-5.0,-5.0,0.34,0.8824,17,-4.0,-4.0,-0.4173,,,,,,0.7857,28,-1.0,0.0,-0.6909,,,,,,,,,,,,,,,,,,,,,,,,,,0.6296,81,-2.0,-1.0,-0.3873,,,,,,0.6833,60,0.0,0.0,-0.6841,0.0047,0.0065
FEED,SPY,18,32,74,,,,,,,,,,,,,,,,,,,,,,,,,,,,,,,,,,,,,,,,,,,,,,,,,,,,,,,,,,,,,,,,,,,,,,,,,,,,,,,,,,,,,,,,,,,,,,,,,,,,,0.6296,27,-1.0,-1.0,1.7806,0.6087,23,0.0,0.0,-1.2157,0.6154,26,-1.0,-1.0,2.4938,0.6667,21,0.0,0.0,-2.1986,0.1873,0.5038
FENY,QQQ,12,12,219,,,,,,,,,,,,,,,,,,,,,,,,,,,,,,,,,,,,,,,,,,,,,,,,,,,,,,,,,,,,,,,,,,0.7857,14,2.0,2.0,-0.1118,,,,,,0.6154,13,-3.0,-3.0,-0.155,,,,,,,,,,,,,,,,,,,,,,,,,,0.6047,43,0.0,0.0,-0.1042,,,,,,0.8,10,-3.0,-3.0,-0.175,-0.3358,-0.2076
FEPI,QQQ,23,23,104,,,,,,0.7273,11,-1.0,-1.0,-0.4063,,,,,,,,,,,,,,,,,,,,,,,,,,,,,,,,,,,,,,,,,,,,,,,,,,,0.6154,13,-2.0,-2.0,0.1625,,,,,,0.6866,67,-2.0,1.0,0.2204,,,,,,,,,,,,,,,,,,,,,,,,,,0.75,20,-1.0,-1.0,0.1347,0.6429,14,0.0,0.0,-0.1178,0.8333,18,-1.0,-1.0,0.248,,,,,,0.9359,0.6958
FER,XLI,22,22,227,,,,,,,,,,,,,,,,,,,,,,,,,,,,,,,,,,,,,,,,,,,,,,,,,,,,,,,,,,,,,,,,,,0.6381,105,0.0,1.0,-0.1052,,,,,,0.6111,36,1.0,1.0,-0.225,,,,,,,,,,,,,,,,,,,,,,,,,,,,,,,,,,,,0.625,40,1.0,1.0,-0.1972,0.8338,1.1177
FETH,IWM,40,40,248,,,,,,,,,,,,,,,,,,,,,,,,,,,,,,,,,,,,,,,,,0.6154,13,-1.0,-1.0,0.5462,,,,,,,,,,,,,,,,,,,,,0.625,24,-3.0,-3.0,-0.16,0.619,21,2.0,2.0,0.2938,0.7273,22,1.0,1.0,-0.1738,,,,,,,,,,,,,,,,,,,,,,,,,,,,,,,,,,,,0.6429,42,1.0,1.0,-0.3822,0.6541,2.3579
FFAI,SPY,40,40,427,,,,,,,,,,,,,,,,,,,,,,,,,,,,,,,,,,,,,,,,,,,,,,0.6571,35,-1.0,0.0,-84.1596,,,,,,0.6667,15,-1.0,-1.0,-6.676,0.8,15,-2.0,-2.0,0.8408,0.6835,79,-1.0,1.0,-0.7078,0.6667,21,-15.0,-15.0,1.5286,0.7123,73,-1.0,1.0,-1.7087,,,,,,,,,,,,,,,,,,,,,,,,,,,,,,,0.619,21,1.0,1.0,1.4977,0.625,24,-2.0,-2.0,-1.52,0.5483,2.5292
FHN,KRE,10,10,234,,,,,,,,,,,,,,,,,,,,,,,,,,,,,,,,,,,,,,,,,,,,,,,,,,,,,,,,,,,,,,,,,,,,,,,,,,,,0.6957,23,1.0,1.0,-0.28,,,,,,,,,,,,,,,,,,,,,0.6667,12,-3.0,-3.0,0.1538,0.6154,39,1.0,1.0,-0.1175,0.6923,13,2.0,2.0,0.2478,0.6154,39,1.0,1.0,-0.26,0.8264,0.9597
FIAT,QQQ,14,19,13,,,,,,,,,,,,,,,,,,,,,,,,,,,,,,,,,,,,,,,,,,,,,,,,,,,,,,,,,,,,,,,,,,,,,,,,,,,,,,,,,,,,,,,,,,,,,,,,,,,,,,,,,,,,,,,,,,,,,,,,,-0.5427,-0.7388
FICO,XLF,26,26,233,,,,,,,,,,,,,,,,,,,,,,,,,,,,,,,,,,,,,,,,,,,,,,,,,,,,,,,,,,,,,0.6129,31,-1.0,-1.0,0.42,0.7097,31,2.0,2.0,-0.3068,0.6667,30,-1.0,-1.0,0.476,0.6486,37,0.0,0.0,-0.5992,,,,,,,,,,,,,,,,,,,,,0.6429,14,-2.0,-2.0,0.2656,0.6111,18,1.0,1.0,-0.2318,0.6154,13,-2.0,-2.0,0.335,,,,,,0.3621,0.8297
FIG,IGV,40,40,460,,,,,,,,,,,,,,,,,,,,,,,,,,,,,,,,,,,,,,,,,,,,,,,,,,,,,,,,,,,,,0.6452,31,3.0,4.0,0.4805,0.641,78,-2.0,-1.0,-0.3916,0.6458,48,2.0,4.0,0.8994,0.6389,72,-2.0,-1.0,-0.7189,,,,,,,,,,,,,,,,,,,,,0.6471,17,3.0,3.0,0.5709,,,,,,0.7143,21,2.0,2.0,0.6253,0.6133,75,-1.0,-1.0,-0.8213,0.735,1.4499
FIGG,SPY,28,33,103,,,,,,,,,,,,,,,,,,,,,,,,,,,,,,,,,,,,,,,,,,,,,,0.7692,13,0.0,0.0,-5.051,,,,,,,,,,,,,,,,,,,,,0.6364,11,15.0,15.0,1.7886,,,,,,,,,,,,,,,,,,,,,,,,,,,,,,,0.6341,41,0.0,0.0,-1.1458,,,,,,,,,,,-0.0199,-0.1451
FIGR,SPY,36,36,255,0.7,10,0.0,0.0,2.2,,,,,,0.7,10,0.0,0.0,3.5686,,,,,,,,,,,,,,,,,,,,,,,,,,,,,,,0.6,15,0.0,0.0,-1.9822,,,,,,,,,,,,,,,,0.6296,27,-1.0,-1.0,-0.4665,0.625,16,-4.0,-4.0,0.801,0.7391,23,-2.0,-2.0,-0.5741,,,,,,,,,,,,,,,,,,,,,,,,,,0.7143,14,1.0,1.0,-0.375,0.6667,15,1.0,1.0,0.939,0.6667,15,-2.0,-2.0,-0.742,0.5812,1.3904
FIGS,IWM,13,13,230,,,,,,,,,,,,,,,,,,,,,,,,,,,,,,,,,,,,,,,,,,,,,,,,,,,,,,,,,,,,,0.6061,33,2.0,2.0,0.475,0.8,10,-4.0,-4.0,-0.1763,0.6,15,3.0,3.0,0.3922,0.6484,91,-1.0,1.0,-0.3758,,,,,,,,,,,,,,,,,,,,,,,,,,,,,,,,,,,,,,,,,0.3322,0.4465
FINV,SPY,10,10,162,,,,,,,,,,,,,,,,,,,,,,,,,,,,,,,,,,,,,,,,,,,,,,,,,,,,,,,,,,,,,0.6364,11,-2.0,-2.0,0.3314,0.75,12,2.0,2.0,-0.1122,,,,,,0.6364,33,-2.0,-1.0,-0.3948,,,,,,,,,,,,,,,,,,,,,,,,,,0.6667,42,-1.0,-1.0,-0.1464,,,,,,,,,,,0.2088,0.2688
FIS,XLF,17,17,237,,,,,,,,,,,,,,,,,,,,,,,,,,,,,,,,,,,,,,,,,,,,,,,,,,,,,,,,,,,,,0.6316,19,-3.0,-3.0,0.1542,0.6406,64,1.0,2.0,-0.2183,,,,,,0.625,40,0.0,0.0,-0.3628,,,,,,,,,,,,,,,,,,,,,,,,,,0.6667,18,1.0,1.0,-0.255,,,,,,,,,,,0.2731,0.5371
FISV,XLF,37,37,273,0.625,16,0.0,0.0,1.161,0.8182,11,-1.0,-1.0,-1.2522,0.6296,27,-1.0,0.0,1.3712,,,,,,,,,,,,,,,,,,,,,,,,,,,,,,,,,,,,,,,,,,,,,,0.6957,23,-3.0,-3.0,0.2075,0.6739,46,-1.0,-1.0,-0.2874,0.7727,22,-3.0,-3.0,0.3447,0.6,45,-1.0,-1.0,-0.5319,,,,,,,,,,,,,,,,,,,,,,,,,,0.6084,143,0.0,1.0,-0.2537,,,,,,,,,,,0.5065,1.0836
FITB,KRE,17,17,240,,,,,,,,,,,0.6667,12,0.0,0.0,0.4462,,,,,,,,,,,,,,,,,,,,,,,,,,,,,,,,,,,,,,,,,,,,,,0.75,12,-2.0,-2.0,0.1067,0.6154,39,-1.0,-1.0,-0.1258,0.6923,13,-2.0,-2.0,0.2711,0.7692,13,-3.0,-3.0,-0.258,,,,,,,,,,,,,,,,,,,,,0.6923,13,-3.0,-3.0,0.1178,,,,,,0.6154,13,2.0,2.0,0.195,0.6667,24,-2.0,-2.0,-0.3337,0.7372,0.7707
FIVE,IWM,14,15,200,,,,,,,,,,,,,,,,,,,,,,,,,,,,,,,,,,,,,,,,,,,,,,,,,,,,,,,,,,,,,0.7143,14,-3.0,-3.0,0.204,0.7,40,-2.0,-1.0,-0.2086,,,,,,0.6286,35,1.0,1.0,-0.8314,,,,,,,,,,,,,,,,,,,,,,,,,,0.6813,91,0.0,1.0,-0.2224,,,,,,0.6562,32,1.0,1.0,-0.3776,0.3065,0.3677
FIVN,IGV,38,38,247,0.6154,13,-1.0,-1.0,1.57,,,,,,,,,,,,,,,,,,,,,,,,,,,,,,,,,,,,,,,,,,,,,,,,,,,,,,,,0.6818,22,-1.0,-1.0,0.7033,0.6379,58,-4.0,-2.0,-0.3268,0.75,20,-1.0,-1.0,1.0647,0.6,10,-4.0,-4.0,-0.545,,,,,,,,,,,,,,,,,,,,,0.625,16,2.0,2.0,0.326,0.6875,16,-3.0,-3.0,-0.2936,0.6875,16,2.0,2.0,0.4736,0.6667,12,-4.0,-4.0,-0.5262,0.8897,1.3585
FIX,XLI,38,38,254,,,,,,,,,,,,,,,,,,,,,,,,,,,,,,,,,,,,,,,,,,,,,,,,,,,,,,,,,,,,,0.7,10,-1.0,-1.0,0.3057,0.6154,13,4.0,4.0,-0.2137,,,,,,0.641,39,2.0,2.0,-0.5668,,,,,,,,,,,,,,,,,,,,,,,,,,0.6087,46,1.0,1.0,-0.3921,,,,,,0.6,45,1.0,1.0,-0.5526,0.8297,2.8951
FJET,SPY,40,40,261,,,,,,0.6,10,-1.0,-1.0,-3.1517,,,,,,0.8,10,-1.0,-1.0,-2.9688,,,,,,,,,,,,,,,,,,,,,0.8462,13,-1.0,-1.0,2.4345,0.8571,21,0.0,0.0,-3.8128,,,,,,0.619,21,0.0,0.0,-4.0192,,,,,,0.6216,37,0.0,2.0,-0.9409,0.7222,18,-7.0,-7.0,1.0323,0.75,16,-8.0,-8.0,-0.7458,,,,,,,,,,,,,,,,,,,,,,,,,,0.6154,13,-2.0,-2.0,-1.1087,,,,,,,,,,,0.4591,1.3214
FLD,SPY,19,32,96,,,,,,,,,,,,,,,,,,,,,,,,,,,,,,,,,,,,,,,,,,,,,,,,,,,,,,,,,,,,,,,,,,,,,,,,,,,,0.8,10,15.0,15.0,-5.5575,,,,,,,,,,,,,,,,,,,,,0.6765,34,0.0,0.0,1.5261,,,,,,,,,,,,,,,,0.1904,0.8481
FLEX,SOXX,38,38,260,,,,,,,,,,,,,,,,,,,,,,,,,,,,,,,,,,,,,,,,,,,,,,,,,,,,,,,,,,,,,0.6667,21,-4.0,-4.0,0.4443,0.6923,13,-5.0,-5.0,-0.2889,0.6832,101,-1.0,4.0,0.5133,0.6154,13,-5.0,-5.0,-0.7288,,,,,,,,,,,,,,,,,,,,,0.8333,18,2.0,2.0,0.3807,0.6667,15,5.0,5.0,-0.178,0.6538,26,4.0,4.0,0.5135,0.6,15,-5.0,-5.0,-0.6156,0.9711,0.7819
FLG,KRE,12,12,236,,,,,,,,,,,,,,,,,,,,,,,,,,,,,,,,,,,,,,,,,,,,,,,,,,,,,,,,,,,,,0.6923,13,-3.0,-3.0,0.1422,0.619,126,0.0,2.0,-0.1651,,,,,,,,,,,,,,,,,,,,,,,,,,,,,,,0.8333,12,-3.0,-3.0,0.1,0.6346,52,1.0,2.0,-0.14,0.6364,11,-3.0,-3.0,0.2257,0.6226,53,1.0,2.0,-0.2942,0.7682,1.0827
FLKR,QQQ,33,34,199,,,,,,,,,,,,,,,,,,,,,,,,,,,,,,,,,,,,,,,,,,,,,,,,,,,,,,,,,,,,,0.6667,18,-2.0,-2.0,0.2975,,,,,,0.8,10,5.0,5.0,0.71,0.6471,34,-5.0,-3.0,-0.5055,,,,,,,,,,,,,,,,,,,,,0.6098,41,-1.0,-1.0,0.6788,0.6667,36,-3.0,-2.0,-0.3604,,,,,,0.6842,38,-3.0,-2.0,-0.5646,0.8241,2.8609
FLNA,IWM,12,18,97,,,,,,,,,,,,,,,,,,,,,,,,,,,,,,,,,,,,,,,,,,,,,,,,,,,,,,,,,,,,,,,,,,,,,,,,,,,,,,,,,,,,,,,,,,,,,,,,,,,,,,,,,,0.625,32,-1.0,-1.0,-0.575,,,,,,0.6458,48,-1.0,0.0,-0.7871,0.5578,0.8779
FLNC,ICLN,40,40,419,,,,,,,,,,,,,,,,,,,,,,,,,,,,,,,,,,,,,,,,,,,,,,,,,,,,,,,,,,,,,0.6842,19,3.0,3.0,1.0808,0.625,16,-7.0,-7.0,-0.715,0.6596,47,-5.0,-4.0,1.1845,0.6875,16,5.0,5.0,-1.5655,,,,,,,,,,,,,,,,,,,,,,,,,,0.6078,51,-4.0,-3.0,-0.6719,0.6667,30,-2.0,-2.0,1.216,,,,,,0.7296,1.517
FLO,XLP,23,23,237,,,,,,,,,,,,,,,,,,,,,,,,,,,,,,,,,,,,,,,,,,,,,,,,,,,,,,,,,,,,,,,,,,0.6721,61,-1.0,-1.0,-0.2195,,,,,,,,,,,,,,,,,,,,,,,,,,,,,,,,,,,,0.6339,112,0.0,2.0,-0.249,0.7,10,2.0,2.0,0.5471,,,,,,0.5515,0.7154
FLOT,QQQ,16,16,224,,,,,,,,,,,,,,,,,,,,,,,,,,,,,,,,,,,,,,,,,,,,,,,,,,,,,,,,,,,,,,,,,,0.7681,207,-1.0,0.0,-0.0032,,,,,,0.729,214,-1.0,0.0,-0.0049,,,,,,,,,,,,,,,,,,,,,,,,,,0.7772,193,-3.0,2.0,-0.0032,,,,,,0.7459,185,-3.0,1.0,-0.0044,-0.0771,-0.0014
FLR,XLI,11,11,231,,,,,,,,,,,,,,,,,,,,,,,,,,,,,,,,,,,,,,,,,,,,,,,,,,,,,,,,,,,,,,,,,,0.6667,18,-3.0,-3.0,-0.2108,0.6,45,-1.0,-1.0,0.467,0.641,39,1.0,1.0,-0.3772,,,,,,,,,,,,,,,,,,,,,,,,,,,,,,,,,,,,,,,,,0.907,1.47
FLTW,QQQ,14,18,73,,,,,,,,,,,,,,,,,,,,,,,,,,,,,,,,,,,,,,,,,,,,,,,,,,,,,,,,,,,,,,,,,,,,,,,,,,,,0.7,10,0.0,0.0,-0.3157,,,,,,,,,,,,,,,,,,,,,0.625,16,-1.0,-1.0,0.194,0.6,10,0.0,0.0,-0.09,,,,,,,,,,,0.8134,1.6909
FLUT,XLY,34,34,237,,,,,,,,,,,,,,,,,,,,,,,,,,,,,,,,,,,,,,,,,,,,,,,,,,,,,,,,,,,,,0.6154,13,-4.0,-4.0,0.215,0.7027,37,0.0,0.0,-0.3496,0.7692,13,-4.0,-4.0,0.36,0.6957,23,2.0,3.0,-0.8312,,,,,,,,,,,,,,,,,,,,,,,,,,,,,,,,,,,,0.6552,29,1.0,1.0,-0.4763,0.1858,0.2961
FLY,SPY,40,40,376,,,,,,,,,,,,,,,,,,,,,,,,,,,,,,,,,,,,,,,,,,,,,,0.7143,35,-1.0,0.0,-2.8,,,,,,0.6857,35,-1.0,0.0,-3.6925,0.7273,11,15.0,15.0,1.2362,0.7917,24,-1.0,-1.0,-0.5542,0.7619,21,0.0,0.0,0.7994,0.75,40,-7.0,-5.0,-1.126,,,,,,,,,,,,,,,,,,,,,,,,,,,,,,,,,,,,0.7778,18,-2.0,-2.0,-0.7293,0.6199,2.4672
FLYT,IWM,34,35,136,,,,,,,,,,,,,,,,,,,,,,,,,,,,,,,,,,,,,,,,,,,,,,0.6923,26,-1.0,0.0,-6.7544,,,,,,0.6957,23,-1.0,0.0,-7.8213,0.6296,27,-15.0,-15.0,1.0535,,,,,,,,,,,0.7273,11,15.0,15.0,-2.3675,,,,,,,,,,,,,,,,,,,,,,,,,,,,,,,,,,,,,,,,,0.7,4.6572
FLYW,XLF,19,19,222,,,,,,,,,,,,,,,,,,,,,,,,,,,,,,,,,,,,,,,,,,,,,,,,,,,,,,,,,,,,,0.6667,12,-3.0,-3.0,0.5025,0.6111,72,0.0,2.0,-0.312,0.6,25,1.0,1.0,0.476,0.7241,29,-2.0,-2.0,-0.4124,,,,,,,,,,,,,,,,,,,,,,,,,,0.6117,103,0.0,0.0,-0.2716,,,,,,0.6286,105,0.0,0.0,-0.4432,0.3711,0.6617
FLYX,XTN,17,27,101,,,,,,,,,,,,,,,,,,,,,,,,,,,,,,,,,,,,,,,,,,,,,,,,,,,,,,,,,,,,,,,,,,,,,,,,,,,,,,,,,,,,,,,,,,,,,,,,,,,,,,,,,,,,,,,,,,,,,,,,,0.5148,0.8448
FMC,XLB,23,23,233,,,,,,,,,,,,,,,,0.8182,11,0.0,0.0,-1.03,,,,,,,,,,,,,,,,,,,,,,,,,,,,,,,,,,,,,,,,,,,,,,0.7115,52,-3.0,-2.0,-0.2873,0.6,10,-6.0,-6.0,0.4683,0.6364,11,3.0,3.0,-0.6743,,,,,,,,,,,,,,,,,,,,,,,,,,,,,,,0.6364,11,-3.0,-3.0,0.5629,0.6102,59,-1.0,-1.0,-0.5339,0.2638,0.4516
FMS,XLV,33,34,191,0.6,10,0.0,0.0,0.3633,,,,,,,,,,,,,,,,,,,,,,,,,,,,,,,,,,,,,,,,,,,,,,,,,,,,,,,,,,,,,0.629,62,0.0,0.0,-0.1115,,,,,,0.625,24,1.0,1.0,-0.2233,,,,,,,,,,,,,,,,,,,,,,,,,,0.6744,43,0.0,0.0,-0.1248,,,,,,,,,,,0.2552,0.5066
FMST,IWM,10,21,20,,,,,,,,,,,,,,,,,,,,,,,,,,,,,,,,,,,,,,,,,,,,,,,,,,,,,,,,,,,,,,,,,,,,,,,,,,,,,,,,,,,,,,,,,,,,,,,,,,,,,,,,,,,,,,,,,,,,,,,,,0.3712,0.8876
FMTM,QQQ,16,16,103,,,,,,,,,,,,,,,,,,,,,,,,,,,,,,,,,,,,,,,,,,,,,,,,,,,,,,,,,,,,,,,,,,,,,,,0.7333,15,-1.0,-1.0,0.3391,,,,,,,,,,,,,,,,,,,,,,,,,,,,,,,0.7,10,0.0,0.0,-0.17,,,,,,,,,,,0.9383,1.076
FN,SOXX,31,31,240,,,,,,,,,,,,,,,,,,,,,,,,,,,,,,,,,,,,,,,,,,,,,,,,,,,,,,,,,,,,,0.64,50,-4.0,-2.0,0.365,0.7273,22,-1.0,-1.0,-0.4406,0.625,32,-6.0,-5.0,0.9465,0.7143,14,-4.0,-4.0,-0.658,,,,,,,,,,,,,,,,,,,,,0.6905,42,-1.0,0.0,0.52,0.9167,12,5.0,5.0,-0.2718,0.6154,26,-1.0,-1.0,1.0381,0.7143,14,-5.0,-5.0,-0.33,0.884,0.6727
FND,XLY,18,18,233,0.6,10,0.0,0.0,2.015,,,,,,0.6,10,0.0,0.0,2.8333,,,,,,,,,,,,,,,,,,,,,,,,,,,,,,,,,,,,,,,,,,,,,,0.6111,18,-4.0,-4.0,0.2655,0.6833,60,-1.0,0.0,-0.2593,0.6667,18,-2.0,-2.0,0.4833,0.6471,17,-4.0,-4.0,-0.4264,,,,,,,,,,,,,,,,,,,,,0.6,65,0.0,0.0,0.2982,0.6027,73,-1.0,-1.0,-0.2914,0.6515,66,0.0,0.0,0.4688,0.6129,31,1.0,1.0,-0.55,0.502,0.7803
FNDF,QQQ,13,13,236,,,,,,,,,,,,,,,,,,,,,,,,,,,,,,,,,,,,,,,,,,,,,,,,,,,,,,,,,,,,,0.6125,80,0.0,0.0,0.0722,,,,,,,,,,,0.6429,14,-2.0,-2.0,-0.3244,,,,,,,,,,,,,,,,,,,,,,,,,,0.6667,45,-3.0,-2.0,-0.0853,0.7692,13,2.0,2.0,0.231,0.6596,47,-3.0,-2.0,-0.1939,0.7713,0.5632
FNDX,SPY,24,24,225,,,,,,,,,,,,,,,,,,,,,,,,,,,,,,,,,,,,,,,,,,,,,,,,,,,,,,,,,,,,,,,,,,,,,,,,,,,,,,,,,,,,,,,,,,,,,,,,,,,,,,,,,,0.6429,14,-2.0,-2.0,-0.0489,,,,,,,,,,,0.8269,0.4501
FNGD,IWM,31,32,179,,,,,,,,,,,,,,,,,,,,,,,,,,,,,,,,,,,,,,,,,0.7273,11,0.0,0.0,1.7888,,,,,,0.9091,11,0.0,0.0,2.17,0.6,10,-1.0,-1.0,-1.2667,0.7273,11,-2.0,-2.0,0.5825,0.9231,13,1.0,1.0,-0.4133,,,,,,0.6154,13,-3.0,-3.0,-0.7,,,,,,,,,,,,,,,,,,,,,,,,,,0.6301,73,0.0,1.0,-0.5246,,,,,,0.6429,28,1.0,1.0,-0.95,-0.6558,-2.5255
FNGR,QQQ,18,28,72,,,,,,,,,,,,,,,,,,,,,,,,,,,,,,,,,,,,,,,,,,,,,,,,,,,,,,,,,,,,,,,,,,,,,,,,,,,,,,,,,,,,,,,,,,,,,,,,,,,,,0.6,10,-2.0,-2.0,1.7633,0.7308,26,-1.0,0.0,-2.3153,,,,,,0.6667,21,-1.0,-1.0,-3.445,0.1598,0.2399
FNGU,SPY,40,40,378,,,,,,,,,,,,,,,,,,,,,,,,,,,,,,,,,,,,,,,,,,,,,,0.625,16,-1.0,-1.0,-1.193,,,,,,0.6842,19,0.0,0.0,-1.9131,0.7083,48,-3.0,-2.0,0.5703,0.6286,35,-5.0,-4.0,-0.3809,0.6575,73,0.0,2.0,0.5773,,,,,,,,,,,,,,,,,,,,,,,,,,0.6124,178,0.0,1.0,0.3072,,,,,,,,,,,,,,,,0.861,4.4882
FNUC,IWM,18,30,87,,,,,,,,,,,,,,,,,,,,,,,,,,,,,,,,,,,,,,,,,,,,,,,,,,,,,,,,,,,,,,,,,,,,,,,,,,,,,,,,,,,,,,,,,,,,,,,,,,,,,0.6087,23,0.0,0.0,0.97,0.625,16,-1.0,-1.0,-0.77,,,,,,,,,,,0.5003,1.3568
FNV,GDX,14,14,205,,,,,,,,,,,,,,,,,,,,,,,,,,,,,,,,,,,,,,,,,,,,,,,,,,,,,,,,,,,,,0.6154,13,2.0,2.0,0.3513,0.7037,27,-2.0,-2.0,-0.2405,0.62,100,-1.0,2.0,0.3873,,,,,,,,,,,,,,,,,,,,,,,,,,0.625,24,-4.0,-4.0,0.1653,0.6667,21,-3.0,-3.0,-0.2664,0.6866,67,0.0,2.0,0.3967,0.6316,19,-2.0,-2.0,-0.535,0.9324,0.6994
FOFO,SPY,12,17,45,,,,,,,,,,,,,,,,,,,,,,,,,,,,,,,,,,,,,,,,,,,,,,,,,,,,,,,,,,,,,,,,,,0.7368,19,15.0,15.0,-4.2857,,,,,,,,,,,,,,,,,,,,,,,,,,,,,,,,,,,,0.8,10,0.0,0.0,-2.7925,,,,,,,,,,,0.113,0.6835
FORM,SOXX,34,34,246,,,,,,,,,,,,,,,,,,,,,,,,,,,,,,,,,,,,,,,,,,,,,,,,,,,,,,,,,,,,,0.7037,27,4.0,5.0,0.5884,0.6429,14,0.0,0.0,-0.3378,0.6875,32,4.0,5.0,1.0055,0.6667,27,-3.0,-2.0,-0.8883,,,,,,,,,,,,,,,,,,,,,0.6604,53,2.0,4.0,0.5226,0.6429,14,-5.0,-5.0,-0.4311,,,,,,0.6667,15,5.0,5.0,-0.806,0.9434,1.2119
FOTO,QQQ,31,33,224,,,,,,,,,,,,,,,,,,,,,,,,,,,,,,,,,,,,,,,,,,,,,,,,,,,,,,,,,,,,,0.6515,66,-2.0,1.0,0.4286,0.7143,14,-6.0,-6.0,-0.204,0.6216,37,-1.0,0.0,0.8017,0.6154,13,-6.0,-6.0,-0.3925,,,,,,,,,,,,,,,,,,,,,0.6667,21,1.0,1.0,0.5429,0.6279,43,-3.0,-2.0,-0.5696,0.6471,17,1.0,1.0,0.5691,0.6757,37,-3.0,-2.0,-0.7784,0.8707,1.9096
FOUR,XLF,23,23,208,,,,,,,,,,,,,,,,,,,,,,,,,,,,,,,,,,,,,,,,,,,,,,,,,,,,,,,,,,,,,0.6207,29,1.0,1.0,0.4672,0.6304,46,-3.0,-1.0,-0.4428,,,,,,0.7333,15,2.0,2.0,-0.5436,,,,,,,,,,,,,,,,,,,,,,,,,,0.6923,13,1.0,1.0,-0.2178,,,,,,0.6875,16,1.0,1.0,-0.4764,0.5202,1.2334
FOX,KWEB,11,11,223,,,,,,,,,,,,,,,,,,,,,,,,,,,,,,,,,,,,,,,,,,,,,,,,,,,,,,,,,,,,,0.6111,18,-3.0,-3.0,0.2855,,,,,,,,,,,,,,,,,,,,,,,,,,,,,,,,,,,,0.6,25,1.0,1.0,0.132,0.6,25,-3.0,-3.0,-0.22,0.6,25,-3.0,-3.0,0.4833,0.6207,58,-1.0,-1.0,-0.2819,0.0984,0.0379
FOXA,KWEB,16,16,243,,,,,,,,,,,,,,,,,,,,,,,,,,,,,,,,,,,,,,,,,,,,,,,,,,,,,,,,,,,,,0.6,45,1.0,1.0,0.2693,,,,,,0.6316,19,-3.0,-3.0,0.4267,,,,,,,,,,,,,,,,,,,,,,,,,,,,,,,0.625,24,-3.0,-3.0,-0.2153,0.625,32,1.0,1.0,0.3825,0.6066,61,-1.0,-1.0,-0.2808,0.1292,0.0567
FPS,QQQ,40,40,288,,,,,,,,,,,,,,,,,,,,,,,,,,,,,,,,,,,,,,,,,0.6,10,0.0,0.0,2.4033,,,,,,0.7,10,0.0,0.0,2.35,,,,,,0.6111,18,-7.0,-7.0,0.9818,0.6667,24,-3.0,-3.0,-0.35,,,,,,,,,,,,,,,,,,,,,,,,,,,,,,,,,,,,0.6727,55,-3.0,-2.0,-0.4905,,,,,,0.6154,13,2.0,2.0,-0.2937,0.868,2.1398
FRMI,SPY,40,40,356,,,,,,,,,,,,,,,,0.7273,11,-1.0,-1.0,-2.1475,,,,,,,,,,,,,,,,,,,,,,,,,,,,,,,,,,,,0.6,15,-1.0,-1.0,-2.8089,0.6429,28,-1.0,-1.0,0.3494,0.6111,18,1.0,1.0,-0.4536,0.6,10,-8.0,-8.0,1.235,0.7,10,-7.0,-7.0,-0.99,,,,,,,,,,,,,,,,,,,,,,,,,,,,,,,,,,,,,,,,,0.6852,2.3524
FRMM,IBIT,15,21,102,,,,,,,,,,,,,,,,,,,,,,,,,,,,,,,,,,,,,,,,,,,,,,,,,,,,,,,,,,,,,,,,,,,,,,,0.7,10,-1.0,-1.0,1.3971,,,,,,,,,,,,,,,,,,,,,,,,,,,,,,,,,,,,0.6923,13,-3.0,-3.0,1.36,0.6923,13,-1.0,-1.0,-2.3289,0.3579,0.245
FRO,SPY,40,40,274,0.619,21,-2.0,-1.0,1.0669,,,,,,0.6667,21,-2.0,-1.0,1.1564,,,,,,,,,,,,,,,,,,,,,,,,,,,,,,,,,,,,0.6,15,-1.0,-1.0,1.1811,,,,,,,,,,,0.625,32,-2.0,-2.0,-0.183,,,,,,0.619,21,3.0,3.0,-0.3654,,,,,,,,,,,,,,,,,,,,,0.625,16,-2.0,-2.0,0.154,0.6083,120,0.0,0.0,-0.2599,0.6667,15,-2.0,-2.0,0.278,0.6129,124,0.0,0.0,-0.3904,0.2266,0.4924
FROG,IGV,27,27,236,,,,,,,,,,,,,,,,,,,,,,,,,,,,,,,,,,,,,,,,,,,,,,,,,,,,,,,,,,,,,0.6429,14,-3.0,-3.0,0.4833,0.6364,11,-4.0,-4.0,-0.37,0.7273,11,-5.0,-5.0,0.4725,,,,,,,,,,,,,,,,,,,,,,,,,,0.6364,33,-2.0,-2.0,0.3052,0.75,12,-4.0,-4.0,-0.2589,0.6176,34,-2.0,-2.0,0.6252,0.7368,19,1.0,1.0,-0.6757,0.6337,0.7551
FRSH,IGV,31,31,247,,,,,,0.9,10,-1.0,-1.0,-1.92,,,,,,0.8,10,-1.0,-1.0,-1.585,,,,,,,,,,,,,,,,,,,,,,,,,,,,,,,,,,,,,,,,,0.7143,14,3.0,3.0,0.256,0.6667,18,2.0,2.0,-0.34,0.8571,14,3.0,3.0,0.5633,0.6389,36,-1.0,-1.0,-0.3226,,,,,,,,,,,,,,,,,,,,,0.6875,16,2.0,2.0,0.2991,0.6667,12,3.0,3.0,-0.28,,,,,,0.6471,17,-3.0,-3.0,-0.2609,0.791,1.1679
FRTT,IWM,14,18,71,,,,,,,,,,,,,,,,,,,,,,,,,,,,,,,,,,,,,,,,,,,,,,,,,,,,,,,,,,,,,,,,,,0.8182,11,15.0,15.0,-6.4478,,,,,,0.6364,11,15.0,15.0,-11.6071,,,,,,,,,,,,,,,,,,,,,,,,,,0.8049,41,-1.0,0.0,-3.0745,,,,,,0.7273,11,-1.0,-1.0,-4.5725,-0.0136,-0.0714
FRVO,SPY,35,35,249,,,,,,,,,,,,,,,,,,,,,,,,,,,,,,,,,,,,,,,,,,,,,,0.7241,29,-1.0,0.0,-2.609,,,,,,,,,,,0.6552,29,-6.0,-5.0,0.6389,0.65,20,0.0,0.0,-0.4638,0.7273,11,-5.0,-5.0,1.2662,0.6667,18,-6.0,-6.0,-0.56,,,,,,,,,,,,,,,,,,,,,0.6923,13,1.0,1.0,0.6367,0.6429,14,-2.0,-2.0,-0.2556,0.7273,11,1.0,1.0,0.7262,0.6429,14,-2.0,-2.0,-0.9822,0.5217,1.1637
FSK,XLF,21,21,235,0.8,10,0.0,0.0,0.3713,,,,,,,,,,,,,,,,,,,,,,,,,,,,,,,,,,,,,,,,,,,,,,,,,,,,,,,,,,,,,0.6579,38,1.0,1.0,-0.1404,,,,,,0.619,21,-4.0,-3.0,-0.3046,,,,,,,,,,,,,,,,,,,,,,,,,,0.6423,123,0.0,1.0,-0.1595,,,,,,,,,,,0.4346,0.36
FSLR,ICLN,33,33,245,,,,,,,,,,,,,,,,,,,,,,,,,,,,,,,,,,,,,,,,,,,,,,,,,,,,,,,,,,,,,0.619,42,1.0,2.0,0.3004,0.6667,18,-4.0,-4.0,-0.2858,0.6,30,-2.0,-2.0,0.4339,0.675,40,1.0,2.0,-0.5215,,,,,,,,,,,,,,,,,,,,,,,,,,,,,,,0.7391,23,-2.0,-2.0,0.5912,0.6,35,1.0,1.0,-0.6448,0.8261,1.1785
FSLY,IGV,39,39,275,,,,,,,,,,,,,,,,,,,,,,,,,,,,,,,,,,,,,,,,,,,,,,,,,,,,,,,,,,,,,0.6667,24,1.0,1.0,0.7462,0.625,32,0.0,0.0,-0.3045,0.6333,30,-3.0,-3.0,0.9216,0.6087,46,-2.0,-1.0,-0.6929,,,,,,,,,,,,,,,,,,,,,0.625,16,2.0,2.0,0.819,0.6364,22,1.0,1.0,-0.385,,,,,,0.68,25,1.0,1.0,-0.77,0.5444,0.7933
FSM,GDX,37,37,250,,,,,,,,,,,,,,,,,,,,,,,,,,,,,,,,,,,,,,,,,,,,,,,,,,,,,,,,,,,,,,,,,,0.7143,28,-2.0,-2.0,-0.2565,0.6,10,-5.0,-5.0,0.6583,0.6393,61,-3.0,-2.0,-0.4736,,,,,,,,,,,,,,,,,,,,,0.65,20,-1.0,-1.0,0.2669,0.75,20,-2.0,-2.0,-0.204,,,,,,0.6562,32,-3.0,-3.0,-0.43,0.9658,1.0825
FSOL,IWM,14,19,105,,,,,,,,,,,,,,,,,,,,,,,,,,,,,,,,,,,,,,,,,,,,,,,,,,,,,,,,,,,,,,,,,,,,,,,,,,,,0.75,12,0.0,0.0,-0.5489,,,,,,,,,,,,,,,,,,,,,0.6364,22,0.0,0.0,0.41,0.6667,27,-1.0,-1.0,-0.3183,,,,,,,,,,,0.4595,1.7835
FTAI,XLI,25,25,239,,,,,,,,,,,,,,,,,,,,,,,,,,,,,,,,,,,,,,,,,,,,,,,,,,,,,,,,,,,,,0.8,10,-6.0,-6.0,0.6925,0.6296,27,3.0,4.0,-0.3259,0.6923,13,3.0,3.0,0.4833,0.6818,22,1.0,1.0,-0.946,,,,,,,,,,,,,,,,,,,,,,,,,,,,,,,,,,,,,,,,,0.7724,2.2735
FTEC,QQQ,17,19,157,,,,,,,,,,,,,,,,,,,,,,,,,,,,,,,,,,,,,,,,,,,,,,,,,,,,,,,,,,,,,0.6744,43,0.0,1.0,0.1138,0.7,10,-3.0,-3.0,-0.2229,0.6818,66,0.0,2.0,0.2538,0.7273,11,-3.0,-3.0,-0.3788,,,,,,,,,,,,,,,,,,,,,0.6667,42,0.0,1.0,0.1386,0.6667,15,-2.0,-2.0,-0.167,0.7059,51,0.0,1.0,0.2711,0.7,20,-2.0,-2.0,-0.2721,0.9648,1.1612
FTHM,SPY,15,21,74,,,,,,,,,,,,,,,,,,,,,,,,,,,,,,,,,,,,,,,,,,,,,,,,,,,,,,,,,,,,,,,,,,,,,,,,,,,,,,,,,,,,,,,,,,,,,,,,,,,,,,,,,,0.6818,22,0.0,0.0,-1.452,,,,,,0.6667,21,0.0,0.0,-2.9829,0.2511,0.7563
FTI,OIH,18,18,232,0.75,12,0.0,0.0,0.8667,,,,,,,,,,,,,,,,,,,,,,,,,,,,,,,,,,,,,,,,,,,,,,,,,,,,,,,,0.7162,74,-1.0,0.0,0.2536,0.6667,18,-3.0,-3.0,-0.2458,0.6579,38,0.0,0.0,0.4424,0.6579,38,-3.0,-2.0,-0.4352,,,,,,,,,,,,,,,,,,,,,0.6531,147,-2.0,1.0,0.222,0.7333,15,-3.0,-3.0,-0.3064,0.6304,46,-1.0,-1.0,0.2497,0.7353,34,-3.0,-2.0,-0.3964,0.7215,0.7433
FTNT,IGV,36,36,261,,,,,,0.8182,11,0.0,0.0,-1.2067,0.6667,12,-1.0,-1.0,1.385,0.8182,11,0.0,0.0,-1.4456,,,,,,,,,,,,,,,,,,,,,,,,,,,,,,,,,,,,,,,,,0.7273,66,0.0,1.0,0.2027,0.6122,49,-2.0,-2.0,-0.2697,0.6667,18,-3.0,-3.0,0.45,0.6562,32,-1.0,-1.0,-0.571,,,,,,,,,,,,,,,,,,,,,0.6875,16,2.0,2.0,0.3373,0.6452,31,-4.0,-3.0,-0.291,0.625,16,2.0,2.0,0.465,,,,,,0.5489,0.4141
FTRE,IWM,25,27,208,,,,,,0.7,10,0.0,0.0,-1.0729,,,,,,0.7273,11,0.0,0.0,-1.1162,,,,,,,,,,,,,,,,,,,,,,,,,,,,,,,,,,,,,,,,,0.6875,48,-4.0,-2.0,0.4452,0.6364,11,2.0,2.0,-0.3857,0.6,10,-4.0,-4.0,0.7483,0.6667,12,2.0,2.0,-0.7025,,,,,,,,,,,,,,,,,,,,,0.6364,11,-2.0,-2.0,0.6543,,,,,,0.6154,13,-2.0,-2.0,1.2987,0.6111,36,1.0,1.0,-0.8618,0.6563,1.1786
FTXL,QQQ,11,12,183,,,,,,,,,,,,,,,,,,,,,,,,,,,,,,,,,,,,,,,,,,,,,,,,,,,,,,,,,,,,,0.7576,33,1.0,3.0,0.3396,0.6667,15,-2.0,-2.0,-0.434,0.8261,23,1.0,2.0,0.5232,0.7857,14,0.0,0.0,-0.7864,,,,,,,,,,,,,,,,,,,,,0.6667,57,0.0,1.0,0.2995,0.6389,36,-3.0,-2.0,-0.4043,0.6154,39,0.0,0.0,0.4221,,,,,,0.9184,2.6885
FUBO,KWEB,36,36,254,,,,,,0.6429,14,0.0,0.0,-1.5244,0.64,25,-1.0,0.0,3.02,,,,,,,,,,,,,,,,,,,,,,,,,,,,,,,,,,,,,,,,,,,,,,0.625,24,0.0,0.0,0.4387,0.7333,15,-1.0,-1.0,-0.5564,0.8182,11,-9.0,-9.0,0.6233,0.629,62,-3.0,-1.0,-0.7387,,,,,,,,,,,,,,,,,,,,,0.6,30,1.0,1.0,0.4972,0.7308,26,-3.0,-3.0,-0.3774,0.6,15,3.0,3.0,0.77,0.6441,59,-1.0,-1.0,-0.7784,-0.0006,-0.0005
FUFU,IWM,11,13,151,,,,,,,,,,,,,,,,,,,,,,,,,,,,,,,,,,,,,,,,,,,,,,,,,,,,,,,,,,,,,0.7,10,-5.0,-5.0,0.3929,0.7273,11,-3.0,-3.0,-0.885,0.6923,13,-1.0,-1.0,1.0789,0.7273,22,-3.0,-2.0,-1.0138,,,,,,,,,,,,,,,,,,,,,,,,,,0.6071,28,1.0,1.0,-0.5288,,,,,,0.6061,66,0.0,1.0,-1.2663,0.5579,1.7251
FULC,IWM,20,20,208,,,,,,,,,,,,,,,,,,,,,,,,,,,,,,,,,,,,,,,,,,,,,,,,,,,,,,,,0.6,10,-1.0,-1.0,-2.345,,,,,,0.6724,58,-1.0,0.0,-0.3823,,,,,,0.7,10,-3.0,-3.0,-0.5429,,,,,,,,,,,,,,,,,,,,,,,,,,0.625,64,-1.0,-1.0,-1.4103,,,,,,0.6364,66,0.0,0.0,-0.4712,0.6668,0.8618
FUN,SPY,12,12,223,,,,,,,,,,,,,,,,,,,,,,,,,,,,,,,,,,,,,,,,,,,,,,,,,,,,,,,,,,,,,0.6875,16,2.0,2.0,0.2255,0.7419,31,3.0,4.0,-0.4496,,,,,,0.6308,65,-2.0,0.0,-0.6588,,,,,,,,,,,,,,,,,,,,,0.6429,14,-2.0,-2.0,0.2556,,,,,,,,,,,0.602,98,0.0,0.0,-0.5163,0.3504,0.6659
FUTG,SPY,36,38,219,,,,,,,,,,,,,,,,,,,,,,,,,,,,,,,,,,,,,,,,,0.6842,19,0.0,0.0,3.3092,,,,,,0.6471,17,0.0,0.0,3.1309,0.6923,13,-1.0,-1.0,-2.7889,0.6667,12,15.0,15.0,2.0562,0.9,10,-4.0,-4.0,-1.3778,0.7692,13,15.0,15.0,2.202,0.7619,21,-3.0,-2.0,-1.1863,,,,,,,,,,,,,,,,,,,,,,,,,,,,,,,,,,,,0.629,62,-1.0,-1.0,-1.3151,0.5252,3.0736
FUTU,SPY,39,39,326,0.7273,22,-1.0,0.0,1.0319,,,,,,0.8333,12,0.0,0.0,1.63,0.6,10,-1.0,-1.0,-0.875,,,,,,,,,,,,,,,,,,,,,0.6765,34,-1.0,0.0,1.5122,,,,,,0.7368,19,0.0,0.0,1.5286,0.6,15,-1.0,-1.0,-1.3967,0.6216,37,1.0,1.0,0.3339,0.6923,65,2.0,5.0,-0.3822,0.8333,12,-5.0,-5.0,0.449,0.6606,109,-4.0,-1.0,-0.5656,,,,,,,,,,,,,,,,,,,,,,,,,,0.8,15,-2.0,-2.0,-0.2575,,,,,,0.7647,17,-2.0,-2.0,-0.59,0.6212,1.7958
FVRR,KWEB,16,17,179,,,,,,,,,,,,,,,,,,,,,,,,,,,,,,,,,,,,,,,,,,,,,,,,,,,,,,,,,,,,,,,,,,0.7778,18,0.0,0.0,-0.5479,0.6,20,-2.0,-2.0,0.3658,0.7667,30,-1.0,0.0,-0.8678,,,,,,,,,,,,,,,,,,,,,,,,,,0.6774,31,-3.0,-2.0,-0.419,,,,,,0.6667,66,-3.0,-1.0,-0.6707,-0.0186,-0.0114
FWDI,IWM,27,27,206,,,,,,,,,,,,,,,,,,,,,,,,,,,,,,,,,,,,,,,,,,,,,,,,,,,,,,,,,,,,,0.7,10,3.0,3.0,0.4986,0.7069,58,-3.0,0.0,-0.6066,,,,,,0.8095,21,-3.0,-3.0,-0.7424,,,,,,,,,,,,,,,,,,,,,,,,,,0.6118,85,0.0,1.0,-0.6121,,,,,,0.625,80,-2.0,-1.0,-0.6974,0.8154,2.395
FWRD,XLI,11,12,165,,,,,,,,,,,,,,,,,,,,,,,,,,,,,,,,,,,,,,,,,,,,,,,,,,,,,,,,,,,,,0.7692,13,0.0,0.0,0.821,0.6316,19,-1.0,-1.0,-0.6133,0.6,10,-4.0,-4.0,1.3733,0.619,21,-1.0,-1.0,-1.1031,,,,,,,,,,,,,,,,,,,,,0.75,12,-2.0,-2.0,0.4467,0.6333,60,0.0,0.0,-0.5603,,,,,,,,,,,0.5883,0.9469
FWRG,XLY,17,18,198,,,,,,,,,,,,,,,,,,,,,,,,,,,,,,,,,,,,,,,,,,,,,,,,,,,,,,,,,,,,,,,,,,0.6897,29,-1.0,-1.0,-0.3485,,,,,,0.6667,48,-2.0,-1.0,-0.4312,,,,,,,,,,,,,,,,,,,,,,,,,,0.6667,21,1.0,1.0,-0.3143,,,,,,0.622,82,-2.0,-1.0,-0.5065,0.4512,0.5064
FXI,SPY,40,40,340,0.75,12,0.0,0.0,0.21,,,,,,0.6667,12,0.0,0.0,0.195,,,,,,,,,,,,,,,,,,,,,,,,,,0.7,20,0.0,0.0,0.2064,,,,,,0.6286,35,-1.0,0.0,0.3241,,,,,,0.6364,11,3.0,3.0,0.0743,0.6567,67,-2.0,-2.0,-0.077,,,,,,0.6667,87,0.0,0.0,-0.1255,,,,,,,,,,,,,,,,,,,,,,,,,,0.75,16,1.0,1.0,-0.0608,,,,,,0.6316,19,-2.0,-2.0,-0.1642,0.2908,0.4962
FXN,QQQ,14,15,179,,,,,,,,,,,,,,,,,,,,,,,,,,,,,,,,,,,,,,,,,,,,,,,,,,,,,,,,,,,,,,,,,,,,,,,0.6452,31,1.0,1.0,0.195,,,,,,,,,,,,,,,,,,,,,,,,,,,,,,,,,,,,0.6047,43,-1.0,-1.0,0.2038,,,,,,-0.0245,-0.0166
FXY,IWM,14,20,54,,,,,,,,,,,,,,,,,,,,,,,,,,,,,,,,,,,,,,,,,,,,,,,,,,,,,,,,,,,,,,,,,,0.7273,22,-1.0,-1.0,-0.0175,,,,,,0.7647,17,-1.0,-1.0,-0.0238,,,,,,,,,,,,,,,,,,,,,,,,,,0.6667,27,0.0,1.0,-0.0178,,,,,,,,,,,0.1838,0.0341
GALT,QQQ,14,16,135,,,,,,,,,,,,,,,,,,,,,,,,,,,,,,,,,,,,,,,,,,,,,,,,,,,,,,,,,,,,,,,,,,,,,,,,,,,,,,,,,,,,,,,,,,,,,,,,,,,,,,,,,,0.6667,45,0.0,1.0,-1.048,,,,,,0.6957,23,0.0,0.0,-1.5888,0.5131,0.5515
GAMB,QQQ,13,13,131,,,,,,,,,,,,,,,,,,,,,,,,,,,,,,,,,,,,,,,,,,,,,,,,,,,,,,,,,,,,,,,,,,0.7073,41,-2.0,0.0,-0.1886,0.8571,14,0.0,0.0,0.7392,0.6905,42,-3.0,-1.0,-0.6093,,,,,,,,,,,,,,,,,,,,,,,,,,0.7037,81,-2.0,1.0,-0.3674,,,,,,0.875,16,-2.0,-2.0,-0.8807,0.3142,0.1453
GAME,KWEB,20,29,117,,,,,,,,,,,,,,,,,,,,,,,,,,,,,,,,,,,,,,,,,,,,,,,,,,,,,,,,,,,,,,,,,,0.6,10,0.0,0.0,-0.3133,,,,,,,,,,,,,,,,,,,,,,,,,,,,,,,,,,,,0.7,10,-2.0,-2.0,-0.9514,0.6,10,-3.0,-3.0,0.9133,,,,,,0.3515,0.4577
GANX,QQQ,23,27,131,,,,,,,,,,,,,,,,,,,,,,,,,,,,,,,,,,,,,,,,,,,,,,,,,,,,,,,,,,,,,0.625,24,-3.0,-2.0,0.6613,,,,,,0.6364,11,3.0,3.0,0.98,0.6667,12,-2.0,-2.0,-0.7437,,,,,,,,,,,,,,,,,,,,,0.6,10,-2.0,-2.0,0.5817,0.7,20,1.0,1.0,-0.76,0.6087,23,0.0,0.0,1.23,0.6296,27,-1.0,-1.0,-0.7794,0.4375,0.4578
GAP,XRT,32,32,255,0.6,10,-1.0,-1.0,0.9967,,,,,,0.6,10,-1.0,-1.0,0.9433,,,,,,,,,,,,,,,,,,,,,,,,,,,,,,,,,,,,,,,,,,,,,,0.7273,11,-15.0,-15.0,0.5313,0.675,80,-3.0,-1.0,-0.1865,0.7,10,-15.0,-15.0,0.6714,0.65,40,2.0,3.0,-0.765,,,,,,,,,,,,,,,,,,,,,,,,,,0.6522,69,-1.0,-1.0,-0.2464,,,,,,0.6029,68,-1.0,-1.0,-0.4037,0.5497,0.9574
GAU,GDX,24,24,223,,,,,,,,,,,,,,,,,,,,,,,,,,,,,,,,,,,,,,,,,,,,,,,,,,,,,,,,,,,,,0.6364,22,-5.0,-5.0,0.41,0.7544,57,-4.0,-2.0,-0.2391,0.625,40,1.0,2.0,0.8456,0.6774,31,3.0,4.0,-0.3643,,,,,,,,,,,,,,,,,,,,,,,,,,0.6629,89,-4.0,-1.0,-0.2503,,,,,,0.6512,43,2.0,3.0,-0.6071,0.9232,0.8502
GBTC,IWM,40,40,280,,,,,,0.6364,11,-1.0,-1.0,-0.3729,,,,,,0.7273,11,-1.0,-1.0,-0.4613,,,,,,,,,,,,,,,,,,,,,,,,,,0.7222,18,0.0,0.0,-0.4185,,,,,,,,,,,,,,,,0.6667,39,-1.0,-1.0,-0.2288,0.641,39,0.0,0.0,0.3336,0.725,40,-1.0,-1.0,-0.3183,,,,,,,,,,,,,,,,,,,,,,,,,,0.6923,39,1.0,1.0,-0.17,,,,,,0.625,16,-2.0,-2.0,-0.344,0.5647,1.5956
GCDT,QQQ,18,28,71,,,,,,,,,,,,,,,,,,,,,,,,,,,,,,,,,,,,,,,,,,,,,,,,,,,,,,,,,,,,,,,,,,0.6154,13,15.0,15.0,-10.9313,,,,,,0.6154,13,15.0,15.0,-14.9863,,,,,,,,,,,,,,,,,,,,,0.75,12,-1.0,-1.0,3.3889,,,,,,,,,,,,,,,,0.2699,0.7833
GCT,SPY,14,15,167,,,,,,,,,,,,,,,,,,,,,,,,,,,,,,,,,,,,,,,,,,,,,,,,,,,,,,,,,,,,,0.6,25,-1.0,-1.0,0.284,0.6774,31,1.0,2.0,-0.4367,,,,,,0.6571,35,-4.0,-2.0,-0.6126,,,,,,,,,,,,,,,,,,,,,,,,,,0.7,10,-2.0,-2.0,-0.4186,,,,,,0.625,56,-1.0,-1.0,-0.5751,0.6521,1.2961
GCTK,IWM,21,30,122,,,,,,,,,,,,,,,,,,,,,,,,,,,,,,,,,,,,,,,,,,,,,,,,,,,,,,,,,,,,,,,,,,0.64,25,15.0,15.0,-5.0019,,,,,,0.625,24,15.0,15.0,-7.1667,,,,,,,,,,,,,,,,,,,,,0.9167,12,1.0,1.0,2.8773,0.6389,36,0.0,0.0,-2.7113,0.8,10,1.0,1.0,3.8187,,,,,,0.1432,0.7344
GCTS,QQQ,39,39,322,,,,,,,,,,,,,,,,,,,,,,,,,,,,,,,,,,,,,,,,,0.6,10,-1.0,-1.0,3.0283,0.6667,12,0.0,0.0,-3.5587,0.7,10,-1.0,-1.0,4.3071,0.6667,12,0.0,0.0,-3.8937,0.7,10,-6.0,-6.0,0.8114,0.6111,18,-5.0,-5.0,-0.3936,0.7143,21,-7.0,-6.0,0.992,0.6316,76,-5.0,-2.0,-0.8394,,,,,,,,,,,,,,,,,,,,,,,,,,,,,,,,,,,,0.6538,78,-1.0,-1.0,-0.8853,0.775,1.6368
GD,ITA,13,13,236,,,,,,,,,,,,,,,,,,,,,,,,,,,,,,,,,,,,,,,,,,,,,,,,,,,,,,,,,,,,,,,,,,,,,,,,,,,,0.6154,52,1.0,1.0,-0.1322,,,,,,,,,,,,,,,,,,,,,0.6154,13,-3.0,-3.0,0.14,0.6364,22,2.0,2.0,-0.11,,,,,,,,,,,0.275,0.2589
GDC,IWM,35,39,477,,,,,,,,,,,,,,,,,,,,,,,,,,,,,,,,,,,,,,,,,,,,,,0.7059,17,0.0,0.0,-382.8958,,,,,,0.75,24,-1.0,0.0,-350.7178,,,,,,0.8667,30,-3.0,-2.0,-1.2877,0.8,15,-6.0,-6.0,2.0617,0.7353,34,8.0,10.0,-3.448,,,,,,,,,,,,,,,,,,,,,,,,,,0.6484,347,-2.0,1.0,-3.0293,,,,,,0.6115,139,0.0,0.0,-7.1733,0.3731,2.5506
GDRX,SPY,23,24,173,,,,,,,,,,,,,,,,,,,,,,,,,,,,,,,,,,,,,,,,,,,,,,,,,,,,,,,,,,,,,,,,,,0.6164,73,0.0,2.0,-0.4167,,,,,,0.7174,46,-3.0,-1.0,-0.5988,,,,,,,,,,,,,,,,,,,,,,,,,,0.6429,126,-1.0,0.0,-0.3725,0.6,10,1.0,1.0,0.6217,0.619,63,0.0,0.0,-0.4903,0.6382,0.9633
GDS,KWEB,24,24,235,,,,,,,,,,,,,,,,,,,,,,,,,,,,,,,,,,,,,,,,,,,,,,,,,,,,,,,,,,,,,,,,,,0.6,30,-2.0,-2.0,-0.2661,0.6111,18,2.0,2.0,0.4427,0.6667,42,-7.0,-4.0,-0.51,,,,,,,,,,,,,,,,,,,,,,,,,,0.6,15,2.0,2.0,-0.2767,,,,,,0.6364,33,1.0,1.0,-0.479,0.6385,0.7068
GDX,IWM,40,40,500,,,,,,,,,,,,,,,,,,,,,,,,,,,,,,,,,,,,,,,,,0.6316,19,0.0,0.0,0.5633,,,,,,,,,,,0.6923,13,-1.0,-1.0,-1.3456,0.6,60,1.0,1.0,0.2378,0.6346,52,-2.0,-2.0,-0.1815,0.6042,48,2.0,2.0,0.28,0.6737,95,-3.0,-2.0,-0.3477,,,,,,,,,,,,,,,,,,,,,,,,,,,,,,,,,,,,,,,,,0.545,1.6051
GDXD,QQQ,40,40,229,,,,,,,,,,,,,,,,,,,,,,,,,,,,,,,,,,,,,,,,,,,,,,0.6,20,-1.0,0.0,-2.0767,0.6364,11,-1.0,-1.0,3.44,,,,,,0.6364,11,-15.0,-15.0,0.7986,,,,,,0.6,10,-7.0,-7.0,1.1,0.6429,14,-8.0,-8.0,-1.2911,,,,,,,,,,,,,,,,,,,,,,,,,,0.619,21,-2.0,-2.0,-0.7931,,,,,,,,,,,-0.4735,-2.7329
GDXJ,IWM,40,40,299,,,,,,,,,,,,,,,,,,,,,,,,,,,,,,,,,,,,,,,,,0.6842,19,0.0,0.0,0.7208,,,,,,,,,,,0.6923,13,-1.0,-1.0,-1.5122,0.6111,18,-5.0,-5.0,0.17,0.6154,13,4.0,4.0,-0.2037,0.6176,34,2.0,2.0,0.5733,0.6364,33,-3.0,-3.0,-0.4762,,,,,,,,,,,,,,,,,,,,,,,,,,0.6163,86,0.0,0.0,-0.2287,,,,,,,,,,,0.5576,1.7925
GDXU,IWM,40,40,354,,,,,,,,,,,,,,,,,,,,,,,,,,,,,,,,,,,,,,,,,0.6316,19,0.0,0.0,1.8533,,,,,,,,,,,0.7857,14,-1.0,-1.0,-3.6009,0.6333,30,-11.0,-10.0,0.4,0.6429,28,-7.0,-6.0,-0.7444,0.7586,29,5.0,6.0,1.4736,0.6897,29,-6.0,-5.0,-1.313,,,,,,,,,,,,,,,,,,,,,,,,,,,,,,,,,,,,,,,,,0.5076,4.5471
GDXY,IWM,37,37,182,,,,,,,,,,,0.6,10,0.0,0.0,0.6417,,,,,,,,,,,,,,,,,,,,,,,,,,,,,,,0.75,12,-1.0,-1.0,-0.7178,0.625,16,0.0,0.0,0.639,0.8333,12,-1.0,-1.0,-0.973,,,,,,0.6667,15,2.0,2.0,-0.442,0.6842,19,1.0,1.0,0.3669,0.7,30,-4.0,-3.0,-0.3048,,,,,,,,,,,,,,,,,,,,,0.7333,15,-2.0,-2.0,0.2445,0.6383,47,0.0,0.0,-0.1903,,,,,,0.6667,45,0.0,0.0,-0.324,0.4701,0.9904
GDYN,IGV,29,29,230,,,,,,,,,,,,,,,,,,,,,,,,,,,,,,,,,,,,,,,,,,,,,,,,,,,,,,,,,,,,,0.6364,11,3.0,3.0,0.6729,0.6,30,1.0,1.0,-0.2889,0.6061,33,-1.0,-1.0,0.834,0.6471,34,0.0,0.0,-0.7877,,,,,,,,,,,,,,,,,,,,,0.6136,44,0.0,0.0,0.3352,0.6739,46,-1.0,-1.0,-0.3339,,,,,,,,,,,0.4701,0.645
GE,XLI,37,37,276,,,,,,0.6,10,-1.0,-1.0,-0.5683,0.6667,21,0.0,0.0,0.9486,,,,,,,,,,,,,,,,,,,,,,,,,,,,,,,,,,,,,,,,,,,,,,0.6522,23,-2.0,-2.0,0.268,0.6042,48,2.0,3.0,-0.2038,0.6585,41,-1.0,-1.0,0.3948,0.7273,11,-3.0,-3.0,-0.415,,,,,,,,,,,,,,,,,,,,,0.6667,27,-2.0,-2.0,0.2678,,,,,,,,,,,,,,,,0.7674,0.8931
GEHC,IHI,29,29,245,,,,,,0.8182,11,-1.0,-1.0,-0.7667,,,,,,,,,,,,,,,,,,,,,,,,,,,,,,,,,,,,,,,,,,,,,,,,,,,0.7,10,-3.0,-3.0,0.3043,0.8,15,2.0,2.0,-0.1567,0.7,10,-3.0,-3.0,0.4229,0.6744,43,1.0,2.0,-0.2866,,,,,,,,,,,,,,,,,,,,,,,,,,0.6071,56,0.0,0.0,-0.1556,,,,,,0.7,10,2.0,2.0,-0.3757,0.4688,0.4808
GELS,IBB,10,21,73,,,,,,,,,,,,,,,,,,,,,,,,,,,,,,,,,,,,,,,,,,,,,,,,,,,,,,,,,,,,,,,,,,0.6154,13,-15.0,-15.0,-2.2163,,,,,,,,,,,,,,,,,,,,,,,,,,,,,,,,,,,,,,,,,,,,,,,,,,,0.2452,1.0979
GEMI,IWM,38,38,245,,,,,,,,,,,,,,,,,,,,,,,,,,,,,,,,,,,,,,,,,,,,,,,,,,,0.65,20,0.0,0.0,2.5062,,,,,,,,,,,0.6296,27,2.0,3.0,-0.6153,0.75,16,-5.0,-5.0,0.5992,0.625,24,-2.0,-2.0,-0.9647,,,,,,,,,,,,,,,,,,,,,,,,,,0.6549,113,0.0,1.0,-0.5507,,,,,,,,,,,0.6827,1.5554
GEN,IGV,25,25,239,,,,,,,,,,,,,,,,,,,,,,,,,,,,,,,,,,,,,,,,,,,,,,,,,,,,,,,,,,,,,0.75,16,-3.0,-3.0,0.2,,,,,,0.75,16,-3.0,-3.0,0.3358,,,,,,,,,,,,,,,,,,,,,,,,,,,,,,,,,,,,0.6471,17,-3.0,-3.0,0.2436,0.6471,17,2.0,2.0,-0.1455,0.8018,0.7789
GENB,QQQ,24,27,192,,,,,,,,,,,,,,,,,,,,,,,,,,,,,,,,,,,,,,,,,,,,,,,,,,,,,,,,0.6,10,-1.0,-1.0,-2.9133,0.7333,15,-3.0,-3.0,0.81,0.6111,18,0.0,0.0,-0.4464,0.6471,34,-3.0,-2.0,0.7882,0.7333,30,0.0,1.0,-0.9055,,,,,,,,,,,,,,,,,,,,,0.6,20,-2.0,-2.0,0.8158,0.6286,35,0.0,0.0,-0.3886,,,,,,0.6,10,-3.0,-3.0,-1.3317,0.7642,0.9015
GENI,IGV,27,27,232,0.6429,14,-1.0,-1.0,2.0122,,,,,,0.6667,15,-1.0,-1.0,1.962,,,,,,,,,,,,,,,,,,,,,,,,,,,,,,,,,,,,,,,,,,,,,,,,,,,0.6977,43,-3.0,-2.0,-0.374,0.625,24,2.0,2.0,0.936,0.7442,43,-3.0,-2.0,-0.635,,,,,,,,,,,,,,,,,,,,,0.7273,11,-4.0,-4.0,0.4925,0.6596,47,-1.0,-1.0,-0.4742,0.7143,14,2.0,2.0,0.897,0.6634,101,-3.0,-1.0,-0.8293,0.6476,0.6087
GEO,IWM,14,14,212,,,,,,,,,,,,,,,,,,,,,,,,,,,,,,,,,,,,,,,,,,,,,,,,,,,,,,,,,,,,,0.6129,31,1.0,1.0,0.2689,0.6538,26,2.0,3.0,-0.2229,0.7,10,-3.0,-3.0,0.52,,,,,,,,,,,,,,,,,,,,,,,,,,,,,,,,,,,,,,,,,0.6429,14,-2.0,-2.0,-0.2122,0.299,0.2817
GERN,XBI,31,31,246,,,,,,,,,,,,,,,,,,,,,,,,,,,,,,,,,,,,,,,,,,,,,,,,,,,,,,,,,,,,,,,,,,0.72,50,1.0,2.0,-0.28,,,,,,0.7101,69,-3.0,-1.0,-0.5092,,,,,,,,,,,,,,,,,,,,,,,,,,0.6577,149,0.0,3.0,-0.2878,,,,,,0.6736,144,-4.0,0.0,-0.4025,0.6744,0.5996
GETY,SPY,34,38,294,,,,,,,,,,,,,,,,,,,,,,,,,,,,,,,,,,,,,,,,,0.6364,11,-1.0,-1.0,3.1971,,,,,,,,,,,,,,,,0.7273,11,-11.0,-11.0,0.2975,0.7083,48,-4.0,-2.0,-1.1747,0.75,12,-6.0,-6.0,1.9856,0.6923,52,-5.0,-3.0,-1.5139,,,,,,,,,,,,,,,,,,,,,0.6667,12,1.0,1.0,0.9487,,,,,,,,,,,0.625,16,1.0,1.0,-1.804,0.2889,0.9407
GEV,QQQ,40,40,385,,,,,,,,,,,,,,,,,,,,,,,,,,,,,,,,,,,,,,,,,0.7273,11,-1.0,-1.0,1.2938,0.6364,11,0.0,0.0,-1.2986,,,,,,0.7273,11,0.0,0.0,-1.2263,0.7895,19,4.0,4.0,0.194,0.6667,36,1.0,1.0,-0.235,0.6667,42,3.0,4.0,0.4268,0.6667,15,5.0,5.0,-0.59,,,,,,,,,,,,,,,,,,,,,,,,,,,,,,,0.6,85,0.0,0.0,0.3304,,,,,,0.8366,1.5809
GEVG,QQQ,13,21,28,,,,,,,,,,,,,,,,,,,,,,,,,,,,,,,,,,,,,,,,,,,,,,,,,,,,,,,,,,,,,,,,,,,,,,,,,,,,,,,,,,,,,,,,,,,,,,,,,,,,,,,,,,,,,,,,,,,,,,,,,0.8058,3.2763
GEVO,SPY,35,36,237,,,,,,0.6154,13,0.0,0.0,-1.5362,,,,,,,,,,,,,,,,,,,,,,,,,,,,,,,0.7,10,-1.0,-1.0,3.75,0.7368,19,0.0,0.0,-1.6671,0.7273,11,-1.0,-1.0,3.3863,0.7,20,0.0,0.0,-1.6829,0.625,16,3.0,3.0,0.464,0.8182,11,4.0,4.0,-0.3978,0.6333,30,0.0,0.0,0.6689,0.7273,11,2.0,2.0,-0.5225,,,,,,,,,,,,,,,,,,,,,0.75,12,1.0,1.0,0.4733,0.6053,76,-1.0,-1.0,-0.3941,,,,,,,,,,,0.1969,0.3055
GEVX,QQQ,29,35,119,,,,,,,,,,,,,,,,,,,,,,,,,,,,,,,,,,,,,,,,,0.7,10,-1.0,-1.0,3.3086,,,,,,,,,,,,,,,,,,,,,,,,,,,,,,,,,,,,,,,,,,,,,,,,,,,,,,,,,,,,,0.75,12,1.0,1.0,-0.7711,0.75,12,1.0,1.0,1.2311,,,,,,0.8098,3.0754
GFAI,IWM,18,28,79,,,,,,,,,,,,,,,,,,,,,,,,,,,,,,,,,,,,,,,,,,,,,,,,,,,,,,,,,,,,,,,,,,0.9,10,15.0,15.0,-7.0589,,,,,,0.8462,13,15.0,15.0,-6.61,,,,,,,,,,,,,,,,,,,,,0.6,15,0.0,0.0,2.0189,0.88,25,-1.0,-1.0,-2.965,,,,,,0.6098,41,-1.0,0.0,-4.0984,0.3157,0.7526
GFI,GDX,40,40,322,,,,,,,,,,,,,,,,,,,,,,,,,,,,,,,,,,,,,,,,,,,,,,,,,,,,,,,,,,,,,0.6333,60,0.0,1.0,0.4076,0.7073,41,-6.0,-4.0,-0.339,,,,,,0.6667,15,-4.0,-4.0,-0.554,,,,,,,,,,,,,,,,,,,,,0.6207,29,1.0,1.0,0.3817,0.6094,64,-3.0,-2.0,-0.3995,0.6,35,1.0,1.0,0.5843,0.7407,27,-2.0,-2.0,-0.6825,0.9076,1.1218
GFS,SOXX,40,40,305,,,,,,,,,,,,,,,,,,,,,,,,,,,,,,,,,,,,,,,,,,,,,,,,,,,,,,,,,,,,,0.6774,31,4.0,5.0,0.2543,0.6333,30,-3.0,-2.0,-0.3626,0.6154,26,3.0,3.0,0.7006,0.6667,12,-8.0,-8.0,-0.4562,,,,,,,,,,,,,,,,,,,,,0.6111,36,4.0,5.0,0.315,0.625,16,-5.0,-5.0,-0.568,0.7222,18,-2.0,-2.0,0.6123,0.6531,49,-5.0,-3.0,-0.5603,0.9638,0.9315
GFUZ,IBIT,16,27,78,,,,,,,,,,,,,,,,,,,,,,,,,,,,,,,,,,,,,,,,,,,,,,,,,,,,,,,,,,,,,,,,,,0.6,25,15.0,15.0,-4.9613,0.68,25,15.0,15.0,5.5494,,,,,,,,,,,,,,,,,,,,,,,,,,,,,,,0.8462,13,-2.0,-2.0,-4.9164,0.6,10,-2.0,-2.0,6.7567,,,,,,-0.0247,-0.0191
GGAL,SPY,14,14,198,,,,,,,,,,,,,,,,,,,,,,,,,,,,,,,,,,,,,,,,,,,,,,,,,,,,,,,,,,,,,0.7368,19,2.0,2.0,0.4921,0.6571,35,-3.0,-2.0,-0.2309,0.6111,18,-3.0,-3.0,0.3573,0.6429,14,-2.0,-2.0,-0.6544,,,,,,,,,,,,,,,,,,,,,,,,,,,,,,,,,,,,0.75,12,-2.0,-2.0,-0.2044,0.6852,1.3934
GGB,SLX,37,38,231,,,,,,,,,,,,,,,,,,,,,,,,,,,,,,,,,,,,,,,,,,,,,,,,,,,,,,,,,,,,,,,,,,0.8333,24,2.0,2.0,-0.17,0.6071,28,1.0,1.0,0.3365,0.6923,26,-2.0,-2.0,-0.3456,,,,,,,,,,,,,,,,,,,,,,,,,,,,,,,,,,,,,,,,,0.7424,1.0466
GGLL,SPY,40,40,455,,,,,,,,,,,,,,,,,,,,,,,,,,,,,,,,,,,,,,,,,0.6429,14,-1.0,-1.0,1.3444,0.619,21,0.0,0.0,-1.5277,0.6429,14,-1.0,-1.0,2.0033,0.6667,21,0.0,0.0,-1.6814,0.6,25,-5.0,-5.0,0.228,0.6222,45,1.0,1.0,-0.2043,0.6481,54,0.0,0.0,0.478,0.6222,45,-2.0,-2.0,-0.4854,,,,,,,,,,,,,,,,,,,,,0.6111,18,-2.0,-2.0,0.2327,0.6667,21,1.0,1.0,-0.2943,,,,,,,,,,,0.5384,2.0827
GGLS,QQQ,30,34,125,,,,,,,,,,,,,,,,0.7,10,0.0,0.0,-1.0443,,,,,,,,,,,,,,,,,,,,,,,,,,,,,,,,,,,,,,,,,,,,,,0.75,20,0.0,0.0,-0.2047,,,,,,,,,,,,,,,,,,,,,,,,,,,,,,,,,,,,0.6667,39,-2.0,-1.0,-0.1719,0.6,20,0.0,0.0,0.4258,0.7143,14,1.0,1.0,-0.288,-0.3703,-0.3411
GH,IWM,19,19,228,,,,,,,,,,,,,,,,,,,,,,,,,,,,,,,,,,,,,,,,,,,,,,,,,,,,,,,,0.6,10,0.0,0.0,-1.9217,0.6364,11,3.0,3.0,0.2529,0.7,10,-4.0,-4.0,-0.3286,0.6667,48,0.0,1.0,0.5666,0.6087,23,2.0,2.0,-0.4086,,,,,,,,,,,,,,,,,,,,,0.6,15,-2.0,-2.0,0.3322,0.6098,41,1.0,1.0,-0.3516,0.6806,72,0.0,0.0,0.64,0.6,15,-2.0,-2.0,-0.3978,0.5172,0.8238
GILD,IBB,28,28,246,,,,,,,,,,,,,,,,,,,,,,,,,,,,,,,,,,,,,,,,,,,,,,,,,,,,,,,,,,,,,0.6154,13,3.0,3.0,0.1863,0.6538,26,-3.0,-3.0,-0.1706,,,,,,0.6154,182,-3.0,0.0,-0.2429,,,,,,,,,,,,,,,,,,,,,,,,,,0.6,10,-3.0,-3.0,-0.15,,,,,,0.6056,71,0.0,0.0,-0.2498,0.1518,0.1888
GILT,SOXX,28,30,189,,,,,,,,,,,,,,,,,,,,,,,,,,,,,,,,,,,,,,,,,,,,,,,,,,,,,,,,,,,,,0.6875,16,-1.0,-1.0,0.9664,0.7143,21,-2.0,-2.0,-0.3953,0.6875,16,-1.0,-1.0,0.9109,0.6111,18,-2.0,-2.0,-0.7909,,,,,,,,,,,,,,,,,,,,,0.6111,18,4.0,4.0,0.4127,0.6667,15,1.0,1.0,-0.461,0.64,25,2.0,3.0,0.6625,0.6957,23,-5.0,-4.0,-0.4444,0.6879,0.3524
GIPR,VNQ,20,34,88,,,,,,,,,,,,,,,,,,,,,,,,,,,,,,,,,,,,,,,,,,,,,,,,,,,,,,,,,,,,,,,,,,,,,,,,,,,,,,,,,,,,,,,,,,,,,,,,,,,,,,,,,,,,,,,0.6,15,-1.0,-1.0,2.3756,0.7333,15,0.0,0.0,-2.6755,0.0588,0.5779
GIS,XLP,39,39,266,0.7333,15,0.0,0.0,1.0245,,,,,,0.6667,15,0.0,0.0,1.255,,,,,,,,,,,,,,,,,,,,,,,,,,,,,,,,,,,,,,,,,,,,,,0.6667,12,-4.0,-4.0,0.1338,0.6604,53,0.0,0.0,-0.1903,,,,,,0.6,45,-3.0,-2.0,-0.3693,,,,,,,,,,,,,,,,,,,,,0.6,10,2.0,2.0,0.1233,0.6212,66,0.0,0.0,-0.2,,,,,,0.62,50,-2.0,-2.0,-0.27,0.8076,1.0504
GLBE,IGV,11,11,212,,,,,,,,,,,,,,,,,,,,,,,,,,,,,,,,,,,,,,,,,,,,,,,,,,,,,,,,,,,,,,,,,,0.6667,18,3.0,3.0,-0.4117,0.6207,29,-1.0,-1.0,0.5589,,,,,,,,,,,,,,,,,,,,,,,,,,,,,,,0.7,10,3.0,3.0,-0.2886,0.6977,43,-3.0,-2.0,0.496,,,,,,0.6008,0.4268
GLD,IWM,40,40,660,,,,,,,,,,,,,,,,0.6667,15,0.0,0.0,-0.17,,,,,,,,,,,,,,,,,,,,,,,,,,0.6154,13,-1.0,-1.0,-0.265,,,,,,0.6923,13,-1.0,-1.0,-0.3078,,,,,,0.6667,18,2.0,2.0,-0.1025,,,,,,0.6044,91,1.0,1.0,-0.1591,,,,,,,,,,,,,,,,,,,,,,,,,,,,,,,,,,,,,,,,,0.4972,0.7263
GLDG,GDX,25,31,162,,,,,,,,,,,,,,,,,,,,,,,,,,,,,,,,,,,,,,,,,,,,,,,,,,,,,,,,,,,,,,,,,,0.6296,27,1.0,2.0,-0.4918,,,,,,0.625,16,-3.0,-3.0,-0.676,,,,,,,,,,,,,,,,,,,,,0.6667,12,-4.0,-4.0,0.2375,,,,,,0.7,20,-2.0,-1.0,0.4614,0.6486,37,-4.0,-3.0,-0.5533,0.659,0.5051
GLDM,IWM,40,40,376,,,,,,0.6,10,-1.0,-1.0,-0.135,,,,,,0.6667,24,-1.0,0.0,-0.1719,,,,,,,,,,,,,,,,,,,,,,,,,,0.6154,13,-1.0,-1.0,-0.2312,,,,,,0.6923,13,-1.0,-1.0,-0.3011,,,,,,0.6379,58,-2.0,-2.0,-0.1176,,,,,,0.7273,11,2.0,2.0,-0.1962,,,,,,,,,,,,,,,,,,,,,0.6111,18,-2.0,-2.0,0.1436,,,,,,0.6111,18,-2.0,-2.0,0.1709,,,,,,0.4987,0.7342
GLE,IGV,16,31,71,,,,,,,,,,,,,,,,,,,,,,,,,,,,,,,,,,,,,,,,,,,,,,,,,,,,,,,,,,,,,,,,,,,,,,,,,,,,,,,,,,,,,,,,,,,,,,,,,,,,,,,,,,0.7826,23,-2.0,-1.0,-2.5644,0.6,10,0.0,0.0,3.6083,,,,,,0.1499,0.4433
GLL,QQQ,40,40,332,,,,,,,,,,,,,,,,,,,,,,,,,,,,,,,,,,,,,,,,,,,,,,,,,,,0.7273,11,-1.0,-1.0,0.4025,0.6667,12,0.0,0.0,-0.8625,0.6522,23,2.0,2.0,0.1993,0.6875,16,1.0,1.0,-0.3273,,,,,,0.6,30,-2.0,-2.0,-0.4094,,,,,,,,,,,,,,,,,,,,,0.6296,54,-3.0,-2.0,0.2079,0.6429,14,2.0,2.0,-0.2544,0.7143,14,-3.0,-3.0,0.274,0.6316,19,2.0,2.0,-0.2808,-0.3961,-0.7232
GLND,SPY,31,35,178,,,,,,,,,,,,,,,,,,,,,,,,,,,,,,,,,,,,,,,,,,,,,,0.7,10,-1.0,-1.0,-2.4986,,,,,,0.75,12,-1.0,-1.0,-3.1267,0.6,10,-2.0,-2.0,0.6367,0.7273,22,-1.0,0.0,-0.6319,0.6,15,-2.0,-2.0,0.7889,0.7,10,-4.0,-4.0,-0.9114,,,,,,,,,,,,,,,,,,,,,,,,,,0.8571,14,1.0,1.0,-0.82,,,,,,0.625,64,-1.0,-1.0,-1.3423,0.3808,0.5979
GLNK,QQQ,14,25,39,,,,,,,,,,,,,,,,,,,,,,,,,,,,,,,,,,,,,,,,,,,,,,,,,,,,,,,,,,,,,,,,,,,,,,,,,,,,,,,,,,,,,,,,,,,,,,,,,,,,,,,,,,0.7,10,-1.0,-1.0,-0.3143,,,,,,0.7273,11,-1.0,-1.0,-0.2787,0.6129,1.3094
GLOB,IGV,28,28,235,,,,,,,,,,,,,,,,,,,,,,,,,,,,,,,,,,,,,,,,,,,,,,,,,,,,,,,,,,,,,0.6,20,-5.0,-5.0,0.2108,0.7778,18,-4.0,-4.0,-0.2893,0.6207,29,2.0,3.0,0.4828,0.6515,66,-1.0,1.0,-0.8591,,,,,,,,,,,,,,,,,,,,,0.6667,27,-4.0,-3.0,0.325,0.7,20,1.0,1.0,-0.3164,0.6667,12,3.0,3.0,0.4088,0.6136,44,-1.0,-1.0,-0.7159,0.6953,1.0895
GLSI,XBI,13,18,49,,,,,,,,,,,,,,,,,,,,,,,,,,,,,,,,,,,,,,,,,,,,,,,,,,,,,,,,,,,,,,,,,,,,,,,,,,,,,,,,,,,,,,,,,,,,,,,,,,,,,0.6667,12,0.0,0.0,1.0387,,,,,,,,,,,,,,,,0.5855,0.9258
GLUE,XBI,20,20,208,,,,,,,,,,,,,,,,,,,,,,,,,,,,,,,,,,,,,,,,,,,,,,,,,,,,,,,,,,,,,0.8182,11,4.0,4.0,0.4967,0.7143,28,-1.0,-1.0,-0.3095,0.7143,21,1.0,1.0,0.484,0.6471,17,0.0,0.0,-0.7909,,,,,,,,,,,,,,,,,,,,,,,,,,0.75,16,-2.0,-2.0,-0.7292,0.75,16,2.0,2.0,0.65,,,,,,0.7313,1.153
GLW,SOXX,40,40,586,,,,,,,,,,,,,,,,,,,,,,,,,,,,,,,,,,,,,,,,,,,,,,,,,,,,,,,,,,,,,0.6279,43,4.0,5.0,0.5159,0.8,10,-9.0,-9.0,-0.4162,0.6098,41,0.0,0.0,0.6816,0.6667,12,7.0,7.0,-0.66,,,,,,,,,,,,,,,,,,,,,0.6818,44,-1.0,-1.0,0.546,0.6061,33,-3.0,-3.0,-0.411,0.6375,80,-2.0,-1.0,0.8112,0.7059,17,5.0,5.0,-0.615,0.8992,0.9305
GLWG,QQQ,40,40,387,,,,,,,,,,,,,,,,,,,,,,,,,,,,,,,,,,,,,,,,,0.75,12,-1.0,-1.0,2.6667,0.7273,11,0.0,0.0,-3.9213,,,,,,,,,,,0.6,35,-15.0,-15.0,1.1329,0.6552,29,15.0,15.0,-0.7084,0.6667,12,2.0,2.0,1.435,,,,,,,,,,,,,,,,,,,,,,,,,,0.6029,68,1.0,2.0,1.2383,0.6154,13,-3.0,-3.0,-0.9375,0.6,85,-1.0,-1.0,1.5698,,,,,,0.8396,5.0215
GLXG,SPY,12,24,93,,,,,,,,,,,,,,,,,,,,,,,,,,,,,,,,,,,,,,,,,,,,,,,,,,,,,,,,,,,,,,,,,,0.7059,34,15.0,15.0,-10.3683,,,,,,0.7143,35,15.0,15.0,-19.7184,,,,,,,,,,,,,,,,,,,,,,,,,,0.66,50,-1.0,0.0,-6.653,,,,,,0.75,52,-1.0,0.0,-10.5656,0.1722,1.6307
GLXU,QQQ,23,31,44,,,,,,,,,,,,,,,,,,,,,,,,,,,,,,,,,,,,,,,,,,,,,,,,,,,,,,,,,,,,,,,,,,,,,,,,,,,,,,,,,,,,,,,,,,,,,,,,,,,,,,,,,,0.6,10,-1.0,-1.0,-1.205,,,,,,,,,,,0.7569,4.2565
GLXY,SPY,40,40,298,,,,,,,,,,,,,,,,,,,,,,,,,,,,,,,,,,,,,,,,,,,,,,0.6286,35,-1.0,0.0,-1.5764,,,,,,0.6,15,-1.0,-1.0,-2.4678,0.6296,27,-1.0,-1.0,0.5424,0.7037,27,-3.0,-3.0,-0.6021,0.6667,24,-4.0,-4.0,1.1756,0.9,10,4.0,4.0,-0.94,,,,,,,,,,,,,,,,,,,,,,,,,,0.65,20,-2.0,-2.0,-0.4554,0.625,16,-2.0,-2.0,0.758,,,,,,0.7677,3.9926
GM,SPY,35,35,253,0.7143,21,0.0,0.0,1.2213,0.6,10,-1.0,-1.0,-1.1,0.7143,21,0.0,0.0,1.592,0.6,10,-1.0,-1.0,-1.2767,,,,,,,,,,,,,,,,,,,,,0.7222,18,0.0,0.0,1.0454,,,,,,0.7222,18,0.0,0.0,1.3754,,,,,,,,,,,0.7857,14,3.0,3.0,-0.2873,0.65,20,-3.0,-3.0,0.2662,0.6154,13,3.0,3.0,-0.47,,,,,,,,,,,,,,,,,,,,,,,,,,0.625,16,-2.0,-2.0,-0.101,,,,,,0.6,15,1.0,1.0,-0.3756,0.6863,0.8498
GMAB,IBB,32,32,230,,,,,,,,,,,,,,,,,,,,,,,,,,,,,,,,,,,,,,,,,,,,,,,,,,,,,,,,,,,,,,,,,,0.6034,58,-1.0,-1.0,-0.1,0.6,15,2.0,2.0,0.3867,0.6111,36,1.0,1.0,-0.1541,,,,,,,,,,,,,,,,,,,,,,,,,,0.6032,63,0.0,0.0,-0.1113,,,,,,,,,,,0.3652,0.9811
GME,XRT,40,40,329,,,,,,,,,,,,,,,,,,,,,,,,,,,,,,,,,,,,,,,,,,,,,,,,,,,,,,,,,,,,,,,,,,0.6432,199,-1.0,2.0,-0.1734,,,,,,,,,,,,,,,,,,,,,,,,,,,,,,,,,,,,0.7288,59,1.0,2.0,-0.1491,,,,,,0.6842,19,2.0,2.0,-0.2154,0.4457,0.351
GME/W,SPY,27,33,128,,,,,,,,,,,,,,,,0.7,10,0.0,0.0,-2.1571,,,,,,,,,,,,,,,,,,,,,,,,,,0.6923,13,0.0,0.0,-1.3611,,,,,,0.6364,11,-1.0,-1.0,-3.88,,,,,,0.7333,15,-2.0,-2.0,-0.9027,0.6429,14,0.0,0.0,1.0578,0.68,25,-3.0,-2.0,-1.0259,,,,,,,,,,,,,,,,,,,,,,,,,,,,,,,,,,,,,,,,,0.0753,0.1567
GMED,IHI,14,15,223,,,,,,,,,,,,,,,,,,,,,,,,,,,,,,,,,,,,,,,,,,,,,,,,,,,,,,,,,,,,,0.6053,38,-1.0,-1.0,0.1287,0.6875,16,3.0,3.0,-0.1755,0.6667,18,1.0,1.0,0.4167,0.625,16,3.0,3.0,-0.24,,,,,,,,,,,,,,,,,,,,,0.6875,48,-1.0,-1.0,0.183,0.6,35,1.0,1.0,-0.1962,,,,,,,,,,,0.6568,0.7883
GMEU,SPY,21,27,66,,,,,,,,,,,,,,,,0.8,10,-1.0,-1.0,-1.32,,,,,,,,,,,,,,,,,,,,,,,,,,0.7,10,0.0,0.0,-0.8657,,,,,,0.7273,11,0.0,0.0,-1.1638,,,,,,,,,,,,,,,,,,,,,,,,,,,,,,,,,,,,,,,,,,,,,,0.7895,19,0.0,0.0,-0.4147,0.6,15,-1.0,-1.0,2.3544,,,,,,0.3203,0.5646
GMEX,QQQ,29,36,276,,,,,,,,,,,,,,,,,,,,,,,,,,,,,,,,,,,,,,,,,,,,,,0.7,10,-1.0,-1.0,-1.4443,,,,,,,,,,,0.6,10,1.0,1.0,1.5983,0.6552,29,15.0,15.0,-9.4568,,,,,,0.7931,29,15.0,15.0,-12.5922,,,,,,,,,,,,,,,,,,,,,,,,,,0.6835,79,0.0,0.0,-2.4746,,,,,,0.6728,162,-2.0,0.0,-3.1314,0.1738,0.8273
GMM,SPY,29,36,320,,,,,,,,,,,,,,,,,,,,,,,,,,,,,,,,,,,,,,,,,,,,,,0.6154,13,-1.0,-1.0,-2.7025,,,,,,0.6429,14,0.0,0.0,-12.5922,,,,,,0.75,12,-3.0,-3.0,-0.7478,,,,,,0.625,56,15.0,15.0,-66.9323,,,,,,,,,,,,,,,,,,,,,,,,,,0.7368,19,-2.0,-2.0,-3.4364,,,,,,0.6121,232,-1.0,0.0,-17.6365,0.3386,5.8094
GNPX,IBB,14,28,58,,,,,,,,,,,,,,,,,,,,,,,,,,,,,,,,,,,,,,,,,,,,,,,,,,,,,,,,,,,,,,,,,,,,,,,,,,,,,,,,,,,,,,,,,,,,,,,,,,,,,,,,,,,,,,,,,,,,0.6875,16,0.0,0.0,-14.6036,0.089,0.3577
GNRC,QQQ,18,18,187,,,,,,,,,,,,,,,,,,,,,,,,,,,,,,,,,,,,,,,,,,,,,,,,,,,,,,,,,,,,,0.6364,22,-1.0,-1.0,0.2836,0.6667,24,2.0,3.0,-0.3638,0.6,25,-1.0,-1.0,0.6247,0.6923,13,0.0,0.0,-0.6867,,,,,,,,,,,,,,,,,,,,,,,,,,0.7273,11,-3.0,-3.0,-0.3438,,,,,,0.625,24,1.0,1.0,-0.5153,0.8418,1.5654
GNS,QQQ,35,40,342,,,,,,,,,,,,,,,,,,,,,,,,,,,,,,,,,,,,,,,,,,,,,,0.6364,11,0.0,0.0,-2.18,,,,,,,,,,,0.6047,43,-5.0,-4.0,0.7123,0.6087,23,-3.0,-3.0,-0.4,,,,,,0.6275,51,-1.0,0.0,-0.8678,,,,,,,,,,,,,,,,,,,,,,,,,,0.6087,92,0.0,0.0,-1.345,,,,,,0.6452,124,0.0,1.0,-1.7321,0.2994,0.7555
GNTA,SPY,20,30,108,,,,,,,,,,,,,,,,,,,,,,,,,,,,,,,,,,,,,,,,,,,,,,0.6,10,0.0,0.0,-3.18,,,,,,,,,,,,,,,,,,,,,,,,,,,,,,,,,,,,,,,,,,,,,,,,,,,,,,,,,,,,,0.6286,35,-1.0,-1.0,4.4809,,,,,,0.2902,1.675
GO,XLP,12,12,220,,,,,,,,,,,,,,,,,,,,,,,,,,,,,,,,,,,,,,,,,,,,,,,,,,,,,,,,,,,,,,,,,,0.6585,41,0.0,0.0,-0.2326,0.6471,34,-2.0,-2.0,0.4482,0.8,10,3.0,3.0,-1.0275,,,,,,,,,,,,,,,,,,,,,,,,,,0.6809,47,1.0,2.0,-0.4525,0.6,10,2.0,2.0,0.415,0.6364,33,1.0,1.0,-0.6567,0.3314,0.4493
GOAI,QQQ,11,17,48,,,,,,,,,,,,,,,,,,,,,,,,,,,,,,,,,,,,,,,,,,,,,,,,,,,,,,,,,,,,,,,,,,,,,,,,,,,,,,,,,,,,,,,,,,,,,,,,,,,,,,,,,,0.625,16,-1.0,-1.0,-1.148,,,,,,,,,,,0.0569,0.1262
GOF,SPY,35,36,207,,,,,,,,,,,0.6,15,-1.0,-1.0,0.3456,,,,,,,,,,,,,,,,,,,,,,,,,,,,,,,,,,,,,,,,,,,,,,,,,,,0.6471,85,0.0,0.0,-0.0718,,,,,,0.6517,89,0.0,0.0,-0.1181,,,,,,,,,,,,,,,,,,,,,,,,,,0.625,80,-2.0,-1.0,-0.0608,,,,,,0.65,80,-2.0,-1.0,-0.1252,0.6386,0.3155
GOLD,GDX,12,16,119,,,,,,,,,,,,,,,,,,,,,,,,,,,,,,,,,,,,,,,,,,,,,,,,,,,,,,,,,,,,,0.6364,11,-1.0,-1.0,0.6071,0.6875,16,1.0,1.0,-0.4227,0.6364,11,-1.0,-1.0,0.5057,0.625,16,1.0,1.0,-0.493,,,,,,,,,,,,,,,,,,,,,0.6667,12,1.0,1.0,0.2013,0.75,12,-3.0,-3.0,-0.2778,0.6,10,-4.0,-4.0,0.7067,0.6364,11,-3.0,-3.0,-0.3457,0.8701,0.4596
GOOG,SPY,40,40,711,0.7143,14,-1.0,-1.0,0.731,0.6364,11,0.0,0.0,-0.8357,0.6429,14,-1.0,-1.0,1.1033,,,,,,,,,,,,,,,,,,,,,,,,,,0.6667,15,-1.0,-1.0,0.638,0.6,20,0.0,0.0,-0.7617,0.6,15,-1.0,-1.0,0.9989,,,,,,,,,,,0.6429,14,-4.0,-4.0,-0.1856,0.6667,12,2.0,2.0,0.3488,0.619,21,3.0,3.0,-0.1846,,,,,,,,,,,,,,,,,,,,,,,,,,,,,,,,,,,,,,,,,0.5216,0.944
GOOGL,SPY,40,40,758,0.7143,14,-1.0,-1.0,0.733,0.7273,11,0.0,0.0,-0.7713,0.6429,14,-1.0,-1.0,1.1056,,,,,,,,,,,,,,,,,,,,,,,,,,0.6,15,-1.0,-1.0,0.69,0.65,20,0.0,0.0,-0.7223,0.6,15,-1.0,-1.0,0.9689,0.65,20,0.0,0.0,-0.9123,,,,,,0.7097,31,2.0,3.0,-0.1291,0.7,10,-6.0,-6.0,0.3186,0.6471,34,2.0,3.0,-0.2,,,,,,,,,,,,,,,,,,,,,,,,,,,,,,,,,,,,,,,,,0.5176,0.9554
GOOX,SPY,19,29,56,,,,,,,,,,,,,,,,,,,,,,,,,,,,,,,,,,,,,,,,,,,,,,,,,,,,,,,,,,,,,,,,,,,,,,,,,,,,,,,,,,,,,,,,,,,,,,,,,,,,,,,,,,0.64,25,-1.0,0.0,-0.565,,,,,,,,,,,0.482,1.9274
GOOY,SPY,33,35,150,,,,,,,,,,,,,,,,0.6875,16,-1.0,-1.0,-0.4791,,,,,,,,,,,,,,,,,,,,,,,,,,0.6667,15,0.0,0.0,-0.662,,,,,,0.6538,26,-1.0,0.0,-0.5853,0.6538,26,0.0,0.0,0.1041,,,,,,0.6471,17,-2.0,-2.0,0.2845,,,,,,,,,,,,,,,,,,,,,,,,,,0.6216,37,-1.0,-1.0,0.2113,,,,,,0.6444,45,-1.0,-1.0,0.3145,,,,,,0.4349,0.6988
GORO,GDX,25,31,199,,,,,,,,,,,,,,,,0.6364,11,0.0,0.0,-3.0857,,,,,,,,,,,,,,,,,,,,,,,,,,,,,,,,,,,,,,,,,,,,,,0.69,100,-4.0,2.0,-0.3993,,,,,,0.75,44,-2.0,0.0,-0.7573,,,,,,,,,,,,,,,,,,,,,0.6667,12,-1.0,-1.0,3.9575,0.814,43,2.0,3.0,-0.3946,,,,,,0.7,20,-4.0,-4.0,-0.94,-0.1351,-0.2136
GOSS,SPY,39,39,296,,,,,,,,,,,,,,,,,,,,,,,,,,,,,,,,,,,,,,,,,,,,,,0.6765,34,-1.0,0.0,-3.3074,,,,,,0.7857,14,-1.0,-1.0,-4.0782,0.6471,17,-3.0,-3.0,0.7045,0.7222,18,-4.0,-4.0,-0.8623,0.75,16,1.0,1.0,1.6483,0.6364,22,-1.0,-1.0,-0.6521,,,,,,,,,,,,,,,,,,,,,0.75,16,-2.0,-2.0,0.6558,,,,,,,,,,,0.6111,18,1.0,1.0,-1.0591,0.5489,2.0845
GOTU,IWM,13,14,77,,,,,,,,,,,,,,,,,,,,,,,,,,,,,,,,,,,,,,,,,,,,,,,,,,,,,,,,,,,,,,,,,,0.6,15,0.0,0.0,-0.1056,,,,,,0.8077,26,-1.0,0.0,-0.4243,,,,,,,,,,,,,,,,,,,,,,,,,,0.68,25,-1.0,-1.0,-0.2476,,,,,,0.7547,53,-1.0,1.0,-0.506,0.4598,0.8122
GOU,SPY,11,29,31,,,,,,,,,,,,,,,,,,,,,,,,,,,,,,,,,,,,,,,,,,,,,,,,,,,,,,,,,,,,,,,,,,,,,,,,,,,,,,,,,,,,,,,,,,,,,,,,,,,,,,,,,,,,,,,,,,,,,,,,,0.4503,1.7921
GOVT,IWM,18,18,240,,,,,,,,,,,,,,,,0.6364,11,0.0,0.0,-0.0229,,,,,,,,,,,,,,,,,,,,,,,,,,,,,,,,,,,,,,,,,,,,,,0.636,228,-1.0,0.0,-0.0157,,,,,,,,,,,,,,,,,,,,,,,,,,,,,,,,,,,,0.6786,84,-1.0,-1.0,-0.0119,,,,,,0.628,164,-1.0,0.0,-0.0228,0.3899,0.0791
GOVX,SPY,21,31,118,,,,,,,,,,,,,,,,,,,,,,,,,,,,,,,,,,,,,,,,,,,,,,0.7,10,0.0,0.0,-3.8043,,,,,,0.6364,11,0.0,0.0,-5.4229,,,,,,,,,,,,,,,,,,,,,,,,,,,,,,,,,,,,,,,,,,,,,,0.6735,49,0.0,0.0,-1.5197,,,,,,0.661,59,0.0,0.0,-1.8246,0.3125,1.391
GOVZ,IWM,16,22,97,,,,,,,,,,,,,,,,,,,,,,,,,,,,,,,,,,,,,,,,,,,,,,,,,,,,,,,,,,,,,,,,,,,,,,,0.6296,27,-1.0,-1.0,0.1206,,,,,,,,,,,,,,,,,,,,,,,,,,,,,,,0.6316,19,-1.0,-1.0,-0.0892,0.6,20,0.0,0.0,0.0917,0.75,16,1.0,1.0,-0.1117,0.3567,0.2606
GPCR,XBI,25,28,179,,,,,,,,,,,,,,,,,,,,,,,,,,,,,,,,,,,,,,,,,,,,,,,,,,,,,,,,,,,,,0.625,16,1.0,1.0,0.41,0.6,10,-2.0,-2.0,-0.5533,,,,,,0.6364,11,-4.0,-4.0,-0.2029,,,,,,,,,,,,,,,,,,,,,0.6,30,1.0,1.0,0.4539,0.6154,13,-2.0,-2.0,-0.7812,,,,,,0.9,10,-4.0,-4.0,-0.72,0.4671,0.4681
GPIQ,QQQ,37,37,301,0.6667,12,-1.0,-1.0,0.1612,,,,,,,,,,,,,,,,,,,,,,,,,,,,,,,,,,,,0.6364,11,-1.0,-1.0,0.2071,,,,,,,,,,,0.6,10,0.0,0.0,-0.3317,0.6949,118,0.0,2.0,0.0909,,,,,,0.65,40,1.0,1.0,0.1231,,,,,,,,,,,,,,,,,,,,,,,,,,0.6957,115,0.0,2.0,0.0894,0.6,40,-2.0,-2.0,-0.1058,0.63,100,0.0,1.0,0.1432,,,,,,0.9892,0.848
GPIX,SPY,24,24,218,,,,,,0.9091,11,0.0,0.0,-0.173,,,,,,0.8182,11,0.0,0.0,-0.2111,,,,,,,,,,,,,,,,,,,,,,,,,,0.9167,12,0.0,0.0,-0.2073,,,,,,0.9091,11,0.0,0.0,-0.228,,,,,,0.6667,12,-2.0,-2.0,-0.0887,,,,,,,,,,,,,,,,,,,,,,,,,,,,,,,,,,,,0.6429,14,-2.0,-2.0,-0.0678,0.6364,11,1.0,1.0,0.0686,,,,,,0.9641,0.7507
GPRE,XLE,20,21,212,0.7273,11,0.0,0.0,1.0613,,,,,,0.7273,11,0.0,0.0,1.3225,,,,,,,,,,,,,,,,,,,,,,,,,,,,,,,,,,,,,,,,,,,,,,0.6053,38,0.0,0.0,0.3583,0.6364,11,4.0,4.0,-0.2286,0.6667,12,-3.0,-3.0,1.0725,0.6111,36,1.0,1.0,-0.3682,,,,,,,,,,,,,,,,,,,,,0.68,25,-2.0,-2.0,0.2676,0.6078,51,0.0,0.0,-0.2765,0.6,25,-2.0,-2.0,0.8873,0.6842,19,2.0,2.0,-0.4062,0.633,0.6907
GPRO,SPY,39,40,294,0.6667,12,0.0,0.0,1.6725,,,,,,0.6923,13,0.0,0.0,3.0322,,,,,,,,,,,,,,,,,,,,,,,,,,,,,,,0.7143,14,-1.0,-1.0,-2.298,0.6,20,0.0,0.0,3.4125,0.6,15,-1.0,-1.0,-3.4933,,,,,,0.7692,13,5.0,5.0,-0.773,0.6,20,-2.0,-2.0,1.0425,0.6667,24,5.0,6.0,-0.9856,,,,,,,,,,,,,,,,,,,,,,,,,,,,,,,,,,,,0.6111,18,1.0,1.0,-1.0127,0.7056,1.9583
GPTY,QQQ,11,16,15,,,,,,,,,,,,,,,,,,,,,,,,,,,,,,,,,,,,,,,,,,,,,,,,,,,,,,,,,,,,,,,,,,,,,,,,,,,,,,,,,,,,,,,,,,,,,,,,,,,,,,,,,,,,,,,,,,,,,,,,,0.885,1.0014
GPUS,SPY,40,40,693,,,,,,,,,,,,,,,,,,,,,,,,,,,,,,,,,,,,,,,,,,,,,,0.6,20,0.0,0.0,-3.7758,,,,,,0.6571,35,-1.0,0.0,-4.0761,0.64,25,2.0,2.0,0.8325,0.6377,69,0.0,1.0,-0.7284,0.7073,41,-13.0,-11.0,1.1997,0.6588,85,-8.0,-6.0,-0.7825,,,,,,,,,,,,,,,,,,,,,,,,,,0.6389,36,-2.0,-2.0,-0.4035,,,,,,,,,,,0.2603,3.6808
GRAB,SPY,40,40,383,0.6154,13,-1.0,-1.0,0.8663,,,,,,,,,,,,,,,,,,,,,,,,,,,,,,,,,,,,0.6,15,-1.0,-1.0,1.2589,0.6,20,0.0,0.0,-1.1983,0.6,15,-1.0,-1.0,1.2378,,,,,,,,,,,0.6535,303,-3.0,3.0,-0.2039,,,,,,0.6818,110,0.0,1.0,-0.3164,,,,,,,,,,,,,,,,,,,,,,,,,,0.6451,324,-2.0,1.0,-0.2006,,,,,,0.6133,300,-2.0,0.0,-0.3196,0.3516,0.5229
GRAL,IWM,13,14,151,,,,,,,,,,,,,,,,,,,,,,,,,,,,,,,,,,,,,,,,,,,,,,,,,,,,,,,,,,,,,0.7857,14,-1.0,-1.0,0.4082,,,,,,0.6,10,0.0,0.0,0.6633,0.6316,19,-2.0,-2.0,-0.8333,,,,,,,,,,,,,,,,,,,,,0.6923,13,-2.0,-2.0,0.4811,0.6552,29,1.0,1.0,-0.5179,0.6364,11,-2.0,-2.0,0.9471,0.6061,33,0.0,0.0,-0.8205,0.7912,1.7451
GREE,QQQ,13,22,82,,,,,,,,,,,,,,,,,,,,,,,,,,,,,,,,,,,,,,,,,,,,,,,,,,,,,,,,,,,,,0.6429,14,15.0,15.0,2.2911,,,,,,0.7273,11,15.0,15.0,2.5838,,,,,,,,,,,,,,,,,,,,,,,,,,0.7222,18,1.0,1.0,1.7538,,,,,,,,,,,0.7,10,0.0,0.0,-1.47,0.6196,1.0359
GRFS,XBI,11,13,165,,,,,,,,,,,,,,,,,,,,,,,,,,,,,,,,,,,,,,,,,,,,,,,,,,,,,,,,,,,,,,,,,,0.6875,16,1.0,1.0,-0.07,0.6429,28,-2.0,-2.0,0.3378,0.67,100,-1.0,1.0,-0.3001,,,,,,,,,,,,,,,,,,,,,0.6087,23,1.0,1.0,0.2221,0.8,10,-2.0,-2.0,-0.1438,,,,,,0.9286,14,-2.0,-2.0,-0.2746,0.3287,0.3607
GRID,QQQ,16,16,207,,,,,,,,,,,,,,,,,,,,,,,,,,,,,,,,,,,,,,,,,,,,,,,,,,,,,,,,,,,,,0.6667,42,-1.0,-1.0,0.15,0.6364,33,0.0,0.0,-0.1005,0.7381,42,-1.0,-1.0,0.1965,0.641,39,-3.0,-2.0,-0.2704,,,,,,,,,,,,,,,,,,,,,0.6,55,-1.0,-1.0,0.1664,0.6296,27,-2.0,-2.0,-0.14,0.6667,42,0.0,0.0,0.2121,0.6071,28,-2.0,-2.0,-0.23,0.8968,0.8878
GRML,IBB,38,39,274,,,,,,,,,,,,,,,,,,,,,,,,,,,,,,,,,,,,,,,,,,,,,,,,,,,,,,,,,,,,,0.6429,14,-3.0,-3.0,2.1856,0.6842,19,-1.0,-1.0,-0.6185,0.6667,15,-3.0,-3.0,2.982,0.6897,29,-5.0,-4.0,-1.5775,,,,,,,,,,,,,,,,,,,,,0.9091,11,-3.0,-3.0,0.721,0.6351,74,-2.0,-1.0,-0.8802,,,,,,0.6866,67,-2.0,-1.0,-1.6691,0.3035,1.4081
GRND,SPY,14,14,203,,,,,,,,,,,,,,,,,,,,,,,,,,,,,,,,,,,,,,,,,,,,,,,,,,,,,,,,,,,,,,,,,,0.614,57,1.0,2.0,-0.3094,,,,,,0.6429,28,2.0,2.0,-0.7428,,,,,,,,,,,,,,,,,,,,,,,,,,0.6364,11,1.0,1.0,-0.4057,0.6154,13,-2.0,-2.0,0.5163,0.625,64,-1.0,-1.0,-0.6553,0.165,0.3139
GRNY,SPY,25,25,227,,,,,,,,,,,,,,,,,,,,,,,,,,,,,,,,,,,,,,,,,,,,,,0.7143,14,0.0,0.0,-0.37,,,,,,,,,,,0.6111,18,-2.0,-2.0,0.1236,,,,,,,,,,,,,,,,,,,,,,,,,,,,,,,,,,,,,,,,,0.6429,14,1.0,1.0,-0.1067,,,,,,0.6,15,-2.0,-2.0,-0.2122,0.9292,0.9542
GRO,IWM,12,14,86,,,,,,,,,,,,,,,,,,,,,,,,,,,,,,,,,,,,,,,,,,,,,,,,,,,,,,,,,,,,,,,,,,0.7273,11,0.0,0.0,-0.4362,,,,,,0.8462,13,0.0,0.0,-0.4409,,,,,,,,,,,,,,,,,,,,,,,,,,0.6857,35,0.0,1.0,-0.4121,,,,,,0.8333,12,1.0,1.0,-0.551,0.5034,0.694
GROY,GDX,33,34,225,,,,,,,,,,,,,,,,,,,,,,,,,,,,,,,,,,,,,,,,,,,,,,,,,,,,,,,,,,,,,0.6,10,-4.0,-4.0,0.465,0.6712,73,-3.0,-1.0,-0.2496,,,,,,0.6471,51,0.0,1.0,-0.4927,,,,,,,,,,,,,,,,,,,,,,,,,,0.7917,48,2.0,4.0,-0.3089,,,,,,0.7037,27,-3.0,-3.0,-0.3447,0.8422,0.6151
GRPN,SPY,24,25,215,,,,,,,,,,,,,,,,,,,,,,,,,,,,,,,,,,,,,,,,,,,,,,,,,,,0.6,15,0.0,0.0,2.3533,,,,,,,,,,,,,,,,0.6429,14,1.0,1.0,0.8956,,,,,,,,,,,,,,,,,,,,,,,,,,,,,,,0.6,10,1.0,1.0,-0.5983,,,,,,0.9,10,-2.0,-2.0,-0.9622,0.6604,1.3025
GRRR,SPY,40,40,263,,,,,,,,,,,0.6364,11,0.0,0.0,2.7771,,,,,,,,,,,,,,,,,,,,,,,,,,,,,,,,,,,,,,,,,,,,,,0.7273,33,1.0,2.0,0.7279,0.6667,27,3.0,4.0,-0.7689,0.6571,35,-4.0,-3.0,1.88,0.6857,35,-1.0,0.0,-1.2525,,,,,,,,,,,,,,,,,,,,,,,,,,0.6316,19,-2.0,-2.0,-0.5767,,,,,,,,,,,0.4563,1.9514
GRSD,SPY,14,14,146,,,,,,,,,,,,,,,,,,,,,,,,,,,,,,,,,,,,,,,,,,,,,,,,,,,,,,,,,,,,,,,,,,0.6875,48,-2.0,0.0,-0.1933,0.7647,17,0.0,0.0,1.0054,0.6818,44,-3.0,-1.0,-0.638,,,,,,,,,,,,,,,,,,,,,,,,,,0.7143,98,-2.0,0.0,-0.3747,,,,,,0.6735,49,-1.0,-1.0,-0.8379,0.3007,0.2846
GRWG,IWM,10,15,76,,,,,,,,,,,,,,,,,,,,,,,,,,,,,,,,,,,,,,,,,,,,,,,,,,,,,,,,,,,,,,,,,,0.625,16,-1.0,-1.0,-0.337,0.6,10,0.0,0.0,0.8983,0.6429,14,-1.0,-1.0,-0.52,,,,,,,,,,,,,,,,,,,,,,,,,,0.6981,53,-1.0,1.0,-0.2524,,,,,,0.7021,47,-1.0,1.0,-0.4142,0.426,0.5794
GS,SPY,40,40,277,,,,,,,,,,,0.6364,11,-1.0,-1.0,0.8329,,,,,,,,,,,,,,,,,,,,,,,,,,,,,,,,,,,,0.619,21,0.0,0.0,0.8169,,,,,,0.625,24,-2.0,-2.0,0.1787,,,,,,0.6154,26,-2.0,-2.0,0.3444,0.6667,12,-4.0,-4.0,-0.2525,,,,,,,,,,,,,,,,,,,,,,,,,,0.625,16,-2.0,-2.0,-0.207,,,,,,,,,,,0.8044,1.7102
GSAT,IWM,15,15,220,,,,,,,,,,,,,,,,,,,,,,,,,,,,,,,,,,,,,,,,,,,,,,,,,,,,,,,,,,,,,,,,,,0.7,10,1.0,1.0,-0.0771,0.6316,19,-2.0,-2.0,0.1508,0.6163,86,-1.0,-1.0,-0.1428,,,,,,,,,,,,,,,,,,,,,0.625,16,-2.0,-2.0,0.107,0.6364,33,1.0,1.0,-0.0638,0.6216,37,1.0,1.0,0.213,0.6104,77,-1.0,-1.0,-0.1234,0.6856,0.3764
GSBD,XLF,11,11,192,,,,,,,,,,,,,,,,,,,,,,,,,,,,,,,,,,,,,,,,,,,,,,,,,,,,,,,,,,,,,0.8182,11,2.0,2.0,0.1856,0.7097,62,-3.0,-1.0,-0.1386,,,,,,0.7222,54,-3.0,-1.0,-0.2272,,,,,,,,,,,,,,,,,,,,,,,,,,0.6526,95,0.0,1.0,-0.1597,,,,,,0.8,10,1.0,1.0,-0.4137,0.4954,0.4938
GSG,QQQ,10,11,185,,,,,,,,,,,,,,,,,,,,,,,,,,,,,,,,,,,,,,,,,,,,,,,,,,,,,,,,,,,,,,,,,,,,,,,0.6957,23,1.0,1.0,0.285,0.6667,33,-2.0,-2.0,-0.1459,,,,,,,,,,,,,,,,,,,,,0.8235,17,-2.0,-2.0,0.1243,0.6,40,-1.0,-1.0,-0.0854,0.7083,24,-2.0,-2.0,0.1676,,,,,,0.034,0.029
GSIT,SMH,36,36,237,,,,,,,,,,,,,,,,,,,,,,,,,,,,,,,,,,,,,,,,,,,,,,,,,,,,,,,,,,,,,0.8,10,1.0,1.0,0.3287,0.6486,37,2.0,4.0,-0.6592,0.6538,26,-3.0,-2.0,0.5959,0.6923,39,2.0,4.0,-0.9052,,,,,,,,,,,,,,,,,,,,,0.6316,38,-1.0,0.0,0.7942,0.6667,18,2.0,2.0,-0.4042,0.8125,16,-2.0,-2.0,0.6869,0.6667,42,3.0,4.0,-0.8239,0.8537,0.8745
GSK,IBB,40,40,262,,,,,,0.6364,11,-1.0,-1.0,-0.4671,,,,,,0.7273,11,-1.0,-1.0,-0.895,,,,,,,,,,,,,,,,,,,,,,,,,,,,,,,,,,,,,,,,,0.6667,30,-2.0,-2.0,0.1645,,,,,,0.6552,29,1.0,1.0,0.2205,0.6333,30,-2.0,-2.0,-0.1863,,,,,,,,,,,,,,,,,,,,,,,,,,,,,,,,,,,,0.7143,21,-2.0,-2.0,-0.186,0.2833,0.5268
GSOL,QQQ,32,32,198,,,,,,,,,,,,,,,,,,,,,,,,,,,,,,,,,,,,,,,,,,,,,,,,,,,,,,,,,,,,,,,,,,0.6441,59,-5.0,-2.0,-0.2239,,,,,,0.6667,15,1.0,1.0,-0.47,,,,,,,,,,,,,,,,,,,,,,,,,,0.6,45,-1.0,-1.0,-0.2433,0.6364,11,-3.0,-3.0,0.3871,,,,,,0.5056,1.1299
GSUN,SPY,11,24,101,,,,,,,,,,,,,,,,,,,,,,,,,,,,,,,,,,,,,,,,,,,,,,,,,,,,,,,,,,,,,,,,,,0.6522,23,15.0,15.0,-9.4833,,,,,,0.7083,24,15.0,15.0,-8.3012,,,,,,,,,,,,,,,,,,,,,,,,,,,,,,,,,,,,0.7308,26,-1.0,-1.0,-3.2547,0.1152,0.7036
GT,XLY,36,36,245,,,,,,,,,,,,,,,,,,,,,,,,,,,,,,,,,,,,,,,,,,,,,,,,,,,,,,,,,,,,,,,,,,0.6562,32,-1.0,-1.0,-0.1724,,,,,,0.6396,111,-3.0,0.0,-0.3263,,,,,,,,,,,,,,,,,,,,,0.6,10,-3.0,-3.0,0.3683,0.6381,105,-2.0,-1.0,-0.2376,,,,,,0.6522,115,-3.0,-1.0,-0.4093,0.754,0.8211
GTBP,XBI,28,38,134,,,,,,,,,,,,,,,,,,,,,,,,,,,,,,,,,,,,,,,,,,,,,,,,,,,,,,,,,,,,,,,,,,,,,,,,,,,,,,,,,,,,,,,,,,,,,,,,,,,,,0.7143,14,1.0,1.0,0.719,0.625,24,0.0,0.0,-0.488,0.6429,14,1.0,1.0,0.9644,0.6364,11,-1.0,-1.0,-0.5714,0.2729,0.7374
GTLB,IGV,39,39,271,,,,,,0.6364,11,-1.0,-1.0,-1.5643,0.6364,11,-1.0,-1.0,1.1871,,,,,,,,,,,,,,,,,,,,,,,,,,,,,,,,,,,,,,,,,,,,,,0.6923,13,-5.0,-5.0,0.4589,0.6,25,-4.0,-4.0,-0.2727,0.9231,13,-5.0,-5.0,0.735,0.6,30,-1.0,-1.0,-0.7144,,,,,,,,,,,,,,,,,,,,,0.7,50,0.0,0.0,0.4111,,,,,,0.68,50,0.0,0.0,0.4512,0.6481,54,-1.0,-1.0,-0.6129,0.8358,1.244
GTM,IGV,28,28,246,,,,,,,,,,,0.6,10,0.0,0.0,1.8083,,,,,,,,,,,,,,,,,,,,,,,,,,,,,,,,,,,,,,,,,,,,,,0.7,10,3.0,3.0,0.5729,0.6566,99,-3.0,0.0,-0.3643,0.6,10,3.0,3.0,1.1167,0.7692,13,5.0,5.0,-1.081,,,,,,,,,,,,,,,,,,,,,0.6667,12,-4.0,-4.0,0.5987,0.62,50,-1.0,-1.0,-0.5626,0.619,21,-3.0,-3.0,0.5338,0.625,48,-1.0,-1.0,-0.7557,0.6601,0.938
GTX,QQQ,14,14,233,,,,,,,,,,,,,,,,,,,,,,,,,,,,,,,,,,,,,,,,,,,,,,,,,,,,,,,,,,,,,,,,,,0.6111,36,0.0,0.0,-0.3732,,,,,,0.6585,41,-4.0,-3.0,-0.3219,,,,,,,,,,,,,,,,,,,,,,,,,,0.6,10,2.0,2.0,-0.2967,,,,,,0.6176,34,-2.0,-2.0,-0.2976,0.7114,0.9769
GUSH,QQQ,36,36,228,,,,,,,,,,,,,,,,,,,,,,,,,,,,,,,,,,,,,,,,,0.8333,12,-1.0,-1.0,0.843,,,,,,0.8182,11,-1.0,-1.0,1.4056,,,,,,0.6774,31,-4.0,-3.0,0.3019,0.7143,14,-2.0,-2.0,-0.362,0.6667,24,1.0,1.0,0.5975,0.6571,35,-2.0,-1.0,-0.4443,,,,,,,,,,,,,,,,,,,,,0.6,65,-1.0,-1.0,0.3103,,,,,,,,,,,0.6364,11,2.0,2.0,-0.6643,-0.1864,-0.31
GUTS,IWM,34,38,174,,,,,,,,,,,,,,,,,,,,,,,,,,,,,,,,,,,,,,,,,,,,,,0.6875,16,0.0,0.0,-1.1536,,,,,,0.6667,12,0.0,0.0,-2.1425,0.6429,14,-3.0,-3.0,0.6844,0.7586,29,0.0,1.0,-0.6505,0.6923,13,-4.0,-4.0,1.1233,,,,,,,,,,,,,,,,,,,,,,,,,,,,,,,0.619,42,-1.0,-1.0,-0.6215,0.7,10,-2.0,-2.0,1.1514,,,,,,0.3785,0.8244
GWH,ICLN,27,33,121,,,,,,,,,,,,,,,,,,,,,,,,,,,,,,,,,,,,,,,,,,,,,,,,,,,,,,,,,,,,,,,,,,,,,,,,,,,,,,,,,,,,,,,,,,,,,,,,,,,,,0.7273,11,2.0,2.0,1.0312,0.6,10,-2.0,-2.0,-0.875,0.8,10,1.0,1.0,1.5837,0.6154,13,0.0,0.0,-2.3112,0.2056,0.4102
GWRE,IGV,17,17,224,,,,,,,,,,,,,,,,,,,,,,,,,,,,,,,,,,,,,,,,,,,,,,,,,,,,,,,,,,,,,0.625,16,4.0,4.0,0.443,,,,,,,,,,,0.8182,11,-5.0,-5.0,-0.3122,,,,,,,,,,,,,,,,,,,,,0.68,25,-4.0,-3.0,0.2794,,,,,,,,,,,0.6,10,-4.0,-4.0,-0.5117,0.7922,1.2878
GXAI,KWEB,18,37,91,,,,,,,,,,,,,,,,,,,,,,,,,,,,,,,,,,,,,,,,,,,,,,,,,,,,,,,,,,,,,,,,,,,,,,,,,,,,0.6429,14,0.0,0.0,-0.5767,,,,,,,,,,,,,,,,,,,,,,,,,,0.6154,13,-1.0,-1.0,-0.3225,,,,,,0.6154,13,-1.0,-1.0,-0.4825,0.1302,0.0906
HAFN,IWM,31,31,213,,,,,,,,,,,,,,,,,,,,,,,,,,,,,,,,,,,,,,,,,0.6,10,0.0,0.0,0.9133,,,,,,,,,,,,,,,,,,,,,0.6438,73,-1.0,0.0,-0.1998,0.6923,13,-5.0,-5.0,0.2622,0.65,40,-1.0,-1.0,-0.2531,,,,,,,,,,,,,,,,,,,,,,,,,,0.6292,178,-2.0,1.0,-0.2101,,,,,,0.6154,13,-2.0,-2.0,-0.3563,0.1448,0.2511
HAIN,SPY,17,19,169,,,,,,,,,,,,,,,,,,,,,,,,,,,,,,,,,,,,,,,,,,,,,,,,,,,,,,,,,,,,,,,,,,0.6522,23,4.0,5.0,-1.056,,,,,,0.7143,21,3.0,4.0,-1.208,,,,,,,,,,,,,,,,,,,,,,,,,,0.6,10,1.0,1.0,-0.7633,0.7273,11,-2.0,-2.0,0.775,,,,,,0.4281,1.3046
HAL,OIH,37,37,260,0.8333,12,0.0,0.0,0.675,,,,,,0.75,12,0.0,0.0,0.9044,0.6667,15,-1.0,-1.0,-1.242,,,,,,,,,,,,,,,,,,,,,,,,,,,,,,,,,,,,,,,,,0.6939,49,-1.0,-1.0,0.1794,0.65,40,-4.0,-3.0,-0.2138,0.617,47,1.0,1.0,0.3,0.6316,19,-3.0,-3.0,-0.3183,,,,,,,,,,,,,,,,,,,,,0.6522,23,-2.0,-2.0,0.162,0.6757,37,1.0,1.0,-0.1788,0.625,24,2.0,2.0,0.2967,0.617,47,-1.0,-1.0,-0.2603,0.8453,0.8986
HALO,IBB,11,11,216,,,,,,,,,,,,,,,,,,,,,,,,,,,,,,,,,,,,,,,,,,,,,,,,,,,,,,,,,,,,,,,,,,0.62,50,-2.0,-1.0,-0.199,0.6591,44,0.0,0.0,0.3659,,,,,,,,,,,,,,,,,,,,,,,,,,,,,,,0.6176,34,1.0,1.0,-0.2052,0.6522,46,-1.0,-1.0,0.3793,0.6,35,1.0,1.0,-0.3962,0.6415,0.6829
HAO,KWEB,28,38,215,,,,,,,,,,,,,,,,,,,,,,,,,,,,,,,,,,,,,,,,,,,,,,,,,,,,,,,,,,,,,,,,,,0.6667,18,15.0,15.0,-8.2,,,,,,0.7,20,15.0,15.0,-11.2636,,,,,,,,,,,,,,,,,,,,,,,,,,0.72,25,0.0,0.0,-3.3528,0.6667,12,-2.0,-2.0,3.37,0.6552,58,-1.0,0.0,-5.4113,0.1451,0.3356
HAPN,SPY,11,11,238,,,,,,,,,,,,,,,,,,,,,,,,,,,,,,,,,,,,,,,,,,,,,,,,,,,,,,,,,,,,,,,,,,0.6667,69,-4.0,-1.0,-0.2537,0.6316,19,3.0,3.0,0.5092,0.7143,28,-4.0,-3.0,-0.427,,,,,,,,,,,,,,,,,,,,,,,,,,0.6203,79,-1.0,-1.0,-0.2288,0.6667,15,1.0,1.0,0.257,,,,,,0.5202,0.8266
HAS,XLY,10,10,224,,,,,,,,,,,,,,,,,,,,,,,,,,,,,,,,,,,,,,,,,,,,,,,,,,,,,,,,,,,,,,,,,,0.6379,58,0.0,0.0,-0.1851,,,,,,0.6066,61,0.0,0.0,-0.3268,,,,,,,,,,,,,,,,,,,,,,,,,,0.6324,68,-1.0,-1.0,-0.1716,,,,,,,,,,,0.6156,0.4079
HAWK,SPY,24,26,190,,,,,,,,,,,,,,,,,,,,,,,,,,,,,,,,,,,,,,,,,,,,,,0.6154,13,0.0,0.0,-3.5862,,,,,,,,,,,,,,,,0.625,16,-3.0,-3.0,-0.785,,,,,,0.6154,13,3.0,3.0,-0.9387,,,,,,,,,,,,,,,,,,,,,,,,,,0.6707,82,0.0,0.0,-0.6835,,,,,,0.6667,12,-2.0,-2.0,-0.8863,0.5432,1.4561
HBAN,KRE,25,25,240,0.8462,13,0.0,0.0,0.6373,,,,,,0.9231,13,0.0,0.0,0.5,,,,,,,,,,,,,,,,,,,,,,,,,,,,,,,,,,,,,,,,,,,,,,,,,,,0.6,20,2.0,2.0,-0.0725,0.6316,19,2.0,2.0,0.2033,0.6,10,-3.0,-3.0,-0.31,,,,,,,,,,,,,,,,,,,,,,,,,,0.6667,39,1.0,1.0,-0.1135,0.6667,12,-3.0,-3.0,0.1887,0.6154,39,1.0,1.0,-0.2121,0.6978,0.9798
HBM,GDX,37,37,259,,,,,,,,,,,,,,,,,,,,,,,,,,,,,,,,,,,,,,,,,,,,,,,,,,,,,,,,,,,,,0.68,25,3.0,4.0,0.5418,0.6667,15,-4.0,-4.0,-0.278,0.6667,24,3.0,4.0,0.8769,0.7692,13,-3.0,-3.0,-0.469,,,,,,,,,,,,,,,,,,,,,0.6923,91,-2.0,1.0,0.4333,0.6349,63,-4.0,-3.0,-0.2608,0.8077,26,1.0,1.0,0.7852,0.6552,29,-4.0,-4.0,-0.5811,0.7885,0.8869
HBMX,QQQ,13,19,38,,,,,,,,,,,,,,,,,,,,,,,,,,,,,,,,,,,,,,,,,,,,,,,,,,,,,,,,,,,,,,,,,,,,,,,,,,,,,,,,,,,,,,,,,,,,,,,,,,,,,,,,,,,,,,,,,,,,,,,,,0.9139,3.0098
HCA,XLV,18,18,238,0.9,10,0.0,0.0,0.9867,,,,,,0.8,10,0.0,0.0,1.5263,,,,,,,,,,,,,,,,,,,,,,,,,,,,,,,,,,,,,,,,,,,,,,,,,,,0.6444,45,1.0,2.0,-0.221,,,,,,0.6071,28,1.0,1.0,-0.3935,,,,,,,,,,,,,,,,,,,,,0.6,25,-2.0,-2.0,0.13,0.6957,23,2.0,2.0,-0.2975,,,,,,0.619,21,2.0,2.0,-0.4423,0.4416,0.5503
HCWB,QQQ,20,31,110,,,,,,,,,,,,,,,,,,,,,,,,,,,,,,,,,,,,,,,,,,,,,,,,,,,,,,,,,,,,,,,,,,,,,,,,,,,,,,,,,,,,,,,,,,,,,,,,,,,,,,,,,,0.625,24,-1.0,-1.0,-0.842,,,,,,0.6667,24,-1.0,-1.0,-1.9563,0.0923,0.2085
HCWC,SPY,13,26,99,,,,,,,,,,,,,,,,,,,,,,,,,,,,,,,,,,,,,,,,,,,,,,,,,,,,,,,,,,,,,,,,,,0.7647,17,15.0,15.0,-3.9192,,,,,,,,,,,,,,,,,,,,,,,,,,,,,,,,,,,,0.6053,38,0.0,0.0,-2.7639,,,,,,,,,,,0.28,1.1891
HD,XLY,38,38,260,,,,,,,,,,,,,,,,,,,,,,,,,,,,,,,,,,,,,,,,,,,,,,,,,,,,,,,,,,,,,0.6875,16,-3.0,-3.0,0.1127,0.6296,135,0.0,2.0,-0.1347,0.6,15,-3.0,-3.0,0.2178,0.6462,65,1.0,2.0,-0.2267,,,,,,,,,,,,,,,,,,,,,0.6364,11,-3.0,-3.0,0.0957,0.7812,32,1.0,1.0,-0.1176,,,,,,,,,,,0.7173,0.767
HDB,KRE,19,19,241,,,,,,,,,,,,,,,,,,,,,,,,,,,,,,,,,,,,,,,,,,,,,,,,,,,,,,,,,,,,,0.6923,13,2.0,2.0,0.0978,0.6364,11,-3.0,-3.0,-0.0957,0.625,16,-2.0,-2.0,0.317,0.6071,56,-1.0,-1.0,-0.1835,,,,,,,,,,,,,,,,,,,,,0.6667,12,-3.0,-3.0,0.1362,,,,,,,,,,,0.7917,24,-2.0,-2.0,-0.1905,0.5761,1.1318
HDRN,IBIT,12,19,31,,,,,,,,,,,,,,,,,,,,,,,,,,,,,,,,,,,,,,,,,,,,,,,,,,,,,,,,,,,,,,,,,,,,,,,,,,,,,,,,,,,,,,,,,,,,,,,,,,,,,,,,,,,,,,,,,,,,,,,,,0.2403,0.2601
HDSN,IWM,13,17,102,,,,,,,,,,,,,,,,,,,,,,,,,,,,,,,,,,,,,,,,,,,,,,,,,,,,,,,,,,,,,0.7273,11,1.0,1.0,0.1875,0.7692,13,-1.0,-1.0,-0.325,,,,,,,,,,,,,,,,,,,,,,,,,,,,,,,,,,,,,,,,,,,,,,0.6538,26,0.0,0.0,-0.4624,0.4246,0.3307
HDV,IWM,18,18,228,,,,,,,,,,,0.6,10,0.0,0.0,0.4017,,,,,,,,,,,,,,,,,,,,,,,,,,,,,,,,,,,,,,,,,,,,,,,,,,,0.6364,22,1.0,1.0,-0.075,,,,,,0.6667,15,-2.0,-2.0,-0.117,,,,,,,,,,,,,,,,,,,,,,,,,,0.6757,37,1.0,1.0,-0.0564,,,,,,,,,,,-0.2784,-0.1426
HE,XLU,14,14,218,,,,,,,,,,,,,,,,,,,,,,,,,,,,,,,,,,,,,,,,,,,,,,,,,,,,,,,,,,,,,,,,,,0.6538,52,-1.0,-1.0,-0.1691,,,,,,0.6296,54,-1.0,-1.0,-0.2212,,,,,,,,,,,,,,,,,,,,,,,,,,0.6455,110,0.0,1.0,-0.172,0.6364,22,1.0,1.0,0.3407,0.6271,59,-1.0,-1.0,-0.2605,0.6818,0.9211
HEI,ITA,10,10,206,,,,,,,,,,,,,,,,,,,,,,,,,,,,,,,,,,,,,,,,,,,,,,,,,,,,,,,,,,,,,0.68,25,-1.0,-1.0,0.1771,,,,,,,,,,,0.6087,69,1.0,2.0,-0.2905,,,,,,,,,,,,,,,,,,,,,0.6562,32,-1.0,-1.0,0.261,,,,,,,,,,,,,,,,0.5779,0.7171
HELP,SPY,33,34,208,,,,,,,,,,,0.7273,11,-1.0,-1.0,2.685,,,,,,,,,,,,,,,,,,,,,,,,,,0.6364,11,-1.0,-1.0,1.8157,,,,,,0.625,16,0.0,0.0,2.774,,,,,,,,,,,0.7143,14,-2.0,-2.0,-0.475,,,,,,0.6944,36,2.0,4.0,-0.8036,,,,,,,,,,,,,,,,,,,,,,,,,,0.75,12,-2.0,-2.0,-0.4356,,,,,,0.6349,63,-1.0,-1.0,-0.983,0.4569,1.1066
HESM,XLE,10,10,183,,,,,,,,,,,,,,,,,,,,,,,,,,,,,,,,,,,,,,,,,,,,,,,,,,,,,,,,,,,,,,,,,,0.6111,36,-1.0,-1.0,-0.1482,,,,,,0.6053,38,1.0,1.0,-0.1957,,,,,,,,,,,,,,,,,,,,,0.6667,21,-2.0,-2.0,0.185,,,,,,0.7,10,-3.0,-3.0,0.2857,0.6667,27,1.0,1.0,-0.2122,0.8277,0.6019
HIBS,IWM,12,18,72,,,,,,,,,,,,,,,,,,,,,,,,,,,,,,,,,,,,,,,,,,,,,,,,,,,,,,,,,,,,,,,,,,,,,,,,,,,,,,,,,,,,,,,,,,,,,,,,,,,,,,,,,,0.6429,14,1.0,1.0,-0.58,,,,,,,,,,,-0.8261,-5.1064
HIMS,SPY,40,40,461,,,,,,,,,,,,,,,,,,,,,,,,,,,,,,,,,,,,,,,,,,,,,,0.6,20,0.0,0.0,-1.9425,0.6286,35,-1.0,0.0,2.6177,,,,,,0.6818,22,3.0,3.0,0.3,0.6667,33,-3.0,-3.0,-0.3868,0.6585,41,1.0,1.0,0.6548,0.6053,38,-1.0,-1.0,-0.6278,,,,,,,,,,,,,,,,,,,,,,,,,,0.7037,27,-2.0,-2.0,-0.5453,,,,,,0.6071,28,1.0,1.0,-0.6147,0.5386,1.5445
HIMX,SMH,40,40,276,,,,,,,,,,,,,,,,,,,,,,,,,,,,,,,,,,,,,,,,,,,,,,,,,,,,,,,,,,,,,0.75,20,-1.0,-1.0,0.594,0.6087,23,-4.0,-4.0,-0.5029,0.6111,18,-1.0,-1.0,0.8445,0.6538,26,-4.0,-4.0,-0.5565,,,,,,,,,,,,,,,,,,,,,0.6129,62,2.0,3.0,0.4826,0.7143,21,-2.0,-2.0,-0.4513,0.619,21,2.0,2.0,0.7023,0.6667,30,-5.0,-4.0,-0.8395,0.9359,1.2187
HIMZ,SPY,40,40,202,,,,,,,,,,,,,,,,,,,,,,,,,,,,,,,,,,,,,,,,,,,,,,,,,,,,,,,,,,,,,0.6,10,2.0,2.0,1.2633,0.8182,11,1.0,1.0,-1.3089,0.625,16,15.0,15.0,1.515,0.8182,11,-15.0,-15.0,-1.2189,,,,,,,,,,,,,,,,,,,,,,,,,,0.6923,13,-2.0,-2.0,-1.2756,,,,,,,,,,,0.5017,3.0068
HITI,SPY,18,22,119,,,,,,,,,,,,,,,,0.75,12,0.0,0.0,-1.2222,,,,,,,,,,,,,,,,,,,,,,,,,,,,,,,,,,,,,,,,,,,,,,0.6897,29,-3.0,-2.0,-0.212,,,,,,0.8182,11,-3.0,-3.0,-0.2778,,,,,,,,,,,,,,,,,,,,,,,,,,0.6667,78,-1.0,0.0,-0.6392,,,,,,,,,,,0.2464,0.2366
HIVE,IBIT,40,40,426,,,,,,,,,,,,,,,,,,,,,,,,,,,,,,,,,,,,,,,,,,,,,,,,,,,,,,,,,,,,,0.6438,73,2.0,5.0,0.9453,0.6129,31,-2.0,-2.0,-0.5511,0.65,60,2.0,4.0,1.2169,0.7143,21,-8.0,-7.0,-0.484,,,,,,,,,,,,,,,,,,,,,0.6607,56,0.0,0.0,0.5427,0.623,61,-1.0,-1.0,-0.6384,,,,,,0.6429,14,4.0,4.0,-1.0122,0.7902,1.0916
HKD,IWM,14,25,44,,,,,,,,,,,,,,,,,,,,,,,,,,,,,,,,,,,,,,,,,,,,,,,,,,,,,,,,,,,,,,,,,,,,,,,,,,,,,,,,,,,,,,,,,,,,,,,,,,,,,,,,,,,,,,,,,,,,,,,,,0.2652,0.4386
HKIT,QQQ,28,36,367,,,,,,,,,,,,,,,,,,,,,,,,,,,,,,,,,,,,,,,,,,,,,,,,,,,,,,,,,,,,,0.6,10,-3.0,-3.0,0.9833,0.6905,84,15.0,15.0,-12.1381,,,,,,0.6512,86,15.0,15.0,-16.4798,,,,,,,,,,,,,,,,,,,,,,,,,,0.6442,163,0.0,2.0,-6.431,,,,,,0.7273,11,3.0,3.0,-3.1363,0.1239,0.8325
HL,GDX,40,40,328,,,,,,,,,,,,,,,,,,,,,,,,,,,,,,,,,,,,,,,,,,,,,,,,,,,,,,,,,,,,,0.8,20,1.0,1.0,0.4175,0.6923,39,3.0,4.0,-0.4285,0.619,42,-1.0,-1.0,0.5081,0.6364,22,-2.0,-2.0,-0.6521,,,,,,,,,,,,,,,,,,,,,0.7333,30,1.0,1.0,0.3859,0.6667,21,3.0,3.0,-0.3386,,,,,,0.6364,11,4.0,4.0,-0.6657,0.9457,1.05
HLIT,QQQ,27,27,261,,,,,,,,,,,,,,,,,,,,,,,,,,,,,,,,,,,,,,,,,,,,,,,,,,,,,,,,,,,,,0.6786,28,-3.0,-3.0,0.3047,0.6923,26,-1.0,-1.0,-0.265,0.6429,28,2.0,2.0,0.78,0.6071,28,1.0,1.0,-0.5212,,,,,,,,,,,,,,,,,,,,,0.6,10,2.0,2.0,0.3217,0.6512,43,1.0,1.0,-0.5539,0.6364,66,-1.0,-1.0,0.5331,0.6757,37,-2.0,-2.0,-0.5308,0.8329,1.2844
HLN,XLP,28,29,240,,,,,,,,,,,,,,,,0.7273,11,-1.0,-1.0,-0.4137,,,,,,,,,,,,,,,,,,,,,,,,,,,,,,,,,,,,,,,,,,,,,,0.6757,74,-1.0,-1.0,-0.074,0.8,10,3.0,3.0,0.1388,0.6667,39,-2.0,-2.0,-0.1612,,,,,,,,,,,,,,,,,,,,,,,,,,0.6279,172,-2.0,0.0,-0.0792,0.6,10,2.0,2.0,0.1417,0.7292,48,-2.0,-2.0,-0.1291,0.6732,0.9086
HLP,GDX,12,19,92,,,,,,,,,,,,,,,,,,,,,,,,,,,,,,,,,,,,,,,,,,,,,,,,,,,,,,,,,,,,,,,,,,,,,,,,,,,,0.6471,17,15.0,15.0,-6.53,,,,,,,,,,,,,,,,,,,,,,,,,,,,,,,,,,,,,,,,,0.0349,0.0377
HLT,XLY,11,11,236,,,,,,,,,,,,,,,,,,,,,,,,,,,,,,,,,,,,,,,,,,,,,,,,,,,,,,,,,,,,,,,,,,0.62,100,0.0,0.0,-0.1195,0.6429,42,-1.0,-1.0,0.3448,0.6047,43,1.0,1.0,-0.2404,,,,,,,,,,,,,,,,,,,,,0.6,10,-3.0,-3.0,0.1467,0.6585,41,1.0,2.0,-0.123,0.6,10,-3.0,-3.0,0.3417,,,,,,0.8073,0.7139
HMC,SPY,24,24,236,,,,,,,,,,,,,,,,,,,,,,,,,,,,,,,,,,,,,,,,,,,,,,,,,,,,,,,,,,,,,,,,,,0.6098,41,-1.0,-1.0,-0.0624,0.625,16,-3.0,-3.0,0.14,0.675,40,-1.0,-1.0,-0.1033,,,,,,,,,,,,,,,,,,,,,0.6,15,-2.0,-2.0,0.0578,0.6456,79,-1.0,-1.0,-0.0749,,,,,,0.6076,79,-1.0,-1.0,-0.1415,0.4665,0.9788
HMR,SPY,12,23,36,,,,,,,,,,,,,,,,,,,,,,,,,,,,,,,,,,,,,,,,,,,,,,,,,,,,,,,,,,,,,,,,,,,,,,,,,,,,,,,,,,,,,,,,,,,,,,,,,,,,,,,,,,0.6667,15,0.0,0.0,-1.487,,,,,,,,,,,0.5003,1.52
HMY,GDX,38,38,311,,,,,,,,,,,,,,,,,,,,,,,,,,,,,,,,,,,,,,,,,,,,,,,,,,,,,,,,,,,,,0.6316,19,3.0,3.0,0.8417,0.7083,24,1.0,1.0,-0.3,0.6818,22,1.0,1.0,0.5713,0.6522,23,-2.0,-2.0,-0.4627,,,,,,,,,,,,,,,,,,,,,0.6667,30,-4.0,-4.0,0.1825,,,,,,0.641,39,2.0,2.0,0.356,0.6552,29,-2.0,-2.0,-0.6579,0.9274,1.2583
HNGE,IWM,24,24,230,,,,,,0.6,10,0.0,0.0,-1.4583,,,,,,,,,,,,,,,,,,,,,,,,,,,,,,,0.6,10,0.0,0.0,1.5133,,,,,,0.7273,11,0.0,0.0,1.4475,,,,,,,,,,,,,,,,0.625,24,-1.0,-1.0,0.8027,0.625,40,2.0,3.0,-0.812,,,,,,,,,,,,,,,,,,,,,0.7143,14,-2.0,-2.0,0.507,,,,,,0.7143,14,-2.0,-2.0,0.614,,,,,,0.4595,0.6093
HNRG,GDX,13,19,142,,,,,,,,,,,,,,,,,,,,,,,,,,,,,,,,,,,,,,,,,,,,,,,,,,,,,,,,,,,,,0.7,20,1.0,2.0,0.5029,,,,,,,,,,,0.6154,13,-2.0,-2.0,-0.5675,,,,,,,,,,,,,,,,,,,,,0.75,12,1.0,1.0,0.7611,0.6471,17,2.0,2.0,-0.3718,0.6667,12,-1.0,-1.0,0.6488,0.6875,16,-4.0,-4.0,-0.4855,0.6321,0.3286
HNST,SPY,33,33,217,0.8333,12,0.0,0.0,1.503,,,,,,0.6667,24,-1.0,0.0,1.6425,,,,,,,,,,,,,,,,,,,,,,,,,,0.7143,28,-1.0,0.0,1.3965,,,,,,0.6429,28,-1.0,0.0,1.6617,,,,,,0.6667,18,-3.0,-3.0,0.42,0.6596,47,1.0,2.0,-0.3735,0.6957,23,3.0,3.0,0.5956,0.6296,27,1.0,1.0,-0.6024,,,,,,,,,,,,,,,,,,,,,,,,,,0.6296,81,-2.0,-1.0,-0.2696,,,,,,,,,,,0.4041,0.4252
HODL,IWM,30,30,217,,,,,,,,,,,,,,,,,,,,,,,,,,,,,,,,,,,,,,,,,,,,,,0.7857,14,0.0,0.0,-0.3636,,,,,,,,,,,0.6538,26,0.0,0.0,0.2747,0.6875,32,1.0,2.0,-0.15,,,,,,0.68,50,-2.0,-1.0,-0.2785,,,,,,,,,,,,,,,,,,,,,,,,,,0.6875,32,1.0,1.0,-0.1795,,,,,,0.7143,14,-2.0,-2.0,-0.304,0.5655,1.5907
HODU,SPY,24,30,78,,,,,,,,,,,,,,,,,,,,,,,,,,,,,,,,,,,,,,,,,,,,,,,,,,,,,,,,0.6667,12,0.0,0.0,-4.3737,,,,,,,,,,,,,,,,,,,,,,,,,,,,,,,,,,,,,,,,,0.6296,27,0.0,0.0,1.0659,,,,,,0.6458,48,-1.0,0.0,2.4332,,,,,,0.6719,4.6851
HOG,XLY,11,11,224,,,,,,,,,,,,,,,,,,,,,,,,,,,,,,,,,,,,,,,,,,,,,,,,,,,,,,,,,,,,,,,,,,0.6098,41,-1.0,-1.0,-0.2912,,,,,,,,,,,,,,,,,,,,,,,,,,,,,,,0.6364,11,-3.0,-3.0,0.2614,0.6224,98,-2.0,-1.0,-0.2682,0.8,10,-3.0,-3.0,0.4275,0.7,30,1.0,1.0,-0.3914,0.4485,0.5523
HOLO,SPY,30,33,122,,,,,,,,,,,,,,,,,,,,,,,,,,,,,,,,,,,,,,,,,,,,,,0.6154,13,0.0,0.0,-1.8638,0.7059,17,0.0,0.0,1.9617,,,,,,,,,,,0.75,12,1.0,1.0,-0.8422,0.7,10,0.0,0.0,1.1829,0.6,15,1.0,1.0,-1.4811,,,,,,,,,,,,,,,,,,,,,0.6667,27,-1.0,-1.0,0.7483,,,,,,,,,,,,,,,,0.5211,1.1052
HON,XLI,31,31,256,0.7647,17,0.0,0.0,0.9554,,,,,,,,,,,,,,,,,,,,,,,,,,,,,,,,,,,,,,,,,,,,,,,,,,,,,,,,0.6,10,-4.0,-4.0,0.1933,0.6667,36,-1.0,-1.0,-0.2904,0.675,40,1.0,1.0,0.2526,0.6522,23,2.0,2.0,-0.506,,,,,,,,,,,,,,,,,,,,,,,,,,0.6444,45,1.0,1.0,-0.321,0.6071,28,-2.0,-2.0,0.3976,,,,,,0.5964,0.6956
HONA,SPY,16,16,124,,,,,,,,,,,,,,,,,,,,,,,,,,,,,,,,,,,,,,,,,,,,,,,,,,,,,,,,,,,,,0.6364,11,-3.0,-3.0,0.2971,0.75,24,-2.0,-2.0,-0.4039,0.6,10,-3.0,-3.0,0.475,0.9231,13,3.0,3.0,-1.1083,,,,,,,,,,,,,,,,,,,,,,,,,,,,,,,,,,,,,,,,,0.5264,1.8894
HOOD,SPY,40,40,627,0.8,10,-1.0,-1.0,1.7525,,,,,,0.6,10,-1.0,-1.0,4.11,,,,,,,,,,,,,,,,,,,,,,,,,,,,,,,,,,,,,,,,,0.6,15,-1.0,-1.0,-1.9111,0.7,30,3.0,3.0,0.4543,0.6226,53,-5.0,-4.0,-0.2833,0.6316,19,-6.0,-6.0,0.8067,0.6667,33,-4.0,-4.0,-0.6986,,,,,,,,,,,,,,,,,,,,,,,,,,,,,,,,,,,,,,,,,0.6827,2.3442
HOOG,SPY,38,40,202,,,,,,,,,,,,,,,,,,,,,,,,,,,,,,,,,,,,,,,,,,,,,,,,,,,,,,,,0.6429,14,-1.0,-1.0,-3.9867,0.7273,11,1.0,1.0,1.4075,,,,,,,,,,,,,,,,,,,,,,,,,,,,,,,,,,,,,,,,,,,,,,0.6,10,1.0,1.0,1.8,,,,,,0.687,4.7176
HOOW,SPY,26,30,83,,,,,,,,,,,,,,,,,,,,,,,,,,,,,,,,,,,,,,,,,0.6,15,0.0,0.0,2.7256,,,,,,0.6667,12,0.0,0.0,3.5912,,,,,,,,,,,,,,,,,,,,,,,,,,,,,,,,,,,,,,,,,,,,,,,,,,,,,,,,,,,,,,,,,,0.6469,3.0583
HOOX,SPY,22,31,68,,,,,,,,,,,,,,,,,,,,,,,,,,,,,,,,,,,,,,,,,0.6364,11,0.0,0.0,3.5771,,,,,,0.6667,12,0.0,0.0,4.8037,,,,,,,,,,,,,,,,0.6364,11,15.0,15.0,1.6471,,,,,,,,,,,,,,,,,,,,,,,,,,,,,,,,,,,,0.7097,31,0.0,0.0,2.0673,,,,,,0.5863,4.1885
HOOY,SPY,20,24,63,,,,,,,,,,,,,,,,,,,,,,,,,,,,,,,,,,,,,,,,,,,,,,0.6,15,0.0,0.0,-2.7422,,,,,,,,,,,,,,,,,,,,,,,,,,,,,,,,,,,,,,,,,,,,,,,,,,,,,,,,,,,,,,,,,,,,,,,0.7065,1.929
HOOZ,QQQ,27,32,87,,,,,,,,,,,,,,,,,,,,,,,,,,,,,,,,,,,,,,,,,,,,,,,,,,,,,,,,,,,,,0.6364,11,-15.0,-15.0,0.7171,,,,,,,,,,,,,,,,,,,,,,,,,,,,,,,,,,,,,,,,,0.6471,17,-1.0,-1.0,-1.0536,0.6111,18,-1.0,-1.0,1.9655,0.75,12,0.0,0.0,-2.0811,-0.623,-2.1482
HOVR,SPY,38,38,237,,,,,,,,,,,,,,,,,,,,,,,,,,,,,,,,,,,,,,,,,,,,,,0.6,15,-1.0,-1.0,-4.0689,,,,,,0.6,15,-1.0,-1.0,-4.6156,0.6154,13,0.0,0.0,0.8863,0.6,30,-3.0,-2.0,-0.6506,0.6154,13,-5.0,-5.0,0.7713,0.6538,26,0.0,1.0,-0.9476,,,,,,,,,,,,,,,,,,,,,,,,,,0.6364,11,-2.0,-2.0,-0.8957,,,,,,0.6,10,1.0,1.0,-0.6483,0.7357,2.4996
HOWL,SPY,13,20,76,,,,,,,,,,,,,,,,,,,,,,,,,,,,,,,,,,,,,,,,,,,,,,,,,,,,,,,,,,,,,,,,,,,,,,,,,,,,,,,,,,,,,,,,,,,,,,,,,,,,,,,,,,0.6735,49,-1.0,0.0,-1.2661,,,,,,0.7059,17,-1.0,-1.0,-2.1317,0.0907,0.2795
HPAI,IGV,10,21,36,,,,,,,,,,,,,,,,,,,,,,,,,,,,,,,,,,,,,,,,,,,,,,,,,,,,,,,,,,,,,,,,,,,,,,,,,,,,,,,,,,,,,,,,,,,,,,,,,,,,,,,,,,,,,,,,,,,,,,,,,0.1437,0.3566
HPE,XLK,40,40,424,,,,,,,,,,,0.6,10,-1.0,-1.0,2.0217,,,,,,,,,,,,,,,,,,,,,,,,,,,,,,,,,,,,,,,,,,,,,,,,,,,0.6667,36,1.0,1.0,-0.3121,0.6607,56,0.0,0.0,0.58,0.6053,38,1.0,1.0,-0.5304,,,,,,,,,,,,,,,,,,,,,,,,,,,,,,,,,,,,,,,,,0.6302,0.7139
HPK,XLE,14,16,153,,,,,,,,,,,,,,,,,,,,,,,,,,,,,,,,,,,,,,,,,,,,,,,,,,,,,,,,,,,,,,,,,,0.6,10,3.0,3.0,-0.16,,,,,,0.6,10,0.0,0.0,-0.5983,,,,,,,,,,,,,,,,,,,,,,,,,,0.6207,58,0.0,2.0,-0.345,0.8,10,-3.0,-3.0,1.1688,0.8,15,-2.0,-2.0,-1.0225,0.7981,1.4124
HPQ,XLK,40,40,319,,,,,,,,,,,,,,,,,,,,,,,,,,,,,,,,,,,,,,,,,,,,,,,,,,,,,,,,,,,,,0.7,10,8.0,8.0,0.5129,0.6275,51,0.0,0.0,-0.2684,,,,,,0.6667,27,2.0,2.0,-0.5344,,,,,,,,,,,,,,,,,,,,,,,,,,0.6087,46,2.0,2.0,-0.2018,0.619,42,-1.0,-1.0,0.4196,0.6364,44,2.0,2.0,-0.2782,0.0863,0.0355
HQ,QQQ,20,24,146,,,,,,,,,,,,,,,,,,,,,,,,,,,,,,,,,,,,,,,,,,,,,,,,,,,,,,,,,,,,,,,,,,0.6667,21,15.0,15.0,-2.5279,0.6,20,15.0,15.0,4.59,,,,,,,,,,,,,,,,,,,,,,,,,,,,,,,0.8125,16,-2.0,-2.0,-0.5777,,,,,,,,,,,0.5373,1.0483
HRL,XLP,30,30,239,0.625,16,0.0,0.0,0.789,,,,,,0.6364,11,-1.0,-1.0,0.6943,,,,,,,,,,,,,,,,,,,,,,,,,,,,,,,,,,,,,,,,,,,,,,0.6333,30,-2.0,-2.0,0.2047,0.6,60,-1.0,-1.0,-0.1894,,,,,,0.6,65,0.0,0.0,-0.2005,,,,,,,,,,,,,,,,,,,,,0.6,10,2.0,2.0,0.0633,,,,,,,,,,,0.6471,51,1.0,2.0,-0.2433,0.7765,0.8608
HRMY,IBB,10,12,178,,,,,,,,,,,,,,,,,,,,,,,,,,,,,,,,,,,,,,,,,,,,,,,,,,,,,,,,,,,,,,,,,,0.6923,52,-2.0,-1.0,-0.2369,0.6364,22,1.0,1.0,0.6171,0.6447,76,-2.0,0.0,-0.3614,,,,,,,,,,,,,,,,,,,,,,,,,,0.6667,45,-2.0,-1.0,-0.2327,,,,,,0.6739,46,-2.0,-1.0,-0.3735,0.5609,0.6369
HROW,XBI,15,18,159,,,,,,,,,,,,,,,,,,,,,,,,,,,,,,,,,,,,,,,,,,,,,,,,,,,,,,,,,,,,,0.6087,23,1.0,2.0,0.3457,0.6667,18,-1.0,-1.0,-0.2233,0.6,15,-2.0,-2.0,0.8244,0.6,25,0.0,0.0,-0.476,,,,,,,,,,,,,,,,,,,,,0.6667,12,2.0,2.0,0.2375,0.6,40,0.0,0.0,-0.2317,,,,,,0.6667,15,-1.0,-1.0,-0.494,0.649,0.6383
HRTX,QQQ,23,28,216,,,,,,,,,,,,,,,,,,,,,,,,,,,,,,,,,,,,,,,,,,,,,,,,,,,,,,,,,,,,,,,,,,0.6875,32,2.0,3.0,-0.4959,0.6316,19,0.0,0.0,1.0717,0.6774,31,2.0,3.0,-0.8433,,,,,,,,,,,,,,,,,,,,,,,,,,0.7333,45,0.0,0.0,-0.577,,,,,,0.6078,51,0.0,0.0,-1.0213,0.565,0.7825
HRZN,SPY,21,24,164,0.6,10,-1.0,-1.0,1.6967,,,,,,,,,,,,,,,,,,,,,,,,,,,,,,,,,,,,0.6923,13,0.0,0.0,1.5467,,,,,,0.6364,11,0.0,0.0,2.4457,,,,,,0.65,20,2.0,2.0,0.3431,0.6923,52,-2.0,0.0,-0.2231,0.7059,17,2.0,2.0,0.3917,0.7826,23,0.0,0.0,-0.435,,,,,,,,,,,,,,,,,,,,,,,,,,,,,,,,,,,,,,,,,0.4531,0.4669
HSAI,QQQ,36,36,253,,,,,,,,,,,,,,,,,,,,,,,,,,,,,,,,,,,,,,,,,,,,,,0.75,20,-1.0,0.0,-1.3733,,,,,,0.8,10,0.0,0.0,-1.38,0.75,16,2.0,2.0,0.3525,0.6765,34,-5.0,-4.0,-0.3017,0.64,25,0.0,0.0,0.7294,0.64,25,-3.0,-3.0,-0.4338,,,,,,,,,,,,,,,,,,,,,,,,,,0.6444,45,-3.0,-2.0,-0.34,,,,,,0.7273,44,-3.0,-2.0,-0.5606,0.6248,1.0753
HSBC,IBIT,40,40,262,0.6875,16,1.0,1.0,0.1864,0.6,10,-1.0,-1.0,-0.2533,,,,,,0.8,10,-1.0,-1.0,-0.3025,,,,,,,,,,,,,,,,,,,,,0.6,10,-1.0,-1.0,0.155,,,,,,,,,,,0.7,10,-1.0,-1.0,-0.2057,,,,,,0.7308,26,-1.0,-1.0,-0.09,,,,,,0.6111,36,2.0,2.0,-0.1482,,,,,,,,,,,,,,,,,,,,,,,,,,0.6471,17,-4.0,-4.0,-0.0727,0.6531,49,-4.0,-3.0,0.1837,0.6552,29,-2.0,-2.0,-0.1526,0.5534,0.3184
HSDT,IBIT,17,23,76,,,,,,,,,,,,,,,,,,,,,,,,,,,,,,,,,,,,,,,,,,,,,,,,,,,,,,,,,,,,,,,,,,,,,,,,,,,,,,,,,,,,,,,,,,,,,,,,,,,,,,,,,,0.6,10,0.0,0.0,-0.395,,,,,,0.7,20,-1.0,0.0,-1.0757,0.5249,0.4808
HSHP,SPY,11,13,99,,,,,,,,,,,,,,,,,,,,,,,,,,,,,,,,,,,,,,,,,,,,,,,,,,,,,,,,,,,,,,,,,,0.64,25,0.0,1.0,-0.2375,,,,,,,,,,,,,,,,,,,,,,,,,,,,,,,,,,,,,,,,,,,,,,0.7333,30,-1.0,-1.0,-0.3391,0.1088,0.2313
HST,IWM,11,11,236,,,,,,,,,,,,,,,,,,,,,,,,,,,,,,,,,,,,,,,,,,,,,,,,,,,,,,,,,,,,,,,,,,0.68,25,2.0,2.0,-0.1776,,,,,,0.7273,22,-3.0,-2.0,-0.2219,,,,,,,,,,,,,,,,,,,,,,,,,,0.6667,15,-2.0,-2.0,-0.151,,,,,,0.7059,17,-2.0,-2.0,-0.2792,0.6197,0.5366
HTCO,IWM,25,34,137,,,,,,,,,,,,,,,,,,,,,,,,,,,,,,,,,,,,,,,,,,,,,,,,,,,,,,,,0.7,10,0.0,0.0,-6.9586,,,,,,0.6154,13,-15.0,-15.0,-1.0362,0.6154,13,15.0,15.0,2.8262,0.9,10,0.0,0.0,-1.2211,,,,,,,,,,,,,,,,,,,,,,,,,,0.6316,19,1.0,1.0,-1.3967,0.7222,18,1.0,1.0,2.6662,0.7273,11,-2.0,-2.0,-3.5938,0.3844,1.1577
HTFL,IWM,15,16,200,,,,,,,,,,,,,,,,,,,,,,,,,,,,,,,,,,,,,,,,,,,,,,,,,,,,,,,,,,,,,0.8,10,-4.0,-4.0,0.2938,0.6897,29,-2.0,-1.0,-0.325,,,,,,0.7143,42,-3.0,-1.0,-0.6893,,,,,,,,,,,,,,,,,,,,,0.7143,14,-2.0,-2.0,0.418,0.6727,55,0.0,0.0,-0.5038,,,,,,0.6292,89,0.0,1.0,-0.6659,0.4581,0.5575
HTGC,XLF,22,22,222,0.6667,12,0.0,0.0,0.6075,,,,,,0.9167,12,0.0,0.0,0.55,,,,,,,,,,,,,,,,,,,,,,,,,,,,,,,,,,,,,,,,,,,,,,,,,,,0.6923,26,-3.0,-2.0,-0.1028,,,,,,0.6237,93,0.0,0.0,-0.2155,,,,,,,,,,,,,,,,,,,,,,,,,,0.6338,71,-2.0,-1.0,-0.0913,,,,,,0.6986,73,-2.0,-1.0,-0.2049,0.5255,0.4774
HTHT,XLY,15,16,222,,,,,,,,,,,,,,,,,,,,,,,,,,,,,,,,,,,,,,,,,,,,,,,,,,,,,,,,,,,,,0.7857,14,-2.0,-2.0,0.1791,0.6087,23,-3.0,-3.0,-0.1971,0.6667,12,-4.0,-4.0,0.255,0.6034,58,0.0,0.0,-0.2517,,,,,,,,,,,,,,,,,,,,,,,,,,0.6296,27,-2.0,-2.0,-0.1147,,,,,,0.6,10,-3.0,-3.0,-0.1583,0.4624,0.4491
HTZ,SPY,39,39,311,,,,,,0.6,10,-1.0,-1.0,-1.0617,,,,,,0.6,10,-1.0,-1.0,-1.6133,,,,,,,,,,,,,,,,,,,,,,,,,,0.6471,34,-1.0,0.0,-1.9177,,,,,,0.7143,14,-1.0,-1.0,-1.633,,,,,,0.7333,30,-2.0,-2.0,-0.4027,,,,,,0.7368,38,2.0,3.0,-0.8086,,,,,,,,,,,,,,,,,,,,,,,,,,0.6333,270,-2.0,1.0,-0.4244,,,,,,0.6637,113,-2.0,-1.0,-0.7041,0.7778,1.6309
HUBC,IGV,34,39,331,,,,,,,,,,,,,,,,,,,,,,,,,,,,,,,,,,,,,,,,,,,,,,,,,,,,,,,,,,,,,,,,,,0.8182,11,-3.0,-3.0,-1.1133,0.9,10,-7.0,-7.0,1.5367,0.7273,11,-3.0,-3.0,-1.76,,,,,,,,,,,,,,,,,,,,,,,,,,0.7368,38,-3.0,-2.0,-1.6768,0.7143,21,-2.0,-2.0,1.83,0.7143,28,-4.0,-3.0,-6.19,0.119,1.1102
HUBS,IGV,39,39,259,,,,,,,,,,,,,,,,,,,,,,,,,,,,,,,,,,,,,,,,,,,,,,,,,,,,,,,,,,,,,0.64,25,-1.0,-1.0,0.3387,0.6,25,1.0,1.0,-0.5233,0.7143,14,4.0,4.0,0.65,0.6154,13,5.0,5.0,-0.5175,,,,,,,,,,,,,,,,,,,,,0.8333,12,-4.0,-4.0,0.401,,,,,,0.6714,70,-4.0,-2.0,0.6687,,,,,,0.7397,1.5665
HUM,IHF,10,10,186,,,,,,,,,,,,,,,,,,,,,,,,,,,,,,,,,,,,,,,,,,,,,,,,,,,,,,,,,,,,,0.6,10,3.0,3.0,0.2967,0.6552,29,-1.0,-1.0,-0.2553,0.6818,22,2.0,3.0,0.3613,,,,,,,,,,,,,,,,,,,,,,,,,,0.6875,32,-1.0,-1.0,0.3336,,,,,,0.75,12,-2.0,-2.0,0.2689,0.6,20,1.0,1.0,-0.4508,0.4318,0.7018
HUMA,SPY,38,38,293,,,,,,0.7,10,0.0,0.0,-2.3729,,,,,,0.8,10,0.0,0.0,-3.7638,,,,,,,,,,,,,,,,,,,,,,,,,,0.6154,13,-1.0,-1.0,-1.8538,,,,,,,,,,,0.6667,24,-3.0,-3.0,0.6019,0.7647,17,-15.0,-15.0,-0.8892,0.8,10,-6.0,-6.0,0.645,0.8571,14,3.0,3.0,-1.095,,,,,,,,,,,,,,,,,,,,,,,,,,0.7222,18,1.0,1.0,-0.8715,,,,,,0.6875,16,-2.0,-2.0,-2.1136,0.3552,1.0745
HUMN,QQQ,19,23,74,,,,,,,,,,,,,,,,,,,,,,,,,,,,,,,,,,,,,,,,,,,,,,,,,,,,,,,,,,,,,,,,,,,,,,,,,,,,,,,,,,,,,,,,,,,,,,,,,,,,,,,,,,0.6,10,0.0,0.0,-0.1233,0.8095,21,0.0,1.0,0.2735,,,,,,0.7545,1.3766
HUN,IWM,26,26,237,0.6154,13,0.0,0.0,1.2263,,,,,,0.6154,13,0.0,0.0,1.5863,,,,,,,,,,,,,,,,,,,,,,,,,,,,,,,,,,,,,,,,,,,,,,0.625,16,3.0,3.0,0.168,0.72,25,-4.0,-3.0,-0.3989,0.6,10,4.0,4.0,0.3117,0.6615,65,1.0,2.0,-0.4577,,,,,,,,,,,,,,,,,,,,,,,,,,,,,,,,,,,,,,,,,0.4496,0.6989
HURA,SPY,10,14,119,,,,,,,,,,,,,,,,,,,,,,,,,,,,,,,,,,,,,,,,,,,,,,,,,,,,,,,,,,,,,,,,,,,,,,,0.6,10,-4.0,-4.0,0.645,,,,,,,,,,,,,,,,,,,,,,,,,,,,,,,,,,,,,,,,,,,,,,0.6158,1.4405
HUT,SPY,40,40,272,,,,,,,,,,,,,,,,,,,,,,,,,,,,,,,,,,,,,,,,,,,,,,0.6316,19,0.0,0.0,-1.5508,,,,,,,,,,,0.7,20,2.0,2.0,0.6264,0.6667,15,-3.0,-3.0,-0.776,0.7241,29,5.0,6.0,0.849,0.6667,15,-5.0,-5.0,-0.798,,,,,,,,,,,,,,,,,,,,,,,,,,0.625,16,-2.0,-2.0,-0.557,,,,,,,,,,,0.7481,4.2073
HWM,XLI,11,11,230,,,,,,,,,,,,,,,,,,,,,,,,,,,,,,,,,,,,,,,,,,,,,,,,,,,,,,,,,,,,,0.6471,17,-3.0,-3.0,0.3427,0.7105,38,-1.0,-1.0,-0.2333,0.75,16,-3.0,-3.0,0.4225,0.6316,38,-1.0,-1.0,-0.3783,,,,,,,,,,,,,,,,,,,,,,,,,,0.6512,43,1.0,1.0,-0.165,,,,,,,,,,,0.7445,1.0708
HXHX,XTN,11,20,56,,,,,,,,,,,,,,,,,,,,,,,,,,,,,,,,,,,,,,,,,,,,,,,,,,,,,,,,,,,,,,,,,,0.6667,18,15.0,15.0,-7.7333,,,,,,,,,,,,,,,,,,,,,,,,,,,,,,,,,,,,,,,,,,,,,,,,,,,0.0138,0.0786
HYFT,SPY,19,26,77,,,,,,,,,,,,,,,,,,,,,,,,,,,,,,,,,,,,,,,,,,,,,,0.7,10,0.0,0.0,-1.9571,,,,,,,,,,,,,,,,,,,,,,,,,,,,,,,,,,,,,,,,,,,,,,,,,,,,,,,,0.6538,26,-1.0,-1.0,-0.5647,0.625,16,-1.0,-1.0,1.511,,,,,,0.6608,2.0175
HYG,SPY,21,21,241,,,,,,,,,,,,,,,,,,,,,,,,,,,,,,,,,,,,,,,,,,,,,,0.6364,11,-1.0,-1.0,-0.0386,,,,,,0.6364,11,-1.0,-1.0,-0.0671,,,,,,0.6441,118,0.0,0.0,-0.0149,,,,,,,,,,,,,,,,,,,,,,,,,,,,,,,,,,,,0.6231,130,0.0,1.0,-0.0141,,,,,,0.8667,15,1.0,1.0,-0.0231,0.7619,0.1525
HYLN,IWM,39,39,316,,,,,,0.7,10,0.0,0.0,-2.8314,,,,,,0.8,10,0.0,0.0,-4.5387,,,,,,,,,,,,,,,,,,,,,,,,,,0.6154,13,-1.0,-1.0,-1.86,,,,,,0.6154,13,-1.0,-1.0,-2.8575,0.6429,28,-3.0,-2.0,0.8017,0.6061,33,3.0,4.0,-0.9825,0.7097,31,-3.0,-2.0,1.2818,0.7692,13,-7.0,-7.0,-1.132,,,,,,,,,,,,,,,,,,,,,,,,,,0.6111,18,-2.0,-2.0,-1.0082,,,,,,0.6111,18,-2.0,-2.0,-2.0036,0.7302,2.3996
HYMC,GDX,39,39,257,,,,,,,,,,,,,,,,,,,,,,,,,,,,,,,,,,,,,,,,,,,,,,,,,,,,,,,,,,,,,0.6875,16,-1.0,-1.0,0.6345,0.6897,29,1.0,2.0,-0.6005,0.8,10,5.0,5.0,0.64,0.6364,11,-4.0,-4.0,-0.9543,,,,,,,,,,,,,,,,,,,,,0.6,20,0.0,0.0,0.99,0.7083,48,-3.0,-2.0,-0.5065,0.6875,48,0.0,1.0,1.0073,0.7,20,-2.0,-2.0,-1.0979,0.951,1.2135
HYPD,QQQ,17,22,79,,,,,,,,,,,,,,,,,,,,,,,,,,,,,,,,,,,,,,,,,,,,,,,,,,,,,,,,,,,,,,,,,,,,,,,,,,,,,,,,,,,,,,,,,,,,,,,,,,,,,,,,,,,,,,,,,,,,0.7143,35,-1.0,0.0,-1.7564,0.5396,0.9902
HYPR,SPY,15,17,143,,,,,,,,,,,,,,,,,,,,,,,,,,,,,,,,,,,,,,,,,,,,,,,,,,,,,,,,0.6,10,0.0,0.0,-1.9683,,,,,,0.7576,33,-1.0,1.0,-0.21,,,,,,0.7273,22,-2.0,-1.0,-0.5581,,,,,,,,,,,,,,,,,,,,,,,,,,0.6471,85,-1.0,0.0,-0.408,,,,,,0.62,50,0.0,0.0,-0.8906,0.4401,1.0554
IAG,GDX,37,37,250,,,,,,,,,,,,,,,,,,,,,,,,,,,,,,,,,,,,,,,,,,,,,,,,,,,,,,,,,,,,,0.6667,24,1.0,1.0,0.4525,0.7561,41,-3.0,-2.0,-0.3313,0.6667,12,5.0,5.0,0.75,0.6667,24,0.0,0.0,-0.2456,,,,,,,,,,,,,,,,,,,,,0.72,25,1.0,1.0,0.4172,0.625,32,-3.0,-3.0,-0.4,0.6,10,4.0,4.0,0.3433,0.6,30,-4.0,-4.0,-0.4711,0.9654,1.0956
IAU,IWM,40,40,378,0.6,15,0.0,0.0,0.3811,,,,,,,,,,,0.7333,15,0.0,0.0,-0.1518,,,,,,,,,,,,,,,,,,,,,0.6316,19,0.0,0.0,0.2867,0.6154,13,-1.0,-1.0,-0.2612,,,,,,0.6923,13,-1.0,-1.0,-0.3089,,,,,,0.6,60,-2.0,-2.0,-0.1286,,,,,,0.6364,11,2.0,2.0,-0.2014,,,,,,,,,,,,,,,,,,,,,0.6316,19,-2.0,-2.0,0.1383,,,,,,0.6,20,-2.0,-2.0,0.1708,,,,,,0.4977,0.7236
IAUI,IWM,16,19,94,,,,,,,,,,,,,,,,,,,,,,,,,,,,,,,,,,,,,,,,,,,,,,,,,,,,,,,,,,,,,,,,,,0.6471,17,0.0,0.0,-0.2791,,,,,,0.6875,16,-1.0,-1.0,-0.1545,,,,,,,,,,,,,,,,,,,,,,,,,,0.6667,27,0.0,1.0,-0.2333,,,,,,0.6562,32,-1.0,-1.0,-0.1481,0.4732,0.613
IAUM,IWM,40,40,298,0.7333,15,0.0,0.0,0.2127,0.6,10,-1.0,-1.0,-0.1567,,,,,,0.6,25,-1.0,0.0,-0.198,,,,,,,,,,,,,,,,,,,,,,,,,,,,,,,,,,,,0.7143,14,-1.0,-1.0,-0.306,,,,,,0.6111,54,-2.0,-2.0,-0.14,0.6111,18,-3.0,-3.0,0.1418,0.8182,11,2.0,2.0,-0.2,,,,,,,,,,,,,,,,,,,,,0.6667,18,-2.0,-2.0,0.1333,,,,,,0.6316,19,-2.0,-2.0,0.1642,,,,,,0.5015,0.7222
IAUX,GDX,35,35,229,,,,,,,,,,,,,,,,,,,,,,,,,,,,,,,,,,,,,,,,,,,,,,,,,,,,,,,,,,,,,,,,,,0.8,15,-4.0,-4.0,-0.2025,0.7,10,-5.0,-5.0,0.8129,0.661,59,0.0,1.0,-0.4641,,,,,,,,,,,,,,,,,,,,,,,,,,0.6607,56,2.0,4.0,-0.4259,0.6111,18,0.0,0.0,0.7873,0.6949,59,-4.0,-3.0,-0.4954,0.8954,0.7744
IBB,IWM,17,17,234,,,,,,,,,,,,,,,,,,,,,,,,,,,,,,,,,,,,,,,,,,,,,,,,,,,,,,,,,,,,,,,,,,0.7037,27,2.0,2.0,-0.2021,,,,,,0.64,25,2.0,2.0,-0.2744,,,,,,,,,,,,,,,,,,,,,,,,,,,,,,,,,,,,,,,,,0.6593,0.4066
IBIO,IWM,19,22,160,,,,,,,,,,,,,,,,,,,,,,,,,,,,,,,,,,,,,,,,,,,,,,,,,,,,,,,,,,,,,0.6111,18,-2.0,-2.0,0.63,0.8667,15,-1.0,-1.0,-0.3792,,,,,,0.7333,30,0.0,1.0,-0.61,,,,,,,,,,,,,,,,,,,,,,,,,,0.6909,55,0.0,1.0,-0.4032,,,,,,0.6512,43,-1.0,-1.0,-0.8725,0.555,0.9127
IBIT,IWM,40,40,682,,,,,,0.6364,11,-1.0,-1.0,-0.4057,,,,,,0.6364,11,-1.0,-1.0,-0.5771,,,,,,,,,,,,,,,,,,,,,,,,,,0.6842,19,0.0,0.0,-0.4008,,,,,,,,,,,0.625,40,-4.0,-4.0,0.238,0.6389,108,-1.0,-1.0,-0.2181,,,,,,0.6458,192,-2.0,-1.0,-0.2966,,,,,,,,,,,,,,,,,,,,,,,,,,0.641,78,1.0,1.0,-0.152,,,,,,0.6135,207,0.0,0.0,-0.2902,0.5748,1.6207
IBKR,SPY,36,36,249,,,,,,0.6364,11,-1.0,-1.0,-0.9229,,,,,,,,,,,,,,,,,,,,,,,,,,,,,,,,,,,,0.6923,13,-1.0,-1.0,-0.9089,0.6842,19,0.0,0.0,1.2423,,,,,,0.6066,61,-3.0,-2.0,0.2859,0.7037,27,-1.0,-1.0,-0.2763,,,,,,0.6429,28,-1.0,-1.0,-0.5517,,,,,,,,,,,,,,,,,,,,,,,,,,0.6,15,1.0,1.0,-0.1844,,,,,,0.6875,16,-2.0,-2.0,-0.5518,0.8395,2.0899
IBM,IGV,40,40,529,,,,,,,,,,,,,,,,,,,,,,,,,,,,,,,,,,,,,,,,,,,,,,,,,,,,,,,,,,,,,,,,,,0.6923,26,2.0,2.0,-0.3828,0.6279,43,-3.0,-3.0,0.6259,0.6087,23,2.0,2.0,-0.4636,,,,,,,,,,,,,,,,,,,,,,,,,,0.6316,19,3.0,3.0,-0.2383,0.6176,34,1.0,1.0,0.451,,,,,,0.5446,0.9159
IBN,KRE,17,17,238,,,,,,,,,,,0.6,10,0.0,0.0,0.72,,,,,,,,,,,,,,,,,,,,,,,,,,,,,,,,,,,,,,,,,,,,,,,,,,,0.8261,23,-2.0,-2.0,-0.1011,,,,,,0.6087,92,1.0,2.0,-0.1386,,,,,,,,,,,,,,,,,,,,,0.6053,38,1.0,1.0,0.0996,0.6173,162,-2.0,0.0,-0.0806,,,,,,0.6319,163,-2.0,0.0,-0.1365,0.5625,1.0307
IBRX,XBI,40,40,329,,,,,,0.6667,15,0.0,0.0,-1.708,,,,,,,,,,,,,,,,,,,,,,,,,,,,,,,,,,,,,,,,,,,,,,,,,,,,,,,,0.6087,46,-2.0,-2.0,-0.3086,0.6341,41,-1.0,-1.0,0.5992,0.6136,44,-2.0,-2.0,-0.6785,,,,,,,,,,,,,,,,,,,,,,,,,,0.7714,35,-1.0,-1.0,-0.4381,0.6667,12,-4.0,-4.0,0.625,0.6,35,-1.0,-1.0,-1.0557,0.8212,1.1128
IBX,SPY,40,40,316,,,,,,,,,,,,,,,,,,,,,,,,,,,,,,,,,,,,,,,,,0.7143,14,-1.0,-1.0,2.109,,,,,,0.6,15,-1.0,-1.0,3.4589,0.6,20,0.0,0.0,-2.7158,0.6154,13,2.0,2.0,1.1488,0.6316,38,-4.0,-3.0,-0.525,0.7059,17,-15.0,-15.0,1.0675,0.6071,28,-1.0,0.0,-0.9706,,,,,,,,,,,,,,,,,,,,,,,,,,0.8,10,1.0,1.0,-0.6725,,,,,,0.7059,17,-2.0,-2.0,-0.6658,0.0891,0.523
ICCM,XLV,20,27,134,,,,,,,,,,,,,,,,,,,,,,,,,,,,,,,,,,,,,,,,,,,,,,,,,,,,,,,,,,,,,0.6667,15,-15.0,-15.0,1.129,,,,,,,,,,,0.7647,17,-15.0,-15.0,-1.3577,,,,,,,,,,,,,,,,,,,,,0.6364,11,1.0,1.0,1.7886,,,,,,,,,,,0.6364,11,-2.0,-2.0,-10.68,0.1365,0.7583
ICE,XLF,18,18,238,,,,,,0.6429,14,0.0,0.0,-0.7533,,,,,,0.6429,14,0.0,0.0,-0.7533,,,,,,,,,,,,,,,,,,,,,,,,,,,,,,,,,,,,,,,,,,,,,,0.6129,31,1.0,1.0,-0.1326,,,,,,,,,,,,,,,,,,,,,,,,,,,,,,,,,,,,0.6667,18,1.0,1.0,-0.1308,,,,,,,,,,,0.3689,0.6643
ICHR,XLI,33,33,224,,,,,,,,,,,,,,,,,,,,,,,,,,,,,,,,,,,,,,,,,,,,,,,,,,,,,,,,,,,,,0.6,10,-1.0,-1.0,0.575,0.6667,12,-5.0,-5.0,-0.7675,0.6857,35,-3.0,-2.0,0.7729,0.6667,12,1.0,1.0,-1.3562,,,,,,,,,,,,,,,,,,,,,,,,,,0.6364,22,-2.0,-2.0,-0.6257,,,,,,,,,,,0.7638,5.0402
ICL,SPY,24,28,197,,,,,,,,,,,,,,,,,,,,,,,,,,,,,,,,,,,,,,,,,,,,,,0.75,12,0.0,0.0,-0.6122,,,,,,0.7143,14,0.0,0.0,-0.599,,,,,,0.6923,13,2.0,2.0,-0.0711,,,,,,0.7297,37,-1.0,-1.0,-0.1911,,,,,,,,,,,,,,,,,,,,,,,,,,,,,,,,,,,,0.6119,67,-1.0,-1.0,-0.2224,0.266,0.5414
ICLN,QQQ,29,29,242,,,,,,,,,,,,,,,,,,,,,,,,,,,,,,,,,,,,,,,,,,,,,,,,,,,,,,,,,,,,,,,,,,,,,,,0.7407,27,-2.0,-2.0,0.455,0.6667,30,-3.0,-3.0,-0.4165,,,,,,,,,,,,,,,,,,,,,,,,,,0.6667,12,-3.0,-3.0,-0.2425,,,,,,,,,,,0.8144,0.9456
ICSH,IWM,23,25,215,,,,,,,,,,,,,,,,,,,,,,,,,,,,,,,,,,,,,,,,,0.6364,11,0.0,0.0,0.02,,,,,,,,,,,,,,,,,,,,,0.7268,194,-1.0,0.0,-0.0036,,,,,,0.7405,185,-1.0,0.0,-0.0036,,,,,,,,,,,,,,,,,,,,,,,,,,0.7321,168,-1.0,1.0,-0.0037,,,,,,0.7702,161,-1.0,1.0,-0.0034,0.2186,0.0051
IDYA,XBI,16,19,186,,,,,,,,,,,,,,,,,,,,,,,,,,,,,,,,,,,,,,,,,,,,,,,,,,,,,,,,,,,,,0.65,20,-1.0,-1.0,0.37,0.6207,29,2.0,3.0,-0.3111,0.7333,15,-2.0,-2.0,0.23,0.7419,31,2.0,3.0,-0.5717,,,,,,,,,,,,,,,,,,,,,0.6667,15,-1.0,-1.0,0.328,,,,,,,,,,,0.6379,58,1.0,2.0,-0.4238,0.7426,0.9851
IE,IWM,29,29,242,,,,,,,,,,,,,,,,,,,,,,,,,,,,,,,,,,,,,,,,,,,,,,0.6923,13,0.0,0.0,-1.4444,,,,,,0.6154,13,0.0,0.0,-1.9863,0.75,16,-4.0,-4.0,0.5967,0.6667,27,-1.0,-1.0,-0.3506,0.6,15,-4.0,-4.0,0.98,0.6897,29,-6.0,-5.0,-0.6215,,,,,,,,,,,,,,,,,,,,,0.625,16,-2.0,-2.0,0.405,0.6164,73,0.0,0.0,-0.4353,0.6,15,-2.0,-2.0,0.9378,0.6104,77,0.0,0.0,-0.713,0.7878,2.0039
IEF,IWM,39,39,261,,,,,,0.6429,14,-1.0,-1.0,-0.0533,0.6,25,0.0,0.0,0.0727,0.7143,14,-1.0,-1.0,-0.095,,,,,,,,,,,,,,,,,,,,,,,,,,0.75,12,-1.0,-1.0,-0.0422,,,,,,0.75,12,-1.0,-1.0,-0.0856,,,,,,0.6058,241,-1.0,0.0,-0.0191,,,,,,,,,,,,,,,,,,,,,,,,,,,,,,,0.6875,16,-2.0,-2.0,0.03,0.6646,164,-1.0,0.0,-0.0185,,,,,,,,,,,0.452,0.1217
IEI,IWM,16,16,204,,,,,,,,,,,,,,,,0.6,10,0.0,0.0,-0.035,,,,,,,,,,,,,,,,,,,,,,,,,,,,,,,,,,,,,,,,,,,,,,0.6412,170,-1.0,0.0,-0.0117,,,,,,0.62,100,0.0,0.0,-0.0169,,,,,,,,,,,,,,,,,,,,,,,,,,0.6622,148,-1.0,1.0,-0.0119,0.6429,14,-2.0,-2.0,0.0367,0.6559,93,0.0,1.0,-0.0184,0.4084,0.0708
IEMG,QQQ,23,23,244,,,,,,,,,,,,,,,,,,,,,,,,,,,,,,,,,,,,,,,,,,,,,,,,,,,,,,,,,,,,,0.6944,36,2.0,3.0,0.0916,0.6111,18,-3.0,-3.0,-0.0936,0.6071,56,-1.0,-1.0,0.2256,,,,,,,,,,,,,,,,,,,,,,,,,,0.6909,55,1.0,2.0,0.0903,0.6757,37,-2.0,-2.0,-0.1108,0.64,50,0.0,0.0,0.2063,0.6667,12,-3.0,-3.0,-0.3,0.9037,1.3385
IEP,XLF,18,23,163,,,,,,0.6,10,0.0,0.0,-0.4767,,,,,,0.6,10,0.0,0.0,-0.6233,,,,,,,,,,,,,,,,,,,,,,,,,,,,,,,,,,,,,,,,,,,,,,0.6373,102,-1.0,0.0,-0.1046,,,,,,0.7288,59,-2.0,-1.0,-0.1563,,,,,,,,,,,,,,,,,,,,,,,,,,0.7213,61,0.0,0.0,-0.095,,,,,,0.6364,66,0.0,0.0,-0.1974,0.1899,0.1116
IFRX,SPY,15,18,162,,,,,,,,,,,,,,,,,,,,,,,,,,,,,,,,,,,,,,,,,,,,,,0.9,10,0.0,0.0,-2.8789,,,,,,0.8182,11,0.0,0.0,-2.4389,,,,,,0.7059,17,-2.0,-2.0,-0.7158,,,,,,0.8235,51,-2.0,1.0,-0.8293,,,,,,,,,,,,,,,,,,,,,,,,,,0.6126,111,-1.0,1.0,-0.6399,,,,,,0.7043,115,-2.0,0.0,-0.8738,0.4687,1.2513
IGC,IWM,12,32,49,,,,,,,,,,,,,,,,,,,,,,,,,,,,,,,,,,,,,,,,,,,,,,,,,,,,,,,,,,,,,,,,,,,,,,,,,,,,,,,,,,,,,,,,,,,,,,,,,,,,,,,,,,0.9,10,0.0,0.0,-0.5678,,,,,,0.6,10,0.0,0.0,-1.385,0.0627,0.1258
IGLD,IWM,15,15,96,,,,,,,,,,,,,,,,,,,,,,,,,,,,,,,,,,,,,,,,,,,,,,,,,,,,,,,,,,,,,,,,,,0.9,10,-2.0,-2.0,-0.0978,0.6429,14,-1.0,-1.0,0.2356,,,,,,,,,,,,,,,,,,,,,,,,,,,,,,,0.625,24,-1.0,-1.0,-0.0973,,,,,,0.6316,19,0.0,0.0,-0.1467,0.5851,0.6114
IGR,SPY,10,14,95,,,,,,,,,,,,,,,,,,,,,,,,,,,,,,,,,,,,,,,,,,,,,,,,,,,,,,,,,,,,,,,,,,0.6429,28,0.0,0.0,-0.085,,,,,,0.72,25,0.0,0.0,-0.1483,,,,,,,,,,,,,,,,,,,,,,,,,,0.6562,64,-1.0,0.0,-0.1029,,,,,,0.6154,39,0.0,0.0,-0.1488,0.3777,0.2725
IGV,SPY,40,40,389,,,,,,,,,,,0.6429,14,-1.0,-1.0,1.0911,,,,,,,,,,,,,,,,,,,,,,,,,,0.65,20,0.0,0.0,0.8231,0.6667,15,-1.0,-1.0,-0.888,0.65,20,0.0,0.0,1.4285,,,,,,0.6667,12,3.0,3.0,0.2612,,,,,,0.6818,22,2.0,2.0,0.2527,,,,,,,,,,,,,,,,,,,,,,,,,,,,,,,,,,,,,,,,,0.7,20,-2.0,-2.0,-0.2814,0.1754,0.3136
IHG,XLY,30,30,109,,,,,,,,,,,0.7692,13,0.0,0.0,0.474,,,,,,,,,,,,,,,,,,,,,,,,,,,,,,,,,,,,,,,,,,,,,,0.6818,22,0.0,0.0,0.1407,0.7,20,1.0,1.0,-0.1786,,,,,,0.75,24,1.0,1.0,-0.36,,,,,,,,,,,,,,,,,,,,,0.6364,22,0.0,0.0,0.1121,0.6296,27,-1.0,-1.0,-0.1582,,,,,,0.8182,11,-2.0,-2.0,-0.1544,0.6003,0.5096
IHI,IWM,14,14,239,,,,,,,,,,,,,,,,,,,,,,,,,,,,,,,,,,,,,,,,,,,,,,,,,,,,,,,,,,,,,0.6875,16,-3.0,-3.0,0.1264,0.6,55,0.0,0.0,-0.1145,,,,,,0.6071,28,-2.0,-2.0,-0.3271,,,,,,,,,,,,,,,,,,,,,0.625,16,-2.0,-2.0,0.147,0.7045,44,1.0,1.0,-0.1581,0.625,16,-2.0,-2.0,0.243,,,,,,0.1426,0.1114
IHRT,SPY,10,10,156,,,,,,,,,,,,,,,,,,,,,,,,,,,,,,,,,,,,,,,,,,,,,,,,,,,,,,,,,,,,,0.6667,12,0.0,0.0,0.3325,,,,,,,,,,,0.6,10,2.0,2.0,-0.7067,,,,,,,,,,,,,,,,,,,,,,,,,,,,,,,,,,,,,,,,,0.5625,1.125
IIPR,IWM,10,11,98,,,,,,,,,,,,,,,,,,,,,,,,,,,,,,,,,,,,,,,,,,,,,,,,,,,,,,,,,,,,,,,,,,0.6429,14,-1.0,-1.0,-0.3244,,,,,,0.6216,37,0.0,1.0,-0.417,,,,,,,,,,,,,,,,,,,,,,,,,,0.6522,23,-1.0,-1.0,-0.2107,,,,,,,,,,,0.6908,0.4368
IJH,IWM,12,12,246,,,,,,,,,,,,,,,,,,,,,,,,,,,,,,,,,,,,,,,,,,,,,,,,,,,,,,,,,,,,,,,,,,,,,,,,,,,,0.6,15,-2.0,-2.0,-0.1489,,,,,,,,,,,,,,,,,,,,,0.625,16,-2.0,-2.0,0.143,,,,,,,,,,,,,,,,0.9131,0.6977
IJR,IWM,12,12,236,,,,,,,,,,,,,,,,,,,,,,,,,,,,,,,,,,,,,,,,,,,,,,,,,,,,,,,,,,,,,,,,,,,,,,,,,,,,,,,,,,,,,,,,,,,,,,,,,,,,,,,,,,,,,,,,,,,,,,,,,0.9491,0.711
IKT,IWM,13,16,159,,,,,,,,,,,,,,,,,,,,,,,,,,,,,,,,,,,,,,,,,,,,,,,,,,,,,,,,,,,,,,,,,,0.6786,84,-1.0,2.0,-0.2958,0.6471,17,-1.0,-1.0,0.9827,0.7703,74,0.0,2.0,-0.584,,,,,,,,,,,,,,,,,,,,,,,,,,0.6404,114,-1.0,1.0,-0.3108,,,,,,0.6216,74,0.0,1.0,-0.5837,0.5609,0.9157
ILLR,IBIT,26,37,174,,,,,,,,,,,,,,,,,,,,,,,,,,,,,,,,,,,,,,,,,,,,,,,,,,,,,,,,,,,,,,,,,,0.7073,41,15.0,15.0,-8.6255,,,,,,,,,,,,,,,,,,,,,,,,,,,,,,,0.65,20,-2.0,-2.0,4.9915,0.68,75,-1.0,1.0,-4.4616,,,,,,0.75,36,0.0,0.0,-5.6933,0.066,0.1646
ILMN,SPY,17,17,223,,,,,,,,,,,,,,,,,,,,,,,,,,,,,,,,,,,,,,,,,,,,,,,,,,,,,,,,,,,,,0.6222,45,-3.0,-2.0,0.2104,,,,,,0.6207,58,0.0,1.0,0.6478,,,,,,,,,,,,,,,,,,,,,,,,,,0.75,12,1.0,1.0,0.4022,,,,,,0.8462,13,1.0,1.0,0.3264,,,,,,0.49,0.6011
IMAX,IWM,12,14,173,,,,,,,,,,,,,,,,,,,,,,,,,,,,,,,,,,,,,,,,,,,,,,,,,,,,,,,,,,,,,0.6071,28,0.0,0.0,0.3082,0.7059,17,-2.0,-2.0,-0.3175,,,,,,0.625,16,-1.0,-1.0,-0.262,,,,,,,,,,,,,,,,,,,,,,,,,,0.6364,44,0.0,0.0,-0.3214,0.6,10,-2.0,-2.0,0.7683,,,,,,0.4622,0.46
IMCC,SPY,19,31,139,,,,,,,,,,,,,,,,,,,,,,,,,,,,,,,,,,,,,,,,,,,,,,,,,,,,,,,,,,,,,,,,,,0.72,25,15.0,15.0,-12.5139,,,,,,,,,,,,,,,,,,,,,,,,,,,,,,,,,,,,0.6211,95,-1.0,0.0,-4.1117,,,,,,,,,,,0.2296,1.4051
IMMP,QQQ,14,28,87,,,,,,,,,,,,,,,,,,,,,,,,,,,,,,,,,,,,,,,,,,,,,,,,,,,,,,,,,,,,,,,,,,,,,,,,,,,,0.6364,11,-4.0,-4.0,-1.1871,,,,,,,,,,,,,,,,,,,,,,,,,,0.6111,18,-1.0,-1.0,-1.1136,,,,,,0.6,15,-1.0,-1.0,-1.7533,0.0969,0.1293
IMMX,IWM,22,22,204,,,,,,,,,,,,,,,,,,,,,,,,,,,,,,,,,,,,,,,,,,,,,,,,,,,,,,,,,,,,,,,,,,0.6912,68,-1.0,2.0,-0.4885,0.6667,18,-2.0,-2.0,1.0033,0.7297,37,1.0,2.0,-0.913,,,,,,,,,,,,,,,,,,,,,,,,,,0.6556,90,0.0,1.0,-0.5647,,,,,,0.6944,36,1.0,1.0,-0.9748,0.5894,1.0657
IMNM,XBI,18,18,209,,,,,,,,,,,,,,,,,,,,,,,,,,,,,,,,,,,,,,,,,,,,,,,,,,,,,,,,,,,,,0.6389,36,-4.0,-2.0,0.3565,0.7143,35,-1.0,-1.0,-0.3204,,,,,,0.7857,14,3.0,3.0,-0.5864,,,,,,,,,,,,,,,,,,,,,,,,,,0.7368,19,2.0,2.0,-0.4179,,,,,,0.6842,38,1.0,1.0,-0.5619,0.8657,0.9331
IMOS,SOXX,11,17,55,,,,,,,,,,,,,,,,,,,,,,,,,,,,,,,,,,,,,,,,,,,,,,,,,,,,,,,,,,,,,,,,,,,,,,,,,,,,,,,,,,,,,,,,,,,,,,,,,,,,,,,,,,,,,,,,,,,,,,,,,0.4632,0.6233
IMPP,IWM,16,16,107,,,,,,,,,,,,,,,,,,,,,,,,,,,,,,,,,,,,,,,,,,,,,,,,,,,,,,,,,,,,,,,,,,0.7143,28,-1.0,0.0,-0.205,,,,,,0.75,28,-1.0,0.0,-0.3938,,,,,,,,,,,,,,,,,,,,,,,,,,0.661,59,-2.0,0.0,-0.2644,0.6111,18,1.0,1.0,1.0809,0.8636,22,0.0,0.0,-0.4147,0.0671,0.0732
IMRX,QQQ,20,21,212,,,,,,,,,,,,,,,,,,,,,,,,,,,,,,,,,,,,,,,,,,,,,,,,,,,,,,,,,,,,,,,,,,0.6944,36,-3.0,-2.0,-0.5084,,,,,,0.6667,39,-3.0,-2.0,-0.5919,,,,,,,,,,,,,,,,,,,,,,,,,,,,,,,,,,,,0.72,25,-2.0,-2.0,-0.5639,0.6057,0.5548
IMSR,SPY,40,40,284,,,,,,,,,,,,,,,,,,,,,,,,,,,,,,,,,,,,,,,,,0.6154,13,-1.0,-1.0,1.3663,,,,,,,,,,,,,,,,0.6087,23,-1.0,-1.0,0.8164,0.7,10,-3.0,-3.0,-0.9157,0.6429,42,2.0,4.0,1.0737,0.6923,26,1.0,1.0,-0.9717,,,,,,,,,,,,,,,,,,,,,,,,,,0.7222,18,-2.0,-2.0,-0.7492,,,,,,0.625,16,-2.0,-2.0,-0.92,0.8156,2.9932
IMVT,XBI,12,12,216,,,,,,,,,,,,,,,,,,,,,,,,,,,,,,,,,,,,,,,,,,,,,,,,,,,,,,,,,,,,,0.75,12,2.0,2.0,0.3556,0.6429,14,-3.0,-3.0,-0.4444,0.7083,24,-2.0,-2.0,0.3594,0.6154,13,-3.0,-3.0,-0.455,,,,,,,,,,,,,,,,,,,,,,,,,,0.6452,31,2.0,3.0,-0.243,,,,,,,,,,,0.8677,0.9914
INCY,IBB,13,13,218,,,,,,,,,,,,,,,,,,,,,,,,,,,,,,,,,,,,,,,,,,,,,,,,,,,,,,,,,,,,,0.6,10,-3.0,-3.0,0.1867,0.6452,31,1.0,1.0,-0.126,,,,,,,,,,,,,,,,,,,,,,,,,,,,,,,,,,,,0.7333,15,-2.0,-2.0,-0.2645,,,,,,0.6512,43,-1.0,-1.0,-0.2414,0.5552,0.7359
INDA,IWM,29,29,242,0.6,10,0.0,0.0,0.2283,,,,,,,,,,,,,,,,,,,,,,,,,,,,,,,,,,,,0.6,10,0.0,0.0,0.2817,,,,,,0.6,10,0.0,0.0,0.3033,,,,,,,,,,,,,,,,,,,,,0.6364,33,-2.0,-2.0,-0.069,,,,,,,,,,,,,,,,,,,,,0.6081,74,0.0,0.0,0.0536,,,,,,,,,,,0.61,100,-2.0,-1.0,-0.0826,0.4662,0.5308
INDI,QQQ,40,40,271,,,,,,,,,,,,,,,,,,,,,,,,,,,,,,,,,,,,,,,,,0.6,10,-1.0,-1.0,2.705,0.6667,12,0.0,0.0,-1.5537,0.7,10,-1.0,-1.0,3.9329,0.6667,12,0.0,0.0,-1.565,0.6,20,-3.0,-3.0,0.5092,0.6667,21,-4.0,-4.0,-0.3679,0.6364,11,4.0,4.0,0.9514,0.65,40,-4.0,-3.0,-0.7269,,,,,,,,,,,,,,,,,,,,,0.7391,46,1.0,1.0,0.7906,0.6667,12,-3.0,-3.0,-0.53,,,,,,0.7234,47,-3.0,-2.0,-0.9797,0.8681,1.8933
INDO,XLE,25,34,126,,,,,,,,,,,,,,,,,,,,,,,,,,,,,,,,,,,,,,,,,,,,,,,,,,,,,,,,,,,,,,,,,,0.8182,11,2.0,2.0,-0.2611,,,,,,0.65,20,0.0,1.0,-0.2631,,,,,,,,,,,,,,,,,,,,,,,,,,0.6585,41,-1.0,0.0,-0.3404,,,,,,0.7234,47,-2.0,0.0,-0.5088,0.7719,1.1883
INDP,QQQ,11,18,74,,,,,,,,,,,,,,,,,,,,,,,,,,,,,,,,,,,,,,,,,,,,,,,,,,,,,,,,,,,,,0.619,21,15.0,15.0,3.2169,0.6,10,-15.0,-15.0,-1.415,,,,,,,,,,,,,,,,,,,,,,,,,,,,,,,,,,,,,,,,,,,,,,,,,,,0.1508,0.3701
INDV,XBI,19,21,199,,,,,,,,,,,,,,,,0.6,10,0.0,0.0,-0.915,,,,,,,,,,,,,,,,,,,,,,,,,,,,,,,,,,,,,,,,,0.75,12,-3.0,-3.0,0.3356,0.6111,36,-2.0,-2.0,-0.1095,0.9167,12,-3.0,-3.0,0.5255,,,,,,,,,,,,,,,,,,,,,,,,,,,,,,,0.6216,37,-2.0,-1.0,-0.1852,0.6562,32,-2.0,-1.0,0.2871,0.6122,49,0.0,0.0,-0.3477,0.5544,0.4906
INFH,SPY,19,25,61,,,,,,,,,,,,,,,,,,,,,,,,,,,,,,,,,,,,,,,,,,,,,,,,,,,,,,,,,,,,,0.7,10,15.0,15.0,1.9843,,,,,,0.9,10,15.0,15.0,2.5533,,,,,,,,,,,,,,,,,,,,,,,,,,,,,,,,,,,,,,,,,0.6875,16,0.0,0.0,-2.6727,0.3672,2.519
INFQ,SPY,40,40,589,,,,,,,,,,,,,,,,,,,,,,,,,,,,,,,,,,,,,,,,,,,,,,0.6286,35,-1.0,0.0,-2.925,,,,,,0.65,20,0.0,0.0,-4.6108,0.6154,13,-6.0,-6.0,0.4862,0.6154,39,-1.0,-1.0,-0.3083,0.8182,11,12.0,12.0,1.1589,0.6455,110,1.0,3.0,-0.8244,,,,,,,,,,,,,,,,,,,,,,,,,,0.6,30,-2.0,-2.0,-0.76,,,,,,,,,,,0.3715,1.3947
INFY,IGV,33,33,262,,,,,,,,,,,,,,,,,,,,,,,,,,,,,,,,,,,,,,,,,,,,,,,,,,,,,,,,,,,,,,,,,,0.7414,58,-2.0,-1.0,-0.2023,,,,,,0.6557,61,-2.0,-1.0,-0.3473,,,,,,,,,,,,,,,,,,,,,,,,,,0.6641,131,-1.0,1.0,-0.2044,,,,,,0.6476,105,-1.0,0.0,-0.3656,0.39,0.482
ING,SPY,39,39,248,0.6154,13,0.0,0.0,0.2737,,,,,,,,,,,,,,,,,,,,,,,,,,,,,,,,,,,,0.7222,18,0.0,0.0,0.2554,0.6,15,-1.0,-1.0,-0.3089,0.6316,19,0.0,0.0,0.3317,0.6667,15,-1.0,-1.0,-0.3,,,,,,0.6562,32,2.0,2.0,-0.1071,0.6364,11,-3.0,-3.0,0.1671,0.6042,48,-2.0,-2.0,-0.1648,,,,,,,,,,,,,,,,,,,,,,,,,,,,,,,,,,,,,,,,,0.6135,1.2469
INIO,QQQ,23,23,193,,,,,,,,,,,,,,,,,,,,,,,,,,,,,,,,,,,,,,,,,,,,,,,,,,,,,,,,,,,,,0.6,10,1.0,1.0,0.655,0.6875,16,-1.0,-1.0,-0.88,0.625,24,-3.0,-3.0,0.7193,0.6471,17,-1.0,-1.0,-1.2082,,,,,,,,,,,,,,,,,,,,,,,,,,0.7143,28,0.0,0.0,-0.471,0.6667,12,2.0,2.0,1.25,,,,,,0.69,1.3394
INLF,SPY,20,25,301,,,,,,,,,,,,,,,,,,,,,,,,,,,,,,,,,,,,,,,,,,,,,,,,,,,,,,,,0.8,10,0.0,0.0,-4.01,,,,,,,,,,,,,,,,,,,,,,,,,,,,,,,,,,,,,,,,,,,,,,0.6174,115,0.0,0.0,-47.5959,,,,,,0.6341,123,-2.0,-1.0,-4.4769,0.2098,5.4202
INMB,SPY,16,24,127,,,,,,,,,,,,,,,,,,,,,,,,,,,,,,,,,,,,,,,,,,,,,,,,,,,,,,,,0.8,10,0.0,0.0,-1.0337,,,,,,0.7,10,2.0,2.0,-0.7243,,,,,,,,,,,,,,,,,,,,,,,,,,,,,,,,,,,,0.6444,45,0.0,0.0,-0.9893,,,,,,0.6327,49,0.0,0.0,-1.7152,0.4076,0.9531
INMD,IWM,13,14,166,,,,,,,,,,,,,,,,,,,,,,,,,,,,,,,,,,,,,,,,,,,,,,,,,,,,,,,,,,,,,,,,,,0.6923,13,1.0,1.0,-0.11,0.7,10,1.0,1.0,0.27,0.6154,39,0.0,0.0,-0.2325,,,,,,,,,,,,,,,,,,,,,0.7273,11,-2.0,-2.0,0.1612,0.6154,26,1.0,1.0,-0.1969,0.8182,11,-2.0,-2.0,0.1978,0.6038,53,-1.0,-1.0,-0.19,0.375,0.1924
INO,IWM,27,30,194,,,,,,0.7273,11,0.0,0.0,-1.8187,,,,,,0.75,12,0.0,0.0,-1.5256,,,,,,,,,,,,,,,,,,,,,,,,,,0.8,10,0.0,0.0,-1.1062,0.6154,13,0.0,0.0,1.465,,,,,,,,,,,0.7213,61,-4.0,-1.0,-0.378,,,,,,0.6667,42,-3.0,-1.0,-0.4457,,,,,,,,,,,,,,,,,,,,,,,,,,0.6861,137,-1.0,1.0,-0.3463,,,,,,0.6525,141,-2.0,1.0,-0.6399,0.3679,0.4451
INOD,SPY,37,37,249,,,,,,,,,,,,,,,,,,,,,,,,,,,,,,,,,,,,,,,,,,,,,,0.7368,19,0.0,0.0,-3.6136,,,,,,0.7368,19,0.0,0.0,-3.5307,,,,,,0.6364,11,2.0,2.0,-0.4886,0.625,16,0.0,0.0,0.415,0.6875,16,-5.0,-5.0,-0.5927,,,,,,,,,,,,,,,,,,,,,,,,,,,,,,,0.6429,14,1.0,1.0,0.8467,0.7333,15,-2.0,-2.0,-0.8418,0.6806,2.2813
INSM,XBI,17,17,236,,,,,,,,,,,,,,,,,,,,,,,,,,,,,,,,,,,,,,,,,,,,,,,,,,,,,,,,,,,,,0.6571,35,1.0,1.0,0.2704,0.6279,43,2.0,3.0,-0.3259,0.6471,17,-2.0,-2.0,0.7245,0.6875,32,-4.0,-3.0,-0.6132,,,,,,,,,,,,,,,,,,,,,0.6364,22,2.0,2.0,0.3836,0.6038,53,-2.0,-1.0,-0.3378,,,,,,0.7,30,-1.0,-1.0,-0.4914,0.457,0.4867
INSW,IWM,12,12,150,,,,,,,,,,,,,,,,,,,,,,,,,,,,,,,,,,,,,,,,,,,,,,,,,,,,,,,,,,,,,0.6471,17,0.0,0.0,0.29,0.6923,13,-2.0,-2.0,-0.3056,0.617,47,0.0,1.0,0.4431,0.7143,14,-2.0,-2.0,-0.292,,,,,,,,,,,,,,,,,,,,,,,,,,,,,,,,,,,,,,,,,0.2983,0.3823
INTA,IGV,11,11,185,,,,,,,,,,,,,,,,,,,,,,,,,,,,,,,,,,,,,,,,,,,,,,,,,,,,,,,,,,,,,0.8,10,4.0,4.0,0.4312,0.6154,39,0.0,1.0,-0.4621,0.7143,14,-1.0,-1.0,0.49,0.6829,41,0.0,1.0,-0.5996,,,,,,,,,,,,,,,,,,,,,,,,,,0.6667,15,1.0,1.0,-0.23,0.6571,35,-3.0,-2.0,0.5257,0.6282,78,-1.0,1.0,-0.5835,0.7878,1.2763
INTC,SOXX,40,40,818,,,,,,,,,,,,,,,,,,,,,,,,,,,,,,,,,,,,,,,,,,,,,,,,,,,,,,,,,,,,,0.6364,11,-9.0,-9.0,0.4529,0.6667,81,-3.0,-3.0,-0.3652,0.6032,63,1.0,1.0,0.3111,0.6,80,-1.0,-1.0,-0.6333,,,,,,,,,,,,,,,,,,,,,,,,,,0.6078,51,-3.0,-3.0,-0.4,0.6,15,6.0,6.0,0.6122,0.6765,34,-5.0,-5.0,-0.417,0.8951,1.0387
INTR,SPY,40,40,232,,,,,,,,,,,,,,,,,,,,,,,,,,,,,,,,,,,,,,,,,,,,,,,,,,,,,,,,,,,,,0.7273,11,-4.0,-4.0,0.3863,0.7727,22,2.0,2.0,-0.3553,,,,,,0.6667,90,0.0,2.0,-0.5337,,,,,,,,,,,,,,,,,,,,,,,,,,0.6095,105,0.0,0.0,-0.2411,,,,,,0.6154,13,1.0,1.0,-0.1962,0.6407,1.2616
INTT,QQQ,11,15,73,,,,,,,,,,,,,,,,,,,,,,,,,,,,,,,,,,,,,,,,,,,,,,,,,,,,,,,,,,,,,,,,,,,,,,,,,,,,0.7,10,-3.0,-3.0,-0.8729,,,,,,,,,,,,,,,,,,,,,,,,,,0.6429,14,-1.0,-1.0,-0.7433,,,,,,0.6538,26,0.0,1.0,-0.8624,0.8203,1.5109
INTU,IGV,40,40,345,,,,,,0.8,10,-2.0,-2.0,-1.0075,0.6,10,-2.0,-2.0,0.9767,,,,,,,,,,,,,,,,,,,,,,,,,,,,,,,,,,,,,,,,,,,,,,,,,,,0.7561,41,-1.0,-1.0,-0.4806,0.625,48,1.0,2.0,0.4673,,,,,,,,,,,,,,,,,,,,,,,,,,0.8,15,-4.0,-4.0,0.2208,0.6093,151,-1.0,1.0,-0.3417,0.6875,16,-4.0,-4.0,0.3573,,,,,,0.6997,1.1395
INTW,QQQ,40,40,472,,,,,,,,,,,,,,,,,,,,,,,,,,,,,,,,,,,,,,,,,0.6364,11,-1.0,-1.0,3.9986,,,,,,,,,,,0.8333,12,0.0,0.0,-4.335,0.75,16,0.0,0.0,0.9725,0.6923,26,1.0,2.0,-0.7194,0.72,25,7.0,8.0,2.2011,0.6316,38,-2.0,-1.0,-1.68,,,,,,,,,,,,,,,,,,,,,0.6429,14,2.0,2.0,1.0222,0.6543,81,-3.0,-2.0,-1.0111,,,,,,0.64,75,-3.0,-2.0,-1.4944,0.8798,5.6322
INTZ,IGV,15,28,97,,,,,,,,,,,,,,,,,,,,,,,,,,,,,,,,,,,,,,,,,,,,,,,,,,,,,,,,,,,,,,,,,,0.619,21,15.0,15.0,-2.0223,,,,,,0.619,21,15.0,15.0,-2.0792,,,,,,,,,,,,,,,,,,,,,,,,,,,,,,,,,,,,0.619,21,0.0,0.0,-1.7123,0.0746,0.1068
INUV,SPY,15,26,49,,,,,,,,,,,,,,,,,,,,,,,,,,,,,,,,,,,,,,,,,,,,,,,,,,,,,,,,0.6364,11,0.0,0.0,-2.7286,,,,,,,,,,,,,,,,,,,,,,,,,,,,,,,,,,,,,,,,,0.6667,24,-1.0,0.0,1.6113,,,,,,0.6364,11,-1.0,-1.0,2.37,0.8462,13,0.0,0.0,-1.2873,0.3099,0.9568
INV,SPY,35,35,231,,,,,,,,,,,,,,,,,,,,,,,,,,,,,,,,,,,,,,,,,,,,,,0.6667,18,0.0,0.0,-2.8842,,,,,,,,,,,0.7273,11,-5.0,-5.0,0.6225,0.6562,32,-2.0,-1.0,-0.8162,0.625,24,-6.0,-5.0,1.0747,0.6757,37,-4.0,-3.0,-0.7668,,,,,,,,,,,,,,,,,,,,,,,,,,0.8667,15,-2.0,-2.0,-0.5554,,,,,,,,,,,0.8275,3.0701
INVH,VNQ,10,10,239,,,,,,,,,,,,,,,,,,,,,,,,,,,,,,,,,,,,,,,,,,,,,,,,,,,,,,,,,,,,,,,,,,0.6071,84,-1.0,-1.0,-0.1286,,,,,,0.6957,23,-2.0,-2.0,-0.1869,,,,,,,,,,,,,,,,,,,,,,,,,,0.6359,195,-1.0,1.0,-0.1231,,,,,,0.6087,69,-1.0,-1.0,-0.2012,0.586,0.6569
INVZ,QQQ,35,37,199,,,,,,,,,,,,,,,,,,,,,,,,,,,,,,,,,,,,,,,,,,,,,,0.8,10,0.0,0.0,-2.235,,,,,,,,,,,0.7273,11,1.0,1.0,0.7712,0.6944,36,-1.0,0.0,-0.5452,,,,,,0.6667,36,-1.0,0.0,-0.9046,,,,,,,,,,,,,,,,,,,,,,,,,,,,,,,,,,,,0.6667,75,-3.0,-1.0,-0.8384,0.5498,0.902
IONL,QQQ,39,40,318,,,,,,,,,,,,,,,,,,,,,,,,,,,,,,,,,,,,,,,,,,,,,,0.6667,12,0.0,0.0,-3.8387,,,,,,0.8333,12,0.0,0.0,-2.928,0.6667,15,-1.0,-1.0,0.898,0.7692,13,1.0,1.0,-0.741,0.6,15,-5.0,-5.0,1.8644,0.6667,30,1.0,2.0,-1.158,,,,,,,,,,,,,,,,,,,,,,,,,,0.6,10,-3.0,-3.0,-1.495,,,,,,0.6667,12,-3.0,-3.0,-1.865,0.6796,2.1524
IONQ,QQQ,40,40,734,,,,,,,,,,,0.6,10,-2.0,-2.0,3.1883,,,,,,,,,,,,,,,,,,,,,,,,,,,,,,,0.75,12,0.0,0.0,-1.5533,,,,,,0.8333,12,0.0,0.0,-1.497,0.6,30,-6.0,-6.0,0.6444,0.6172,128,1.0,2.0,-0.2743,0.625,32,-6.0,-6.0,0.746,0.9091,11,4.0,4.0,-0.769,,,,,,,,,,,,,,,,,,,,,,,,,,0.6296,27,2.0,2.0,-0.2088,0.6,10,3.0,3.0,0.5133,0.625,24,-3.0,-3.0,-0.794,0.6804,1.0558
IONS,IBB,14,14,223,,,,,,,,,,,,,,,,,,,,,,,,,,,,,,,,,,,,,,,,,,,,,,,,,,,,,,,,,,,,,0.7692,26,-2.0,-2.0,0.1485,0.6607,56,1.0,2.0,-0.2819,0.6316,19,-3.0,-3.0,0.5217,0.65,60,1.0,2.0,-0.3608,,,,,,,,,,,,,,,,,,,,,0.6842,19,-2.0,-2.0,0.1415,0.6207,29,1.0,1.0,-0.345,0.6,20,-2.0,-2.0,0.2975,0.7917,24,2.0,2.0,-0.4253,0.7183,0.9142
IONX,QQQ,40,40,441,,,,,,,,,,,,,,,,,,,,,,,,,,,,,,,,,,,,,,,,,,,,,,0.9091,11,0.0,0.0,-2.873,,,,,,0.9091,11,0.0,0.0,-3.067,0.6,10,3.0,3.0,0.4667,0.6316,19,4.0,4.0,-0.9092,0.6429,56,-6.0,-4.0,1.9014,0.64,25,-2.0,-2.0,-0.635,,,,,,,,,,,,,,,,,,,,,,,,,,0.7692,13,-3.0,-3.0,-1.186,,,,,,0.6,15,-3.0,-3.0,-1.4522,0.7219,2.1252
IONZ,IWM,40,40,537,,,,,,,,,,,,,,,,,,,,,,,,,,,,,,,,,,,,,,,,,,,,,,,,,,,0.6842,19,0.0,0.0,5.2531,0.6154,13,-1.0,-1.0,-5.2325,0.6,30,-2.0,-2.0,0.84,0.6923,52,-1.0,0.0,-0.7719,0.6061,33,-2.0,-2.0,1.834,0.7059,34,5.0,6.0,-1.5296,,,,,,,,,,,,,,,,,,,,,,,,,,,,,,,,,,,,,,,,,-0.5316,-2.6112
IOT,IGV,35,35,260,,,,,,,,,,,,,,,,,,,,,,,,,,,,,,,,,,,,,,,,,,,,,,,,,,,,,,,,,,,,,0.7857,14,4.0,4.0,0.2609,,,,,,0.6207,29,3.0,4.0,0.5467,0.625,16,2.0,2.0,-0.677,,,,,,,,,,,,,,,,,,,,,0.6939,49,0.0,0.0,0.2788,0.6471,17,-3.0,-3.0,-0.3609,0.6875,16,2.0,2.0,0.3864,0.6667,18,-3.0,-3.0,-0.3883,0.8798,1.2863
IOTR,QQQ,10,19,97,,,,,,,,,,,,,,,,,,,,,,,,,,,,,,,,,,,,,,,,,,,,,,,,,,,,,,,,,,,,,,,,,,,,,,,,,,,,,,,,,,,,,,,,,,,,,,,,,,,,,,,,,,0.6,15,-2.0,-2.0,-4.2956,0.6111,18,-1.0,-1.0,6.8445,0.6279,43,0.0,0.0,-8.3852,0.2028,0.8343
IOVA,XBI,40,40,288,,,,,,0.6,10,1.0,1.0,-2.32,0.7273,11,-1.0,-1.0,1.485,,,,,,,,,,,,,,,,,,,,,,,,,,,,,,,,,,,,,,,,,,,,,,0.7,10,-6.0,-6.0,0.5457,0.6444,90,-2.0,0.0,-0.3974,0.6452,31,-2.0,-2.0,0.576,0.6364,66,-1.0,0.0,-0.6117,,,,,,,,,,,,,,,,,,,,,,,,,,0.6327,49,-4.0,-2.0,-0.3971,0.6346,52,1.0,1.0,0.8258,0.6132,106,-1.0,0.0,-0.7043,0.6628,0.8888
IP,IWM,15,15,237,,,,,,,,,,,,,,,,,,,,,,,,,,,,,,,,,,,,,,,,,,,,,,,,,,,,,,,,,,,,,0.7391,23,-2.0,-2.0,0.2794,0.6111,18,3.0,3.0,-0.2382,0.7273,33,1.0,1.0,0.5608,0.625,16,-4.0,-4.0,-0.165,,,,,,,,,,,,,,,,,,,,,0.625,16,-2.0,-2.0,0.234,,,,,,0.6364,44,1.0,1.0,0.3393,,,,,,0.4589,0.6992
IPW,QQQ,23,36,113,,,,,,,,,,,,,,,,,,,,,,,,,,,,,,,,,,,,,,,,,,,,,,,,,,,,,,,,,,,,,,,,,,,,,,,,,,,,0.6364,11,-15.0,-15.0,-1.4757,,,,,,,,,,,,,,,,,,,,,0.625,16,1.0,1.0,3.21,0.65,40,-2.0,-1.0,-3.2562,,,,,,0.6304,46,-2.0,-1.0,-4.3052,0.1452,0.2259
IPWR,QQQ,21,26,131,,,,,,,,,,,,,,,,,,,,,,,,,,,,,,,,,,,,,,,,,,,,,,,,,,,,,,,,,,,,,,,,,,,,,,,,,,,,0.6667,21,15.0,15.0,-4.0557,,,,,,,,,,,,,,,,,,,,,0.6923,13,1.0,1.0,2.4767,,,,,,0.625,16,1.0,1.0,3.038,0.6286,35,0.0,0.0,-2.8873,0.8226,1.7835
IPX,SPY,10,14,108,,,,,,,,,,,,,,,,,,,,,,,,,,,,,,,,,,,,,,,,,,,,,,,,,,,,,,,,,,,,,,,,,,,,,,,,,,,,,,,,,,,,,,,,,,,,,,,,,,,,,0.6129,31,-1.0,-1.0,0.7479,,,,,,,,,,,,,,,,0.6154,2.5761
IQ,KWEB,24,24,238,,,,,,0.6154,13,0.0,0.0,-1.41,,,,,,,,,,,,,,,,,,,,,,,,,,,,,,,,,,,,,,,,,,,,,,,,,,,,,,,,0.6939,147,-2.0,3.0,-0.2419,,,,,,0.6721,61,1.0,3.0,-0.3732,,,,,,,,,,,,,,,,,,,,,,,,,,0.6991,216,-3.0,3.0,-0.254,,,,,,0.6706,85,-2.0,-1.0,-0.3126,0.5259,0.2825
IQMX,NONE,10,12,62,,,,,,,,,,,,,,,,,,,,,,,,,,,,,,,,,,,,,,,,,,,,,,,,,,,,,,,,,,,,,,,,,,,,,,,,,,,,,,,,,,,,,,,,,,,,,,,,,,,,,,,,,,,,,,,,,,,,,,,,,,
IQQ,NONE,10,10,75,,,,,,,,,,,,,,,,,,,,,,,,,,,,,,,,,,,,,,,,,,,,,,,,,,,,,,,,,,,,,,,,,,0.6471,17,-2.0,-2.0,-0.0827,,,,,,0.6,25,-1.0,-1.0,-0.1347,,,,,,,,,,,,,,,,,,,,,,,,,,,,,,,,,,,,,,,,,,
IQST,QQQ,26,35,149,,,,,,,,,,,,,,,,,,,,,,,,,,,,,,,,,,,,,,,,,,,,,,,,,,,,,,,,,,,,,0.6,10,-2.0,-2.0,1.4333,,,,,,,,,,,0.7273,11,0.0,0.0,-1.4587,,,,,,,,,,,,,,,,,,,,,,,,,,0.6111,18,0.0,0.0,-2.1491,,,,,,0.6744,43,0.0,1.0,-2.0503,0.3288,0.8471
IRD,SPY,15,16,185,,,,,,,,,,,,,,,,,,,,,,,,,,,,,,,,,,,,,,,,,,,,,,,,,,,,,,,,,,,,,,,,,,0.6923,26,1.0,2.0,-0.6178,0.6667,21,-2.0,-2.0,1.0171,0.68,25,1.0,2.0,-0.9276,,,,,,,,,,,,,,,,,,,,,,,,,,0.65,60,0.0,0.0,-0.5867,,,,,,0.6184,76,0.0,1.0,-0.6898,0.6408,0.9586
IRDM,QQQ,29,29,253,,,,,,,,,,,,,,,,,,,,,,,,,,,,,,,,,,,,,,,,,,,,,,,,,,,,,,,,,,,,,0.6522,23,-3.0,-3.0,0.3053,0.7,10,4.0,4.0,-0.36,0.6154,52,0.0,1.0,0.3741,0.6522,23,-2.0,-2.0,-0.6733,,,,,,,,,,,,,,,,,,,,,0.8333,12,2.0,2.0,0.353,,,,,,,,,,,0.6154,13,-3.0,-3.0,-0.5362,0.6501,0.8206
IRE,QQQ,40,40,630,,,,,,,,,,,,,,,,,,,,,,,,,,,,,,,,,,,,,,,,,0.6,10,-1.0,-1.0,8.1617,0.75,12,0.0,0.0,-3.6633,0.6,10,-1.0,-1.0,10.2433,,,,,,0.6061,33,-3.0,-3.0,0.8645,0.7778,45,-12.0,-10.0,-0.7543,0.7222,18,5.0,5.0,1.2315,0.7174,46,-12.0,-10.0,-0.9079,,,,,,,,,,,,,,,,,,,,,,,,,,0.6364,88,-2.0,-2.0,-1.1534,,,,,,0.6667,21,-3.0,-3.0,-1.4271,0.802,4.0925
IREG,QQQ,39,40,179,,,,,,,,,,,,,,,,,,,,,,,,,,,,,,,,,,,,,,,,,,,,,,,,,,,,,,,,,,,,,0.8,10,15.0,15.0,1.8112,0.7692,13,-15.0,-15.0,-1.4,0.75,12,-3.0,-3.0,2.5833,,,,,,,,,,,,,,,,,,,,,,,,,,,,,,,0.7391,23,-2.0,-2.0,-1.4471,,,,,,,,,,,0.8185,4.3274
IREN,SPY,40,40,756,,,,,,,,,,,,,,,,,,,,,,,,,,,,,,,,,,,,,,,,,0.6,15,-1.0,-1.0,3.42,0.8,20,0.0,0.0,-2.0881,,,,,,0.65,20,0.0,0.0,-2.9808,,,,,,0.7586,29,-5.0,-5.0,-0.3205,0.6522,46,2.0,2.0,0.518,0.6316,76,-1.0,-1.0,-0.6971,,,,,,,,,,,,,,,,,,,,,,,,,,0.6316,38,-2.0,-2.0,-0.5571,,,,,,,,,,,0.6661,3.3756
IREX,QQQ,40,40,284,,,,,,,,,,,,,,,,,,,,,,,,,,,,,,,,,,,,,,,,,0.6364,11,-1.0,-1.0,7.76,0.75,12,0.0,0.0,-3.5256,,,,,,,,,,,0.7273,11,3.0,3.0,0.8862,0.7,10,8.0,8.0,-1.79,0.625,16,-3.0,-3.0,2.204,0.6364,11,0.0,0.0,-2.53,,,,,,,,,,,,,,,,,,,,,,,,,,,,,,,,,,,,0.6,10,-3.0,-3.0,-2.2983,0.7982,4.3044
IREZ,IWM,40,40,454,,,,,,,,,,,,,,,,,,,,,,,,,,,,,,,,,,,,,,,,,0.6842,19,0.0,0.0,4.7738,,,,,,,,,,,,,,,,0.7692,13,9.0,9.0,1.335,0.625,64,1.0,3.0,-1.082,0.8,15,9.0,9.0,1.5925,0.6667,30,-15.0,-15.0,-1.513,,,,,,,,,,,,,,,,,,,,,,,,,,,,,,,,,,,,,,,,,-0.5928,-4.7154
IRWD,XBI,22,22,226,,,,,,,,,,,0.6,10,0.0,0.0,2.1933,,,,,,,,,,,,,,,,,,,,,,,,,,,,,,,,,,,,,,,,,,,,,,0.6316,19,-3.0,-3.0,0.5167,0.6957,23,-1.0,-1.0,-0.2544,0.7778,18,-3.0,-3.0,0.7807,0.6333,30,-2.0,-2.0,-0.58,,,,,,,,,,,,,,,,,,,,,,,,,,0.75,20,-2.0,-2.0,-0.26,,,,,,0.6087,23,-1.0,-1.0,-0.4736,0.541,0.8
ISRG,IHI,39,39,282,,,,,,0.6364,33,-1.0,0.0,-0.9119,,,,,,,,,,,,,,,,,,,,,,,,,,,,,,,,,,,,,,,,,,,,,,,,,,,,,,,,0.6333,90,-2.0,-1.0,-0.174,,,,,,,,,,,,,,,,,,,,,,,,,,,,,,,,,,,,0.6034,58,0.0,0.0,-0.1826,,,,,,0.6327,98,0.0,1.0,-0.3235,0.8539,1.0423
ISSC,IWM,12,16,110,,,,,,,,,,,,,,,,,,,,,,,,,,,,,,,,,,,,,,,,,,,,,,,,,,,,,,,,,,,,,0.6,10,-4.0,-4.0,0.215,0.7692,13,3.0,3.0,-0.618,,,,,,0.6364,11,1.0,1.0,-0.8086,,,,,,,,,,,,,,,,,,,,,,,,,,,,,,,,,,,,,,,,,0.6973,1.0252
ISUL,SPY,13,21,18,,,,,,,,,,,,,,,,,,,,,,,,,,,,,,,,,,,,,,,,,,,,,,,,,,,,,,,,,,,,,,,,,,,,,,,,,,,,,,,,,,,,,,,,,,,,,,,,,,,,,,,,,,,,,,,,,,,,,,,,,-0.0655,-0.1818
IT,IGV,10,10,227,,,,,,,,,,,,,,,,,,,,,,,,,,,,,,,,,,,,,,,,,,,,,,,,,,,,,,,,,,,,,0.7241,29,-2.0,-2.0,0.1967,0.7143,35,-4.0,-3.0,-0.2484,0.9091,11,4.0,4.0,0.353,0.7037,27,0.0,0.0,-0.4816,,,,,,,,,,,,,,,,,,,,,0.641,39,0.0,0.0,0.2856,0.6296,27,2.0,3.0,-0.3365,0.7273,11,-4.0,-4.0,0.1638,,,,,,0.6187,0.8289
ITA,IWM,11,11,223,,,,,,,,,,,,,,,,,,,,,,,,,,,,,,,,,,,,,,,,,,,,,,,,,,,,,,,,,,,,,,,,,,0.7222,18,2.0,2.0,-0.1338,0.6667,12,-3.0,-3.0,0.1937,,,,,,,,,,,,,,,,,,,,,,,,,,,,,,,0.6098,41,1.0,1.0,-0.1636,,,,,,0.6,15,-2.0,-2.0,-0.1933,0.615,0.461
ITB,IWM,16,16,235,,,,,,,,,,,,,,,,,,,,,,,,,,,,,,,,,,,,,,,,,,,,,,,,,,,,,,,,0.6,10,0.0,0.0,-0.775,,,,,,0.6071,28,-2.0,-2.0,-0.1582,,,,,,0.6585,41,1.0,1.0,-0.3033,,,,,,,,,,,,,,,,,,,,,0.625,16,-2.0,-2.0,0.186,0.6,45,1.0,1.0,-0.2196,,,,,,,,,,,0.4056,0.4136
ITRG,GDX,31,32,231,0.6,10,1.0,1.0,1.8783,,,,,,0.6364,11,1.0,1.0,2.3129,,,,,,,,,,,,,,,,,,,,,,,,,,,,,,,,,,,,,,,,,,,,,,0.6667,21,3.0,3.0,0.5543,0.6316,57,-2.0,0.0,-0.3492,0.7222,18,1.0,1.0,0.72,0.6829,41,-6.0,-4.0,-0.5596,,,,,,,,,,,,,,,,,,,,,0.619,21,1.0,1.0,0.4208,0.7111,45,-3.0,-2.0,-0.3769,0.6053,38,-1.0,0.0,0.7848,0.8889,18,-2.0,-2.0,-0.585,0.8708,0.7953
ITUB,XLF,39,39,243,0.7273,11,0.0,0.0,0.4238,,,,,,0.68,25,-1.0,0.0,0.4235,,,,,,,,,,,,,,,,,,,,,,,,,,0.6,10,0.0,0.0,0.545,,,,,,0.6,10,0.0,0.0,0.6217,,,,,,,,,,,0.6667,15,2.0,2.0,-0.315,,,,,,0.625,56,1.0,2.0,-0.2823,,,,,,,,,,,,,,,,,,,,,,,,,,0.6377,69,-1.0,-1.0,-0.1336,,,,,,,,,,,0.446,0.9535
IVA,SPY,16,18,137,,,,,,,,,,,,,,,,,,,,,,,,,,,,,,,,,,,,,,,,,,,,,,,,,,,,,,,,,,,,,,,,,,0.6981,53,-2.0,1.0,-0.4043,0.68,25,-3.0,-2.0,0.9088,0.7308,26,-1.0,0.0,-0.9526,,,,,,,,,,,,,,,,,,,,,,,,,,0.6852,54,0.0,0.0,-0.323,0.65,40,-1.0,-1.0,0.8673,0.6111,54,0.0,0.0,-0.7088,0.3445,0.9796
IVDA,IWM,20,29,119,,,,,,,,,,,,,,,,,,,,,,,,,,,,,,,,,,,,,,,,,0.7,10,0.0,0.0,5.72,,,,,,,,,,,,,,,,,,,,,,,,,,,,,,,,,,,,,,,,,,,,,,,,,,,,,,,,0.6471,17,1.0,1.0,1.9355,0.6667,24,-1.0,-1.0,-4.3244,,,,,,0.6154,78,-1.0,1.0,-3.5219,0.1575,0.7133
IVES,SPY,19,19,199,,,,,,,,,,,,,,,,,,,,,,,,,,,,,,,,,,,,,,,,,,,,,,1.0,10,0.0,0.0,-0.716,,,,,,,,,,,0.6377,69,0.0,2.0,0.187,,,,,,0.65,20,1.0,1.0,0.3323,,,,,,,,,,,,,,,,,,,,,,,,,,0.6026,78,0.0,0.0,0.1502,,,,,,,,,,,,,,,,0.7825,1.6776
IVF,SPY,10,24,83,,,,,,,,,,,,,,,,,,,,,,,,,,,,,,,,,,,,,,,,,,,,,,,,,,,,,,,,,,,,,,,,,,0.7222,18,15.0,15.0,-5.3046,,,,,,0.8235,17,15.0,15.0,-6.0279,,,,,,,,,,,,,,,,,,,,,,,,,,0.7083,24,-1.0,-1.0,-4.2859,,,,,,0.7143,42,-1.0,0.0,-3.4377,0.0677,0.3158
IVR,SPY,31,31,229,,,,,,,,,,,,,,,,0.65,20,0.0,0.0,-0.5585,,,,,,,,,,,,,,,,,,,,,,,,,,0.6154,13,-1.0,-1.0,-0.5288,,,,,,0.6923,13,0.0,0.0,-0.27,,,,,,0.6136,88,0.0,1.0,-0.088,,,,,,0.6211,95,0.0,2.0,-0.2071,,,,,,,,,,,,,,,,,,,,,,,,,,0.625,112,0.0,1.0,-0.0963,,,,,,0.6154,13,1.0,1.0,-0.14,0.5593,0.3741
IVV,SPY,40,40,385,,,,,,,,,,,,,,,,,,,,,,,,,,,,,,,,,,,,,,,,,,,,,,,,,,,,,,,,,,,,,0.6364,22,1.0,1.0,0.0529,0.6,25,-2.0,-2.0,-0.082,,,,,,,,,,,,,,,,,,,,,,,,,,,,,,,0.6667,18,1.0,1.0,0.0433,0.6,25,-2.0,-2.0,-0.082,0.6087,23,-2.0,-2.0,0.1114,,,,,,0.9963,0.9824
IVVD,IWM,33,34,238,,,,,,0.9167,12,0.0,0.0,-2.1182,,,,,,0.8,10,0.0,0.0,-1.6162,,,,,,,,,,,,,,,,,,,,,,,,,,0.68,25,-1.0,0.0,-2.2112,,,,,,0.6957,23,-1.0,0.0,-2.4438,,,,,,0.6207,29,2.0,2.0,-0.645,0.6364,11,-5.0,-5.0,0.5471,0.6429,56,-4.0,-2.0,-0.9622,,,,,,,,,,,,,,,,,,,,,,,,,,0.6,70,0.0,0.0,-0.7576,,,,,,0.6818,44,1.0,1.0,-1.066,0.1721,0.247
IWF,QQQ,17,17,245,,,,,,,,,,,,,,,,,,,,,,,,,,,,,,,,,,,,,,,,,,,,,,,,,,,,,,,,,,,,,0.65,60,0.0,0.0,0.0905,,,,,,0.6167,60,0.0,0.0,0.137,,,,,,,,,,,,,,,,,,,,,,,,,,0.6429,42,1.0,1.0,0.1137,0.6471,34,-2.0,-2.0,-0.095,0.6346,52,0.0,0.0,0.1573,0.6,35,-2.0,-2.0,-0.1676,0.8814,0.5541
IWM,IWM,40,40,607,,,,,,,,,,,0.6176,34,-1.0,0.0,0.429,,,,,,,,,,,,,,,,,,,,,,,,,,,,,,,,,,,,0.6316,19,0.0,0.0,0.4267,,,,,,,,,,,,,,,,,,,,,,,,,,,,,,,,,,,,,,,,,,,,,,,,,,,,,,,,,,,,,,,,,,1.0,1.0
IWMI,IWM,25,25,149,,,,,,,,,,,,,,,,,,,,,,,,,,,,,,,,,,,,,,,,,,,,,,,,,,,,,,,,0.7273,11,0.0,0.0,-0.6412,,,,,,0.6154,13,1.0,1.0,-0.0637,,,,,,,,,,,,,,,,,,,,,,,,,,,,,,,,,,,,0.6111,18,1.0,1.0,-0.1236,,,,,,,,,,,0.9529,0.753
IXHL,IWM,15,25,78,,,,,,,,,,,,,,,,,,,,,,,,,,,,,,,,,,,,,,,,,,,,,,,,,,,,,,,,,,,,,,,,,,,,,,,,,,,,,,,,,,,,,,,,,,,,,,,,,,,,,,,,,,0.7,50,-1.0,1.0,-0.7334,,,,,,0.7222,18,-1.0,-1.0,-0.84,0.6257,1.0528
IXUS,QQQ,14,14,225,,,,,,,,,,,,,,,,,,,,,,,,,,,,,,,,,,,,,,,,,,,,,,,,,,,,,,,,,,,,,,,,,,0.6286,35,-3.0,-2.0,-0.09,0.6786,56,-1.0,-1.0,0.1726,0.7027,37,-3.0,-2.0,-0.1573,,,,,,,,,,,,,,,,,,,,,0.6,45,0.0,0.0,0.0752,0.6977,43,-3.0,-2.0,-0.086,0.6458,48,1.0,2.0,0.1061,0.6591,44,-3.0,-2.0,-0.169,0.9008,0.7659
JAAA,QQQ,35,35,252,,,,,,0.6897,29,0.0,0.0,-0.014,,,,,,0.7241,29,0.0,0.0,-0.0129,,,,,,,,,,,,,,,,,,,,,,,,,,0.7273,11,-1.0,-1.0,-0.0162,,,,,,0.6364,11,-1.0,-1.0,-0.0186,,,,,,0.7202,243,-1.0,0.0,-0.0044,,,,,,0.7654,179,0.0,0.0,-0.0063,,,,,,,,,,,,,,,,,,,,,,,,,,0.7111,225,-3.0,2.0,-0.0044,,,,,,0.7175,223,-3.0,2.0,-0.0054,0.1055,0.0017
JACK,SPY,16,16,199,,,,,,,,,,,,,,,,,,,,,,,,,,,,,,,,,,,,,,,,,,,,,,,,,,,,,,,,,,,,,,,,,,0.7143,21,-5.0,-4.0,-0.498,,,,,,0.65,20,-2.0,-2.0,-1.0192,,,,,,,,,,,,,,,,,,,,,,,,,,0.6087,92,0.0,1.0,-0.8087,,,,,,,,,,,0.4763,1.0095
JANX,IBB,19,19,194,,,,,,,,,,,,,,,,,,,,,,,,,,,,,,,,,,,,,,,,,,,,,,,,,,,,,,,,,,,,,0.7857,14,3.0,3.0,0.3873,0.6757,37,1.0,2.0,-0.2812,0.6,15,3.0,3.0,0.5156,0.6471,17,2.0,2.0,-0.4082,,,,,,,,,,,,,,,,,,,,,,,,,,0.7391,23,2.0,2.0,-0.2824,,,,,,0.6875,16,-2.0,-2.0,-0.5964,0.6724,0.9485
JBI,IWM,12,12,193,,,,,,,,,,,,,,,,,,,,,,,,,,,,,,,,,,,,,,,,,,,,,,,,,,,,,,,,,,,,,,,,,,0.7667,30,-2.0,-2.0,-0.2096,0.6,20,1.0,1.0,0.505,0.6286,70,-1.0,0.0,-0.4655,,,,,,,,,,,,,,,,,,,,,,,,,,0.7941,34,1.0,1.0,-0.3707,,,,,,0.64,75,-2.0,-1.0,-0.3854,0.645,0.8998
JBL,SOXX,26,26,248,,,,,,,,,,,,,,,,,,,,,,,,,,,,,,,,,,,,,,,,,,,,,,,,,,,,,,,,,,,,,0.6667,12,4.0,4.0,0.1512,0.6296,27,0.0,0.0,-0.2029,0.6032,63,-1.0,0.0,0.4458,0.75,12,4.0,4.0,-0.4656,,,,,,,,,,,,,,,,,,,,,0.619,21,4.0,4.0,0.1785,0.6364,22,1.0,1.0,-0.3679,0.6429,42,0.0,1.0,0.3826,0.6875,16,-5.0,-5.0,-0.4309,0.8922,0.5285
JBLU,XTN,39,39,286,0.6154,13,0.0,0.0,1.8237,0.6364,11,-1.0,-1.0,-1.0957,0.7692,13,0.0,0.0,1.243,,,,,,,,,,,,,,,,,,,,,,,,,,,,,,,,,,,,,,,,,,,,,,,,,,,0.7368,19,4.0,4.0,-0.3857,,,,,,0.8571,14,2.0,2.0,-0.6692,,,,,,,,,,,,,,,,,,,,,,,,,,,,,,,,,,,,0.6765,34,-1.0,1.0,-0.6,0.8161,1.8297
JBS,XLP,39,39,236,0.6667,18,0.0,0.0,0.7925,,,,,,0.7222,18,0.0,0.0,0.7515,,,,,,,,,,,,,,,,,,,,,,,,,,,,,,,,,,,,,,,,,,,,,,,,,,,0.6429,56,0.0,0.0,-0.1664,0.6452,31,-2.0,-2.0,0.335,0.6667,27,-3.0,-3.0,-0.2494,,,,,,,,,,,,,,,,,,,,,,,,,,0.6596,47,-2.0,-2.0,-0.1329,0.6,40,1.0,1.0,0.3042,,,,,,0.3597,0.4624
JCI,QQQ,13,13,237,,,,,,,,,,,,,,,,,,,,,,,,,,,,,,,,,,,,,,,,,,,,,,,,,,,,,,,,,,,,,0.6207,29,-2.0,-2.0,0.2867,0.7692,13,-3.0,-3.0,-0.283,0.6,30,-2.0,-2.0,0.4278,0.614,57,0.0,0.0,-0.2963,,,,,,,,,,,,,,,,,,,,,,,,,,0.6667,12,-3.0,-3.0,-0.2037,0.6364,11,2.0,2.0,0.1957,0.6286,35,-2.0,-2.0,-0.29,0.8408,0.9332
JD,KWEB,40,40,380,,,,,,,,,,,,,,,,,,,,,,,,,,,,,,,,,,,,,,,,,,,,,,,,,,,,,,,,,,,,,,,,,,0.6364,77,-1.0,-1.0,-0.0955,0.7143,21,3.0,3.0,0.32,0.6024,83,-1.0,-1.0,-0.1548,,,,,,,,,,,,,,,,,,,,,,,,,,0.7027,37,-2.0,-2.0,-0.1469,,,,,,0.6667,51,0.0,0.0,-0.1579,0.6849,0.7363
JDST,QQQ,28,30,168,,,,,,,,,,,,,,,,,,,,,,,,,,,,,,,,,,,,,,,,,,,,,,,,,,,,,,,,,,,,,0.6364,11,-5.0,-5.0,0.3057,0.8,10,-6.0,-6.0,-0.7687,,,,,,0.7,10,6.0,6.0,-1.0443,,,,,,,,,,,,,,,,,,,,,,,,,,,,,,,,,,,,0.6364,11,2.0,2.0,-0.9071,-0.4588,-1.8866
JEDI,QQQ,18,20,114,,,,,,,,,,,,,,,,,,,,,,,,,,,,,,,,,,,,,,,,,,,,,,,,,,,,,,,,,,,,,,,,,,,,,,,,,,,,,,,,,,,,,,,,,,,,,,,,,,,,,0.7727,22,0.0,0.0,0.5024,,,,,,0.6667,39,0.0,1.0,0.7923,,,,,,0.5913,0.9599
JELD,IWM,11,12,189,,,,,,,,,,,,,,,,,,,,,,,,,,,,,,,,,,,,,,,,,,,,,,,,,,,,,,,,,,,,,,,,,,0.7288,59,-1.0,2.0,-0.5653,0.7273,11,-4.0,-4.0,1.4175,0.6909,55,-3.0,0.0,-0.9903,,,,,,,,,,,,,,,,,,,,,,,,,,0.6645,155,-2.0,1.0,-0.7013,,,,,,0.7164,67,-2.0,-1.0,-1.0025,0.5027,0.9246
JEM,SPY,19,25,247,,,,,,,,,,,,,,,,,,,,,,,,,,,,,,,,,,,,,,,,,,,,,,0.8182,11,0.0,0.0,-31.1411,,,,,,0.9,10,0.0,0.0,-30.8356,,,,,,0.6712,73,-15.0,-15.0,-1.0984,,,,,,0.6389,72,-15.0,-15.0,-2.1796,,,,,,,,,,,,,,,,,,,,,,,,,,0.6706,85,-1.0,-1.0,-1.9051,,,,,,0.6522,92,-2.0,-1.0,-3.4088,0.0476,0.7673
JEPI,SPY,40,40,393,0.6154,26,0.0,0.0,0.1888,,,,,,0.6538,26,0.0,0.0,0.2024,,,,,,,,,,,,,,,,,,,,,,,,,,0.7333,15,-1.0,-1.0,0.2218,,,,,,0.6667,15,-1.0,-1.0,0.322,,,,,,,,,,,0.6029,209,0.0,0.0,-0.0352,,,,,,,,,,,,,,,,,,,,,,,,,,,,,,,,,,,,0.616,125,-1.0,-1.0,-0.0396,,,,,,0.7,20,1.0,1.0,-0.0407,0.8303,0.2746
JEPQ,QQQ,40,40,570,0.6923,13,-1.0,-1.0,0.1389,,,,,,,,,,,,,,,,,,,,,,,,,,,,,,,,,,,,0.9,10,-1.0,-1.0,0.1789,,,,,,0.7,10,-1.0,-1.0,0.4057,0.6667,12,0.0,0.0,-0.31,,,,,,,,,,,,,,,,0.6027,73,-2.0,-2.0,-0.1348,,,,,,,,,,,,,,,,,,,,,,,,,,0.6316,19,-3.0,-3.0,-0.1517,,,,,,0.6186,97,-3.0,-2.0,-0.1378,0.9787,0.7247
JETS,IWM,30,30,245,,,,,,,,,,,,,,,,,,,,,,,,,,,,,,,,,,,,,,,,,0.76,25,-1.0,0.0,0.7284,,,,,,0.68,25,-1.0,0.0,0.8894,,,,,,0.629,62,0.0,0.0,0.1549,0.6279,43,2.0,3.0,-0.143,,,,,,0.6552,29,1.0,1.0,-0.2284,,,,,,,,,,,,,,,,,,,,,0.625,16,-2.0,-2.0,0.207,0.6364,44,1.0,1.0,-0.1704,0.625,16,-2.0,-2.0,0.209,,,,,,0.6839,1.0662
JFB,SPY,19,27,102,,,,,,,,,,,,,,,,,,,,,,,,,,,,,,,,,,,,,,,,,0.6,10,0.0,0.0,2.4017,,,,,,,,,,,0.6364,11,0.0,0.0,-2.2371,,,,,,,,,,,,,,,,,,,,,,,,,,,,,,,,,,,,,,,,,,,,,,0.6333,30,-1.0,-1.0,-0.7605,,,,,,0.6,30,-1.0,-1.0,-1.0322,0.2896,0.7279
JHX,XLB,12,12,238,,,,,,,,,,,,,,,,,,,,,,,,,,,,,,,,,,,,,,,,,,,,,,,,,,,,,,,,,,,,,0.6129,31,0.0,0.0,0.2679,0.6875,16,6.0,6.0,-0.1991,,,,,,0.65,20,2.0,2.0,-0.3762,,,,,,,,,,,,,,,,,,,,,,,,,,,,,,,0.7273,11,-3.0,-3.0,0.3212,0.6087,23,-2.0,-2.0,-0.2907,0.4544,0.9878
JKS,ICLN,21,23,183,,,,,,,,,,,,,,,,,,,,,,,,,,,,,,,,,,,,,,,,,,,,,,,,,,,,,,,,,,,,,,,,,,0.725,40,0.0,2.0,-0.44,,,,,,0.6429,14,-4.0,-4.0,-0.1933,,,,,,,,,,,,,,,,,,,,,,,,,,0.6667,36,-3.0,-2.0,-0.3717,,,,,,0.6389,36,-4.0,-3.0,-0.5878,0.7341,0.6702
JLHL,QQQ,14,16,172,,,,,,,,,,,,,,,,,,,,,,,,,,,,,,,,,,,,,,,,,,,,,,,,,,,,,,,,,,,,,0.6176,34,-15.0,-15.0,2.2238,,,,,,,,,,,,,,,,,,,,,,,,,,,,,,,,,,,,,,,,,0.6232,69,-2.0,-1.0,-1.9063,0.6562,32,1.0,1.0,33.05,,,,,,0.1742,1.0381
JMIA,SPY,30,30,221,,,,,,,,,,,,,,,,,,,,,,,,,,,,,,,,,,,,,,,,,,,,,,,,,,,,,,,,,,,,,0.6087,23,-3.0,-3.0,0.4036,0.7708,48,-2.0,-1.0,-0.3276,0.6087,23,0.0,0.0,0.7079,0.6607,56,-2.0,-1.0,-0.5495,,,,,,,,,,,,,,,,,,,,,,,,,,0.6386,83,-2.0,-1.0,-0.3436,,,,,,0.6154,13,-2.0,-2.0,-0.9525,0.6722,1.2181
JNJ,IBB,36,36,271,,,,,,,,,,,,,,,,,,,,,,,,,,,,,,,,,,,,,,,,,,,,,,,,,,,,,,,,,,,,,0.7,10,-3.0,-3.0,0.0929,0.6429,14,3.0,3.0,-0.1067,0.7,10,-3.0,-3.0,0.3071,0.6735,49,-2.0,-2.0,-0.2576,,,,,,,,,,,,,,,,,,,,,,,,,,0.6,10,-3.0,-3.0,-0.0783,0.6154,26,2.0,2.0,0.1725,,,,,,0.0317,0.0412
JNUG,IWM,36,36,174,,,,,,,,,,,,,,,,,,,,,,,,,,,,,,,,,,,,,,,,,0.6875,16,0.0,0.0,1.7982,,,,,,0.6429,14,0.0,0.0,2.2044,0.6667,12,-1.0,-1.0,-2.7462,,,,,,,,,,,0.7,10,-1.0,-1.0,0.8029,0.8333,12,-8.0,-8.0,-0.785,,,,,,,,,,,,,,,,,,,,,0.6667,27,1.0,1.0,0.5222,,,,,,,,,,,0.6667,12,-2.0,-2.0,-1.0612,0.5237,3.3711
JOBX,SPY,21,31,32,,,,,,,,,,,,,,,,,,,,,,,,,,,,,,,,,,,,,,,,,,,,,,0.75,12,0.0,0.0,-4.1911,,,,,,,,,,,,,,,,,,,,,,,,,,,,,,,,,,,,,,,,,,,,,,,,,,,,,,,,,,,,,0.6,15,0.0,0.0,1.7189,,,,,,0.5311,3.1096
JOBY,IWM,40,40,568,,,,,,,,,,,,,,,,0.7,10,-1.0,-1.0,-2.5414,,,,,,,,,,,,,,,,,,,,,,,,,,0.6842,19,0.0,0.0,-1.4415,,,,,,0.6562,32,-1.0,0.0,-2.5962,,,,,,0.6618,68,-1.0,-1.0,-0.302,0.7,20,5.0,6.0,0.43,0.6333,60,1.0,1.0,-0.4845,,,,,,,,,,,,,,,,,,,,,,,,,,,,,,,,,,,,,,,,,0.7532,1.5682
JPIE,SPY,12,12,209,,,,,,,,,,,,,,,,,,,,,,,,,,,,,,,,,,,,,,,,,,,,,,,,,,,,,,,,,,,,,,,,,,0.7302,189,-1.0,0.0,-0.0072,,,,,,0.6891,193,-1.0,0.0,-0.0104,,,,,,,,,,,,,,,,,,,,,,,,,,0.7299,174,-2.0,0.0,-0.0072,,,,,,0.6968,188,-2.0,1.0,-0.0104,0.2461,0.024
JPM,XLF,40,40,312,,,,,,,,,,,,,,,,,,,,,,,,,,,,,,,,,,,,,,,,,,,,,,,,,,,,,,,,,,,,,,,,,,,,,,,0.6,15,2.0,2.0,0.2544,,,,,,,,,,,,,,,,,,,,,,,,,,,,,,,0.6154,143,0.0,1.0,-0.1311,,,,,,0.6875,16,-2.0,-2.0,-0.1255,0.828,1.1929
JPST,IWM,36,36,249,,,,,,,,,,,,,,,,,,,,,,,,,,,,,,,,,,,,,,,,,0.6471,17,0.0,0.0,0.01,0.8182,11,-1.0,-1.0,-0.0122,,,,,,0.7273,11,-1.0,-1.0,-0.0113,,,,,,0.7107,242,-1.0,0.0,-0.0044,,,,,,0.7107,242,-1.0,0.0,-0.0058,,,,,,,,,,,,,,,,,,,,,,,,,,0.7193,228,-2.0,1.0,-0.0045,,,,,,0.7249,229,-2.0,1.0,-0.0057,0.1835,0.0046
JSPR,QQQ,18,25,132,,,,,,,,,,,,,,,,,,,,,,,,,,,,,,,,,,,,,,,,,,,,,,,,,,,,,,,,,,,,,,,,,,,,,,,,,,,,,,,,,,,,,,,,,,,,,,,,,,,,,0.7857,14,1.0,1.0,2.5036,,,,,,,,,,,0.7143,21,-2.0,-2.0,-5.0773,0.2173,0.4035
JTAI,IWM,18,30,113,,,,,,,,,,,,,,,,,,,,,,,,,,,,,,,,,,,,,,,,,,,,,,,,,,,,,,,,,,,,,,,,,,0.6154,26,-15.0,-15.0,-1.4975,,,,,,0.6,25,-15.0,-15.0,-2.6313,,,,,,,,,,,,,,,,,,,,,,,,,,0.7059,34,0.0,0.0,-1.7762,,,,,,,,,,,0.2253,0.9611
JUNS,XBI,29,38,230,,,,,,,,,,,,,,,,,,,,,,,,,,,,,,,,,,,,,,,,,,,,,,,,,,,,,,,,,,,,,0.6471,17,-15.0,-15.0,1.0764,0.6538,26,-2.0,-1.0,-0.9965,,,,,,0.6,25,0.0,1.0,-2.5327,,,,,,,,,,,,,,,,,,,,,,,,,,0.619,21,-1.0,-1.0,-2.2231,,,,,,0.6429,14,-2.0,-2.0,-2.5289,0.209,0.5304
JZ,QQQ,20,29,156,,,,,,,,,,,,,,,,,,,,,,,,,,,,,,,,,,,,,,,,,,,,,,,,,,,,,,,,,,,,,0.6364,11,15.0,15.0,22.0614,,,,,,,,,,,,,,,,,,,,,,,,,,,,,,,,,,,,0.6207,29,0.0,0.0,4.3722,,,,,,0.6071,28,0.0,0.0,3.0871,0.7188,32,-1.0,-1.0,-2.1843,0.3065,1.3971
JZXN,SPY,20,36,126,,,,,,,,,,,,,,,,,,,,,,,,,,,,,,,,,,,,,,,,,,,,,,,,,,,,,,,,,,,,,,,,,,0.7059,17,15.0,15.0,-7.195,0.6,10,-1.0,-1.0,2.6483,0.6,25,-15.0,-15.0,-1.7353,,,,,,,,,,,,,,,,,,,,,,,,,,0.7857,42,0.0,0.0,-3.3164,0.6,45,0.0,0.0,5.0722,0.6429,42,-1.0,-1.0,-1.8907,0.144,1.2042
KBH,XHB,11,11,216,,,,,,,,,,,,,,,,,,,,,,,,,,,,,,,,,,,,,,,,,,,,,,,,,,,,,,,,,,,,,,,,,,0.6774,31,1.0,1.0,-0.1552,,,,,,0.8571,21,2.0,2.0,-0.4983,,,,,,,,,,,,,,,,,,,,,0.6341,41,-1.0,-1.0,0.2158,,,,,,,,,,,0.6087,46,-1.0,-1.0,-0.3932,0.8254,1.0013
KBWB,IWM,12,12,234,,,,,,,,,,,,,,,,,,,,,,,,,,,,,,,,,,,,,,,,,,,,,,,,,,,,,,,,,,,,,0.6364,22,-2.0,-2.0,0.3143,0.6296,54,1.0,2.0,-0.1344,0.7273,22,-2.0,-2.0,0.2263,,,,,,,,,,,,,,,,,,,,,,,,,,0.6,15,-2.0,-2.0,0.1267,0.619,42,1.0,1.0,-0.1554,,,,,,,,,,,0.6161,0.4786
KBWD,IWM,10,12,100,,,,,,,,,,,,,,,,,,,,,,,,,,,,,,,,,,,,,,,,,,,,,,,,,,,,,,,,,,,,,,,,,,0.6591,44,-1.0,0.0,-0.119,,,,,,,,,,,,,,,,,,,,,,,,,,,,,,,,,,,,0.6607,56,-1.0,1.0,-0.1286,,,,,,0.6667,15,1.0,1.0,-0.25,0.6895,0.2994
KC,IGV,34,34,238,,,,,,,,,,,,,,,,,,,,,,,,,,,,,,,,,,,,,,,,,,,,,,,,,,,,,,,,,,,,,,,,,,0.7031,64,-3.0,-1.0,-0.3707,0.6154,13,-4.0,-4.0,0.575,0.6596,47,-3.0,-2.0,-0.3132,,,,,,,,,,,,,,,,,,,,,,,,,,0.6757,74,0.0,2.0,-0.242,0.6429,14,2.0,2.0,0.3744,0.6273,110,-1.0,1.0,-0.3704,0.4122,1.0378
KD,IGV,31,31,246,0.6923,13,0.0,0.0,1.5522,0.9,10,-1.0,-1.0,-1.4711,0.6923,13,0.0,0.0,1.8389,,,,,,,,,,,,,,,,,,,,,,,,,,,,,,,,,,,,,,,,,,,,,,,,,,,0.64,25,-1.0,-1.0,-0.2987,,,,,,0.6538,52,1.0,2.0,-0.5515,,,,,,,,,,,,,,,,,,,,,,,,,,0.66,50,-1.0,-1.0,-0.3824,,,,,,0.7059,51,-1.0,-1.0,-0.5894,0.7251,0.9204
KDK,SPY,32,32,215,,,,,,0.9091,11,1.0,1.0,-2.743,,,,,,0.9,10,1.0,1.0,-3.3244,,,,,,,,,,,,,,,,,,,,,,,,,,0.8214,28,-1.0,0.0,-2.0348,,,,,,0.7692,26,-1.0,0.0,-2.283,,,,,,0.6667,42,0.0,1.0,-0.3579,,,,,,0.6552,58,-2.0,-1.0,-0.5629,,,,,,,,,,,,,,,,,,,,,,,,,,0.6358,162,-2.0,0.0,-0.4255,,,,,,0.6306,111,0.0,1.0,-0.6316,0.77,1.7632
KDP,XLP,28,28,248,0.7083,24,-1.0,0.0,0.8765,,,,,,0.6667,24,-1.0,0.0,1.1319,,,,,,,,,,,,,,,,,,,,,,,,,,,,,,,,,,,,,,,,,,,,,,,,,,,0.6667,60,-1.0,-1.0,-0.1467,0.6207,29,1.0,1.0,0.4111,,,,,,,,,,,,,,,,,,,,,,,,,,0.7,10,2.0,2.0,0.1786,0.6515,66,0.0,0.0,-0.1677,,,,,,0.6,10,2.0,2.0,-0.3233,0.4956,0.4602
KEEL,SPY,40,40,543,,,,,,,,,,,,,,,,,,,,,,,,,,,,,,,,,,,,,,,,,0.7333,15,-1.0,-1.0,2.2645,0.65,20,0.0,0.0,-3.17,0.6,15,-1.0,-1.0,3.9178,0.6,20,0.0,0.0,-4.2592,0.6923,26,3.0,3.0,0.7,0.614,57,-2.0,-1.0,-0.5291,0.6316,19,6.0,6.0,0.99,0.6444,45,-4.0,-3.0,-0.9755,,,,,,,,,,,,,,,,,,,,,,,,,,0.6176,34,-2.0,-2.0,-0.391,,,,,,,,,,,0.694,4.6583
KEP,SPY,22,23,198,,,,,,,,,,,,,,,,,,,,,,,,,,,,,,,,,,,,,,,,,0.6,10,0.0,0.0,0.92,,,,,,,,,,,,,,,,0.6522,23,0.0,0.0,0.216,0.8125,16,1.0,1.0,-0.1723,0.7273,11,2.0,2.0,0.3912,0.7778,18,-1.0,-1.0,-0.18,,,,,,,,,,,,,,,,,,,,,,,,,,0.6667,12,1.0,1.0,-0.1613,,,,,,0.6,65,-1.0,-1.0,-0.2208,0.4293,1.681
KEY,KRE,18,18,242,,,,,,0.7,10,0.0,0.0,-0.2671,0.6,10,0.0,0.0,0.5117,,,,,,,,,,,,,,,,,,,,,,,,,,,,,,,,,,,,,,,,,,,,,,,,,,,0.6316,57,-1.0,-1.0,-0.1278,,,,,,0.6271,59,-1.0,-1.0,-0.2403,,,,,,,,,,,,,,,,,,,,,0.75,12,-3.0,-3.0,0.1367,0.7179,39,1.0,1.0,-0.1425,0.7692,13,2.0,2.0,0.137,0.675,40,1.0,1.0,-0.2656,0.8183,0.9494
KEYS,QQQ,20,20,233,,,,,,,,,,,,,,,,,,,,,,,,,,,,,,,,,,,,,,,,,,,,,,,,,,,,,,,,,,,,,0.8333,12,-4.0,-4.0,0.188,0.64,25,-2.0,-2.0,-0.2581,0.6667,12,-4.0,-4.0,0.39,0.6341,41,-2.0,-1.0,-0.4992,,,,,,,,,,,,,,,,,,,,,,,,,,0.6667,12,-3.0,-3.0,-0.2213,,,,,,0.697,33,-2.0,-2.0,-0.3826,0.8129,1.1953
KGC,GDX,40,40,272,,,,,,,,,,,,,,,,,,,,,,,,,,,,,,,,,,,,,,,,,,,,,,,,,,,,,,,,,,,,,0.7083,24,-1.0,-1.0,0.2106,0.6389,36,3.0,4.0,-0.3304,0.6154,26,2.0,2.0,0.4194,0.625,16,0.0,0.0,-0.325,,,,,,,,,,,,,,,,,,,,,0.625,24,-1.0,-1.0,0.2353,0.6071,28,3.0,4.0,-0.2641,0.6,10,4.0,4.0,0.2317,0.6522,23,-2.0,-2.0,-0.594,0.9674,0.9453
KHC,XLP,38,38,290,0.7778,18,0.0,0.0,0.85,,,,,,,,,,,,,,,,,,,,,,,,,,,,,,,,,,,,,,,,,,,,,,,,,,,,,,,,,,,,,0.6032,63,-1.0,-1.0,-0.1695,,,,,,0.7222,18,-3.0,-3.0,-0.3438,,,,,,,,,,,,,,,,,,,,,0.6,10,2.0,2.0,0.1067,,,,,,,,,,,0.609,133,-1.0,0.0,-0.242,0.7868,0.9539
KIDZ,QQQ,34,39,298,,,,,,,,,,,,,,,,,,,,,,,,,,,,,,,,,,,,,,,,,0.6,10,-1.0,-1.0,2.6183,,,,,,,,,,,,,,,,,,,,,0.6667,54,-15.0,-15.0,-1.3858,,,,,,0.6757,37,15.0,15.0,-9.1652,,,,,,,,,,,,,,,,,,,,,,,,,,0.6795,234,-3.0,1.0,-2.6818,,,,,,0.6304,46,1.0,1.0,-7.8083,0.4591,2.5278
KITT,SPY,18,31,69,,,,,,,,,,,,,,,,,,,,,,,,,,,,,,,,,,,,,,,,,,,,,,,,,,,,,,,,0.7,10,0.0,0.0,-2.5671,,,,,,,,,,,,,,,,,,,,,,,,,,,,,,,,,,,,,,,,,,,,,,,,,,,0.6429,14,-1.0,-1.0,2.7511,0.72,25,0.0,0.0,-1.0539,0.4644,1.519
KKR,XLF,20,20,238,0.6,10,0.0,0.0,1.275,,,,,,0.8,10,0.0,0.0,1.1687,,,,,,,,,,,,,,,,,,,,,,,,,,,,,,,,,,,,,,,,,,,,,,,,,,,0.697,33,2.0,2.0,-0.1817,,,,,,0.6308,65,1.0,2.0,-0.3849,,,,,,,,,,,,,,,,,,,,,0.6429,14,-2.0,-2.0,0.2044,0.6667,18,1.0,1.0,-0.26,,,,,,,,,,,0.614,1.0759
KLAC,SOXX,40,40,575,,,,,,,,,,,,,,,,,,,,,,,,,,,,,,,,,,,,,,,,,,,,,,,,,,,,,,,,,,,,,0.75,20,6.0,7.0,0.576,0.68,25,-7.0,-6.0,-0.4335,0.6154,39,2.0,2.0,0.5917,0.7273,11,-6.0,-6.0,-0.81,,,,,,,,,,,,,,,,,,,,,0.6136,132,-1.0,1.0,0.4211,0.6207,29,-3.0,-3.0,-0.4056,0.6436,101,1.0,2.0,0.5697,0.6923,26,-3.0,-3.0,-0.5444,0.948,1.0528
KLAG,QQQ,19,30,77,,,,,,,,,,,,,,,,,,,,,,,,,,,,,,,,,,,,,,,,,,,,,,,,,,,,,,,,,,,,,,,,,,0.8,10,-15.0,-15.0,-0.6462,,,,,,,,,,,,,,,,,,,,,,,,,,,,,,,,,,,,,,,,,0.8333,12,-1.0,-1.0,1.507,0.7143,14,1.0,1.0,-1.039,0.8957,5.35
KLAR,SPY,38,38,255,,,,,,0.64,25,-1.0,0.0,-1.565,,,,,,0.6364,11,-1.0,-1.0,-1.2371,,,,,,,,,,,,,,,,,,,,,,,,,,0.6364,33,-1.0,0.0,-1.441,,,,,,0.75,12,-1.0,-1.0,-1.69,0.6585,41,-2.0,-2.0,0.3452,,,,,,0.7368,19,2.0,2.0,0.5814,0.619,21,1.0,1.0,-0.7469,,,,,,,,,,,,,,,,,,,,,0.6667,15,1.0,1.0,0.561,,,,,,0.7857,14,1.0,1.0,0.5336,0.6667,15,-2.0,-2.0,-0.415,0.6663,1.5385
KLIC,SMH,23,23,202,,,,,,,,,,,,,,,,,,,,,,,,,,,,,,,,,,,,,,,,,,,,,,,,,,,,,,,,,,,,,0.6818,22,1.0,1.0,0.4053,0.6364,11,-4.0,-4.0,-0.6386,,,,,,0.7143,14,3.0,3.0,-0.452,,,,,,,,,,,,,,,,,,,,,0.7105,38,2.0,3.0,0.4015,0.6923,13,-2.0,-2.0,-0.4889,0.6471,17,-1.0,-1.0,1.6445,0.6774,31,1.0,2.0,-0.5981,0.9599,1.1447
KLTR,IGV,10,15,61,,,,,,,,,,,,,,,,,,,,,,,,,,,,,,,,,,,,,,,,,,,,,,,,,,,,,,,,,,,,,,,,,,,,,,,,,,,,0.6,10,0.0,0.0,-0.45,,,,,,,,,,,,,,,,,,,,,,,,,,,,,,,,,,,,,,,,,0.423,0.2965
KMB,XLP,25,25,243,,,,,,,,,,,,,,,,,,,,,,,,,,,,,,,,,,,,,,,,,,,,,,,,,,,,,,,,,,,,,,,,,,0.7083,24,-3.0,-3.0,-0.1376,,,,,,0.625,80,1.0,2.0,-0.2886,,,,,,,,,,,,,,,,,,,,,0.7,10,2.0,2.0,0.1457,0.6462,65,0.0,0.0,-0.1371,,,,,,0.6122,49,-2.0,-2.0,-0.2123,0.6625,0.6665
KMEM,NONE,14,15,46,,,,,,,,,,,,,,,,,,,,,,,,,,,,,,,,,,,,,,,,,,,,,,,,,,,,,,,,,,,,,,,,,,,,,,,,,,,,,,,,,,,,,,,,,,,,,,,,,,,,,,,,,,,,,,,,,,,,,,,,,,
KMI,XLE,32,32,249,0.7143,14,-1.0,-1.0,0.61,,,,,,0.7143,14,-1.0,-1.0,0.674,0.6,15,0.0,0.0,-0.6544,,,,,,,,,,,,,,,,,,,,,,,,,,,,,,,,,,,,,,,,,,,,,,0.8,10,-3.0,-3.0,-0.125,0.8182,11,-3.0,-3.0,0.2022,,,,,,,,,,,,,,,,,,,,,,,,,,0.6,10,-3.0,-3.0,0.13,0.6667,21,2.0,2.0,-0.1779,0.6364,11,-3.0,-3.0,0.1829,,,,,,0.6479,0.437
KMX,XLY,15,15,237,,,,,,,,,,,,,,,,,,,,,,,,,,,,,,,,,,,,,,,,,,,,,,,,,,,,,,,,,,,,,,,,,,0.7083,24,-1.0,-1.0,-0.2365,,,,,,0.6,40,0.0,0.0,-0.3425,,,,,,,,,,,,,,,,,,,,,0.6,10,-3.0,-3.0,0.2767,0.6897,29,-2.0,-2.0,-0.1995,0.6,10,-3.0,-3.0,0.5083,0.6207,29,-2.0,-2.0,-0.3094,0.5887,0.628
KNSA,XBI,10,11,154,,,,,,,,,,,,,,,,,,,,,,,,,,,,,,,,,,,,,,,,,,,,,,,,,,,,,,,,,,,,,0.6429,14,2.0,2.0,0.2833,0.6176,34,0.0,1.0,-0.2814,0.6923,13,-1.0,-1.0,0.5011,0.6818,22,1.0,1.0,-0.5933,,,,,,,,,,,,,,,,,,,,,,,,,,0.6364,11,2.0,2.0,-0.1443,,,,,,,,,,,0.6252,0.4411
KNX,IWM,11,11,234,,,,,,,,,,,,,,,,,,,,,,,,,,,,,,,,,,,,,,,,,,,,,,,,,,,,,,,,,,,,,0.6154,26,1.0,1.0,0.1731,0.6471,17,2.0,2.0,-0.1245,0.6512,43,1.0,2.0,0.2568,,,,,,,,,,,,,,,,,,,,,,,,,,0.6071,84,-1.0,-1.0,0.2133,0.6364,44,1.0,1.0,-0.2489,,,,,,,,,,,0.2107,0.2581
KO,XLP,40,40,437,,,,,,,,,,,,,,,,,,,,,,,,,,,,,,,,,,,,,,,,,,,,,,,,,,,,,,,,,,,,,0.6486,37,1.0,1.0,0.1317,0.6341,246,-1.0,0.0,-0.0833,,,,,,0.6066,122,-1.0,-1.0,-0.1501,,,,,,,,,,,,,,,,,,,,,0.7,10,2.0,2.0,0.1271,0.6081,74,0.0,0.0,-0.1311,,,,,,0.6111,54,-2.0,-2.0,-0.1561,0.8086,0.8759
KOD,XBI,18,22,157,,,,,,,,,,,,,,,,,,,,,,,,,,,,,,,,,,,,,,,,,,,,,,,,,,,,,,,,,,,,,0.7143,21,-2.0,-1.0,0.4407,0.8,15,3.0,3.0,-0.4508,0.6,10,-3.0,-3.0,0.6817,0.6087,23,2.0,2.0,-1.0093,,,,,,,,,,,,,,,,,,,,,0.619,21,1.0,1.0,0.5577,0.6154,13,2.0,2.0,-0.405,0.7273,11,-4.0,-4.0,0.6575,0.6765,34,0.0,0.0,-0.6487,0.8161,1.3321
KODK,SPY,10,11,175,,,,,,,,,,,,,,,,,,,,,,,,,,,,,,,,,,,,,,,,,,,,,,,,,,,,,,,,,,,,,,,,,,0.6875,16,-3.0,-3.0,-0.25,,,,,,0.6154,26,-2.0,-2.0,-0.5831,,,,,,,,,,,,,,,,,,,,,,,,,,0.8,10,-2.0,-2.0,-0.27,,,,,,0.6667,12,-2.0,-2.0,-0.4475,0.6409,0.9671
KOID,QQQ,14,16,98,,,,,,,,,,,,,,,,,,,,,,,,,,,,,,,,,,,,,,,,,,,,,,,,,,,,,,,,,,,,,,,,,,,,,,,0.85,20,-2.0,-1.0,0.3112,0.6364,11,1.0,1.0,-0.2986,,,,,,,,,,,,,,,,,,,,,0.7692,13,1.0,1.0,0.095,,,,,,0.661,59,-1.0,1.0,0.2808,,,,,,0.7878,1.2637
KOLD,SPY,40,40,442,,,,,,,,,,,,,,,,,,,,,,,,,,,,,,,,,,,,,,,,,0.6842,19,0.0,0.0,0.7554,0.6,15,-1.0,-1.0,-1.3,,,,,,0.6,15,-1.0,-1.0,-1.9967,0.6786,28,4.0,5.0,0.2984,,,,,,0.6,25,-5.0,-5.0,0.672,0.6571,70,1.0,2.0,-0.6813,,,,,,,,,,,,,,,,,,,,,,,,,,,,,,,0.6667,18,-2.0,-2.0,0.6042,0.7,20,1.0,1.0,-0.5093,0.1587,0.7842
KOPN,QQQ,40,40,290,,,,,,,,,,,,,,,,,,,,,,,,,,,,,,,,,,,,,,,,,0.6364,11,0.0,0.0,2.7986,0.7273,11,-1.0,-1.0,-1.4625,0.6364,11,0.0,0.0,3.6571,0.6364,11,-1.0,-1.0,-3.0329,0.6522,46,1.0,3.0,0.8277,0.6875,16,5.0,5.0,-0.7055,0.6667,27,1.0,2.0,0.9878,0.8333,12,-4.0,-4.0,-0.719,,,,,,,,,,,,,,,,,,,,,,,,,,0.7692,13,-3.0,-3.0,-0.855,,,,,,0.6545,55,-3.0,-2.0,-0.8606,0.8662,2.1732
KORU,QQQ,40,40,671,,,,,,,,,,,,,,,,,,,,,,,,,,,,,,,,,,,,,,,,,0.8,10,-1.0,-1.0,2.0525,0.6667,12,0.0,0.0,-1.5275,0.8,10,-1.0,-1.0,2.7988,,,,,,0.6579,38,-3.0,-2.0,1.1516,0.7333,15,0.0,0.0,-0.77,0.6774,62,15.0,15.0,1.0098,0.6875,16,0.0,0.0,-1.8555,,,,,,,,,,,,,,,,,,,,,,,,,,0.64,25,-3.0,-3.0,-1.605,0.6522,23,2.0,2.0,1.0627,0.6957,23,-3.0,-3.0,-1.9644,0.8403,8.4421
KOS,XLE,38,38,268,,,,,,,,,,,,,,,,,,,,,,,,,,,,,,,,,,,,,,,,,,,,,,,,,,,,,,,,,,,,,,,,,,0.6917,120,-5.0,1.0,-0.4402,0.7,10,-7.0,-7.0,0.7986,0.6719,64,-5.0,-2.0,-0.7398,,,,,,,,,,,,,,,,,,,,,0.619,21,2.0,2.0,0.6946,0.6847,203,-2.0,1.0,-0.3761,0.6667,21,2.0,2.0,1.19,0.6406,64,-1.0,-1.0,-0.7612,0.8155,2.0876
KPDD,SPY,20,23,73,,,,,,,,,,,,,,,,,,,,,,,,,,,,,,,,,,,,,,,,,,,,,,,,,,,,,,,,,,,,,,,,,,,,,,,,,,,,,,,,,,,,,,,,,,,,,,,,,,,,,,,,,,0.6889,45,-1.0,0.0,-0.5706,,,,,,0.6585,41,-1.0,0.0,-0.9011,0.1957,0.6511
KR,XLP,35,35,252,0.6296,27,-1.0,0.0,0.9424,,,,,,,,,,,,,,,,,,,,,,,,,,,,,,,,,,,,,,,,,,,,,,,,,,,,,,,,,,,,,0.7692,13,-3.0,-3.0,-0.283,,,,,,0.6557,61,-4.0,-2.0,-0.3303,,,,,,,,,,,,,,,,,,,,,0.8,10,2.0,2.0,0.2275,0.6452,62,-1.0,-1.0,-0.2118,0.6,10,2.0,2.0,0.36,0.6667,63,-1.0,-1.0,-0.3045,0.6374,0.976
KRE,IWM,33,33,257,0.7222,18,0.0,0.0,0.3446,,,,,,0.7222,18,0.0,0.0,0.4185,,,,,,,,,,,,,,,,,,,,,,,,,,0.7143,14,0.0,0.0,0.493,0.7,10,-1.0,-1.0,-0.5286,0.7857,14,0.0,0.0,0.6227,0.6,10,-1.0,-1.0,-0.7183,0.7692,13,-3.0,-3.0,0.119,,,,,,0.75,12,-3.0,-3.0,0.1667,0.6667,30,-2.0,-2.0,-0.2825,,,,,,,,,,,,,,,,,,,,,,,,,,,,,,,0.6471,17,-2.0,-2.0,0.1764,,,,,,0.68,0.3652
KRMN,SPY,28,28,246,,,,,,,,,,,,,,,,,,,,,,,,,,,,,,,,,,,,,,,,,,,,,,0.625,24,-1.0,0.0,-2.29,,,,,,0.6,10,-1.0,-1.0,-2.2867,0.6316,57,-1.0,1.0,0.5128,0.6829,41,-3.0,-2.0,-0.4679,0.75,16,3.0,3.0,0.7508,0.6716,67,-5.0,-3.0,-0.8018,,,,,,,,,,,,,,,,,,,,,,,,,,0.7333,15,-2.0,-2.0,-0.2982,0.6667,15,1.0,1.0,0.391,0.8,15,-2.0,-2.0,-0.6167,0.6017,1.4679
KSCP,SPY,34,36,153,,,,,,0.7692,13,1.0,1.0,-3.281,,,,,,,,,,,,,,,,,,,,,,,,,,,,,,,,,,,,0.75,12,-1.0,-1.0,-3.4156,,,,,,0.6667,12,-1.0,-1.0,-3.7862,,,,,,0.6875,32,0.0,2.0,-0.4673,,,,,,0.6,15,0.0,0.0,-0.7211,,,,,,,,,,,,,,,,,,,,,,,,,,0.6481,108,-2.0,0.0,-0.8109,,,,,,0.6697,109,-2.0,0.0,-1.2144,0.5093,1.4368
KSS,IWM,28,28,243,,,,,,,,,,,,,,,,,,,,,,,,,,,,,,,,,,,,,,,,,0.6,15,0.0,0.0,1.9756,,,,,,0.6667,15,0.0,0.0,2.288,,,,,,0.6,20,2.0,2.0,0.9317,0.6429,42,0.0,1.0,-0.4285,0.7368,19,2.0,2.0,0.835,0.75,28,-5.0,-4.0,-0.5029,,,,,,,,,,,,,,,,,,,,,,,,,,0.6136,44,1.0,1.0,-0.327,0.625,16,-2.0,-2.0,0.339,,,,,,0.3562,0.6253
KSTR,QQQ,22,25,144,,,,,,,,,,,,,,,,,,,,,,,,,,,,,,,,,,,,,,,,,,,,,,,,,,,,,,,,,,,,,0.7059,17,-6.0,-6.0,0.1208,,,,,,0.7,10,4.0,4.0,0.23,0.6316,19,-5.0,-5.0,-0.385,,,,,,,,,,,,,,,,,,,,,0.6087,23,0.0,0.0,0.15,,,,,,0.6667,24,1.0,1.0,0.2438,0.6111,18,-2.0,-2.0,-0.2055,0.5569,1.6127
KTOS,ITA,40,40,344,,,,,,0.8,10,0.0,0.0,-1.855,,,,,,0.7,10,0.0,0.0,-1.9086,,,,,,,,,,,,,,,,,,,,,,,,,,,,,,,,,,,,,,,,,,,,,,0.6552,29,3.0,4.0,-0.4742,0.6667,33,-1.0,-1.0,0.4559,0.72,25,-6.0,-5.0,-0.3622,,,,,,,,,,,,,,,,,,,,,0.6364,33,1.0,1.0,0.6262,0.6818,22,2.0,2.0,-0.54,0.6471,34,1.0,1.0,0.7195,0.6364,22,2.0,2.0,-0.6164,0.4953,1.3164
KTUP,SPY,27,38,91,,,,,,,,,,,,,,,,,,,,,,,,,,,,,,,,,,,,,,,,,,,,,,0.6364,11,0.0,0.0,-6.9186,,,,,,0.6923,13,0.0,0.0,-5.7444,0.8,10,-6.0,-6.0,1.41,,,,,,0.6,10,15.0,15.0,1.1033,,,,,,,,,,,,,,,,,,,,,,,,,,,,,,,,,,,,0.6346,52,-1.0,0.0,1.3761,,,,,,0.4952,2.8144
KULR,SPY,37,37,265,,,,,,,,,,,,,,,,,,,,,,,,,,,,,,,,,,,,,,,,,,,,,,0.7222,18,0.0,0.0,-2.0962,,,,,,,,,,,0.7,10,3.0,3.0,0.6571,0.6842,38,-2.0,-1.0,-0.6731,0.619,21,0.0,0.0,0.9023,0.6111,18,1.0,1.0,-1.0555,,,,,,,,,,,,,,,,,,,,,,,,,,0.7143,14,-2.0,-2.0,-0.682,,,,,,0.8667,15,-2.0,-2.0,-0.8977,0.6849,2.5884
KURA,XBI,17,17,217,,,,,,,,,,,,,,,,,,,,,,,,,,,,,,,,,,,,,,,,,,,,,,,,,,,,,,,,,,,,,0.6341,41,-3.0,-2.0,0.4677,,,,,,0.6333,30,-2.0,-2.0,0.6858,0.7,30,-1.0,-1.0,-0.39,,,,,,,,,,,,,,,,,,,,,0.6182,55,0.0,0.0,0.3438,0.6,20,-2.0,-2.0,-0.8633,,,,,,0.7778,18,-2.0,-2.0,-0.9193,0.633,0.7348
KUST,SPY,21,32,203,,,,,,,,,,,,,,,,,,,,,,,,,,,,,,,,,,,,,,,,,,,,,,0.8,10,0.0,0.0,-4.2938,,,,,,,,,,,,,,,,0.7,10,0.0,0.0,-1.9129,,,,,,,,,,,,,,,,,,,,,,,,,,,,,,,0.6,10,1.0,1.0,2.6467,0.6296,135,-1.0,0.0,-2.7588,0.6364,11,1.0,1.0,4.48,0.626,131,-1.0,0.0,-3.6791,0.1682,1.8819
KVUE,XLP,31,31,239,0.6923,13,0.0,0.0,0.9433,,,,,,0.6923,13,0.0,0.0,0.95,,,,,,,,,,,,,,,,,,,,,,,,,,,,,,,,,,,,,,,,,,,,,,,,,,,0.6538,52,1.0,1.0,-0.1282,,,,,,0.6471,17,2.0,2.0,-0.2409,,,,,,,,,,,,,,,,,,,,,0.7,10,2.0,2.0,0.1271,0.6769,65,0.0,0.0,-0.1073,,,,,,0.66,50,-2.0,-2.0,-0.177,0.6552,0.5987
KVYO,IGV,35,35,258,0.6667,12,0.0,0.0,1.85,,,,,,0.6667,12,0.0,0.0,3.1212,,,,,,,,,,,,,,,,,,,,,,,,,,,,,,,,,,,,,,,,,,,,,,0.9091,11,5.0,5.0,0.256,0.7407,27,-1.0,-1.0,-0.28,0.75,20,-3.0,-3.0,0.4447,0.6667,27,-1.0,-1.0,-0.5506,,,,,,,,,,,,,,,,,,,,,0.6667,12,-4.0,-4.0,0.4238,0.6,50,-1.0,-1.0,-0.3483,0.75,12,-4.0,-4.0,0.6078,,,,,,0.8277,1.4802
KWEB,SPY,40,40,348,0.6087,23,-1.0,0.0,0.5636,,,,,,0.6087,23,-1.0,0.0,0.6471,,,,,,,,,,,,,,,,,,,,,,,,,,,,,,,,,,,,0.6,20,0.0,0.0,0.5608,,,,,,0.6522,23,3.0,3.0,0.088,0.6271,59,0.0,0.0,-0.1186,,,,,,0.6538,52,0.0,0.0,-0.1441,,,,,,,,,,,,,,,,,,,,,,,,,,0.6667,18,1.0,1.0,-0.13,,,,,,0.7059,17,-2.0,-2.0,-0.2042,0.3619,0.8443
KWM,IWM,17,32,78,,,,,,,,,,,,,,,,,,,,,,,,,,,,,,,,,,,,,,,,,,,,,,,,,,,,,,,,,,,,,,,,,,,,,,,,,,,,,,,,,,,,,,,,,,,,,,,,,,,,,,,,,,,,,,,,,,,,,,,,,0.5417,1.8084
KYIV,SPY,10,11,132,,,,,,,,,,,,,,,,,,,,,,,,,,,,,,,,,,,,,,,,,,,,,,,,,,,,,,,,,,,,,0.6667,12,1.0,1.0,0.28,0.6667,15,-2.0,-2.0,-0.394,0.6154,13,2.0,2.0,0.5837,0.7222,18,0.0,0.0,-0.4708,,,,,,,,,,,,,,,,,,,,,,,,,,0.6364,11,-2.0,-2.0,-0.48,,,,,,,,,,,0.4206,0.5973
KYMR,XBI,10,12,144,,,,,,,,,,,,,,,,,,,,,,,,,,,,,,,,,,,,,,,,,,,,,,,,,,,,,,,,,,,,,,,,,,0.6,20,0.0,0.0,-0.1658,,,,,,0.6667,18,0.0,0.0,-0.4783,,,,,,,,,,,,,,,,,,,,,0.75,24,1.0,1.0,0.6083,,,,,,0.6552,29,1.0,1.0,0.6937,0.6522,23,-2.0,-1.0,-0.3867,0.7667,0.9242
KYTX,IWM,30,31,205,,,,,,,,,,,,,,,,,,,,,,,,,,,,,,,,,,,,,,,,,,,,,,,,,,,0.6667,15,0.0,0.0,1.757,,,,,,,,,,,0.6216,37,2.0,3.0,-0.4448,,,,,,0.6667,18,2.0,2.0,-0.7433,,,,,,,,,,,,,,,,,,,,,,,,,,0.6552,29,1.0,1.0,-0.3863,,,,,,0.6129,31,1.0,1.0,-1.1037,0.789,1.1404
LAB,SPY,15,17,219,,,,,,,,,,,0.6364,11,0.0,0.0,2.7329,,,,,,,,,,,,,,,,,,,,,,,,,,,,,,,,,,,,,,,,,,,,,,0.6471,17,-1.0,-1.0,1.3473,0.6765,34,1.0,2.0,-0.6565,,,,,,0.697,33,2.0,3.0,-0.8104,,,,,,,,,,,,,,,,,,,,,,,,,,0.6667,15,-2.0,-2.0,-0.4,,,,,,0.6133,75,-1.0,-1.0,-0.8093,0.2892,0.5278
LABD,QQQ,40,40,305,0.6,10,-1.0,-1.0,3.3283,,,,,,,,,,,,,,,,,,,,,,,,,,,,,,,,,,,,0.6,10,-1.0,-1.0,4.3,0.6667,12,0.0,0.0,-2.0737,0.8,10,-1.0,-1.0,3.76,0.75,12,0.0,0.0,-3.5133,,,,,,0.64,25,-2.0,-2.0,-0.5144,0.75,16,2.0,2.0,0.8875,0.6396,111,-4.0,-1.0,-0.597,,,,,,,,,,,,,,,,,,,,,0.6667,12,-3.0,-3.0,0.7162,0.6167,60,1.0,2.0,-0.4349,0.6154,13,-3.0,-3.0,1.1888,0.6765,68,1.0,2.0,-0.4435,-0.6305,-1.1517
LABT,IBB,20,33,88,,,,,,,,,,,,,,,,,,,,,,,,,,,,,,,,,,,,,,,,,,,,,,,,,,,,,,,,,,,,,,,,,,,,,,,,,,,,,,,,,,,,,,,,,,,,,,,,,,,,,,,,,,0.6667,18,0.0,0.0,-1.3833,,,,,,0.8182,22,-1.0,0.0,-2.6028,0.1146,0.5178
LABU,IWM,37,37,211,,,,,,,,,,,,,,,,,,,,,,,,,,,,,,,,,,,,,,,,,,,,,,,,,,,0.625,16,0.0,0.0,3.994,,,,,,0.6316,57,0.0,3.0,0.5744,0.6154,13,4.0,4.0,-0.5938,0.7812,32,2.0,3.0,0.7568,0.75,12,-3.0,-3.0,-1.1267,,,,,,,,,,,,,,,,,,,,,0.6364,11,-2.0,-2.0,0.49,,,,,,0.6333,30,1.0,1.0,0.5826,0.6364,11,-2.0,-2.0,-0.9471,0.7569,2.3451
LABX,QQQ,34,39,131,,,,,,,,,,,,,,,,,,,,,,,,,,,,,,,,,,,,,,,,,0.6,10,-1.0,-1.0,7.17,,,,,,,,,,,,,,,,,,,,,0.6667,21,-15.0,-15.0,-1.6986,0.8,10,15.0,15.0,1.8537,,,,,,,,,,,,,,,,,,,,,,,,,,,,,,,0.6875,16,-2.0,-2.0,-1.5491,0.7647,17,1.0,1.0,3.24,,,,,,0.8429,5.3192
LAC,GDX,40,40,362,,,,,,0.8182,11,1.0,1.0,-1.41,,,,,,0.6364,11,1.0,1.0,-2.12,,,,,,,,,,,,,,,,,,,,,,,,,,,,,,,,,,,,,,,,,0.7,40,1.0,1.0,0.4207,0.6364,22,2.0,2.0,-0.375,0.7333,45,1.0,1.0,0.5409,0.641,39,2.0,3.0,-0.6348,,,,,,,,,,,,,,,,,,,,,0.6842,38,1.0,1.0,0.4919,0.6216,37,-3.0,-3.0,-0.2852,0.65,40,1.0,1.0,0.5835,0.6296,27,-2.0,-2.0,-0.7871,0.6244,0.4545
LAES,QQQ,40,40,511,,,,,,0.6,10,-1.0,-1.0,-3.1417,,,,,,0.6,10,-1.0,-1.0,-3.9433,,,,,,,,,,,,,,,,,,,,,0.7273,11,-1.0,-1.0,2.2625,0.6364,11,0.0,0.0,-2.9686,,,,,,0.6364,11,0.0,0.0,-2.9129,0.6316,19,4.0,4.0,0.5367,0.6456,79,-5.0,-3.0,-0.4343,0.6,20,4.0,4.0,0.9492,0.6471,17,-5.0,-5.0,-0.7227,,,,,,,,,,,,,,,,,,,,,,,,,,0.6402,189,-2.0,-1.0,-0.4433,0.6,10,-4.0,-4.0,1.3433,0.7778,18,-3.0,-3.0,-0.7171,0.7169,1.2243
LAND,VNQ,12,16,152,,,,,,,,,,,,,,,,,,,,,,,,,,,,,,,,,,,,,,,,,,,,,,,,,,,,,,,,,,,,,,,,,,0.6809,94,-2.0,0.0,-0.1955,,,,,,0.6429,42,0.0,0.0,-0.2822,,,,,,,,,,,,,,,,,,,,,,,,,,0.663,92,-2.0,0.0,-0.1851,,,,,,0.75,16,-2.0,-2.0,-0.2975,0.3902,0.3337
LAR,IWM,32,32,228,,,,,,0.7,10,-1.0,-1.0,-1.6771,,,,,,0.7,10,-1.0,-1.0,-3.0629,,,,,,,,,,,,,,,,,,,,,,,,,,,,,,,,,,,,,,,,,0.6,10,3.0,3.0,0.42,0.6316,19,-1.0,-1.0,-0.3767,0.7273,11,5.0,5.0,0.6887,0.8,10,-5.0,-5.0,-0.2863,,,,,,,,,,,,,,,,,,,,,,,,,,,,,,,,,,,,,,,,,0.5845,1.5949
LASE,XLI,40,40,354,,,,,,,,,,,,,,,,,,,,,,,,,,,,,,,,,,,,,,,,,,,,,,,,,,,,,,,,,,,,,0.75,12,-10.0,-10.0,0.7389,0.6981,53,15.0,15.0,-2.5276,0.7273,11,-3.0,-3.0,1.7912,0.8571,14,-8.0,-8.0,-1.3183,,,,,,,,,,,,,,,,,,,,,,,,,,0.7619,42,1.0,1.0,-1.2369,,,,,,0.625,24,-2.0,-2.0,-1.1153,0.3842,4.0294
LASR,QQQ,24,26,220,,,,,,,,,,,,,,,,,,,,,,,,,,,,,,,,,,,,,,,,,,,,,,,,,,,,,,,,,,,,,,,,,,0.6,20,0.0,0.0,-0.6342,0.75,28,-1.0,-1.0,0.8243,0.6,10,-3.0,-3.0,-0.6983,,,,,,,,,,,,,,,,,,,,,,,,,,0.6,30,-2.0,-2.0,-0.6483,0.6176,34,1.0,1.0,1.2619,,,,,,0.8318,1.988
LBRT,OIH,16,16,237,,,,,,,,,,,,,,,,,,,,,,,,,,,,,,,,,,,,,,,,,,,,,,,,,,,,,,,,,,,,,0.6333,30,-2.0,-2.0,0.3021,0.6744,43,-4.0,-3.0,-0.2931,0.6364,11,2.0,2.0,0.29,0.7,10,-6.0,-6.0,-0.6971,,,,,,,,,,,,,,,,,,,,,,,,,,0.7059,34,-4.0,-3.0,-0.2433,,,,,,0.6429,56,-4.0,-2.0,-0.5183,0.8027,1.3157
LCDL,SPY,22,28,52,,,,,,,,,,,,,,,,,,,,,,,,,,,,,,,,,,,,,,,,,,,,,,0.7273,11,0.0,0.0,-3.0525,,,,,,,,,,,,,,,,,,,,,,,,,,,,,,,,,,,,,,,,,,,,,,,,,,,,,,,,0.75,12,-1.0,-1.0,-1.9567,,,,,,0.6923,13,-1.0,-1.0,-3.0478,0.6335,2.4217
LCID,IWM,40,40,407,0.8182,11,0.0,0.0,1.8667,0.75,16,-1.0,-1.0,-1.3867,0.6364,11,0.0,0.0,3.5129,,,,,,,,,,,,,,,,,,,,,,,,,,0.6316,19,0.0,0.0,1.9883,0.6154,13,-1.0,-1.0,-1.6862,,,,,,,,,,,,,,,,0.7111,45,0.0,0.0,-0.2187,0.6522,23,-2.0,-2.0,1.186,0.6842,19,4.0,4.0,-1.0031,,,,,,,,,,,,,,,,,,,,,,,,,,0.6311,122,0.0,0.0,-0.6719,,,,,,,,,,,0.5791,1.1265
LCTX,SPY,23,25,196,,,,,,,,,,,,,,,,,,,,,,,,,,,,,,,,,,,,,,,,,,,,,,0.75,12,0.0,0.0,-1.7344,,,,,,0.6364,11,0.0,0.0,-2.1871,,,,,,0.6667,72,0.0,2.0,-0.3196,,,,,,0.705,139,-4.0,2.0,-0.4944,,,,,,,,,,,,,,,,,,,,,,,,,,0.6494,154,-2.0,0.0,-0.3287,,,,,,0.7007,147,-1.0,1.0,-0.524,0.4032,0.7064
LDI,XLF,32,34,213,,,,,,,,,,,,,,,,,,,,,,,,,,,,,,,,,,,,,,,,,,,,,,,,,,,,,,,,,,,,,,,,,,0.7627,59,-6.0,-2.0,-0.2389,0.6111,18,-1.0,-1.0,1.1027,0.7231,65,0.0,2.0,-0.7836,,,,,,,,,,,,,,,,,,,,,,,,,,0.7226,155,-1.0,1.0,-0.3291,,,,,,0.6765,170,-2.0,1.0,-0.651,0.5394,1.4867
LDOS,IGV,16,16,223,,,,,,,,,,,,,,,,,,,,,,,,,,,,,,,,,,,,,,,,,,,,,,,,,,,,,,,,,,,,,,,,,,0.6667,48,1.0,2.0,-0.1522,,,,,,0.675,40,-1.0,-1.0,-0.2704,,,,,,,,,,,,,,,,,,,,,0.7,10,3.0,3.0,0.2414,0.6667,69,-2.0,-1.0,-0.2354,,,,,,0.6512,43,0.0,0.0,-0.3007,0.5029,0.4297
LEGN,XBI,22,23,221,,,,,,,,,,,,,,,,,,,,,,,,,,,,,,,,,,,,,,,,,,,,,,,,,,,,,,,,,,,,,0.6,20,1.0,1.0,0.4383,0.6333,60,-1.0,0.0,-0.3145,0.6061,33,-2.0,-2.0,0.4905,0.6154,13,-6.0,-6.0,-0.7375,,,,,,,,,,,,,,,,,,,,,0.6,10,-4.0,-4.0,1.0933,0.6346,156,-3.0,1.0,-0.361,0.6341,41,1.0,1.0,0.515,0.6375,80,-1.0,0.0,-0.5657,0.5038,0.5691
LEN,XHB,24,24,236,,,,,,,,,,,,,,,,,,,,,,,,,,,,,,,,,,,,,,,,,,,,,,,,,,,,,,,,,,,,,,,,,,0.625,32,-2.0,-2.0,-0.2685,,,,,,0.7059,17,-3.0,-3.0,-0.2642,,,,,,,,,,,,,,,,,,,,,,,,,,,,,,,,,,,,0.625,48,1.0,1.0,-0.441,0.823,1.0998
LENZ,IWM,25,26,177,,,,,,,,,,,,,,,,,,,,,,,,,,,,,,,,,,,,,,,,,,,,,,,,,,,,,,,,0.7,10,0.0,0.0,-2.9186,,,,,,0.7119,59,-3.0,0.0,-0.4162,0.6667,24,-4.0,-3.0,0.65,0.7179,39,-2.0,-1.0,-0.8893,,,,,,,,,,,,,,,,,,,,,,,,,,0.7231,65,0.0,1.0,-0.4626,0.6364,11,-2.0,-2.0,0.98,0.625,24,1.0,1.0,-1.0807,0.465,0.6382
LESL,IWM,14,19,96,,,,,,,,,,,,,,,,,,,,,,,,,,,,,,,,,,,,,,,,,,,,,,,,,,,,,,,,,,,,,,,,,,,,,,,,,,,,,,,,,,,,,,,,,,,,,,,,,,,,,0.7097,31,0.0,0.0,2.0777,0.6,10,1.0,1.0,-1.81,0.6429,14,1.0,1.0,3.0322,0.6087,23,-1.0,-1.0,-2.2957,0.2641,0.6584
LEU,GDX,36,36,238,,,,,,,,,,,,,,,,,,,,,,,,,,,,,,,,,,,,,,,,,,,,,,,,,,,,,,,,,,,,,0.6667,21,-1.0,-1.0,0.4543,0.7037,27,1.0,2.0,-0.41,0.6296,54,-3.0,-1.0,0.5359,0.7059,17,1.0,1.0,-0.7675,,,,,,,,,,,,,,,,,,,,,0.6667,21,1.0,1.0,0.5414,0.65,20,-2.0,-2.0,-0.4915,0.6522,23,1.0,1.0,1.0,0.6,20,-2.0,-2.0,-0.9008,0.6994,0.7177
LEVI,SPY,11,11,236,,,,,,,,,,,,,,,,,,,,,,,,,,,,,,,,,,,,,,,,,,,,,,,,,,,,,,,,,,,,,0.6,15,-3.0,-3.0,0.2211,0.6316,95,-1.0,0.0,-0.2122,,,,,,0.6875,16,3.0,3.0,-0.3464,,,,,,,,,,,,,,,,,,,,,,,,,,0.6,80,-1.0,-1.0,-0.2094,,,,,,0.8,15,-2.0,-2.0,-0.29,0.525,0.7226
LFMD,IWM,21,21,201,,,,,,,,,,,,,,,,,,,,,,,,,,,,,,,,,,,,,,,,,0.6364,11,0.0,0.0,2.2243,,,,,,,,,,,,,,,,,,,,,0.6316,19,0.0,0.0,-0.3767,0.7273,11,-6.0,-6.0,0.7075,0.7143,28,-2.0,-1.0,-0.9115,,,,,,,,,,,,,,,,,,,,,,,,,,0.6061,33,1.0,1.0,-0.5305,,,,,,0.6471,34,1.0,1.0,-0.6818,0.5255,0.5303
LFS,SPY,15,29,86,,,,,,,,,,,,,,,,,,,,,,,,,,,,,,,,,,,,,,,,,,,,,,0.8,10,0.0,0.0,-1.7125,,,,,,,,,,,,,,,,0.6471,17,15.0,15.0,-2.5564,,,,,,0.7222,18,15.0,15.0,-5.6777,,,,,,,,,,,,,,,,,,,,,,,,,,0.6286,35,0.0,0.0,-2.3059,,,,,,0.6111,18,-1.0,-1.0,-1.0073,0.138,0.6369
LFST,IWM,19,19,230,,,,,,,,,,,,,,,,,,,,,,,,,,,,,,,,,,,,,,,,,,,,,,,,,,,,,,,,,,,,,0.6087,23,2.0,2.0,0.2164,0.6667,21,3.0,3.0,-0.2157,,,,,,0.6875,64,-3.0,-1.0,-0.3675,,,,,,,,,,,,,,,,,,,,,,,,,,,,,,,,,,,,0.6277,94,-2.0,-1.0,-0.3731,0.4612,0.3652
LFVN,SPY,18,23,111,,,,,,,,,,,,,,,,,,,,,,,,,,,,,,,,,,,,,,,,,,,,,,,,,,,,,,,,,,,,,0.6667,15,15.0,15.0,1.631,,,,,,,,,,,,,,,,,,,,,,,,,,,,,,,,,,,,,,,,,,,,,,,,,,,,,,,,-0.0116,-0.0445
LGCL,XLI,15,20,154,,,,,,,,,,,,,,,,,,,,,,,,,,,,,,,,,,,,,,,,,,,,,,,,,,,,,,,,,,,,,,,,,,0.6136,44,15.0,15.0,-6.3633,,,,,,0.6444,45,15.0,15.0,-11.2859,,,,,,,,,,,,,,,,,,,,,,,,,,,,,,,,,,,,,,,,,-0.0079,-0.0632
LGHL,SPY,25,34,140,,,,,,,,,,,,,,,,,,,,,,,,,,,,,,,,,,,,,,,,,,,,,,0.6364,22,-1.0,0.0,-3.205,,,,,,0.6364,11,0.0,0.0,-6.9614,,,,,,0.7407,27,15.0,15.0,-13.1675,,,,,,0.8,25,15.0,15.0,-52.872,,,,,,,,,,,,,,,,,,,,,,,,,,0.6269,67,0.0,0.0,-6.775,,,,,,0.6056,71,0.0,0.0,-26.077,0.2426,2.7199
LGO,SPY,25,29,139,,,,,,,,,,,,,,,,,,,,,,,,,,,,,,,,,,,,,,,,,,,,,,,,,,,0.6364,11,0.0,0.0,2.9529,,,,,,,,,,,0.6667,12,15.0,15.0,-3.3687,,,,,,0.8182,11,15.0,15.0,-2.9778,,,,,,,,,,,,,,,,,,,,,,,,,,,,,,,,,,,,0.6429,28,-1.0,-1.0,-1.0828,0.4716,1.5538
LGPS,VNQ,13,24,97,,,,,,,,,,,,,,,,,,,,,,,,,,,,,,,,,,,,,,,,,,,,,,,,,,,,,,,,,,,,,,,,,,0.6154,39,15.0,15.0,-4.8125,,,,,,0.6757,37,15.0,15.0,-6.6084,,,,,,,,,,,,,,,,,,,,,0.7143,14,1.0,1.0,2.572,0.7647,17,0.0,0.0,-4.0208,0.6667,12,1.0,1.0,5.2937,0.6875,16,0.0,0.0,-5.6255,0.1465,1.7336
LHAI,IGV,14,18,159,,,,,,,,,,,,,,,,,,,,,,,,,,,,,,,,,,,,,,,,,,,,,,,,,,,,,,,,,,,,,,,,,,0.6333,30,15.0,15.0,-7.7353,,,,,,0.6667,33,-15.0,-15.0,-2.0145,,,,,,,,,,,,,,,,,,,,,0.6667,12,-2.0,-2.0,2.4675,0.6667,15,1.0,1.0,-1.109,,,,,,0.7143,28,-2.0,-1.0,-2.534,0.0263,0.0844
LHSW,SPY,19,32,137,,,,,,,,,,,,,,,,,,,,,,,,,,,,,,,,,,,,,,,,,,,,,,0.6154,13,0.0,0.0,-8.8725,,,,,,,,,,,,,,,,0.6286,35,-15.0,-15.0,-1.4591,,,,,,0.7419,31,-15.0,-15.0,-2.8296,,,,,,,,,,,,,,,,,,,,,,,,,,0.6047,43,-1.0,-1.0,-6.6723,,,,,,0.7,40,-1.0,-1.0,-13.0021,0.1791,1.8094
LHX,ITA,20,20,229,,,,,,,,,,,,,,,,,,,,,,,,,,,,,,,,,,,,,,,,,,,,,,,,,,,,,,,,,,,,,0.6,35,-2.0,-2.0,0.1733,0.6296,108,-1.0,0.0,-0.1353,0.6176,34,-2.0,-2.0,0.2467,0.6667,30,0.0,0.0,-0.241,,,,,,,,,,,,,,,,,,,,,,,,,,0.6406,64,0.0,0.0,-0.1388,0.6078,51,1.0,2.0,0.2516,0.6591,44,-1.0,-1.0,-0.3062,0.3155,0.3253
LI,IWM,39,39,305,,,,,,,,,,,,,,,,,,,,,,,,,,,,,,,,,,,,,,,,,,,,,,,,,,,0.7368,19,0.0,0.0,0.9014,,,,,,,,,,,0.6524,164,-4.0,-1.0,-0.2079,0.6667,18,-4.0,-4.0,0.4975,0.6,40,-1.0,-1.0,-0.2438,,,,,,,,,,,,,,,,,,,,,,,,,,0.661,118,-2.0,-1.0,-0.2081,,,,,,,,,,,0.1952,0.4697
LICN,IWM,20,30,107,,,,,,,,,,,,,,,,,,,,,,,,,,,,,,,,,,,,,,,,,,,,,,,,,,,,,,,,,,,,,,,,,,0.6316,19,15.0,15.0,-6.6742,,,,,,0.6471,17,15.0,15.0,-9.4191,,,,,,,,,,,,,,,,,,,,,,,,,,,,,,,,,,,,,,,,,0.1863,0.9279
LIDR,QQQ,29,33,168,,,,,,,,,,,,,,,,0.6,10,0.0,0.0,-1.7467,,,,,,,,,,,,,,,,,,,,,,,,,,,,,,,,,,,,0.6,10,0.0,0.0,-1.715,0.6,10,4.0,4.0,0.51,0.8462,13,3.0,3.0,-0.5336,,,,,,0.6552,29,-3.0,-2.0,-0.5195,,,,,,,,,,,,,,,,,,,,,,,,,,0.629,62,0.0,2.0,-0.5682,,,,,,0.75,32,1.0,2.0,-0.69,0.725,0.8028
LIF,SPY,12,13,157,,,,,,,,,,,,,,,,,,,,,,,,,,,,,,,,,,,,,,,,,,,,,,,,,,,,,,,,,,,,,0.6667,12,-4.0,-4.0,0.205,0.7308,26,-2.0,-1.0,-0.3584,0.8,10,4.0,4.0,0.8087,0.7,10,-4.0,-4.0,-0.6386,,,,,,,,,,,,,,,,,,,,,,,,,,,,,,,0.6094,64,0.0,0.0,0.6056,,,,,,0.6229,1.5835
LIFE,IGV,11,13,115,,,,,,,,,,,,,,,,,,,,,,,,,,,,,,,,,,,,,,,,,,,,,,,,,,,,,,,,,,,,,,,,,,,,,,,0.6,10,2.0,2.0,0.75,0.6923,13,-1.0,-1.0,-0.5689,,,,,,,,,,,,,,,,,,,,,,,,,,0.7097,31,-2.0,-1.0,-0.4609,0.6429,14,0.0,0.0,0.9844,,,,,,0.3841,0.3644
LIMN,QQQ,33,38,313,,,,,,,,,,,,,,,,,,,,,,,,,,,,,,,,,,,,,,,,,,,,,,,,,,,,,,,,,,,,,,,,,,0.6522,23,-15.0,-15.0,-0.7913,,,,,,0.7692,13,-4.0,-4.0,-2.138,,,,,,,,,,,,,,,,,,,,,,,,,,,,,,,,,,,,0.6667,51,0.0,0.0,-2.4447,0.3182,1.3624
LIN,XLB,34,34,254,,,,,,0.6667,12,-1.0,-1.0,-0.4312,,,,,,0.7143,21,0.0,0.0,-0.634,,,,,,,,,,,,,,,,,,,,,,,,,,,,,,,,,,,,,,,,,0.6579,38,1.0,1.0,0.114,0.6,85,-1.0,-1.0,-0.1249,,,,,,0.6154,13,2.0,2.0,-0.1575,,,,,,,,,,,,,,,,,,,,,0.68,50,1.0,1.0,0.1535,0.7647,34,-3.0,-2.0,-0.1019,,,,,,0.7714,35,-3.0,-2.0,-0.1767,0.3855,0.3438
LINE,VNQ,11,13,191,,,,,,,,,,,,,,,,,,,,,,,,,,,,,,,,,,,,,,,,,,,,,,,,,,,,,,,,,,,,,,,,,,0.7083,24,2.0,2.0,-0.1971,,,,,,0.6613,62,-3.0,-1.0,-0.2332,,,,,,,,,,,,,,,,,,,,,0.6875,16,-2.0,-2.0,0.1627,0.6304,46,-1.0,-1.0,-0.171,,,,,,0.6,25,1.0,1.0,-0.3633,0.5923,1.0385
LINT,QQQ,28,37,101,,,,,,,,,,,,,,,,,,,,,,,,,,,,,,,,,,,,,,,,,,,,,,,,,,,,,,,,,,,,,,,,,,,,,,,,,,,,,,,,,,,,,,,,,,,,,,,,,,,,,,,,,,0.75,16,0.0,0.0,-0.9683,0.6154,13,0.0,0.0,2.3962,0.7,10,-2.0,-2.0,-2.8971,0.8002,5.6195
LION,IWM,19,20,226,,,,,,,,,,,,,,,,,,,,,,,,,,,,,,,,,,,,,,,,,,,,,,,,,,,,,,,,,,,,,,,,,,0.6078,51,-3.0,-2.0,-0.2252,,,,,,0.6071,84,-1.0,0.0,-0.3773,,,,,,,,,,,,,,,,,,,,,,,,,,0.6494,77,-1.0,-1.0,-0.2544,,,,,,0.6,95,-2.0,-1.0,-0.4625,0.2913,0.311
LIT,QQQ,12,13,134,,,,,,,,,,,,,,,,,,,,,,,,,,,,,,,,,,,,,,,,,,,,,,,,,,,,,,,,,,,,,0.6389,36,0.0,1.0,0.2126,0.6316,19,-2.0,-2.0,-0.1075,0.6667,15,0.0,0.0,0.197,0.8125,16,-1.0,-1.0,-0.19,,,,,,,,,,,,,,,,,,,,,0.7143,14,1.0,1.0,0.179,,,,,,0.7273,11,1.0,1.0,0.2425,0.7333,15,-2.0,-2.0,-0.1818,0.6384,0.7728
LITE,SOXX,40,40,600,,,,,,,,,,,,,,,,,,,,,,,,,,,,,,,,,,,,,,,,,,,,,,,,,,,,,,,,,,,,,0.6,45,-2.0,-2.0,0.4763,0.6829,41,-4.0,-4.0,-0.3618,0.6522,46,-2.0,-2.0,0.8487,0.6,15,-9.0,-9.0,-0.4633,,,,,,,,,,,,,,,,,,,,,0.6111,54,-1.0,-1.0,0.55,0.6,30,-4.0,-4.0,-0.4606,0.6346,52,2.0,2.0,0.7006,,,,,,0.8252,0.8007
LITU,QQQ,16,23,42,,,,,,,,,,,,,,,,,,,,,,,,,,,,,,,,,,,,,,,,,,,,,,,,,,,,,,,,,,,,,,,,,,,,,,,,,,,,,,,,,,,,,,,,,,,,,,,,,,,,,,,,,,,,,,,,,,,,,,,,,0.6827,3.783
LITX,QQQ,40,40,511,,,,,,,,,,,,,,,,,,,,,,,,,,,,,,,,,,,,,,,,,0.7273,11,-1.0,-1.0,4.5787,0.8333,12,0.0,0.0,-4.071,0.7273,11,-1.0,-1.0,6.21,0.6667,12,0.0,0.0,-6.35,0.62,50,-1.0,0.0,1.3145,0.6667,30,-3.0,-2.0,-1.0085,0.6667,21,-1.0,-1.0,1.5257,0.6667,33,-7.0,-6.0,-1.8618,,,,,,,,,,,,,,,,,,,,,,,,,,0.7,20,-3.0,-3.0,-0.6979,0.6316,19,2.0,2.0,0.9167,0.7143,21,-3.0,-3.0,-1.184,0.7437,4.0506
LITZ,IWM,39,39,178,,,,,,,,,,,,,,,,,,,,,,,,,,,,,,,,,,,,,,,,,0.7368,19,0.0,0.0,3.3107,0.7692,13,-1.0,-1.0,-3.8,,,,,,0.6923,13,-1.0,-1.0,-5.4033,,,,,,0.6154,13,15.0,15.0,-0.7425,,,,,,0.7857,14,15.0,15.0,-1.9045,,,,,,,,,,,,,,,,,,,,,,,,,,0.7083,24,1.0,1.0,-1.2006,,,,,,0.6333,60,0.0,1.0,-1.7826,-0.566,-4.8723
LLY,IBB,40,40,307,,,,,,0.6154,13,-1.0,-1.0,-0.6888,,,,,,,,,,,,,,,,,,,,,,,,,,,,,,,,,,,,,,,,,,,,,,,,,,,0.6,10,3.0,3.0,0.3117,,,,,,,,,,,0.6087,69,-1.0,-1.0,-0.2414,,,,,,,,,,,,,,,,,,,,,,,,,,,,,,,,,,,,,,,,,0.5426,0.9663
LLYX,SPY,37,40,155,0.8182,11,0.0,0.0,2.0556,,,,,,0.6667,12,0.0,0.0,3.7625,,,,,,,,,,,,,,,,,,,,,,,,,,,,,,,0.6,20,0.0,0.0,-1.6517,,,,,,,,,,,0.6667,15,-3.0,-3.0,0.708,0.6,10,0.0,0.0,-0.1333,0.7,10,2.0,2.0,0.6271,,,,,,,,,,,,,,,,,,,,,,,,,,0.65,40,-1.0,-1.0,0.5677,,,,,,0.7027,37,-1.0,-1.0,0.9262,,,,,,0.3075,0.9089
LMFA,IWM,18,27,99,,,,,,,,,,,,,,,,,,,,,,,,,,,,,,,,,,,,,,,,,0.7273,11,0.0,0.0,2.55,,,,,,0.6364,11,0.0,0.0,3.4757,,,,,,,,,,,0.6364,11,-15.0,-15.0,-0.8843,0.6154,13,-15.0,-15.0,2.9263,,,,,,,,,,,,,,,,,,,,,,,,,,,,,,,,,,,,,,,,,0.6481,54,-1.0,1.0,-4.8071,0.229,1.6654
LMND,XLF,35,35,224,,,,,,0.6364,11,0.0,0.0,-0.7486,,,,,,0.6364,11,0.0,0.0,-1.1686,,,,,,,,,,,,,,,,,,,,,,,,,,,,,,,,,,,,,,,,,0.6364,11,-4.0,-4.0,0.2929,,,,,,,,,,,0.65,20,2.0,2.0,-0.7662,,,,,,,,,,,,,,,,,,,,,0.6,15,1.0,1.0,0.2689,,,,,,,,,,,,,,,,0.6112,1.6096
LMT,ITA,38,38,259,,,,,,0.6429,14,-1.0,-1.0,-0.9956,,,,,,0.6429,14,-1.0,-1.0,-1.2044,,,,,,,,,,,,,,,,,,,,,,,,,,,,,,,,,,,,,,,,,0.6279,43,-2.0,-2.0,0.1637,,,,,,0.8462,13,3.0,3.0,0.6,0.6364,66,-1.0,-1.0,-0.181,,,,,,,,,,,,,,,,,,,,,0.6429,42,-3.0,-2.0,0.0981,0.6,65,0.0,0.0,-0.1192,,,,,,0.6222,45,-1.0,-1.0,-0.2286,0.1046,0.1104
LNAI,IWM,10,21,55,,,,,,,,,,,,,,,,,,,,,,,,,,,,,,,,,,,,,,,,,,,,,,,,,,,,,,,,,,,,,,,,,,,,,,,,,,,,0.6522,23,15.0,15.0,-8.2187,,,,,,,,,,,,,,,,,,,,,,,,,,0.7273,11,-1.0,-1.0,-3.8675,,,,,,0.7273,11,1.0,1.0,-2.6,0.331,0.9758
LNC,XLF,10,10,221,,,,,,,,,,,,,,,,,,,,,,,,,,,,,,,,,,,,,,,,,,,,,,,,,,,,,,,,,,,,,,,,,,0.6389,36,2.0,2.0,-0.143,,,,,,0.6286,35,2.0,2.0,-0.3159,,,,,,,,,,,,,,,,,,,,,,,,,,,,,,,,,,,,0.6667,15,1.0,1.0,-0.15,0.8372,1.0513
LNG,XLE,33,33,247,,,,,,,,,,,,,,,,0.6154,13,0.0,0.0,-1.025,,,,,,,,,,,,,,,,,,,,,,,,,,,,,,,,,,,,,,,,,,,,,,0.6,25,2.0,2.0,-0.1593,,,,,,,,,,,,,,,,,,,,,,,,,,,,,,,0.8,10,-3.0,-3.0,0.2063,,,,,,0.8,10,-3.0,-3.0,0.2738,,,,,,0.8488,0.9373
LNKS,IWM,16,23,102,,,,,,,,,,,,,,,,,,,,,,,,,,,,,,,,,,,,,,,,,,,,,,,,,,,,,,,,,,,,,,,,,,,,,,,,,,,,,,,,,,,,,,,,,,,,,,,,,,,,,,,,,,0.6667,30,-1.0,-1.0,-2.294,,,,,,,,,,,0.2638,1.3625
LNOK,QQQ,37,38,203,,,,,,,,,,,,,,,,,,,,,,,,,,,,,,,,,,,,,,,,,,,,,,0.6364,11,0.0,0.0,-4.0229,,,,,,,,,,,,,,,,,,,,,,,,,,0.6,10,-1.0,-1.0,-1.76,,,,,,,,,,,,,,,,,,,,,0.65,20,1.0,1.0,0.7808,0.6111,18,-2.0,-2.0,-1.1018,0.619,21,1.0,1.0,0.9977,0.7895,19,-2.0,-2.0,-1.2953,0.7225,3.49
LOBO,SPY,11,21,60,,,,,,,,,,,,,,,,,,,,,,,,,,,,,,,,,,,,,,,,,,,,,,,,,,,,,,,,,,,,,,,,,,,,,,,,,,,,0.75,12,15.0,15.0,-2.8244,,,,,,,,,,,,,,,,,,,,,,,,,,0.6667,21,0.0,0.0,-1.855,,,,,,0.625,24,0.0,0.0,-2.0767,0.1237,0.4208
LODE,IWM,24,25,210,,,,,,,,,,,,,,,,,,,,,,,,,,,,,,,,,,,,,,,,,0.6,10,0.0,0.0,1.0417,,,,,,,,,,,0.7,10,0.0,0.0,-2.96,0.6154,13,-4.0,-4.0,0.3075,1.0,10,-5.0,-5.0,-0.253,0.6429,14,1.0,1.0,0.6444,0.8,20,-1.0,-1.0,-0.7044,,,,,,,,,,,,,,,,,,,,,,,,,,0.6148,135,-2.0,0.0,-0.39,0.6429,14,-2.0,-2.0,0.56,0.6063,127,-1.0,0.0,-0.749,0.6287,1.3234
LOFF,QQQ,25,26,216,,,,,,,,,,,,,,,,,,,,,,,,,,,,,,,,,,,,,,,,,,,,,,,,,,,,,,,,,,,,,0.6,10,15.0,15.0,2.05,0.6875,16,-15.0,-15.0,-0.8518,0.7,10,1.0,1.0,1.14,0.7333,15,-1.0,-1.0,-1.3027,,,,,,,,,,,,,,,,,,,,,0.7,10,-3.0,-3.0,1.3757,0.625,32,-2.0,-2.0,-1.0595,0.6364,11,-3.0,-3.0,1.8629,0.6552,29,0.0,0.0,-1.22,0.5729,1.6045
LOGI,SPY,30,30,230,,,,,,,,,,,,,,,,,,,,,,,,,,,,,,,,,,,,,,,,,0.6,10,-1.0,-1.0,0.52,0.8,15,0.0,0.0,-0.715,0.6429,14,0.0,0.0,0.7922,0.7,10,-1.0,-1.0,-0.6643,0.6154,26,-2.0,-2.0,0.1581,0.6053,38,0.0,0.0,-0.2152,,,,,,0.6364,11,-5.0,-5.0,-0.3386,,,,,,,,,,,,,,,,,,,,,,,,,,0.6923,13,1.0,1.0,-0.1022,0.6667,12,1.0,1.0,0.0975,0.7273,11,-2.0,-2.0,-0.3925,0.4289,0.9524
LOW,XLY,23,23,237,0.6,10,0.0,0.0,0.975,,,,,,,,,,,0.6,10,0.0,0.0,-0.7083,,,,,,,,,,,,,,,,,,,,,,,,,,,,,,,,,,,,,,,,,,,,,,0.661,59,1.0,2.0,-0.1646,,,,,,0.6491,57,0.0,0.0,-0.2184,,,,,,,,,,,,,,,,,,,,,,,,,,0.6267,75,-1.0,-1.0,-0.1602,,,,,,0.6106,113,-3.0,-1.0,-0.2707,0.6112,0.5714
LPG,IWM,12,13,181,,,,,,,,,,,,,,,,,,,,,,,,,,,,,,,,,,,,,,,,,,,,,,,,,,,,,,,,,,,,,,,,,,0.7037,27,-3.0,-2.0,-0.42,,,,,,0.6923,26,-4.0,-3.0,-0.5506,,,,,,,,,,,,,,,,,,,,,0.6,10,-2.0,-2.0,0.26,0.625,48,0.0,0.0,-0.2913,,,,,,0.6667,30,1.0,1.0,-0.4675,0.1426,0.1646
LPL,XLK,30,30,229,,,,,,,,,,,,,,,,,,,,,,,,,,,,,,,,,,,,,,,,,,,,,,,,,,,,,,,,,,,,,0.7143,14,3.0,3.0,0.378,0.7333,15,-5.0,-5.0,-0.1727,,,,,,0.6667,18,2.0,2.0,-0.3267,,,,,,,,,,,,,,,,,,,,,,,,,,0.6061,66,-2.0,-1.0,-0.2578,0.6176,34,0.0,0.0,0.6076,0.7778,27,1.0,1.0,-0.2305,0.5967,1.261
LPTH,SOXX,40,40,302,,,,,,,,,,,,,,,,,,,,,,,,,,,,,,,,,,,,,,,,,,,,,,,,,,,,,,,,,,,,,0.7143,28,-5.0,-4.0,0.688,0.675,40,-7.0,-6.0,-0.4459,0.7647,17,-4.0,-4.0,1.07,0.7059,17,1.0,1.0,-0.8775,,,,,,,,,,,,,,,,,,,,,,,,,,0.6667,27,-1.0,-1.0,-0.7117,0.65,40,4.0,5.0,1.0435,0.6316,19,-2.0,-2.0,-0.8183,0.8686,0.7739
LQD,IWM,22,22,238,,,,,,0.6818,22,-1.0,0.0,-0.098,,,,,,0.6364,22,-1.0,0.0,-0.1193,,,,,,,,,,,,,,,,,,,,,,,,,,,,,,,,,,,,,,,,,,,,,,0.6036,111,-1.0,-1.0,-0.0219,,,,,,,,,,,,,,,,,,,,,,,,,,,,,,,0.625,16,-2.0,-2.0,0.035,0.6,75,0.0,0.0,-0.0189,0.6875,16,-2.0,-2.0,0.0482,,,,,,0.4391,0.135
LQDA,IWM,27,27,225,,,,,,,,,,,,,,,,,,,,,,,,,,,,,,,,,,,,,,,,,,,,,,,,,,,0.6154,13,0.0,0.0,1.71,,,,,,0.8182,11,3.0,3.0,0.3322,0.7143,14,-2.0,-2.0,-0.224,0.6,10,-3.0,-3.0,1.94,0.6053,38,-1.0,-1.0,-0.4926,,,,,,,,,,,,,,,,,,,,,,,,,,,,,,,0.6,15,-2.0,-2.0,0.7233,,,,,,0.509,0.8737
LRCU,QQQ,24,36,60,,,,,,,,,,,,,,,,,,,,,,,,,,,,,,,,,,,,,,,,,,,,,,,,,,,,,,,,,,,,,,,,,,,,,,,,,,,,,,,,,,,,,,,,,,,,,,,,,,,,,,,,,,0.6364,11,1.0,1.0,-1.2786,,,,,,,,,,,0.8328,5.161
LRCX,SOXX,40,40,456,,,,,,,,,,,,,,,,,,,,,,,,,,,,,,,,,,,,,,,,,,,,,,,,,,,,,,,,,,,,,0.6667,33,4.0,4.0,0.4418,0.625,24,-2.0,-2.0,-0.336,0.6512,43,-1.0,-1.0,0.4432,0.6452,31,5.0,5.0,-0.527,,,,,,,,,,,,,,,,,,,,,0.7353,34,4.0,4.0,0.3192,0.6667,24,-2.0,-2.0,-0.3412,0.625,80,1.0,2.0,0.6196,0.65,20,-5.0,-5.0,-0.4554,0.9611,1.243
LRHC,SPY,15,31,59,,,,,,,,,,,,,,,,,,,,,,,,,,,,,,,,,,,,,,,,,,,,,,,,,,,,,,,,,,,,,,,,,,,,,,,,,,,,,,,,,,,,,,,,,,,,,,,,,,,,,0.6111,18,0.0,0.0,1.0445,,,,,,0.625,24,0.0,0.0,3.2073,,,,,,0.2031,0.6461
LRMR,XBI,25,25,227,,,,,,,,,,,,,,,,,,,,,,,,,,,,,,,,,,,,,,,,,,,,,,,,,,,,,,,,,,,,,,,,,,0.6327,49,2.0,3.0,-0.529,0.6406,64,-2.0,0.0,0.8488,0.7917,24,2.0,2.0,-0.6205,,,,,,,,,,,,,,,,,,,,,,,,,,0.7368,19,-2.0,-2.0,-0.5721,0.6471,17,2.0,2.0,0.9345,0.6111,18,-2.0,-2.0,-0.9973,0.6754,0.7737
LSCC,SMH,17,17,238,,,,,,,,,,,,,,,,,,,,,,,,,,,,,,,,,,,,,,,,,,,,,,,,,,,,,,,,,,,,,0.6522,46,1.0,2.0,0.3283,0.6154,13,-4.0,-4.0,-0.2788,0.6667,27,1.0,1.0,0.5939,0.6316,19,2.0,2.0,-0.455,,,,,,,,,,,,,,,,,,,,,0.623,122,-1.0,3.0,0.3588,0.6316,19,-2.0,-2.0,-0.3025,0.7,20,-2.0,-2.0,0.5507,0.6,10,-5.0,-5.0,-1.2317,0.9758,1.1011
LSPD,IGV,10,10,201,,,,,,,,,,,,,,,,,,,,,,,,,,,,,,,,,,,,,,,,,,,,,,,,,,,,,,,,,,,,,,,,,,0.7692,26,1.0,1.0,-0.2785,0.6667,30,-1.0,-1.0,0.446,0.7692,26,1.0,1.0,-0.4845,,,,,,,,,,,,,,,,,,,,,0.6667,24,2.0,3.0,0.2519,0.6667,39,-1.0,-1.0,-0.2758,,,,,,0.7273,11,-4.0,-4.0,-0.2313,0.7688,0.6486
LTBR,XLI,29,30,200,,,,,,,,,,,,,,,,,,,,,,,,,,,,,,,,,,,,,,,,,,,,,,,,,,,,,,,,,,,,,0.6154,13,2.0,2.0,0.6562,0.6923,13,-4.0,-4.0,-0.19,0.6458,48,-2.0,0.0,0.6181,0.6364,11,1.0,1.0,-0.5857,,,,,,,,,,,,,,,,,,,,,,,,,,0.625,32,1.0,1.0,-0.505,,,,,,0.6216,37,-1.0,-1.0,-0.91,0.8317,2.5002
LTM,IWM,12,14,181,,,,,,,,,,,,,,,,,,,,,,,,,,,,,,,,,,,,,,,,,,,,,,,,,,,,,,,,,,,,,,,,,,0.6452,31,-4.0,-3.0,-0.1215,0.6087,23,0.0,0.0,0.3007,,,,,,,,,,,,,,,,,,,,,,,,,,,,,,,0.6364,33,1.0,1.0,-0.1676,,,,,,,,,,,0.7129,1.4737
LTRX,XLK,30,31,219,,,,,,,,,,,,,,,,,,,,,,,,,,,,,,,,,,,,,,,,,,,,,,,,,,,,,,,,,,,,,0.7,10,-3.0,-3.0,0.67,0.8333,24,-5.0,-4.0,-0.364,0.7368,19,-1.0,-1.0,0.6221,0.6842,19,0.0,0.0,-0.9662,,,,,,,,,,,,,,,,,,,,,,,,,,0.6142,127,-3.0,1.0,-0.5735,0.6,25,-1.0,-1.0,0.5833,0.6364,33,-2.0,-2.0,-0.6262,0.7984,1.017
LUCD,IWM,17,21,181,,,,,,,,,,,,,,,,,,,,,,,,,,,,,,,,,,,,,,,,,,,,,,,,,,,,,,,,,,,,,,,,,,0.68,25,-1.0,-1.0,-0.3218,,,,,,0.6129,31,0.0,0.0,-0.54,,,,,,,,,,,,,,,,,,,,,,,,,,0.6481,54,-1.0,-1.0,-0.3354,,,,,,0.6154,13,-2.0,-2.0,-0.4925,0.5054,0.6778
LUCY,IWM,12,19,120,,,,,,,,,,,,,,,,,,,,,,,,,,,,,,,,,,,,,,,,,,,,,,,,,,,,,,,,,,,,,,,,,,,,,,,,,,,,,,,,,,,,,,,,,,,,,,,,,,,,,,,,,,0.6154,13,-2.0,-2.0,-1.7813,0.6,10,-2.0,-2.0,3.2233,,,,,,0.1596,0.4954
LULG,SPY,15,26,50,,,,,,,,,,,,,,,,,,,,,,,,,,,,,,,,,,,,,,,,,,,,,,,,,,,,,,,,,,,,,,,,,,0.8,10,-15.0,-15.0,-0.535,,,,,,,,,,,,,,,,,,,,,,,,,,,,,,,,,,,,0.8,20,-1.0,0.0,-1.6956,,,,,,,,,,,0.1543,0.4795
LULU,XLY,38,38,279,,,,,,0.7857,14,-1.0,-1.0,-1.3309,0.6111,18,0.0,0.0,1.23,0.7143,14,-1.0,-1.0,-1.653,,,,,,,,,,,,,,,,,,,,,,,,,,,,,,,,,,,,,,,,,,,,,,0.6623,77,0.0,1.0,-0.2392,0.7059,17,2.0,2.0,0.4125,0.6389,36,1.0,1.0,-0.427,,,,,,,,,,,,,,,,,,,,,0.6923,13,-3.0,-3.0,0.3644,0.6409,181,-1.0,1.0,-0.2934,0.75,12,-3.0,-3.0,0.3978,0.625,32,1.0,1.0,-0.4145,0.5123,0.6056
LUMN,IWM,39,39,275,0.6364,11,0.0,0.0,0.9171,,,,,,0.6364,11,0.0,0.0,0.9271,,,,,,,,,,,,,,,,,,,,,,,,,,,,,,,,,,,,0.7059,17,0.0,0.0,1.0183,0.6429,14,-1.0,-1.0,-1.7444,0.6429,14,-4.0,-4.0,0.5178,0.7059,17,2.0,2.0,-0.3308,0.6591,44,-4.0,-3.0,0.7059,0.6548,84,0.0,2.0,-0.6529,,,,,,,,,,,,,,,,,,,,,,,,,,,,,,,,,,,,,,,,,0.8157,1.6074
LUNL,QQQ,40,40,317,,,,,,,,,,,,,,,,,,,,,,,,,,,,,,,,,,,,,,,,,,,,,,,,,,,,,,,,0.7273,22,-1.0,0.0,-7.4656,,,,,,0.6364,11,-2.0,-2.0,-1.2443,0.6552,29,15.0,15.0,2.1121,0.6667,12,0.0,0.0,-2.0438,,,,,,,,,,,,,,,,,,,,,,,,,,0.6154,39,-3.0,-2.0,-1.0533,0.6792,53,1.0,2.0,1.5992,,,,,,0.6223,2.8174
LUNR,SPY,40,40,527,,,,,,,,,,,,,,,,,,,,,,,,,,,,,,,,,,,,,,,,,,,,,,0.7,20,0.0,0.0,-3.5171,,,,,,0.6857,35,-1.0,0.0,-3.8863,0.6774,31,-4.0,-4.0,0.4271,0.6875,32,-3.0,-3.0,-0.4005,0.75,24,-10.0,-9.0,0.6433,0.7273,22,5.0,6.0,-0.6294,,,,,,,,,,,,,,,,,,,,,,,,,,,,,,,,,,,,,,,,,0.6185,2.6055
LUV,XTN,30,30,253,0.9091,11,0.0,0.0,0.952,,,,,,0.7273,11,0.0,0.0,1.3913,,,,,,,,,,,,,,,,,,,,,,,,,,,,,,,,,,,,,,,,,,,,,,,,,,,0.7222,18,3.0,3.0,-0.1731,0.6,35,2.0,2.0,0.3024,0.6,40,-2.0,-2.0,-0.3992,,,,,,,,,,,,,,,,,,,,,0.6,10,0.0,0.0,0.3483,0.7692,13,-1.0,-1.0,-0.247,0.7273,11,0.0,0.0,0.4,0.7,10,1.0,1.0,-0.27,0.7935,1.5111
LVS,XLY,19,19,241,,,,,,,,,,,,,,,,,,,,,,,,,,,,,,,,,,,,,,,,,,,,,,,,,,,,,,,,,,,,,0.6875,16,-3.0,-3.0,0.2018,0.6471,51,0.0,0.0,-0.2224,,,,,,0.6429,84,0.0,1.0,-0.2837,,,,,,,,,,,,,,,,,,,,,,,,,,0.6364,11,-3.0,-3.0,-0.1714,,,,,,0.6184,76,-1.0,-1.0,-0.4002,0.4805,0.4229
LWLG,SPY,39,39,312,,,,,,,,,,,,,,,,,,,,,,,,,,,,,,,,,,,,,,,,,,,,,,0.7368,19,0.0,0.0,-2.6393,,,,,,,,,,,0.7692,13,5.0,5.0,0.321,0.6226,53,-2.0,0.0,-0.5809,,,,,,0.6714,70,-7.0,-4.0,-0.8445,,,,,,,,,,,,,,,,,,,,,,,,,,,,,,,0.6667,15,1.0,1.0,0.934,0.6429,14,-2.0,-2.0,-0.7589,0.8216,4.2474
LX,SPY,22,22,202,,,,,,,,,,,,,,,,,,,,,,,,,,,,,,,,,,,,,,,,,,,,,,,,,,,,,,,,,,,,,,,,,,0.6737,95,-2.0,1.0,-0.282,,,,,,0.7143,28,-2.0,-2.0,-0.2385,,,,,,,,,,,,,,,,,,,,,,,,,,0.6624,157,-1.0,0.0,-0.2757,,,,,,,,,,,0.5699,0.9347
LXRX,SPY,23,23,228,,,,,,,,,,,,,,,,,,,,,,,,,,,,,,,,,,,,,,,,,,,,,,,,,,,,,,,,,,,,,,,,,,0.7229,166,-3.0,4.0,-0.3999,,,,,,0.7024,84,-1.0,1.0,-0.6553,,,,,,,,,,,,,,,,,,,,,,,,,,0.7016,191,-2.0,0.0,-0.4096,,,,,,0.6302,192,-2.0,0.0,-0.6283,0.5655,0.824
LYB,XLE,32,32,242,0.6154,13,-1.0,-1.0,0.6675,,,,,,0.6154,13,-1.0,-1.0,1.0562,,,,,,,,,,,,,,,,,,,,,,,,,,,,,,,,,,,,,,,,,,,,,,0.6,15,-4.0,-4.0,0.2378,,,,,,0.65,40,-4.0,-3.0,0.4054,0.6216,37,-1.0,-1.0,-0.3648,,,,,,,,,,,,,,,,,,,,,0.6053,38,1.0,1.0,0.2396,,,,,,0.8,10,-3.0,-3.0,0.3825,0.6724,58,-1.0,-1.0,-0.4138,0.7094,1.0701
LYFT,SPY,39,39,272,0.6176,34,-1.0,0.0,0.9424,,,,,,0.6765,34,-1.0,0.0,1.2126,,,,,,,,,,,,,,,,,,,,,,,,,,0.6316,19,0.0,0.0,0.9275,,,,,,0.7368,19,0.0,0.0,1.2543,,,,,,0.6,10,3.0,3.0,0.2367,0.6444,90,0.0,1.0,-0.2503,,,,,,0.6269,67,1.0,2.0,-0.4129,,,,,,,,,,,,,,,,,,,,,,,,,,0.6542,107,-2.0,-1.0,-0.2114,,,,,,0.75,16,-2.0,-2.0,-0.5508,0.2587,0.3451
LYG,SPY,35,36,264,0.6,10,1.0,1.0,0.31,,,,,,0.8,10,1.0,1.0,0.3375,,,,,,,,,,,,,,,,,,,,,,,,,,0.7222,18,0.0,0.0,0.29,,,,,,0.6111,18,0.0,0.0,0.3618,,,,,,,,,,,0.6931,101,1.0,3.0,-0.1477,,,,,,0.6598,97,-3.0,-1.0,-0.1373,,,,,,,,,,,,,,,,,,,,,,,,,,0.6697,218,-2.0,0.0,-0.1223,,,,,,0.6327,245,-2.0,1.0,-0.1515,0.5886,1.2375
LZ,IWM,11,11,223,,,,,,,,,,,,,,,,,,,,,,,,,,,,,,,,,,,,,,,,,,,,,,,,,,,,,,,,,,,,,0.6667,18,3.0,3.0,0.4342,0.7321,56,0.0,1.0,-0.2629,0.6538,26,-2.0,-2.0,0.5906,0.6607,56,0.0,1.0,-0.5408,,,,,,,,,,,,,,,,,,,,,,,,,,0.65,40,1.0,1.0,-0.2977,,,,,,,,,,,-0.0556,-0.0937
LZM,XLB,14,17,140,,,,,,,,,,,,,,,,,,,,,,,,,,,,,,,,,,,,,,,,,,,,,,,,,,,,,,,,,,,,,0.8,10,0.0,0.0,0.8088,,,,,,0.6667,12,0.0,0.0,1.2375,,,,,,,,,,,,,,,,,,,,,,,,,,,,,,,0.6296,27,-1.0,-1.0,-0.6429,0.6087,23,1.0,1.0,0.9786,0.6364,11,-2.0,-2.0,-0.3943,0.7306,2.2613
M,XRT,32,32,246,,,,,,,,,,,,,,,,,,,,,,,,,,,,,,,,,,,,,,,,,,,,,,,,,,,,,,,,,,,,,,,,,,,,,,,,,,,,0.6486,37,0.0,0.0,-0.2804,,,,,,,,,,,,,,,,,,,,,0.6,25,-2.0,-2.0,0.2287,,,,,,0.6111,18,2.0,2.0,0.2618,0.6429,70,-1.0,-1.0,-0.3156,0.6627,1.1997
MA,XLF,34,34,255,,,,,,0.7143,14,-1.0,-1.0,-0.653,,,,,,,,,,,,,,,,,,,,,,,,,,,,,,,,,,,,,,,,,,,,,,,,,,,0.6,15,-3.0,-3.0,0.1289,0.6,30,2.0,2.0,-0.1072,0.6818,44,-3.0,-2.0,0.238,,,,,,,,,,,,,,,,,,,,,,,,,,0.7333,15,-2.0,-2.0,0.18,0.6111,18,1.0,1.0,-0.1255,0.7143,14,-2.0,-2.0,0.225,,,,,,0.4694,0.48
MAGS,SPY,40,40,316,,,,,,,,,,,0.6111,18,-1.0,-1.0,0.3136,,,,,,,,,,,,,,,,,,,,,,,,,,,,,,,,,,,,,,,,,,,,,,0.6552,29,1.0,1.0,0.1463,0.6316,57,-3.0,-2.0,-0.1331,0.6515,66,0.0,0.0,0.1998,,,,,,,,,,,,,,,,,,,,,,,,,,,,,,,0.75,16,1.0,1.0,-0.1175,,,,,,,,,,,0.4983,0.6312
MAIA,QQQ,19,26,157,,,,,,,,,,,,,,,,,,,,,,,,,,,,,,,,,,,,,,,,,,,,,,,,,,,,,,,,,,,,,,,,,,0.7222,36,1.0,3.0,-0.3712,0.6,10,2.0,2.0,1.7517,0.6923,52,-2.0,0.0,-0.5589,,,,,,,,,,,,,,,,,,,,,,,,,,0.6754,114,-2.0,1.0,-0.3386,,,,,,0.6552,58,0.0,1.0,-0.6282,0.2254,0.2585
MAIN,XLF,26,26,209,0.6111,18,0.0,0.0,0.5682,,,,,,0.7222,18,0.0,0.0,0.6931,,,,,,,,,,,,,,,,,,,,,,,,,,,,,,,,,,,,,,,,,,,,,,,,,,,0.6053,38,1.0,1.0,-0.1374,,,,,,0.6154,13,-2.0,-2.0,-0.225,,,,,,,,,,,,,,,,,,,,,,,,,,0.7857,14,1.0,1.0,-0.2173,,,,,,0.7273,11,-2.0,-2.0,-0.2887,0.6819,0.5915
MANH,IGV,13,17,160,,,,,,,,,,,,,,,,,,,,,,,,,,,,,,,,,,,,,,,,,,,,,,,,,,,,,,,,,,,,,,,,,,0.6667,36,0.0,1.0,-0.2129,0.6944,36,-1.0,0.0,0.4728,0.8,10,-2.0,-2.0,-0.475,,,,,,,,,,,,,,,,,,,,,,,,,,0.7083,24,-1.0,-1.0,-0.3341,0.6957,23,-1.0,-1.0,0.53,,,,,,0.8297,1.0382
MAR,XLY,22,22,242,0.6,10,-1.0,-1.0,0.7883,,,,,,0.6,10,-1.0,-1.0,1.3483,,,,,,,,,,,,,,,,,,,,,,,,,,,,,,,,,,,,,,,,,,,,,,,,,,,0.6061,33,-2.0,-2.0,-0.109,0.6154,52,-1.0,-1.0,0.2256,0.6452,31,-2.0,-2.0,-0.225,,,,,,,,,,,,,,,,,,,,,,,,,,,,,,,,,,,,0.6129,31,1.0,1.0,-0.2116,0.7342,0.5916
MARA,IBIT,40,40,512,,,,,,,,,,,,,,,,,,,,,,,,,,,,,,,,,,,,,,,,,,,,,,0.6,10,-1.0,-1.0,-1.3867,,,,,,0.6,10,-1.0,-1.0,-1.93,0.65,20,-5.0,-5.0,0.6054,0.6154,65,-1.0,-1.0,-0.4188,,,,,,0.6429,28,-4.0,-4.0,-0.8517,,,,,,,,,,,,,,,,,,,,,0.6029,68,0.0,0.0,0.6056,0.6244,197,-3.0,-1.0,-0.4061,,,,,,0.6429,70,-1.0,-1.0,-0.6087,0.7952,0.9459
MARO,QQQ,29,34,136,,,,,,,,,,,,,,,,,,,,,,,,,,,,,,,,,,,,,,,,,,,,,,,,,,,,,,,,,,,,,,,,,,0.7273,44,-3.0,-1.0,-0.4603,,,,,,0.6667,12,-3.0,-3.0,-1.1175,,,,,,,,,,,,,,,,,,,,,,,,,,0.6667,42,0.0,1.0,-0.48,0.6129,31,-1.0,-1.0,1.0858,0.6,15,1.0,1.0,-0.8444,0.8077,1.167
MARS,SPY,14,18,79,,,,,,,,,,,,,,,,,,,,,,,,,,,,,,,,,,,,,,,,,,,,,,,,,,,,,,,,,,,,,0.8,10,0.0,0.0,0.4988,,,,,,,,,,,,,,,,,,,,,,,,,,,,,,,,,,,,,,,,,,,,,,,,,,,0.6364,22,-1.0,-1.0,-0.87,0.656,2.3241
MASK,IGV,25,38,189,,,,,,,,,,,,,,,,,,,,,,,,,,,,,,,,,,,,,,,,,,,,,,,,,,,,,,,,,,,,,,,,,,0.6596,47,15.0,15.0,-4.12,0.6667,15,-15.0,-15.0,3.613,0.617,47,15.0,15.0,-7.9359,,,,,,,,,,,,,,,,,,,,,,,,,,0.75,12,1.0,1.0,-2.2311,0.6667,12,-2.0,-2.0,4.52,0.8,15,2.0,2.0,-10.075,0.2833,1.3675
MAT,XLY,18,18,240,0.75,12,0.0,0.0,1.2667,,,,,,,,,,,,,,,,,,,,,,,,,,,,,,,,,,,,,,,,,,,,,,,,,,,,,,,,,,,,,0.6102,59,-1.0,-1.0,-0.1597,,,,,,0.6066,61,-1.0,-1.0,-0.3086,,,,,,,,,,,,,,,,,,,,,0.6,10,-3.0,-3.0,0.3467,0.625,104,-2.0,-1.0,-0.1978,0.6,10,-3.0,-3.0,0.3683,0.6133,75,-1.0,-1.0,-0.3248,0.5595,0.3129
MBGL,NONE,12,12,106,,,,,,,,,,,,,,,,,,,,,,,,,,,,,,,,,,,,,,,,,,,,,,,,,,,,,,,,,,,,,,,,,,0.65,40,-2.0,0.0,-0.3081,0.75,12,-1.0,-1.0,0.9511,0.6471,17,-2.0,-2.0,-0.6518,,,,,,,,,,,,,,,,,,,,,,,,,,,,,,,,,,,,,,,,,,
MBLY,QQQ,38,38,279,,,,,,0.6,10,0.0,0.0,-1.0817,,,,,,,,,,,,,,,,,,,,,,,,,,,,,,,0.8,10,-1.0,-1.0,1.2862,0.8,10,0.0,0.0,-0.925,0.9,10,-1.0,-1.0,2.7533,,,,,,0.6071,28,1.0,1.0,0.4406,0.625,64,-4.0,-2.0,-0.3227,,,,,,0.7826,23,-2.0,-2.0,-0.5228,,,,,,,,,,,,,,,,,,,,,,,,,,0.6034,58,0.0,0.0,-0.3474,,,,,,,,,,,0.7105,0.8774
MBOT,SPY,33,38,174,,,,,,0.6364,11,0.0,0.0,-0.9214,,,,,,,,,,,,,,,,,,,,,,,,,,,,,,,0.6667,12,-1.0,-1.0,1.7625,,,,,,,,,,,,,,,,,,,,,0.7292,48,-3.0,-1.0,-0.3237,,,,,,0.6818,44,-3.0,-1.0,-0.5583,,,,,,,,,,,,,,,,,,,,,,,,,,0.6518,112,-1.0,0.0,-0.3999,,,,,,0.6596,47,-1.0,-1.0,-0.6352,0.4053,0.9237
MBRX,XBI,17,29,100,,,,,,,,,,,,,,,,,,,,,,,,,,,,,,,,,,,,,,,,,,,,,,,,,,,,,,,,,,,,,,,,,,,,,,,0.7273,11,-15.0,-15.0,1.8588,,,,,,,,,,,,,,,,,,,,,,,,,,,,,,,,,,,,,,,,,0.6316,19,0.0,0.0,-3.38,0.3281,0.778
MBX,XBI,17,20,168,,,,,,,,,,,,,,,,,,,,,,,,,,,,,,,,,,,,,,,,,,,,,,,,,,,,,,,,,,,,,0.7105,38,0.0,2.0,0.6096,,,,,,0.7097,31,1.0,2.0,1.2641,,,,,,,,,,,,,,,,,,,,,,,,,,0.6667,33,0.0,0.0,0.4914,,,,,,0.6389,36,1.0,1.0,1.3674,,,,,,0.745,1.0392
MCD,XLY,40,40,318,0.619,21,0.0,0.0,0.5162,0.75,16,-1.0,-1.0,-0.6267,,,,,,0.75,16,-1.0,-1.0,-0.8,,,,,,,,,,,,,,,,,,,,,,,,,,,,,,,,,,,,,,,,,0.8462,13,-3.0,-3.0,0.1118,,,,,,,,,,,0.6071,28,1.0,1.0,-0.2418,,,,,,,,,,,,,,,,,,,,,,,,,,0.6,10,2.0,2.0,-0.1133,,,,,,0.6585,41,1.0,2.0,-0.1841,0.3782,0.2299
MCHI,QQQ,16,16,237,,,,,,,,,,,,,,,,,,,,,,,,,,,,,,,,,,,,,,,,,,,,,,,,,,,,,,,,,,,,,,,,,,0.6087,69,-1.0,-1.0,-0.0836,0.6071,28,1.0,2.0,0.1206,,,,,,,,,,,,,,,,,,,,,,,,,,,,,,,0.6444,45,-3.0,-2.0,-0.0741,,,,,,0.7556,45,-3.0,-2.0,-0.1238,0.2982,0.3001
MCHP,SOXX,34,34,306,,,,,,,,,,,,,,,,,,,,,,,,,,,,,,,,,,,,,,,,,,,,,,,,,,,,,,,,,,,,,0.7167,60,2.0,4.0,0.4209,0.6,10,-6.0,-6.0,-0.4967,0.6061,33,-1.0,-1.0,0.7395,0.6786,28,-6.0,-5.0,-0.4884,,,,,,,,,,,,,,,,,,,,,0.7083,48,1.0,2.0,0.3697,0.625,16,-2.0,-2.0,-0.276,0.6,20,2.0,2.0,0.6925,0.6923,13,-3.0,-3.0,-0.4178,0.9537,0.716
MCRP,SPY,11,20,62,,,,,,,,,,,,,,,,,,,,,,,,,,,,,,,,,,,,,,,,,,,,,,,,,,,,,,,,,,,,,,,,,,,,,,,,,,,,0.6,10,15.0,15.0,-5.8133,,,,,,,,,,,,,,,,,,,,,,,,,,,,,,,,,,,,,,,,,0.2419,1.1099
MD,IWM,11,15,146,,,,,,,,,,,,,,,,,,,,,,,,,,,,,,,,,,,,,,,,,,,,,,,,,,,,,,,,,,,,,,,,,,0.6923,13,2.0,2.0,-0.3056,,,,,,0.7857,14,2.0,2.0,-0.3418,,,,,,,,,,,,,,,,,,,,,,,,,,0.6,40,-1.0,-1.0,-0.23,,,,,,0.6818,44,-1.0,-1.0,-0.2993,0.4764,0.3852
MDA,IWM,30,30,245,,,,,,,,,,,,,,,,,,,,,,,,,,,,,,,,,,,,,,,,,,,,,,0.7,10,-1.0,-1.0,-2.65,,,,,,0.7,10,-1.0,-1.0,-2.0129,0.6364,11,2.0,2.0,0.3471,0.6,15,-8.0,-8.0,-0.1889,,,,,,0.6923,26,-2.0,-2.0,-0.6594,,,,,,,,,,,,,,,,,,,,,,,,,,,,,,,,,,,,0.6429,14,-2.0,-2.0,-0.3478,0.7393,1.9219
MDAI,IWM,23,26,90,,,,,,,,,,,,,,,,,,,,,,,,,,,,,,,,,,,,,,,,,,,,,,,,,,,,,,,,,,,,,,,,,,0.8,10,1.0,1.0,-0.4275,,,,,,0.8,10,0.0,0.0,-1.0137,,,,,,,,,,,,,,,,,,,,,,,,,,0.6667,18,-1.0,-1.0,-0.7192,,,,,,0.6875,16,1.0,1.0,-2.0755,0.4692,0.6871
MDB,IGV,37,37,291,,,,,,0.6364,11,0.0,0.0,-2.7314,,,,,,0.7273,11,0.0,0.0,-2.2513,,,,,,,,,,,,,,,,,,,,,,,,,,,,,,,,,,,,,,,,,0.7059,17,-4.0,-4.0,0.4858,0.6923,13,4.0,4.0,-0.5267,,,,,,0.6471,17,-5.0,-5.0,-0.6945,,,,,,,,,,,,,,,,,,,,,,,,,,0.6154,13,-4.0,-4.0,-0.2237,0.6667,18,2.0,2.0,3.0317,,,,,,0.8688,1.2946
MDCX,IBB,31,38,159,,,,,,,,,,,,,,,,,,,,,,,,,,,,,,,,,,,,,,,,,,,,,,,,,,,,,,,,,,,,,,,,,,0.9,10,0.0,0.0,-0.8189,0.8182,11,0.0,0.0,1.2578,,,,,,,,,,,,,,,,,,,,,,,,,,,,,,,0.6429,14,2.0,2.0,-0.6756,0.7,20,-1.0,-1.0,1.8343,,,,,,0.1424,0.529
MDLN,XLV,17,17,239,,,,,,,,,,,,,,,,,,,,,,,,,,,,,,,,,,,,,,,,,,,,,,,,,,,,,,,,,,,,,,,,,,0.6,15,-3.0,-3.0,-0.1622,0.6667,15,-3.0,-3.0,0.571,0.6061,33,0.0,0.0,-0.486,,,,,,,,,,,,,,,,,,,,,,,,,,,,,,,,,,,,,,,,,0.5972,0.636
MDLZ,XLP,28,28,243,0.6364,11,0.0,0.0,0.93,0.6923,13,-1.0,-1.0,-0.5567,,,,,,0.6154,13,-1.0,-1.0,-1.0725,,,,,,,,,,,,,,,,,,,,,,,,,,,,,,,,,,,,,,,,,,,,,,0.6538,104,-1.0,0.0,-0.1528,,,,,,0.6429,42,0.0,0.0,-0.2093,,,,,,,,,,,,,,,,,,,,,0.7,10,2.0,2.0,0.1186,0.6491,114,-2.0,-1.0,-0.1269,0.6,10,2.0,2.0,0.26,,,,,,0.8282,0.9311
MDT,IHI,34,34,257,,,,,,0.6111,18,0.0,0.0,-0.6291,,,,,,0.6111,18,0.0,0.0,-0.7336,,,,,,,,,,,,,,,,,,,,,,,,,,,,,,,,,,,,,,,,,,,,,,0.6607,112,0.0,1.0,-0.1269,0.6154,13,4.0,4.0,0.3313,0.675,40,1.0,1.0,-0.1756,,,,,,,,,,,,,,,,,,,,,,,,,,0.7193,57,0.0,0.0,-0.129,,,,,,0.6633,98,0.0,1.0,-0.2054,0.7302,0.6765
MDXH,IHF,21,25,109,,,,,,,,,,,,,,,,,,,,,,,,,,,,,,,,,,,,,,,,,,,,,,,,,,,,,,,,,,,,,0.7,10,-2.0,-2.0,0.5543,0.7143,14,-3.0,-3.0,-0.74,,,,,,0.6667,12,-2.0,-2.0,-0.9237,,,,,,,,,,,,,,,,,,,,,,,,,,0.619,21,-1.0,-1.0,-0.7046,,,,,,,,,,,-0.0171,-0.0294
MEHA,SPY,14,14,154,,,,,,,,,,,,,,,,,,,,,,,,,,,,,,,,,,,,,,,,,,,,,,,,,,,,,,,,,,,,,,,,,,0.6286,35,-15.0,-15.0,-1.0768,,,,,,0.6389,36,-15.0,-15.0,-1.9313,,,,,,,,,,,,,,,,,,,,,,,,,,0.7647,17,1.0,1.0,-3.7885,,,,,,0.6364,33,-1.0,-1.0,-2.2514,-0.0468,-0.4896
MEI,QQQ,13,17,175,,,,,,,,,,,,,,,,,,,,,,,,,,,,,,,,,,,,,,,,,,,,,,,,,,,,,,,,,,,,,0.6667,12,-4.0,-4.0,0.6825,0.6667,12,0.0,0.0,-0.585,0.6744,43,-4.0,-2.0,0.8817,0.72,25,-1.0,0.0,-0.7117,,,,,,,,,,,,,,,,,,,,,0.8182,11,2.0,2.0,0.96,0.6154,26,1.0,1.0,-0.7294,0.7273,11,2.0,2.0,1.8862,0.6087,46,-1.0,-1.0,-1.0464,0.9079,2.0652
MELI,SPY,39,39,257,,,,,,0.7273,11,-1.0,-1.0,-0.5775,,,,,,,,,,,,,,,,,,,,,,,,,,,,,,,0.6,15,-1.0,-1.0,1.1044,0.6842,19,0.0,0.0,-1.2446,,,,,,,,,,,0.6,45,-2.0,-2.0,0.2215,0.6154,39,1.0,1.0,-0.2508,0.6316,19,2.0,2.0,0.3833,0.6333,90,0.0,1.0,-0.2672,,,,,,,,,,,,,,,,,,,,,,,,,,0.6667,15,1.0,1.0,-0.213,,,,,,0.6667,15,1.0,1.0,-0.279,0.197,0.2325
MEME,QQQ,16,18,80,,,,,,,,,,,,,,,,,,,,,,,,,,,,,,,,,,,,,,,,,,,,,,,,,,,,,,,,,,,,,,,,,,,,,,,,,,,,,,,,,,,,,,,,,,,,,,,,,,,,,,,,,,0.6364,11,0.0,0.0,-0.6843,0.6875,16,-1.0,-1.0,1.1836,0.6,10,-2.0,-2.0,-0.5333,0.8778,2.4485
MERC,SPY,10,13,122,,,,,,,,,,,,,,,,,,,,,,,,,,,,,,,,,,,,,,,,,,,,,,,,,,,,,,,,,,,,,,,,,,,,,,,,,,,,,,,,,,,,,,,,,,,,,,,,,,,,,,,,,,,,,,,,,,,,0.6061,33,-1.0,-1.0,-1.228,0.1668,0.4548
MESO,SPY,12,16,65,,,,,,,,,,,,,,,,,,,,,,,,,,,,,,,,,,,,,,,,,,,,,,,,,,,,,,,,,,,,,,,,,,,,,,,,,,,,,,,,,,,,,,,,,,,,,,,,,,,,,,,,,,0.6774,31,-1.0,0.0,-0.2648,,,,,,0.619,42,-1.0,0.0,-0.3477,0.3064,1.2016
META,SPY,40,40,688,,,,,,0.8182,11,0.0,0.0,-1.1089,,,,,,0.7273,11,0.0,0.0,-1.2188,,,,,,,,,,,,,,,,,,,,,,,,,,0.7,20,0.0,0.0,-1.1086,,,,,,0.7,20,0.0,0.0,-1.1629,,,,,,0.7143,21,-4.0,-4.0,-0.228,0.6154,13,-5.0,-5.0,0.245,0.6923,13,4.0,4.0,-0.2544,,,,,,,,,,,,,,,,,,,,,,,,,,0.6364,33,-2.0,-2.0,-0.1857,,,,,,0.6364,33,-2.0,-2.0,-0.349,0.5902,1.041
METC,XLB,32,32,227,,,,,,,,,,,,,,,,,,,,,,,,,,,,,,,,,,,,,,,,,,,,,,,,,,,,,,,,,,,,,0.7222,18,2.0,2.0,0.5923,0.6111,18,-3.0,-3.0,-0.2809,0.7059,17,2.0,2.0,1.0592,0.6667,15,3.0,3.0,-0.585,,,,,,,,,,,,,,,,,,,,,,,,,,0.6458,48,1.0,1.0,-0.5352,0.6176,68,0.0,0.0,0.9869,0.72,50,-1.0,-1.0,-0.7858,0.413,0.805
METD,IWM,32,33,127,0.6154,13,0.0,0.0,1.3,,,,,,,,,,,,,,,,,,,,,,,,,,,,,,,,,,,,,,,,,,,,,,,,,,,0.6,10,0.0,0.0,-1.8067,0.6429,14,1.0,1.0,0.2478,0.6875,16,-1.0,-1.0,-0.1273,0.6,10,2.0,2.0,0.415,0.6341,41,-2.0,0.0,-0.6008,,,,,,,,,,,,,,,,,,,,,,,,,,,,,,,,,,,,,,,,,-0.3537,-0.537
METU,SPY,40,40,460,,,,,,0.6,10,-1.0,-1.0,-2.53,,,,,,0.7,10,-1.0,-1.0,-1.9886,,,,,,,,,,,,,,,,,,,,,,,,,,0.7,20,0.0,0.0,-2.1979,,,,,,0.7,20,0.0,0.0,-2.3236,0.7273,22,-4.0,-4.0,0.3913,0.6981,53,0.0,0.0,-0.2173,0.619,21,-4.0,-4.0,0.88,0.7619,21,2.0,2.0,-0.6119,,,,,,,,,,,,,,,,,,,,,,,,,,,,,,,,,,,,0.6087,23,-2.0,-2.0,-0.9214,0.6083,2.1566
MF,IWM,16,24,88,,,,,,,,,,,,,,,,,,,,,,,,,,,,,,,,,,,,,,,,,,,,,,,,,,,,,,,,,,,,,,,,,,,,,,,0.6,20,15.0,15.0,9.6308,,,,,,,,,,,,,,,,,,,,,,,,,,,,,,,,,,,,,,,,,,,,,,0.1029,0.5526
MFA,XLF,20,20,205,0.6154,13,0.0,0.0,0.6925,,,,,,0.6429,14,0.0,0.0,0.4756,,,,,,,,,,,,,,,,,,,,,,,,,,,,,,,,,,,,,,,,,,,,,,,,,,,0.6981,53,-2.0,-1.0,-0.1295,,,,,,0.6562,64,-3.0,-1.0,-0.2302,,,,,,,,,,,,,,,,,,,,,,,,,,0.619,63,-2.0,-1.0,-0.0954,,,,,,0.6429,14,1.0,1.0,-0.1389,0.5816,0.6095
MFG,XLF,29,29,241,,,,,,,,,,,,,,,,,,,,,,,,,,,,,,,,,,,,,,,,,,,,,,,,,,,,,,,,,,,,,0.6154,13,3.0,3.0,0.2038,0.68,50,1.0,1.0,-0.1065,0.6923,13,3.0,3.0,0.4311,0.6111,54,1.0,1.0,-0.1509,,,,,,,,,,,,,,,,,,,,,,,,,,0.6355,107,0.0,0.0,-0.1168,0.6364,66,-1.0,-1.0,0.2698,0.6545,110,0.0,0.0,-0.1943,0.2154,0.5652
MGK,SPY,32,32,246,0.6,15,-1.0,-1.0,0.2133,0.6364,11,0.0,0.0,-0.4057,0.6,15,-1.0,-1.0,0.3989,,,,,,,,,,,,,,,,,,,,,,,,,,,,,,,0.6,10,-1.0,-1.0,-0.3,0.6471,17,0.0,0.0,0.3764,0.7,10,-1.0,-1.0,-0.39,0.6355,107,0.0,1.0,0.1053,,,,,,0.6842,76,0.0,0.0,0.1721,,,,,,,,,,,,,,,,,,,,,,,,,,0.6154,117,0.0,0.0,0.105,,,,,,,,,,,0.6,15,-2.0,-2.0,-0.2211,0.9486,1.2921
MGM,XLY,17,17,243,,,,,,,,,,,,,,,,,,,,,,,,,,,,,,,,,,,,,,,,,,,,,,,,,,,,,,,,,,,,,0.7241,29,-2.0,-2.0,0.1195,0.625,16,2.0,2.0,-0.195,0.7,30,-2.0,-2.0,0.2833,,,,,,,,,,,,,,,,,,,,,,,,,,,,,,,0.6452,31,1.0,1.0,-0.162,0.6,10,-3.0,-3.0,0.37,0.6,30,1.0,1.0,-0.3639,0.441,0.3388
MGN,IWM,24,39,169,,,,,,,,,,,,,,,,,,,,,,,,,,,,,,,,,,,,,,,,,,,,,,,,,,,,,,,,,,,,,,,,,,0.6296,27,15.0,15.0,-7.0706,,,,,,0.6538,26,15.0,15.0,-11.4559,,,,,,,,,,,,,,,,,,,,,0.619,21,1.0,1.0,3.3615,0.625,32,-1.0,-1.0,-1.6525,,,,,,0.6324,68,0.0,1.0,-4.3542,0.0968,0.3907
MGNI,SPY,16,16,239,,,,,,,,,,,,,,,,,,,,,,,,,,,,,,,,,,,,,,,,,,,,,,,,,,,,,,,,0.6,10,0.0,0.0,-1.1667,0.64,25,0.0,0.0,0.3225,0.6562,32,1.0,1.0,-0.2824,0.6471,17,-4.0,-4.0,0.3127,0.6061,33,-1.0,-1.0,-0.5665,,,,,,,,,,,,,,,,,,,,,,,,,,,,,,,0.6429,14,1.0,1.0,0.4,0.6667,15,-2.0,-2.0,-0.309,0.0027,0.0037
MGRX,SPY,13,24,54,,,,,,,,,,,,,,,,,,,,,,,,,,,,,,,,,,,,,,,,,,,,,,,,,,,,,,,,,,,,,,,,,,,,,,,,,,,,,,,,,,,,,,,,,,,,,,,,,,,,,,,,,,,,,,,0.6,10,0.0,0.0,2.305,,,,,,-0.0547,-0.1975
MIAX,XLF,11,11,214,,,,,,,,,,,,,,,,,,,,,,,,,,,,,,,,,,,,,,,,,,,,,,,,,,,,,,,,,,,,,0.6087,23,2.0,2.0,0.3064,0.6957,23,0.0,0.0,-0.3013,0.6,10,-4.0,-4.0,0.2033,0.7917,24,-1.0,-1.0,-0.4895,,,,,,,,,,,,,,,,,,,,,0.6667,15,1.0,1.0,0.28,0.625,64,-2.0,-1.0,-0.3555,,,,,,0.6316,57,-1.0,-1.0,-0.61,0.4747,0.7439
MICC,XLP,29,29,216,,,,,,,,,,,0.7,10,-1.0,-1.0,0.6943,,,,,,,,,,,,,,,,,,,,,,,,,,,,,,,,,,,,,,,,,,,,,,0.7222,18,-3.0,-3.0,0.2331,0.6418,67,-2.0,-1.0,-0.1316,0.6471,17,-3.0,-3.0,0.54,0.6,20,-2.0,-2.0,-0.2358,,,,,,,,,,,,,,,,,,,,,,,,,,0.6512,43,0.0,0.0,-0.1236,,,,,,,,,,,0.4589,0.8117
MIMI,SPY,15,26,83,,,,,,,,,,,,,,,,,,,,,,,,,,,,,,,,,,,,,,,,,,,,,,,,,,,,,,,,,,,,,,,,,,,,,,,,,,,,0.6923,26,15.0,15.0,-4.1072,,,,,,,,,,,,,,,,,,,,,,,,,,,,,,,,,,,,0.6757,37,-1.0,-1.0,-3.1772,0.1588,0.8758
MINT,SPY,24,24,233,,,,,,0.7895,19,0.0,0.0,-0.002,,,,,,0.6364,22,0.0,0.0,-0.0021,,,,,,,,,,,,,,,,,,,,,,,,,,0.7692,13,0.0,0.0,-0.002,,,,,,,,,,,,,,,,0.8125,208,-1.0,0.0,-0.0018,,,,,,0.786,215,-1.0,0.0,-0.0024,,,,,,,,,,,,,,,,,,,,,,,,,,0.8209,201,-2.0,1.0,-0.0018,,,,,,0.7885,208,-2.0,1.0,-0.0024,0.168,0.005
MIR,QQQ,14,14,236,,,,,,,,,,,,,,,,,,,,,,,,,,,,,,,,,,,,,,,,,,,,,,,,,,,,,,,,,,,,,0.6364,22,-2.0,-2.0,0.3829,0.6,50,-1.0,-1.0,-0.3063,0.6575,73,-2.0,-1.0,0.459,0.6857,35,-5.0,-3.0,-0.64,,,,,,,,,,,,,,,,,,,,,,,,,,0.6905,42,1.0,1.0,-0.3483,0.6325,117,-1.0,0.0,0.5092,,,,,,0.7576,0.718
MIST,SPY,20,26,139,,,,,,,,,,,,,,,,,,,,,,,,,,,,,,,,,,,,,,,,,,,,,,0.9,10,0.0,0.0,-1.7544,,,,,,,,,,,0.6154,13,2.0,2.0,0.595,0.7778,18,-2.0,-2.0,-0.2221,,,,,,0.6842,38,-3.0,-2.0,-0.3827,,,,,,,,,,,,,,,,,,,,,,,,,,,,,,,,,,,,0.68,50,0.0,0.0,-0.6003,0.5254,0.8626
MITK,IGV,20,21,192,,,,,,,,,,,,,,,,,,,,,,,,,,,,,,,,,,,,,,,,,,,,,,,,,,,,,,,,,,,,,0.6471,34,1.0,1.0,0.315,,,,,,0.6087,23,-1.0,-1.0,1.0136,0.6,30,0.0,0.0,-0.5033,,,,,,,,,,,,,,,,,,,,,0.7,10,2.0,2.0,0.5329,0.8,10,3.0,3.0,-0.2538,0.8462,13,2.0,2.0,0.4945,0.7,10,3.0,3.0,-0.5386,0.6142,0.5332
MKC,XLP,20,20,241,,,,,,,,,,,,,,,,,,,,,,,,,,,,,,,,,,,,,,,,,,,,,,,,,,,,,,,,,,,,,0.7143,21,-3.0,-3.0,0.1867,0.8065,31,2.0,2.0,-0.1912,,,,,,0.7419,31,2.0,2.0,-0.3665,,,,,,,,,,,,,,,,,,,,,0.7,10,2.0,2.0,0.2157,0.6719,64,0.0,0.0,-0.1486,,,,,,0.6094,64,0.0,0.0,-0.2449,0.6951,0.9737
MKSI,SOXX,22,22,218,,,,,,,,,,,,,,,,,,,,,,,,,,,,,,,,,,,,,,,,,,,,,,,,,,,,,,,,,,,,,0.7059,17,-1.0,-1.0,0.2392,0.6154,13,0.0,0.0,-0.2887,0.7368,19,-3.0,-3.0,0.5443,0.6667,12,6.0,6.0,-0.2162,,,,,,,,,,,,,,,,,,,,,0.6875,48,-1.0,1.0,0.4427,,,,,,0.6923,13,-2.0,-2.0,0.5378,0.6667,12,5.0,5.0,-0.4087,0.9656,1.1059
MLPI,QQQ,25,30,125,,,,,,0.6364,22,-1.0,0.0,-0.5471,,,,,,0.6364,11,0.0,0.0,-0.7086,,,,,,,,,,,,,,,,,,,,,,,,,,,,,,,,,,,,,,,,,0.6053,38,0.0,0.0,0.1152,0.7188,32,-1.0,-1.0,-0.1491,0.6286,35,0.0,0.0,0.1536,0.7419,31,-1.0,-1.0,-0.1817,,,,,,,,,,,,,,,,,,,,,0.6154,13,-2.0,-2.0,0.1137,0.6667,21,1.0,1.0,-0.1293,,,,,,0.6111,18,1.0,1.0,-0.2773,-0.2566,-0.0959
MLTX,XBI,18,18,183,,,,,,,,,,,,,,,,,,,,,,,,,,,,,,,,,,,,,,,,,,,,,,,,,,,,,,,,,,,,,,,,,,,,,,,,,,,,0.6562,32,-3.0,-2.0,-0.5219,,,,,,,,,,,,,,,,,,,,,,,,,,0.6667,33,-2.0,-1.0,-0.5027,0.6316,19,2.0,2.0,0.9375,0.6923,39,-2.0,-1.0,-0.7244,0.7608,0.7833
MLYS,XBI,17,18,203,,,,,,,,,,,,,,,,,,,,,,,,,,,,,,,,,,,,,,,,,,,,,,,,,,,,,,,,,,,,,0.8182,11,-4.0,-4.0,0.2622,0.6667,18,0.0,0.0,-0.5508,0.7,10,-3.0,-3.0,0.3671,0.6292,89,-1.0,1.0,-0.6041,,,,,,,,,,,,,,,,,,,,,0.6304,46,0.0,0.0,0.3741,0.7059,17,-2.0,-2.0,-0.5725,,,,,,0.6429,56,1.0,2.0,-0.5183,0.8414,0.9579
MMM,XLI,17,17,238,,,,,,,,,,,,,,,,,,,,,,,,,,,,,,,,,,,,,,,,,,,,,,,,,,,,,,,,,,,,,,,,,,0.8333,12,2.0,2.0,-0.176,,,,,,0.6275,51,1.0,1.0,-0.2291,,,,,,,,,,,,,,,,,,,,,,,,,,0.6136,44,1.0,1.0,-0.1741,,,,,,0.68,25,-2.0,-2.0,-0.2359,0.6172,0.6426
MNDY,IGV,32,32,228,,,,,,,,,,,,,,,,,,,,,,,,,,,,,,,,,,,,,,,,,,,,,,,,,,,,,,,,,,,,,0.7143,35,-5.0,-4.0,0.3456,0.6364,22,0.0,0.0,-0.47,0.6842,19,-4.0,-4.0,0.4477,,,,,,,,,,,,,,,,,,,,,,,,,,0.6207,29,-2.0,-2.0,0.3994,0.6222,45,-1.0,-1.0,-0.4221,0.7,20,1.0,1.0,0.7643,0.6,10,3.0,3.0,-0.32,0.8333,1.6095
MNKD,XBI,27,27,245,,,,,,0.6364,11,0.0,0.0,-1.0543,,,,,,0.6,10,0.0,0.0,-1.55,,,,,,,,,,,,,,,,,,,,,,,,,,,,,,,,,,,,,,,,,,,,,,0.7143,42,-1.0,-1.0,-0.291,,,,,,0.6471,51,1.0,2.0,-0.9061,,,,,,,,,,,,,,,,,,,,,,,,,,0.65,140,-4.0,0.0,-0.4319,,,,,,0.6259,139,-4.0,0.0,-0.7343,0.7231,0.7515
MNRO,XRT,13,14,183,,,,,,,,,,,,,,,,,,,,,,,,,,,,,,,,,,,,,,,,,,,,,,,,,,,,,,,,,,,,,,,,,,0.6071,28,-3.0,-2.0,-0.4224,0.6364,11,3.0,3.0,0.5157,0.6875,16,-2.0,-2.0,-0.8173,,,,,,,,,,,,,,,,,,,,,,,,,,0.6429,14,2.0,2.0,-0.5089,,,,,,0.7143,42,-1.0,-1.0,-0.5357,0.5555,1.3705
MNSO,SPY,20,21,190,,,,,,,,,,,,,,,,,,,,,,,,,,,,,,,,,,,,,,,,,,,,,,,,,,,,,,,,,,,,,,,,,,0.6825,63,-3.0,-1.0,-0.2063,,,,,,0.6875,64,-3.0,-1.0,-0.2902,,,,,,,,,,,,,,,,,,,,,,,,,,0.7273,11,-2.0,-2.0,-0.1125,,,,,,0.6328,128,-1.0,0.0,-0.242,0.2683,0.7027
MNST,XLP,29,29,248,,,,,,0.6,15,0.0,0.0,-0.9278,,,,,,,,,,,,,,,,,,,,,,,,,,,,,,,,,,,,,,,,,,,,,,,,,,,,,,,,0.6364,55,-1.0,-1.0,-0.108,,,,,,0.6452,62,1.0,2.0,-0.2392,,,,,,,,,,,,,,,,,,,,,0.6,10,2.0,2.0,0.1067,0.625,64,0.0,0.0,-0.1235,,,,,,0.8,10,2.0,2.0,-0.3225,0.4509,0.4285
MNTN,KWEB,18,20,189,,,,,,,,,,,,,,,,,,,,,,,,,,,,,,,,,,,,,,,,,,,,,,,,,,,,,,,,,,,,,,,,,,0.6222,45,-1.0,0.0,-0.5204,,,,,,0.619,21,-1.0,-1.0,-0.6092,,,,,,,,,,,,,,,,,,,,,0.6071,28,1.0,1.0,0.4982,0.7436,39,-1.0,-1.0,-0.3259,0.6,15,-3.0,-3.0,0.8544,,,,,,0.1191,0.1111
MNTS,SPY,39,39,396,,,,,,,,,,,,,,,,,,,,,,,,,,,,,,,,,,,,,,,,,,,,,,0.6765,34,-1.0,0.0,-3.8887,,,,,,0.6842,19,0.0,0.0,-5.9577,0.7143,28,-6.0,-5.0,0.8675,0.7222,18,-1.0,-1.0,-0.63,0.6667,51,15.0,15.0,5.9635,0.7273,22,-1.0,-1.0,-1.4206,,,,,,,,,,,,,,,,,,,,,,,,,,0.6154,13,-2.0,-2.0,-0.4425,,,,,,,,,,,0.3466,2.6869
MO,XLP,40,40,285,0.6471,34,-1.0,0.0,0.605,,,,,,0.8,15,0.0,0.0,0.8692,0.6316,19,-1.0,-1.0,-0.6617,,,,,,,,,,,,,,,,,,,,,,,,,,,,,,,,,,,,,,,,,,,,,,0.6939,49,-3.0,-2.0,-0.1374,,,,,,0.7,50,-3.0,-2.0,-0.2823,,,,,,,,,,,,,,,,,,,,,0.6,10,2.0,2.0,0.1667,,,,,,0.6,10,2.0,2.0,0.2717,0.6061,66,0.0,0.0,-0.2702,0.6067,0.6118
MOBX,IWM,28,35,173,,,,,,,,,,,,,,,,,,,,,,,,,,,,,,,,,,,,,,,,,,,,,,0.6667,12,0.0,0.0,-3.5,,,,,,0.8182,11,0.0,0.0,-4.6544,,,,,,0.7857,14,-2.0,-2.0,-0.4091,,,,,,0.68,25,-5.0,-4.0,-0.7047,,,,,,,,,,,,,,,,,,,,,,,,,,0.6136,88,-1.0,0.0,-0.8733,,,,,,0.6078,51,0.0,0.0,-0.8397,0.2582,0.4697
MOD,QQQ,19,19,225,,,,,,,,,,,,,,,,,,,,,,,,,,,,,,,,,,,,,,,,,,,,,,,,,,,,,,,,,,,,,0.8,10,-8.0,-8.0,0.77,0.625,16,0.0,0.0,-0.246,0.9,10,-8.0,-8.0,0.8289,0.6053,38,0.0,1.0,-0.8261,,,,,,,,,,,,,,,,,,,,,,,,,,0.6,10,-3.0,-3.0,-0.5333,,,,,,,,,,,0.7964,1.8712
MOH,IHF,10,11,175,,,,,,,,,,,,,,,,,,,,,,,,,,,,,,,,,,,,,,,,,,,,,,,,,,,,,,,,,,,,,0.6957,23,2.0,3.0,0.2488,,,,,,0.6364,11,-4.0,-4.0,0.1986,0.6429,28,-2.0,-2.0,-0.5128,,,,,,,,,,,,,,,,,,,,,,,,,,0.6,10,-2.0,-2.0,-0.525,0.6389,36,0.0,0.0,0.4413,,,,,,0.6099,0.8079
MOS,XLB,34,34,253,0.6154,13,-1.0,-1.0,2.1225,,,,,,,,,,,,,,,,,,,,,,,,,,,,,,,,,,,,,,,,,,,,,,,,,,,,,,,,,,,,,0.7083,24,3.0,3.0,-0.3476,,,,,,0.7273,11,4.0,4.0,-0.2075,,,,,,,,,,,,,,,,,,,,,0.8333,12,-3.0,-3.0,0.196,0.6557,61,-1.0,-1.0,-0.2278,0.6667,12,-3.0,-3.0,0.35,,,,,,0.5262,0.789
MP,SPY,40,40,368,,,,,,0.6,10,-1.0,-1.0,-1.3233,,,,,,,,,,,,,,,,,,,,,,,,,,,,,,,,,,,,0.6571,35,-1.0,0.0,-1.3152,,,,,,0.6,35,-1.0,0.0,-2.3357,,,,,,0.6111,54,1.0,2.0,-0.2358,0.619,21,3.0,3.0,0.6369,0.625,40,-2.0,-2.0,-0.4148,,,,,,,,,,,,,,,,,,,,,,,,,,0.6667,21,1.0,1.0,-0.2936,,,,,,0.6,20,-2.0,-2.0,-0.6642,0.6346,1.7859
MPC,XLE,23,23,231,,,,,,,,,,,,,,,,,,,,,,,,,,,,,,,,,,,,,,,,,,,,,,,,,,,,,,,,,,,,,0.6579,38,1.0,1.0,0.1784,,,,,,0.75,16,3.0,3.0,0.3142,,,,,,,,,,,,,,,,,,,,,,,,,,0.6235,85,-2.0,-1.0,0.1743,,,,,,0.6471,17,2.0,2.0,0.2509,,,,,,0.8413,1.164
MPG,QQQ,13,31,25,,,,,,,,,,,,,,,,,,,,,,,,,,,,,,,,,,,,,,,,,,,,,,,,,,,,,,,,,,,,,,,,,,,,,,,,,,,,,,,,,,,,,,,,,,,,,,,,,,,,,,,,,,,,,,,,,,,,,,,,,0.6541,1.9134
MPLX,XLE,19,20,220,0.6364,11,0.0,0.0,0.3629,,,,,,0.6364,11,0.0,0.0,0.3643,,,,,,,,,,,,,,,,,,,,,,,,,,,,,,,,,,,,,,,,,,,,,,,,,,,0.7742,31,1.0,1.0,-0.1829,0.6154,13,-2.0,-2.0,0.3288,,,,,,,,,,,,,,,,,,,,,,,,,,,,,,,0.7273,22,2.0,2.0,-0.1469,,,,,,0.6667,21,2.0,2.0,-0.1464,0.5616,0.2461
MPT,VNQ,34,34,238,0.6364,11,-1.0,-1.0,0.7143,,,,,,,,,,,0.6667,18,0.0,0.0,-0.8242,,,,,,,,,,,,,,,,,,,,,,,,,,,,,,,,,,,,,,,,,,,,,,0.7234,141,-1.0,0.0,-0.1614,0.6667,15,1.0,1.0,0.558,0.7143,63,0.0,0.0,-0.2371,,,,,,,,,,,,,,,,,,,,,,,,,,0.6955,220,-2.0,1.0,-0.1646,,,,,,0.6667,69,-1.0,-1.0,-0.2741,0.4939,0.4958
MPWR,SOXX,39,39,312,,,,,,,,,,,,,,,,,,,,,,,,,,,,,,,,,,,,,,,,,,,,,,,,,,,,,,,,,,,,,0.6818,66,2.0,5.0,0.3718,0.6364,11,-6.0,-6.0,-0.6443,0.64,25,-2.0,-2.0,0.46,0.6,30,-3.0,-3.0,-0.505,,,,,,,,,,,,,,,,,,,,,0.6383,94,-1.0,2.0,0.4538,,,,,,0.7778,18,2.0,2.0,0.4957,0.6852,54,-5.0,-3.0,-0.4251,0.9718,0.9785
MQ,XLF,15,15,222,,,,,,,,,,,,,,,,,,,,,,,,,,,,,,,,,,,,,,,,,,,,,,,,,,,,,,,,,,,,,,,,,,0.7024,84,-3.0,0.0,-0.2981,,,,,,0.75,56,-4.0,-2.0,-0.296,,,,,,,,,,,,,,,,,,,,,,,,,,0.6264,174,-1.0,1.0,-0.3277,,,,,,0.6238,101,0.0,0.0,-0.5335,0.4383,0.7737
MRAL,QQQ,13,25,49,,,,,,,,,,,,,,,,,,,,,,,,,,,,,,,,,,,,,,,,,,,,,,,,,,,,,,,,,,,,,,,,,,,,,,,,,,,,,,,,,,,,,,,,,,,,,,,,,,,,,0.6364,11,1.0,1.0,1.4171,,,,,,,,,,,,,,,,0.7987,4.1603
MRAM,SOXX,39,39,319,,,,,,,,,,,,,,,,,,,,,,,,,,,,,,,,,,,,,,,,,,,,,,,,,,,,,,,,,,,,,0.7692,13,-8.0,-8.0,0.635,0.6923,13,4.0,4.0,-0.7744,0.625,16,-4.0,-4.0,1.414,0.7692,13,4.0,4.0,-1.192,,,,,,,,,,,,,,,,,,,,,0.6667,24,0.0,0.0,0.8525,0.625,16,-5.0,-5.0,-0.676,0.625,24,4.0,4.0,1.2013,0.6522,23,2.0,2.0,-0.7213,0.8816,1.0653
MREO,IBB,28,34,172,,,,,,,,,,,,,,,,,,,,,,,,,,,,,,,,,,,,,,,,,,,,,,,,,,,,,,,,,,,,,0.6667,21,-1.0,0.0,0.9536,0.6364,11,-4.0,-4.0,-0.9657,0.7143,14,-2.0,-2.0,1.233,,,,,,,,,,,,,,,,,,,,,,,,,,,,,,,,,,,,0.6957,23,1.0,1.0,1.3244,,,,,,0.2169,0.7101
MRK,IBB,34,34,258,,,,,,,,,,,,,,,,0.7143,14,-1.0,-1.0,-1.182,,,,,,,,,,,,,,,,,,,,,,,,,,,,,,,,,,,,,,,,,,,,,,,,,,,,,,,,0.6364,33,2.0,2.0,-0.2486,,,,,,,,,,,,,,,,,,,,,0.6154,26,2.0,2.0,0.1188,,,,,,,,,,,0.6038,53,-1.0,-1.0,-0.2847,0.0915,0.0943
MRLN,SPY,40,40,287,,,,,,,,,,,,,,,,,,,,,,,,,,,,,,,,,,,,,,,,,,,,,,0.6857,35,-1.0,0.0,-3.5858,,,,,,0.7429,35,-1.0,0.0,-4.6338,0.8182,11,-10.0,-10.0,0.5856,0.7368,19,0.0,0.0,-0.8621,0.8,20,2.0,3.0,1.3169,0.8,35,-1.0,0.0,-1.0446,,,,,,,,,,,,,,,,,,,,,,,,,,0.6154,13,1.0,1.0,-0.9137,,,,,,0.6,15,1.0,1.0,-0.8656,0.5816,2.0085
MRNA,XBI,40,40,319,,,,,,,,,,,0.6667,12,0.0,0.0,2.3238,,,,,,,,,,,,,,,,,,,,,,,,,,,,,,,,,,,,,,,,,,,,,,0.7273,11,-4.0,-4.0,0.605,0.6304,46,-3.0,-2.0,-0.3121,0.6774,31,-1.0,-1.0,0.6924,0.6087,23,3.0,3.0,-0.815,,,,,,,,,,,,,,,,,,,,,,,,,,0.6154,13,-4.0,-4.0,-0.2337,0.6286,35,2.0,3.0,0.6945,0.6667,12,-3.0,-3.0,-0.545,0.7322,0.9507
MRNY,IWM,18,25,74,,,,,,,,,,,,,,,,,,,,,,,,,,,,,,,,,,,,,,,,,,,,,,,,,,,,,,,,,,,,,,,,,,,,,,,,,,,,,,,,,,,,,,,,,,,,,,,,,,,,,,,,,,0.6333,30,-1.0,0.0,-0.3268,,,,,,0.6667,30,-1.0,0.0,-0.547,0.645,0.7033
MRVI,XBI,13,13,211,,,,,,,,,,,,,,,,,,,,,,,,,,,,,,,,,,,,,,,,,,,,,,,,,,,,,,,,,,,,,,,,,,0.6418,67,-2.0,-1.0,-0.3516,,,,,,0.7083,24,-2.0,-2.0,-0.5853,,,,,,,,,,,,,,,,,,,,,,,,,,0.6329,79,-1.0,0.0,-0.3048,,,,,,0.6364,22,-2.0,-2.0,-0.6507,0.5061,0.495
MRVL,SOXX,40,40,778,,,,,,,,,,,,,,,,,,,,,,,,,,,,,,,,,,,,,,,,,,,,,,,,,,,,,,,,,,,,,0.625,48,5.0,5.0,0.423,0.6623,77,-8.0,-6.0,-0.5288,0.7174,46,5.0,5.0,0.5985,0.6604,53,-8.0,-7.0,-0.6886,,,,,,,,,,,,,,,,,,,,,0.6429,56,3.0,3.0,0.4411,0.64,50,-3.0,-3.0,-0.415,0.6058,104,3.0,4.0,0.6876,0.64,75,-5.0,-4.0,-0.606,0.9276,1.2698
MRVU,QQQ,32,38,204,,,,,,,,,,,,,,,,,,,,,,,,,,,,,,,,,,,,,,,,,,,,,,,,,,,,,,,,0.7,10,0.0,0.0,-7.8314,0.6957,23,15.0,15.0,1.6287,0.625,16,-15.0,-15.0,-1.386,0.7273,22,15.0,15.0,2.4219,,,,,,,,,,,,,,,,,,,,,,,,,,0.6667,36,0.0,0.0,1.3296,,,,,,,,,,,,,,,,0.8951,7.0826
MS,SPY,38,38,248,,,,,,,,,,,,,,,,,,,,,,,,,,,,,,,,,,,,,,,,,0.7,20,0.0,0.0,0.7993,,,,,,0.8,20,0.0,0.0,1.0781,0.7143,14,-1.0,-1.0,-1.091,0.6,15,-3.0,-3.0,0.0733,0.6364,33,2.0,2.0,-0.1624,,,,,,,,,,,,,,,,,,,,,,,,,,,,,,,,,,,,0.7333,15,-2.0,-2.0,-0.1591,0.6,85,-1.0,-1.0,0.33,0.6,15,-2.0,-2.0,-0.3344,0.7673,1.3898
MSBT,IWM,26,30,150,,,,,,,,,,,,,,,,,,,,,,,,,,,,,,,,,,,,,,,,,,,,,,0.7,10,0.0,0.0,-0.2929,,,,,,,,,,,,,,,,,,,,,0.7,10,0.0,0.0,0.2871,0.6786,28,-2.0,-1.0,-0.2332,,,,,,,,,,,,,,,,,,,,,,,,,,0.6364,33,-1.0,-1.0,-0.1871,,,,,,,,,,,0.5565,1.5703
MSFD,QQQ,35,37,140,,,,,,,,,,,,,,,,,,,,,,,,,,,,,,,,,,,,,,,,,,,,,,0.6,10,0.0,0.0,-0.7283,,,,,,,,,,,0.6296,27,1.0,2.0,0.2271,0.8182,11,-4.0,-4.0,-0.1311,0.625,16,1.0,1.0,0.339,0.6667,12,2.0,2.0,-0.1813,,,,,,,,,,,,,,,,,,,,,,,,,,0.6061,33,-1.0,-1.0,-0.1735,0.6,10,-2.0,-2.0,0.53,,,,,,0.3072,0.2797
MSFL,SPY,40,40,347,,,,,,,,,,,,,,,,,,,,,,,,,,,,,,,,,,,,,,,,,,,,,,0.6,15,-1.0,-1.0,-1.1756,,,,,,,,,,,0.6111,18,2.0,2.0,0.5491,0.6667,51,-6.0,-4.0,-0.3191,0.6481,54,1.0,3.0,0.6257,0.6154,39,-5.0,-4.0,-0.5008,,,,,,,,,,,,,,,,,,,,,,,,,,0.6316,19,1.0,1.0,-0.4275,,,,,,0.6316,19,1.0,1.0,-0.4592,-0.04,-0.1448
MSFT,IGV,40,40,795,,,,,,0.625,24,-1.0,0.0,-0.9473,,,,,,0.6667,24,-1.0,0.0,-1.0112,,,,,,,,,,,,,,,,,,,,,,,,,,,,,,,,,,,,,,,,,0.6452,31,3.0,3.0,0.144,0.6545,55,-3.0,-3.0,-0.1583,0.6667,27,-4.0,-4.0,0.2483,,,,,,,,,,,,,,,,,,,,,,,,,,,,,,,0.6667,30,-3.0,-3.0,-0.1195,0.6111,18,-4.0,-4.0,0.2627,0.7,10,-5.0,-5.0,-0.2,0.831,0.7918
MSFU,SPY,40,40,590,,,,,,,,,,,,,,,,,,,,,,,,,,,,,,,,,,,,,,,,,,,,,,0.6,15,-1.0,-1.0,-1.1578,,,,,,,,,,,,,,,,0.6341,123,0.0,1.0,-0.2422,0.6667,21,-6.0,-6.0,0.6286,0.6471,51,-5.0,-4.0,-0.4485,,,,,,,,,,,,,,,,,,,,,,,,,,,,,,,,,,,,0.6774,31,-2.0,-2.0,-0.461,-0.0546,-0.1941
MSFX,SPY,34,38,98,,,,,,,,,,,,,,,,,,,,,,,,,,,,,,,,,,,,,,,,,,,,,,,,,,,,,,,,,,,,,,,,,,,,,,,,,,,,,,,,,,,,,,,,,,,,,,,,,,,,,0.6111,18,-1.0,-1.0,0.5727,,,,,,0.7,20,-1.0,-1.0,0.5571,,,,,,0.005,0.0181
MSGY,SPY,10,20,35,,,,,,,,,,,,,,,,,,,,,,,,,,,,,,,,,,,,,,,,,,,,,,,,,,,,,,,,,,,,,,,,,,,,,,,,,,,,,,,,,,,,,,,,,,,,,,,,,,,,,,,,,,0.7273,11,0.0,0.0,-0.9712,,,,,,0.6667,21,-1.0,0.0,-2.9479,0.1621,0.6582
MSOS,SPY,40,40,261,,,,,,0.85,20,0.0,0.0,-1.0735,,,,,,0.8095,21,0.0,0.0,-1.1988,,,,,,,,,,,,,,,,,,,,,,,,,,0.6571,35,-1.0,0.0,-1.1387,,,,,,0.8,20,0.0,0.0,-1.0575,,,,,,0.641,39,-4.0,-3.0,-0.2764,,,,,,0.6667,15,-4.0,-4.0,-0.334,,,,,,,,,,,,,,,,,,,,,,,,,,0.6154,13,1.0,1.0,-0.4725,,,,,,0.604,101,-2.0,-1.0,-0.5841,0.701,0.931
MSOX,SPY,36,38,209,,,,,,,,,,,,,,,,,,,,,,,,,,,,,,,,,,,,,,,,,,,,,,0.7097,31,-1.0,0.0,-2.57,,,,,,0.75,12,0.0,0.0,-2.56,0.7143,21,-2.0,-1.0,0.874,0.6154,13,-4.0,-4.0,-0.5588,0.68,25,-2.0,-1.0,1.3265,0.68,25,-5.0,-4.0,-1.2688,,,,,,,,,,,,,,,,,,,,,0.8,10,1.0,1.0,0.69,,,,,,,,,,,,,,,,0.6365,1.6307
MSS,SPY,23,29,91,,,,,,,,,,,,,,,,,,,,,,,,,,,,,,,,,,,,,,,,,,,,,,,,,,,,,,,,,,,,,,,,,,,,,,,,,,,,,,,,,,,,,,,,,,,,,,,,,,,,,,,,,,0.6316,57,-1.0,0.0,-1.5483,,,,,,,,,,,0.0752,0.3982
MST,SPY,19,26,35,,,,,,,,,,,,,,,,,,,,,,,,,,,,,,,,,,,,,,,,,,,,,,0.8,10,-1.0,-1.0,-2.37,,,,,,,,,,,,,,,,,,,,,,,,,,,,,,,,,,,,,,,,,,,,,,,,,,,,,,,,0.6429,14,0.0,0.0,-2.4411,,,,,,,,,,,0.53,4.7232
MSTR,IWM,40,40,715,,,,,,,,,,,,,,,,,,,,,,,,,,,,,,,,,,,,,,,,,,,,,,,,,,,,,,,,0.6154,13,-1.0,-1.0,-1.8362,,,,,,0.6795,78,-8.0,-5.0,-0.3155,,,,,,0.6197,71,1.0,1.0,-0.6539,,,,,,,,,,,,,,,,,,,,,,,,,,0.6176,34,-2.0,-2.0,-0.3652,,,,,,0.6078,204,0.0,0.0,-0.5799,0.5065,1.9741
MSTU,SPY,40,40,732,,,,,,,,,,,,,,,,,,,,,,,,,,,,,,,,,,,,,,,,,0.6667,15,-1.0,-1.0,1.837,0.6,20,0.0,0.0,-3.1633,,,,,,0.6,15,-1.0,-1.0,-2.7456,0.6154,13,5.0,5.0,0.5237,0.6357,129,0.0,2.0,-0.6239,,,,,,0.6333,60,-6.0,-5.0,-0.8634,,,,,,,,,,,,,,,,,,,,,,,,,,0.6177,654,-2.0,1.0,-0.6634,,,,,,0.6198,363,0.0,1.0,-1.0494,0.5047,4.9585
MSTW,IWM,36,39,185,,,,,,,,,,,,,,,,,,,,,,,,,,,,,,,,,,,,,,,,,,,,,,0.6154,13,-1.0,-1.0,-2.2875,,,,,,0.6364,11,-1.0,-1.0,-3.11,0.6,10,-10.0,-10.0,1.2167,0.6216,37,-1.0,1.0,-0.4835,0.6,10,-10.0,-10.0,1.2517,0.6923,13,0.0,0.0,-0.97,,,,,,,,,,,,,,,,,,,,,,,,,,0.6154,26,1.0,1.0,-0.5906,,,,,,0.8,10,-2.0,-2.0,-1.235,0.5428,2.6588
MSTX,SPY,40,40,571,,,,,,,,,,,,,,,,,,,,,,,,,,,,,,,,,,,,,,,,,0.6667,15,-1.0,-1.0,1.804,,,,,,,,,,,,,,,,0.75,12,10.0,10.0,0.7311,0.7143,49,-6.0,-5.0,-0.6349,0.75,12,10.0,10.0,1.31,0.75,20,15.0,15.0,-1.55,,,,,,,,,,,,,,,,,,,,,,,,,,0.6522,23,-2.0,-2.0,-0.8493,,,,,,,,,,,0.5141,5.1253
MSTY,SPY,40,40,360,,,,,,,,,,,,,,,,,,,,,,,,,,,,,,,,,,,,,,,,,,,,,,0.619,21,0.0,0.0,-1.4515,,,,,,,,,,,,,,,,0.6,35,-3.0,-3.0,-0.3652,,,,,,0.6667,39,-1.0,-1.0,-0.6969,,,,,,,,,,,,,,,,,,,,,,,,,,0.7,20,1.0,1.0,-0.3871,,,,,,,,,,,0.5339,2.2946
MSTZ,QQQ,40,40,664,,,,,,,,,,,,,,,,,,,,,,,,,,,,,,,,,,,,,,,,,,,,,,0.6,10,-1.0,-1.0,-2.13,0.6,10,-1.0,-1.0,3.2133,,,,,,0.6562,32,-4.0,-4.0,1.0181,0.6667,45,-6.0,-5.0,-0.9323,0.8065,31,-4.0,-4.0,1.4696,0.6333,30,6.0,6.0,-1.0995,,,,,,,,,,,,,,,,,,,,,0.6818,22,-3.0,-3.0,0.7873,,,,,,0.9,10,3.0,3.0,0.6956,,,,,,-0.4429,-2.1477
MT,SLX,40,40,276,,,,,,,,,,,,,,,,,,,,,,,,,,,,,,,,,,,,,,,,,,,,,,,,,,,,,,,,,,,,,0.6316,38,-2.0,-2.0,0.215,,,,,,0.65,20,2.0,2.0,0.3569,0.6364,11,3.0,3.0,-0.2443,,,,,,,,,,,,,,,,,,,,,,,,,,,,,,,,,,,,,,,,,0.8065,1.384
MTA,GDX,10,10,162,,,,,,,,,,,,,,,,,,,,,,,,,,,,,,,,,,,,,,,,,,,,,,,,,,,,,,,,,,,,,,,,,,0.6667,24,-2.0,-1.0,-0.3344,0.6364,11,3.0,3.0,0.6071,0.8125,16,-3.0,-3.0,-0.7746,,,,,,,,,,,,,,,,,,,,,,,,,,0.65,40,-4.0,-2.0,-0.4173,0.6667,12,0.0,0.0,0.8513,0.6667,30,-2.0,-1.0,-0.6495,0.8961,0.6339
MTCH,SPY,10,10,233,,,,,,,,,,,,,,,,,,,,,,,,,,,,,,,,,,,,,,,,,,,,,,,,,,,,,,,,,,,,,0.6667,24,2.0,2.0,0.1494,0.6944,36,1.0,1.0,-0.1544,,,,,,0.6389,36,1.0,1.0,-0.2722,,,,,,,,,,,,,,,,,,,,,0.6875,16,-2.0,-2.0,0.1209,0.622,82,-1.0,-1.0,-0.1796,,,,,,0.7333,15,-2.0,-2.0,-0.1773,0.2772,0.367
MTDR,XLE,16,16,226,,,,,,,,,,,,,,,,,,,,,,,,,,,,,,,,,,,,,,,,,,,,,,,,,,,,,,,,,,,,,0.6875,16,2.0,2.0,0.2564,,,,,,0.6053,38,0.0,0.0,0.4257,,,,,,,,,,,,,,,,,,,,,,,,,,0.6316,38,-3.0,-2.0,0.2175,,,,,,0.6,20,2.0,2.0,0.3375,0.6,10,-3.0,-3.0,-0.2467,0.908,1.577
MTEK,IGV,12,22,49,,,,,,,,,,,,,,,,,,,,,,,,,,,,,,,,,,,,,,,,,,,,,,,,,,,,,,,,,,,,,,,,,,,,,,,,,,,,,,,,,,,,,,,,,,,,,,,,,,,,,,,,,,,,,,,,,,,,,,,,,0.3368,0.6126
MTEN,SPY,24,31,198,,,,,,,,,,,,,,,,,,,,,,,,,,,,,,,,,,,,,,,,,,,,,,0.6923,13,0.0,0.0,-3.1467,,,,,,0.6923,13,0.0,0.0,-5.2622,,,,,,0.6429,42,15.0,15.0,-5.1126,,,,,,0.6,10,0.0,0.0,-2.0733,,,,,,,,,,,,,,,,,,,,,,,,,,0.6667,138,-2.0,0.0,-2.4365,,,,,,0.6731,52,-1.0,-1.0,-3.39,0.4898,3.0815
MTSI,SOXX,21,21,223,,,,,,,,,,,,,,,,,,,,,,,,,,,,,,,,,,,,,,,,,,,,,,,,,,,,,,,,,,,,,0.6111,18,0.0,0.0,0.3655,,,,,,0.7353,34,0.0,1.0,0.5852,0.6154,26,2.0,3.0,-0.5744,,,,,,,,,,,,,,,,,,,,,0.6216,37,-5.0,-3.0,0.5287,0.6923,13,5.0,5.0,-0.2989,0.7143,14,-2.0,-2.0,0.558,0.8462,13,5.0,5.0,-0.4836,0.9312,0.857
MTUM,QQQ,21,21,237,,,,,,,,,,,,,,,,,,,,,,,,,,,,,,,,,,,,,,,,,,,,,,,,,,,,,,,,,,,,,0.6329,79,1.0,2.0,0.1734,0.6667,21,-2.0,-2.0,-0.2379,0.7692,26,-1.0,-1.0,0.325,0.6842,19,-3.0,-3.0,-0.3131,,,,,,,,,,,,,,,,,,,,,0.6311,103,0.0,2.0,0.1617,0.6667,12,-3.0,-3.0,-0.215,0.6042,48,0.0,0.0,0.29,,,,,,0.936,1.575
MTVA,IBB,23,35,144,,,,,,,,,,,,,,,,,,,,,,,,,,,,,,,,,,,,,,,,,,,,,,,,,,,,,,,,,,,,,0.6154,13,-15.0,-15.0,1.435,,,,,,0.6154,13,-15.0,-15.0,2.2725,0.7,10,-7.0,-7.0,-0.7029,,,,,,,,,,,,,,,,,,,,,,,,,,,,,,,,,,,,,,,,,0.1246,0.6298
MTZ,XLI,16,16,237,,,,,,,,,,,,,,,,,,,,,,,,,,,,,,,,,,,,,,,,,,,,,,,,,,,,,,,,,,,,,,,,,,0.6786,28,1.0,1.0,-0.2511,0.6,35,0.0,0.0,0.5881,0.6667,27,1.0,1.0,-0.4822,,,,,,,,,,,,,,,,,,,,,,,,,,0.7073,41,1.0,1.0,-0.25,,,,,,,,,,,0.7759,1.9361
MU,DRAM,40,40,821,,,,,,,,,,,,,,,,,,,,,,,,,,,,,,,,,,,,,,,,,,,,,,,,,,,,,,,,,,,,,0.6571,35,6.0,7.0,0.337,0.64,25,-7.0,-7.0,-0.345,0.6825,63,0.0,0.0,0.4514,0.6522,46,-5.0,-5.0,-0.6223,,,,,,,,,,,,,,,,,,,,,,,,,,,,,,,,,,,,,,,,,0.9529,0.843
MUB,IWM,13,13,233,,,,,,,,,,,,,,,,,,,,,,,,,,,,,,,,,,,,,,,,,,,,,,,,,,,,,,,,,,,,,,,,,,0.6504,226,-1.0,0.0,-0.0124,,,,,,,,,,,,,,,,,,,,,,,,,,,,,,,,,,,,0.665,200,-1.0,1.0,-0.0118,0.6,15,-2.0,-2.0,0.0356,,,,,,0.6591,0.1066
MUD,IWM,40,40,584,,,,,,,,,,,,,,,,,,,,,,,,,,,,,,,,,,,,,,,,,0.7368,19,0.0,0.0,1.5564,0.6154,13,-1.0,-1.0,-1.6462,0.6842,19,0.0,0.0,3.1669,0.6154,13,-1.0,-1.0,-2.5975,0.6154,13,8.0,8.0,0.5613,0.6216,74,-1.0,0.0,-0.6702,0.7273,11,-8.0,-8.0,0.455,0.6848,92,-1.0,1.0,-0.897,,,,,,,,,,,,,,,,,,,,,,,,,,0.7391,69,1.0,1.0,-0.4839,,,,,,0.6193,176,-1.0,-1.0,-0.7304,-0.6068,-4.1148
MUFG,XLF,34,34,266,0.7692,13,0.0,0.0,0.622,,,,,,0.6154,13,0.0,0.0,0.6663,,,,,,,,,,,,,,,,,,,,,,,,,,,,,,,,,,,,,,,,,,,,,,0.62,50,0.0,0.0,0.1119,0.6515,66,1.0,1.0,-0.0898,0.8462,13,-3.0,-3.0,0.1582,0.625,48,-1.0,-1.0,-0.1067,,,,,,,,,,,,,,,,,,,,,0.6111,18,1.0,1.0,0.0845,,,,,,,,,,,,,,,,0.242,0.5301
MULL,QQQ,39,40,521,,,,,,,,,,,,,,,,,,,,,,,,,,,,,,,,,,,,,,,,,0.6364,11,-1.0,-1.0,3.3729,0.7273,11,0.0,0.0,-4.1225,0.6364,11,-1.0,-1.0,3.9857,0.6364,11,0.0,0.0,-6.3971,0.7667,30,15.0,15.0,1.3404,0.6462,65,6.0,9.0,-0.6079,0.6667,45,4.0,6.0,1.532,0.7188,32,-6.0,-5.0,-1.3891,,,,,,,,,,,,,,,,,,,,,0.6923,13,2.0,2.0,0.9856,0.75,16,-3.0,-3.0,-0.9867,,,,,,,,,,,0.8322,7.2867
MUR,XLE,16,17,226,,,,,,,,,,,,,,,,,,,,,,,,,,,,,,,,,,,,,,,,,,,,,,,,,,,,,,,,,,,,,,,,,,0.6216,37,3.0,4.0,-0.2422,0.8571,14,-4.0,-4.0,0.2892,0.7778,18,-3.0,-3.0,-0.3029,,,,,,,,,,,,,,,,,,,,,0.7,10,-3.0,-3.0,0.18,0.6364,22,2.0,2.0,-0.2179,0.6,10,-3.0,-3.0,0.3433,0.64,50,-1.0,-1.0,-0.3987,0.905,1.6212
MUU,QQQ,40,40,693,,,,,,,,,,,,,,,,,,,,,,,,,,,,,,,,,,,,,,,,,0.6,10,-1.0,-1.0,4.115,0.75,12,0.0,0.0,-3.5867,0.7,10,-1.0,-1.0,3.9057,0.6667,12,0.0,0.0,-5.5762,0.6452,62,15.0,15.0,1.185,0.7143,35,7.0,7.0,-0.5148,0.6296,54,-1.0,0.0,1.66,0.6744,43,-8.0,-6.0,-1.2876,,,,,,,,,,,,,,,,,,,,,0.68,25,2.0,2.0,0.9365,0.6142,127,-3.0,-2.0,-0.8124,0.64,25,2.0,2.0,1.4225,,,,,,0.8314,7.195
MUX,GDX,22,23,223,,,,,,,,,,,,,,,,,,,,,,,,,,,,,,,,,,,,,,,,,,,,,,,,,,,,,,,,,,,,,0.6471,17,2.0,2.0,0.41,0.8,15,4.0,4.0,-0.3825,0.6667,12,-5.0,-5.0,1.0125,0.75,20,-3.0,-3.0,-0.6753,,,,,,,,,,,,,,,,,,,,,0.6316,19,1.0,1.0,0.6342,0.7143,28,-3.0,-3.0,-0.3355,0.6875,16,0.0,0.0,0.8991,0.6279,43,2.0,3.0,-0.6678,0.9462,1.0171
MUZ,SPY,30,30,470,,,,,,,,,,,,,,,,,,,,,,,,,,,,,,,,,,,,,,,,,0.6875,16,0.0,0.0,2.0964,,,,,,,,,,,,,,,,0.6667,27,-7.0,-7.0,0.7133,0.6809,47,-15.0,-15.0,-1.0831,0.6923,13,6.0,6.0,1.0278,0.7111,45,-3.0,-1.0,-1.2734,,,,,,,,,,,,,,,,,,,,,,,,,,0.6842,19,1.0,1.0,-0.95,,,,,,0.7368,19,1.0,1.0,-1.7036,-0.6495,-9.6434
MVIS,QQQ,40,40,303,0.6,10,0.0,0.0,2.36,,,,,,,,,,,,,,,,,,,,,,,,,,,,,,,,,,,,,,,,,0.75,12,0.0,0.0,-3.6811,0.9,10,-1.0,-1.0,3.4022,0.75,12,0.0,0.0,-4.2244,0.6842,19,-2.0,-2.0,0.9838,0.6452,31,-4.0,-3.0,-0.6175,0.6,20,-3.0,-3.0,2.0558,0.6,10,5.0,5.0,-1.0633,,,,,,,,,,,,,,,,,,,,,0.6222,45,1.0,1.0,0.8854,0.7692,13,2.0,2.0,-0.516,0.6429,42,-2.0,-2.0,0.9715,0.8,10,-3.0,-3.0,-0.725,0.5362,0.9152
MVLL,QQQ,40,40,602,,,,,,,,,,,,,,,,,,,,,,,,,,,,,,,,,,,,,,,,,0.7,10,-1.0,-1.0,6.1314,0.75,12,0.0,0.0,-5.9744,0.7,10,-1.0,-1.0,6.9457,0.75,12,0.0,0.0,-7.2644,0.7917,24,4.0,4.0,1.2647,0.7059,17,-7.0,-7.0,-0.9492,0.6923,39,4.0,5.0,1.9811,0.6522,23,1.0,1.0,-2.4107,,,,,,,,,,,,,,,,,,,,,0.6187,139,0.0,0.0,1.0228,0.7143,21,-3.0,-3.0,-1.3047,0.7727,22,2.0,2.0,1.6959,0.6471,17,-3.0,-3.0,-1.5745,0.8866,6.8109
MVO,SPY,11,18,49,,,,,,,,,,,,,,,,,,,,,,,,,,,,,,,,,,,,,,,,,,,,,,,,,,,,,,,,,,,,,,,,,,,,,,,,,,,,,,,,,,,,,,,,,,,,,,,,,,,,,0.7273,11,-1.0,-1.0,1.5913,0.6842,19,0.0,0.0,-4.3792,0.6,10,-1.0,-1.0,3.9517,,,,,,0.1389,0.6506
MVST,QQQ,38,38,245,,,,,,,,,,,,,,,,,,,,,,,,,,,,,,,,,,,,,,,,,,,,,,0.6364,11,0.0,0.0,-1.7357,,,,,,,,,,,0.6316,19,3.0,3.0,0.9075,0.6429,42,-5.0,-3.0,-0.413,,,,,,0.6154,26,1.0,1.0,-0.575,,,,,,,,,,,,,,,,,,,,,,,,,,0.8,10,2.0,2.0,-0.2975,,,,,,0.6,45,-3.0,-2.0,-0.9189,0.63,1.0779
MWC,IWM,11,24,62,,,,,,,,,,,,,,,,,,,,,,,,,,,,,,,,,,,,,,,,,,,,,,,,,,,,,,,,,,,,,,,,,,,,,,,0.6,15,15.0,15.0,5.1644,,,,,,,,,,,,,,,,,,,,,,,,,,,,,,,0.6875,16,0.0,0.0,-1.2509,0.6429,14,-1.0,-1.0,3.5744,,,,,,0.2682,1.4546
MX,SOXX,39,39,286,,,,,,,,,,,,,,,,,,,,,,,,,,,,,,,,,,,,,,,,,,,,,,,,,,,,,,,,,,,,,0.6667,12,2.0,2.0,1.055,0.8571,14,1.0,1.0,-0.8033,0.619,21,-5.0,-5.0,0.8254,0.6667,30,-1.0,0.0,-1.724,,,,,,,,,,,,,,,,,,,,,,,,,,0.8125,16,-2.0,-2.0,-0.7992,,,,,,0.7692,13,-5.0,-5.0,-0.607,0.8374,0.8214
MXCT,SPY,13,16,181,,,,,,,,,,,,,,,,,,,,,,,,,,,,,,,,,,,,,,,,,,,,,,,,,,,,,,,,,,,,,0.6,10,-5.0,-5.0,1.2967,0.7083,72,0.0,4.0,-0.2841,,,,,,0.8,25,-3.0,-2.0,-0.436,,,,,,,,,,,,,,,,,,,,,,,,,,0.6923,143,-2.0,0.0,-0.3356,,,,,,0.6471,136,-1.0,0.0,-0.7785,0.6014,1.0341
MXL,SOXX,39,39,343,,,,,,,,,,,,,,,,,,,,,,,,,,,,,,,,,,,,,,,,,,,,,,,,,,,,,,,,,,,,,0.6316,19,0.0,0.0,0.785,0.7143,14,-15.0,-15.0,-0.481,0.6154,39,4.0,5.0,0.8075,0.6667,12,-15.0,-15.0,-0.7388,,,,,,,,,,,,,,,,,,,,,0.7143,28,4.0,4.0,0.7595,0.6071,28,1.0,1.0,-0.7424,0.68,50,-2.0,-1.0,0.9476,0.6111,18,-5.0,-5.0,-1.1045,0.919,1.1807
MYGN,IHI,13,13,198,,,,,,,,,,,,,,,,,,,,,,,,,,,,,,,,,,,,,,,,,,,,,,,,,,,,,,,,,,,,,,,,,,0.6923,26,0.0,0.0,-0.2094,,,,,,0.6098,41,-2.0,-1.0,-0.4976,,,,,,,,,,,,,,,,,,,,,,,,,,0.6957,46,-1.0,-1.0,-0.3078,,,,,,0.6216,37,0.0,0.0,-0.7157,0.3531,0.2997
MYO,IWM,23,28,138,,,,,,,,,,,,,,,,,,,,,,,,,,,,,,,,,,,,,,,,,,,,,,,,,,,,,,,,,,,,,,,,,,0.6,10,2.0,2.0,-0.915,,,,,,0.8,10,0.0,0.0,-1.325,,,,,,,,,,,,,,,,,,,,,,,,,,0.6667,69,-1.0,0.0,-0.5552,,,,,,,,,,,0.4243,1.1041
MYSE,IWM,11,19,51,,,,,,,,,,,,,,,,,,,,,,,,,,,,,,,,,,,,,,,,,,,,,,,,,,,,,,,,,,,,,,,,,,,,,,,,,,,,,,,,,,,,,,,,,,,,,,,,,,,,,,,,,,0.8182,11,0.0,0.0,-1.2644,0.7333,15,-1.0,-1.0,5.9573,0.6667,12,0.0,0.0,-2.3487,0.1335,0.3411
NABL,IGV,13,13,213,,,,,,,,,,,,,,,,,,,,,,,,,,,,,,,,,,,,,,,,,,,,,,,,,,,,,,,,,,,,,,,,,,0.6786,28,-3.0,-2.0,-0.4305,0.6757,37,3.0,4.0,0.8788,0.6957,23,1.0,2.0,-0.9181,,,,,,,,,,,,,,,,,,,,,0.6364,11,3.0,3.0,0.6471,0.6429,112,-3.0,0.0,-0.4029,0.7083,24,2.0,3.0,0.82,0.75,28,-4.0,-3.0,-0.5252,0.7565,1.1025
NAGE,IWM,16,17,157,,,,,,,,,,,,,,,,,,,,,,,,,,,,,,,,,,,,,,,,,,,,,,,,,,,,,,,,,,,,,,,,,,0.7407,27,-3.0,-2.0,-0.32,,,,,,0.775,40,-3.0,-1.0,-0.6587,,,,,,,,,,,,,,,,,,,,,,,,,,0.6316,95,-1.0,1.0,-0.3517,,,,,,0.6957,46,-1.0,-1.0,-0.5803,0.5503,0.5301
NAIL,IWM,39,39,255,,,,,,0.7273,11,-1.0,-1.0,-2.46,,,,,,0.6364,11,-1.0,-1.0,-2.7257,,,,,,,,,,,,,,,,,,,,,,,,,,,,,,,,,,,,,,,,,0.7143,14,0.0,0.0,0.519,0.8182,11,5.0,5.0,-0.6289,0.6429,14,-3.0,-3.0,0.6833,0.7273,33,4.0,5.0,-0.8567,,,,,,,,,,,,,,,,,,,,,0.6875,16,-2.0,-2.0,0.48,0.619,42,1.0,1.0,-0.5962,,,,,,,,,,,0.4881,1.4502
NAK,SPY,40,40,270,,,,,,,,,,,,,,,,,,,,,,,,,,,,,,,,,,,,,,,,,,,,,,,,,,,,,,,,,,,,,0.6923,13,-6.0,-6.0,0.4411,0.6552,29,-1.0,-1.0,-0.5179,0.7059,17,3.0,3.0,0.9975,0.6538,52,-5.0,-2.0,-0.6347,,,,,,,,,,,,,,,,,,,,,,,,,,0.8,15,1.0,1.0,-0.7117,,,,,,0.625,16,-2.0,-2.0,-0.575,0.5914,1.942
NAKA,SPY,19,23,80,,,,,,,,,,,,,,,,,,,,,,,,,,,,,,,,,,,,,,,,,,,,,,,,,,,,,,,,,,,,,,,,,,,,,,,,,,,,,,,,,,,,,,,,,,,,,,,,,,,,,,,,,,0.619,21,-1.0,-1.0,-1.1054,,,,,,,,,,,0.5677,1.487
NAMM,GDX,24,31,128,,,,,,,,,,,,,,,,,,,,,,,,,,,,,,,,,,,,,,,,,,,,,,,,,,,,,,,,,,,,,,,,,,0.68,25,15.0,15.0,-3.6647,,,,,,0.75,12,-4.0,-4.0,-0.99,,,,,,,,,,,,,,,,,,,,,,,,,,0.7037,27,1.0,2.0,-0.9411,0.6,10,0.0,0.0,3.1733,0.75,12,2.0,2.0,-2.1622,0.6171,0.4304
NAMS,XBI,17,20,179,,,,,,,,,,,,,,,,,,,,,,,,,,,,,,,,,,,,,,,,,,,,,,,,,,,,,,,,,,,,,0.6667,12,-4.0,-4.0,0.5312,0.6667,87,-3.0,0.0,-0.3674,0.6875,16,-1.0,-1.0,0.6764,0.8824,17,-2.0,-2.0,-0.8873,,,,,,,,,,,,,,,,,,,,,,,,,,0.6604,53,1.0,2.0,-0.2791,,,,,,0.7895,19,-1.0,-1.0,-0.526,0.7576,0.8486
NASA,SPY,40,40,559,,,,,,,,,,,,,,,,,,,,,,,,,,,,,,,,,,,,,,,,,,,,,,0.6286,35,-1.0,0.0,-1.83,,,,,,0.6,20,0.0,0.0,-2.7933,0.7273,11,8.0,8.0,0.2987,0.6341,41,1.0,1.0,-0.3177,0.6364,11,8.0,8.0,0.6643,0.6452,31,-5.0,-5.0,-0.4955,,,,,,,,,,,,,,,,,,,,,0.625,32,1.0,1.0,0.294,,,,,,0.6061,33,1.0,1.0,0.6565,,,,,,0.6608,2.0915
NAT,IWM,33,33,243,0.6471,17,0.0,0.0,1.0891,,,,,,,,,,,,,,,,,,,,,,,,,,,,,,,,,,,,0.7857,14,0.0,0.0,1.6382,,,,,,0.6429,14,0.0,0.0,2.3022,,,,,,,,,,,0.6606,109,-1.0,1.0,-0.2454,,,,,,0.6168,107,0.0,2.0,-0.4136,,,,,,,,,,,,,,,,,,,,,,,,,,0.6047,43,1.0,1.0,-0.2854,,,,,,0.6923,13,-2.0,-2.0,-0.2456,0.0891,0.1044
NAUT,SPY,15,18,138,,,,,,,,,,,,,,,,,,,,,,,,,,,,,,,,,,,,,,,,,,,,,,,,,,,,,,,,,,,,,,,,,,0.6154,13,-1.0,-1.0,-0.405,,,,,,0.6538,26,-1.0,0.0,-0.6771,,,,,,,,,,,,,,,,,,,,,,,,,,0.6429,84,-1.0,0.0,-0.4357,,,,,,0.6517,89,-1.0,0.0,-0.7243,0.63,1.2105
NAVN,IGV,32,32,253,,,,,,,,,,,,,,,,,,,,,,,,,,,,,,,,,,,,,,,,,,,,,,,,,,,,,,,,,,,,,0.6154,13,6.0,6.0,0.355,0.6136,44,2.0,3.0,-0.3785,0.6154,26,1.0,1.0,0.6925,0.8,10,-5.0,-5.0,-0.4625,,,,,,,,,,,,,,,,,,,,,,,,,,0.6377,69,-4.0,-2.0,-0.4082,,,,,,,,,,,0.5695,0.6819
NB,IWM,36,36,246,0.6,10,-2.0,-2.0,1.3933,,,,,,0.7,10,-2.0,-2.0,2.2786,,,,,,,,,,,,,,,,,,,,,,,,,,,,,,,,,,,,0.6071,28,-1.0,0.0,2.0641,,,,,,0.6897,29,1.0,2.0,0.4755,0.725,40,-3.0,-2.0,-0.3714,0.7391,23,-1.0,-1.0,0.8612,0.6667,42,-3.0,-2.0,-0.7446,,,,,,,,,,,,,,,,,,,,,,,,,,0.6234,77,0.0,0.0,-0.4204,0.625,16,-2.0,-2.0,0.882,,,,,,0.7868,2.1264
NBIG,QQQ,40,40,335,,,,,,,,,,,,,,,,,,,,,,,,,,,,,,,,,,,,,,,,,0.8,10,-1.0,-1.0,7.2112,0.75,12,0.0,0.0,-6.1478,0.7,10,-1.0,-1.0,9.9429,,,,,,0.625,16,3.0,3.0,2.016,0.6,10,1.0,1.0,-2.5917,0.7143,14,3.0,3.0,2.825,0.7,10,0.0,0.0,-2.47,,,,,,,,,,,,,,,,,,,,,,,,,,,,,,,,,,,,,,,,,0.8386,5.6137
NBIL,QQQ,40,40,387,,,,,,,,,,,,,,,,,,,,,,,,,,,,,,,,,,,,,,,,,0.6667,12,-1.0,-1.0,6.6125,0.7273,11,0.0,0.0,-5.6175,,,,,,,,,,,0.7333,15,2.0,2.0,1.6291,0.6341,41,-15.0,-15.0,-1.0542,0.7241,29,2.0,3.0,2.2148,0.6875,16,0.0,0.0,-2.8109,,,,,,,,,,,,,,,,,,,,,0.6182,55,1.0,1.0,1.1356,,,,,,,,,,,,,,,,0.8373,5.7635
NBIS,QQQ,40,40,708,,,,,,,,,,,,,,,,,,,,,,,,,,,,,,,,,,,,,,,,,0.8,10,-1.0,-1.0,3.4775,0.75,12,0.0,0.0,-3.0656,0.7,10,-1.0,-1.0,4.9414,,,,,,0.6286,35,-4.0,-4.0,0.4868,0.617,47,2.0,2.0,-0.4386,0.6173,81,4.0,6.0,0.8034,0.68,50,0.0,0.0,-0.8538,,,,,,,,,,,,,,,,,,,,,,,,,,,,,,,,,,,,,,,,,0.8286,2.906
NBIX,XBI,16,16,205,,,,,,,,,,,,,,,,,,,,,,,,,,,,,,,,,,,,,,,,,,,,,,,,,,,,,,,,,,,,,,,,,,0.6,10,-3.0,-3.0,-0.1583,0.6316,19,2.0,2.0,0.2058,0.625,24,-2.0,-2.0,-0.256,,,,,,,,,,,,,,,,,,,,,,,,,,0.6341,41,-2.0,-1.0,-0.2008,,,,,,0.6,10,-4.0,-4.0,-0.2317,0.5913,0.4267
NBIZ,IWM,40,40,370,,,,,,,,,,,,,,,,,,,,,,,,,,,,,,,,,,,,,,,,,0.7368,19,0.0,0.0,4.4893,0.6154,13,-1.0,-1.0,-6.0262,,,,,,0.6154,13,-1.0,-1.0,-7.0025,0.6,10,-5.0,-5.0,0.7133,0.7143,21,-4.0,-3.0,-1.4993,0.8182,11,-8.0,-8.0,1.7211,0.6,10,2.0,2.0,-2.0583,,,,,,,,,,,,,,,,,,,,,,,,,,,,,,,,,,,,,,,,,-0.6398,-6.831
NBP,QQQ,17,19,111,,,,,,,,,,,,,,,,,,,,,,,,,,,,,,,,,,,,,,,,,,,,,,,,,,,,,,,,,,,,,,,,,,0.6667,15,0.0,0.0,-0.311,,,,,,,,,,,,,,,,,,,,,,,,,,,,,,,,,,,,0.6316,38,-1.0,0.0,-0.4104,,,,,,0.6471,17,0.0,0.0,-0.2727,0.6334,0.6829
NCLH,XLY,40,40,310,0.6667,12,-1.0,-1.0,0.7625,,,,,,0.6667,12,-1.0,-1.0,1.22,,,,,,,,,,,,,,,,,,,,,,,,,,,,,,,,,,,,,,,,,,,,,,,,,,,0.6721,61,0.0,0.0,-0.2422,,,,,,0.6515,66,0.0,0.0,-0.3914,,,,,,,,,,,,,,,,,,,,,0.6,10,2.0,2.0,0.2483,0.6076,79,-1.0,-1.0,-0.2692,,,,,,0.6341,82,-1.0,-1.0,-0.3906,0.6865,1.9515
NCNO,IGV,18,18,238,,,,,,,,,,,,,,,,,,,,,,,,,,,,,,,,,,,,,,,,,,,,,,,,,,,,,,,,,,,,,0.6667,51,-2.0,-1.0,0.6147,0.6154,13,-3.0,-3.0,-0.72,0.7,10,4.0,4.0,0.4371,0.65,20,-4.0,-4.0,-0.5731,,,,,,,,,,,,,,,,,,,,,0.7027,37,1.0,2.0,0.25,0.6042,48,0.0,0.0,-0.41,0.7027,37,1.0,2.0,0.4954,0.625,48,0.0,0.0,-0.5687,0.8165,1.1364
NCPL,IBIT,13,31,124,,,,,,,,,,,,,,,,,,,,,,,,,,,,,,,,,,,,,,,,,,,,,,,,,,,,,,,,,,,,,,,,,,0.6667,24,15.0,15.0,-3.725,,,,,,0.7083,24,-15.0,-15.0,-1.3247,,,,,,,,,,,,,,,,,,,,,,,,,,0.6279,43,-1.0,0.0,-2.2319,,,,,,0.7222,18,0.0,0.0,-2.9369,0.4176,0.6577
NCRA,SPY,26,37,212,,,,,,,,,,,,,,,,,,,,,,,,,,,,,,,,,,,,,,,,,0.8,10,-1.0,-1.0,49.05,,,,,,,,,,,0.7143,14,0.0,0.0,-6.037,0.6471,17,15.0,15.0,65.0491,0.7143,21,-15.0,-15.0,-1.314,0.7,10,-4.0,-4.0,2.51,0.6,10,0.0,0.0,-2.66,,,,,,,,,,,,,,,,,,,,,,,,,,0.7692,13,1.0,1.0,-1.179,,,,,,,,,,,0.0761,0.6382
NCT,XLI,15,21,101,,,,,,,,,,,,,,,,,,,,,,,,,,,,,,,,,,,,,,,,,,,,,,,,,,,,,,,,,,,,,,,,,,0.6667,24,15.0,15.0,-4.6769,,,,,,0.7143,28,15.0,15.0,-8.542,,,,,,,,,,,,,,,,,,,,,,,,,,,,,,,,,,,,0.75,20,-1.0,-1.0,-3.416,0.0975,0.5829
NDAQ,XLF,28,28,247,0.7692,13,0.0,0.0,0.721,,,,,,0.6154,13,0.0,0.0,0.7725,,,,,,,,,,,,,,,,,,,,,,,,,,,,,,,,,,,,,,,,,,,,,,,,,,,,,,,,0.6429,28,1.0,1.0,0.3306,0.6265,83,-2.0,-1.0,-0.1956,,,,,,,,,,,,,,,,,,,,,,,,,,0.6667,18,1.0,1.0,-0.1325,,,,,,0.6667,15,-2.0,-2.0,-0.118,0.7063,1.177
NE,OIH,10,10,217,,,,,,,,,,,,,,,,,,,,,,,,,,,,,,,,,,,,,,,,,,,,,,,,,,,,,,,,,,,,,,,,,,0.7059,34,2.0,3.0,-0.1804,0.7143,21,1.0,1.0,0.4473,0.8,10,3.0,3.0,-0.405,,,,,,,,,,,,,,,,,,,,,0.619,42,-1.0,-1.0,0.2735,0.7188,32,-3.0,-2.0,-0.3687,0.6,40,0.0,0.0,0.4404,0.7692,13,-3.0,-3.0,-0.496,0.6863,0.8718
NEBX,QQQ,40,40,388,,,,,,,,,,,,,,,,,,,,,,,,,,,,,,,,,,,,,,,,,0.7273,11,-1.0,-1.0,6.975,0.7273,11,0.0,0.0,-5.2625,0.6,10,-1.0,-1.0,11.5133,,,,,,0.7308,26,1.0,2.0,1.7742,0.6444,45,-15.0,-15.0,-1.109,0.7059,17,3.0,3.0,2.615,0.6667,18,0.0,0.0,-2.3683,,,,,,,,,,,,,,,,,,,,,,,,,,,,,,,0.6,15,2.0,2.0,1.7522,,,,,,0.8309,5.8369
NEE,XLU,40,40,267,,,,,,,,,,,,,,,,,,,,,,,,,,,,,,,,,,,,,,,,,,,,,,,,,,,,,,,,,,,,,,,,,,,,,,,0.6,15,-2.0,-2.0,0.2289,0.6162,99,0.0,0.0,-0.2098,,,,,,,,,,,,,,,,,,,,,0.6364,11,-2.0,-2.0,0.1343,0.6538,26,1.0,1.0,-0.1624,,,,,,0.6538,26,1.0,1.0,-0.1859,0.7207,0.8976
NEM,GDX,40,40,370,,,,,,,,,,,,,,,,,,,,,,,,,,,,,,,,,,,,,,,,,0.6,10,0.0,0.0,0.38,,,,,,0.6,10,0.0,0.0,0.4967,,,,,,0.641,39,1.0,1.0,0.1692,0.6571,35,-5.0,-4.0,-0.2017,0.6809,47,0.0,0.0,0.3844,0.6098,41,-1.0,-1.0,-0.3976,,,,,,,,,,,,,,,,,,,,,0.6176,34,-1.0,-1.0,0.2495,0.6071,56,2.0,3.0,-0.2374,0.6471,34,1.0,1.0,0.4473,0.6333,30,-4.0,-4.0,-0.2742,0.9535,0.9649
NEO,IWM,29,29,220,0.6667,21,-1.0,0.0,1.6093,,,,,,0.6818,22,-1.0,0.0,1.7933,,,,,,,,,,,,,,,,,,,,,,,,,,0.7,10,0.0,0.0,2.0257,0.6364,11,-1.0,-1.0,-1.4457,0.7,10,0.0,0.0,2.1086,,,,,,0.6,25,1.0,1.0,0.414,0.6923,13,3.0,3.0,-0.3978,0.6351,74,-1.0,0.0,0.5504,0.6923,13,-3.0,-3.0,-0.8633,,,,,,,,,,,,,,,,,,,,,0.6935,62,0.0,0.0,0.4814,0.6053,38,1.0,1.0,-0.4022,0.6567,67,0.0,0.0,0.9759,,,,,,0.6747,0.8368
NEON,IWM,10,17,36,,,,,,,,,,,,,,,,,,,,,,,,,,,,,,,,,,,,,,,,,,,,,,,,,,,,,,,,,,,,,,,,,,,,,,,,,,,,,,,,,,,,,,,,,,,,,,,,,,,,,,,,,,,,,,,,,,,,,,,,,0.3754,0.4467
NEOV,SPY,35,37,244,,,,,,,,,,,,,,,,,,,,,,,,,,,,,,,,,,,,,,,,,,,,,,0.7586,29,-1.0,0.0,-3.195,,,,,,0.6667,30,-1.0,0.0,-3.87,0.625,16,2.0,2.0,0.733,0.6667,24,-6.0,-5.0,-0.4931,,,,,,0.6842,19,-6.0,-6.0,-0.8423,,,,,,,,,,,,,,,,,,,,,,,,,,,,,,,0.6,10,1.0,1.0,1.3383,0.7692,13,-2.0,-2.0,-0.811,0.5356,2.4452
NESR,SPY,25,25,232,,,,,,,,,,,,,,,,,,,,,,,,,,,,,,,,,,,,,,,,,0.6923,13,0.0,0.0,1.3556,,,,,,,,,,,,,,,,0.625,16,-4.0,-4.0,0.337,0.6522,23,-2.0,-2.0,-0.324,0.75,16,-4.0,-4.0,0.6017,0.6098,41,-3.0,-2.0,-0.4964,,,,,,,,,,,,,,,,,,,,,,,,,,,,,,,0.6154,13,-2.0,-2.0,0.57,0.6667,15,1.0,1.0,-0.363,0.5006,1.2684
NET,IGV,35,35,258,,,,,,0.7143,14,-1.0,-1.0,-1.053,0.6429,14,-1.0,-1.0,1.3133,,,,,,,,,,,,,,,,,,,,,,,,,,,,,,,,,,,,,,,,,,,,,,0.625,24,-1.0,-1.0,0.4493,0.6327,49,0.0,0.0,-0.3003,0.6071,28,-1.0,-1.0,0.7547,0.6364,11,4.0,4.0,-0.4586,,,,,,,,,,,,,,,,,,,,,0.625,16,2.0,2.0,0.344,0.6667,12,3.0,3.0,-0.3838,0.6667,36,1.0,2.0,0.4992,0.6154,13,3.0,3.0,-0.245,0.6187,0.6575
NETG,SPY,23,26,52,,,,,,,,,,,,,,,,,,,,,,,,,,,,,,,,,,,,,,,,,,,,,,,,,,,,,,,,,,,,,,,,,,,,,,,,,,,,,,,,,,,,,,,,,,,,,,,,,,,,,,,,,,0.6429,14,0.0,0.0,-0.86,,,,,,,,,,,0.2194,0.9262
NEWP,GDX,14,14,196,,,,,,,,,,,,,,,,,,,,,,,,,,,,,,,,,,,,,,,,,,,,,,,,,,,,,,,,,,,,,0.7,20,-2.0,-1.0,0.6407,0.6,10,5.0,5.0,-0.26,0.6667,15,-2.0,-2.0,1.005,0.75,16,3.0,3.0,-0.85,,,,,,,,,,,,,,,,,,,,,0.7241,29,0.0,1.0,0.7043,0.675,40,-4.0,-3.0,-0.3144,,,,,,0.75,12,3.0,3.0,-0.5778,0.8995,0.9494
NEXA,GDX,23,27,186,,,,,,,,,,,,,,,,,,,,,,,,,,,,,,,,,,,,,,,,,,,,,,,,,,,,,,,,,,,,,0.9,10,-1.0,-1.0,0.5133,0.7692,13,-2.0,-2.0,-0.418,0.7273,22,-1.0,0.0,0.4525,,,,,,,,,,,,,,,,,,,,,,,,,,0.6923,13,1.0,1.0,0.6522,0.6383,47,-3.0,-1.0,-0.394,0.6923,39,1.0,2.0,0.8904,0.6875,32,-3.0,-2.0,-0.6236,0.7598,0.9104
NEXR,IWM,25,34,203,,,,,,,,,,,,,,,,,,,,,,,,,,,,,,,,,,,,,,,,,,,,,,,,,,,,,,,,,,,,,,,,,,,,,,,0.68,25,-15.0,-15.0,2.1324,,,,,,,,,,,,,,,,,,,,,,,,,,,,,,,0.65,20,1.0,1.0,-4.4762,,,,,,,,,,,0.2945,2.7195
NEXT,XLE,32,32,240,,,,,,0.7,10,0.0,0.0,-0.7271,,,,,,,,,,,,,,,,,,,,,,,,,,,,,,,,,,,,,,,,,,,,,,,,,,,0.6154,26,-2.0,-2.0,0.4706,0.7222,18,-1.0,-1.0,-0.2577,0.6,25,-2.0,-2.0,0.548,0.6364,11,3.0,3.0,-0.6486,,,,,,,,,,,,,,,,,,,,,,,,,,0.6154,52,-1.0,-1.0,-0.32,0.6,10,-3.0,-3.0,0.3883,0.6111,54,-1.0,-1.0,-0.6379,0.8182,1.3143
NFE,XLE,36,37,247,,,,,,,,,,,,,,,,,,,,,,,,,,,,,,,,,,,,,,,,,,,,,,,,,,,,,,,,,,,,,0.619,42,-2.0,-1.0,0.815,0.6667,21,-3.0,-3.0,-0.3579,,,,,,0.6866,67,0.0,3.0,-0.9957,,,,,,,,,,,,,,,,,,,,,0.7,10,-3.0,-3.0,0.8629,0.625,56,-1.0,-1.0,-0.7723,,,,,,0.6386,83,-2.0,-1.0,-1.1125,0.1759,0.2828
NFGC,GDX,20,21,180,,,,,,,,,,,,,,,,,,,,,,,,,,,,,,,,,,,,,,,,,,,,,,,,,,,,,,,,,,,,,0.6364,11,0.0,0.0,0.6929,0.6923,13,3.0,3.0,-0.8189,,,,,,0.75,12,-5.0,-5.0,-0.5411,,,,,,,,,,,,,,,,,,,,,0.8,10,1.0,1.0,0.595,0.7419,31,-4.0,-3.0,-0.3343,0.6,15,0.0,0.0,1.06,0.8,40,-4.0,-3.0,-0.4284,0.8972,0.8402
NFLU,SPY,25,36,79,,,,,,,,,,,,,,,,,,,,,,,,,,,,,,,,,,,,,,,,,,,,,,0.6364,11,-1.0,-1.0,-2.3,,,,,,,,,,,,,,,,,,,,,,,,,,,,,,,,,,,,,,,,,,,,,,,,,,,,,,,,,,,,,0.65,20,0.0,0.0,0.4931,,,,,,-0.2844,-0.7562
NFLX,KWEB,40,40,649,,,,,,,,,,,,,,,,,,,,,,,,,,,,,,,,,,,,,,,,,,,,,,,,,,,,,,,,,,,,,0.7,10,3.0,3.0,0.1943,0.6032,63,1.0,2.0,-0.35,,,,,,0.7692,13,2.0,2.0,-0.348,,,,,,,,,,,,,,,,,,,,,,,,,,0.6242,157,-2.0,-1.0,-0.1597,,,,,,0.6396,111,-1.0,-1.0,-0.2523,-0.0227,-0.0111
NFXL,SPY,40,40,277,,,,,,0.7,10,-1.0,-1.0,-1.8757,,,,,,0.7,10,-1.0,-1.0,-2.0214,,,,,,,,,,,,,,,,,,,,,,,,,,0.6,20,0.0,0.0,-1.5317,,,,,,,,,,,0.6154,13,-2.0,-2.0,0.4062,0.725,40,1.0,2.0,-0.9238,,,,,,0.7179,39,1.0,2.0,-1.2232,,,,,,,,,,,,,,,,,,,,,,,,,,0.6742,89,-1.0,-1.0,-0.594,,,,,,0.625,16,-2.0,-2.0,-0.557,-0.2885,-0.7977
NG,GDX,34,34,258,,,,,,,,,,,,,,,,,,,,,,,,,,,,,,,,,,,,,,,,,,,,,,,,,,,,,,,,,,,,,0.7,20,2.0,2.0,0.5107,0.6667,24,-2.0,-2.0,-0.3788,,,,,,0.6,30,3.0,4.0,-0.7094,,,,,,,,,,,,,,,,,,,,,0.6667,27,1.0,1.0,0.5194,0.64,50,-3.0,-2.0,-0.4688,,,,,,0.8,20,-2.0,-2.0,-0.8806,0.9446,1.0046
NGEN,SPY,19,22,156,,,,,,,,,,,,,,,,,,,,,,,,,,,,,,,,,,,,,,,,,,,,,,,,,,,,,,,,,,,,,,,,,,0.6875,16,-3.0,-3.0,-0.4627,0.6154,13,-4.0,-4.0,0.5875,0.6667,27,-1.0,0.0,-0.4844,,,,,,,,,,,,,,,,,,,,,,,,,,0.6972,109,-1.0,1.0,-0.5032,0.6,10,1.0,1.0,0.5367,0.6574,108,-1.0,0.0,-0.6193,0.554,1.0956
NGG,XLU,37,37,231,0.6364,11,0.0,0.0,0.4,0.6364,11,-1.0,-1.0,-0.1843,0.7273,11,0.0,0.0,0.3162,,,,,,,,,,,,,,,,,,,,,,,,,,,,,,,,,,,,,,,,,,,,,,,,,,,,,,,,,,,,,0.7037,27,1.0,1.0,-0.2284,,,,,,,,,,,,,,,,,,,,,,,,,,0.6471,17,1.0,1.0,-0.1427,,,,,,0.65,20,1.0,1.0,-0.1915,0.5583,1.4995
NICE,IGV,32,32,177,,,,,,,,,,,,,,,,,,,,,,,,,,,,,,,,,,,,,,,,,,,,,,,,,,,,,,,,,,,,,0.6154,13,2.0,2.0,0.2813,0.619,21,-1.0,-1.0,-0.3215,0.6296,27,-2.0,-2.0,0.3918,0.6429,14,2.0,2.0,-0.2589,,,,,,,,,,,,,,,,,,,,,,,,,,0.625,32,-1.0,-1.0,-0.31,0.6279,43,0.0,1.0,0.3874,0.7059,34,-1.0,-1.0,-0.4204,0.7915,0.9851
NIO,SPY,40,40,530,,,,,,0.6,10,0.0,0.0,-0.6467,,,,,,,,,,,,,,,,,,,,,,,,,,,,,,,,,,,,,,,,,,,,,,0.6667,15,-1.0,-1.0,-1.162,,,,,,0.6095,210,-4.0,-1.0,-0.1823,,,,,,0.6724,58,2.0,3.0,-0.3008,,,,,,,,,,,,,,,,,,,,,,,,,,0.6083,217,0.0,0.0,-0.1796,,,,,,0.6075,186,-2.0,-1.0,-0.3308,0.3983,1.2879
NIVF,IWM,29,38,202,,,,,,,,,,,,,,,,,,,,,,,,,,,,,,,,,,,,,,,,,,,,,,,,,,,,,,,,0.6364,11,0.0,0.0,-3.7229,0.6667,15,-15.0,-15.0,1.958,,,,,,0.7647,17,-15.0,-15.0,1.9269,0.7,10,-4.0,-4.0,-1.89,,,,,,,,,,,,,,,,,,,,,,,,,,0.6538,104,-1.0,0.0,-3.4163,,,,,,0.6333,60,-1.0,-1.0,-4.3179,0.1915,1.2881
NIXX,QQQ,37,40,228,,,,,,,,,,,,,,,,,,,,,,,,,,,,,,,,,,,,,,,,,,,,,,,,,,,,,,,,,,,,,,,,,,0.6667,21,15.0,15.0,-3.0786,,,,,,0.7,20,15.0,15.0,-5.035,,,,,,,,,,,,,,,,,,,,,0.6176,34,1.0,1.0,1.609,0.625,40,-3.0,-2.0,-1.0516,,,,,,0.6452,31,-2.0,-2.0,-1.2155,0.4627,0.9339
NKE,XLY,40,40,464,,,,,,0.6429,14,-1.0,-1.0,-1.0144,0.6667,12,0.0,0.0,1.0062,,,,,,,,,,,,,,,,,,,,,,,,,,,,,,,,,,,,,,,,,,,,,,,,,,,0.6111,72,0.0,0.0,-0.1682,0.6522,23,-3.0,-3.0,0.254,0.6842,76,0.0,0.0,-0.2773,,,,,,,,,,,,,,,,,,,,,0.6923,13,-3.0,-3.0,0.1867,0.6023,88,-1.0,-1.0,-0.2083,0.6429,14,-3.0,-3.0,0.2678,0.6,85,-1.0,-1.0,-0.3,0.6315,0.6941
NKLR,IWM,17,20,108,,,,,,,,,,,,,,,,,,,,,,,,,,,,,,,,,,,,,,,,,,,,,,,,,,,,,,,,,,,,,,,,,,,,,,,,,,,,,,,,,,,,,,,,,,,,,,,,,,,,,0.6429,14,1.0,1.0,0.8056,,,,,,,,,,,0.6,15,1.0,1.0,-0.8467,0.6253,1.5567
NKTR,XBI,21,21,193,,,,,,,,,,,,,,,,,,,,,,,,,,,,,,,,,,,,,,,,,,,,,,,,,,,,,,,,,,,,,0.8,10,3.0,3.0,0.5112,0.6579,38,0.0,1.0,-0.26,0.6429,14,2.0,2.0,0.4967,0.7143,14,0.0,0.0,-0.691,,,,,,,,,,,,,,,,,,,,,,,,,,,,,,,0.6667,12,-2.0,-2.0,0.435,,,,,,0.4856,0.5154
NKTX,XBI,11,11,139,,,,,,,,,,,,,,,,,,,,,,,,,,,,,,,,,,,,,,,,,,,,,,,,,,,,,,,,,,,,,,,,,,0.7273,11,1.0,1.0,-0.8137,,,,,,0.7143,14,1.0,1.0,-0.74,,,,,,,,,,,,,,,,,,,,,,,,,,0.6061,33,-2.0,-1.0,-0.6765,,,,,,0.8333,18,-2.0,-2.0,-0.63,0.7599,0.9686
NLR,QQQ,18,18,189,,,,,,,,,,,,,,,,,,,,,,,,,,,,,,,,,,,,,,,,,,,,,,,,,,,,,,,,,,,,,0.72,25,2.0,3.0,0.22,0.7,20,1.0,1.0,-0.1464,0.6667,24,-2.0,-2.0,0.3988,0.6667,12,-5.0,-5.0,-0.18,,,,,,,,,,,,,,,,,,,,,0.6129,31,1.0,1.0,0.2189,0.68,25,-2.0,-2.0,-0.2412,0.6562,32,1.0,1.0,0.2762,,,,,,0.7741,0.8452
NLY,SPY,40,40,262,0.7273,11,-1.0,-1.0,0.3712,,,,,,0.9091,11,-1.0,-1.0,0.317,,,,,,,,,,,,,,,,,,,,,,,,,,,,,,,,,,,,0.6286,35,-1.0,0.0,0.5418,,,,,,0.6316,19,-2.0,-2.0,0.1042,0.6232,69,-1.0,-1.0,-0.1095,0.75,12,2.0,2.0,0.1344,0.6667,36,1.0,1.0,-0.1208,,,,,,,,,,,,,,,,,,,,,,,,,,0.6667,15,-2.0,-2.0,-0.108,0.625,16,1.0,1.0,0.127,,,,,,0.573,0.4995
NMAD,SPY,14,19,92,,,,,,,,,,,,,,,,,,,,,,,,,,,,,,,,,,,,,,,,,,,,,,,,,,,,,,,,,,,,,,,,,,,,,,,,,,,,,,,,,,,,,,,,,,,,,,,,,,,,,,,,,,0.62,50,-1.0,0.0,-1.2877,,,,,,,,,,,0.4191,1.3338
NMAX,SPY,22,22,198,,,,,,,,,,,,,,,,,,,,,,,,,,,,,,,,,,,,,,,,,,,,,,0.7,10,0.0,0.0,-2.8,,,,,,,,,,,0.6364,33,-5.0,-4.0,0.4886,0.7241,29,-1.0,0.0,-0.6276,0.7059,17,1.0,1.0,1.1767,0.8,30,-1.0,0.0,-1.0017,,,,,,,,,,,,,,,,,,,,,,,,,,0.7692,13,1.0,1.0,-0.47,,,,,,0.7857,14,1.0,1.0,-0.6364,0.1338,0.2526
NMG,IWM,18,21,126,,,,,,,,,,,,,,,,,,,,,,,,,,,,,,,,,,,,,,,,,,,,,,,,,,,,,,,,,,,,,,,,,,,,,,,,,,,,0.6667,45,-3.0,-1.0,-0.4877,,,,,,,,,,,,,,,,,,,,,,,,,,0.8333,24,0.0,0.0,-0.4655,,,,,,0.6562,96,-2.0,1.0,-0.6117,0.5576,0.8623
NMR,SPY,16,16,205,,,,,,,,,,,,,,,,,,,,,,,,,,,,,,,,,,,,,,,,,,,,,,,,,,,,,,,,,,,,,,,,,,0.6429,42,0.0,0.0,-0.0685,,,,,,0.6667,33,1.0,1.0,-0.1155,,,,,,,,,,,,,,,,,,,,,,,,,,0.6667,12,-2.0,-2.0,-0.0775,0.6,10,1.0,1.0,0.1817,0.6196,92,0.0,0.0,-0.1411,0.3107,0.739
NMRA,IWM,12,12,196,,,,,,,,,,,,,,,,,,,,,,,,,,,,,,,,,,,,,,,,,,,,,,,,,,,,,,,,,,,,,,,,,,0.619,42,-2.0,0.0,-0.4692,,,,,,0.9231,13,-4.0,-4.0,-0.9283,,,,,,,,,,,,,,,,,,,,,,,,,,0.6456,79,0.0,1.0,-0.5516,,,,,,0.6292,89,0.0,1.0,-1.0064,0.6271,1.3872
NN,SPY,21,21,226,,,,,,,,,,,,,,,,,,,,,,,,,,,,,,,,,,,,,,,,,,,,,,,,,,,,,,,,,,,,,0.625,16,4.0,4.0,0.406,0.7647,17,0.0,0.0,-0.5638,0.6957,23,-3.0,-2.0,0.8531,0.625,16,1.0,1.0,-1.186,,,,,,,,,,,,,,,,,,,,,,,,,,0.7273,11,1.0,1.0,-0.655,0.6,80,-1.0,-1.0,0.9242,,,,,,0.6201,1.0993
NNBR,SPY,21,23,210,,,,,,,,,,,,,,,,,,,,,,,,,,,,,,,,,,,,,,,,,,,,,,,,,,,,,,,,,,,,,,,,,,0.6111,18,1.0,1.0,-0.7891,0.75,12,3.0,3.0,6.8111,0.7083,24,-3.0,-2.0,-0.9276,,,,,,,,,,,,,,,,,,,,,,,,,,,,,,,0.6,15,1.0,1.0,7.86,,,,,,0.5934,1.5188
NNDM,IWM,29,32,214,,,,,,0.6667,12,0.0,0.0,-1.5212,,,,,,0.7143,14,0.0,0.0,-1.373,,,,,,,,,,,,,,,,,,,,,,,,,,0.6364,11,-1.0,-1.0,-2.4686,,,,,,0.6364,11,-1.0,-1.0,-2.7714,,,,,,0.7619,42,0.0,0.0,-0.1784,0.6,35,-1.0,-1.0,1.0205,0.7167,60,0.0,2.0,-0.5137,,,,,,,,,,,,,,,,,,,,,0.6,10,-2.0,-2.0,0.6,0.6829,164,-1.0,1.0,-0.2978,,,,,,0.6452,62,0.0,0.0,-0.507,0.3211,0.3239
NNE,SPY,40,40,311,,,,,,0.8182,11,0.0,0.0,-1.8833,,,,,,0.6364,11,0.0,0.0,-2.9129,,,,,,,,,,,,,,,,,,,,,,,,,,0.6857,35,-1.0,0.0,-2.2308,,,,,,,,,,,0.6667,21,-1.0,-1.0,0.6079,0.6364,11,-7.0,-7.0,-0.55,,,,,,,,,,,,,,,,,,,,,,,,,,,,,,,,,,,,,,,,,0.7143,21,1.0,1.0,0.668,,,,,,0.7514,3.0573
NNOX,SPY,33,34,227,,,,,,,,,,,,,,,,,,,,,,,,,,,,,,,,,,,,,,,,,0.6923,13,-1.0,-1.0,4.7378,,,,,,,,,,,,,,,,0.8,10,-3.0,-3.0,0.4738,0.7429,35,-1.0,0.0,-0.4658,0.6,10,-15.0,-15.0,0.6767,0.7368,38,-2.0,-1.0,-0.735,,,,,,,,,,,,,,,,,,,,,,,,,,0.6373,102,0.0,1.0,-0.8802,,,,,,0.6364,110,0.0,1.0,-1.3014,0.4536,1.2995
NNVC,IBB,24,28,112,,,,,,,,,,,,,,,,,,,,,,,,,,,,,,,,,,,,,,,,,,,,,,,,,,,,,,,,,,,,,,,,,,0.8,10,-3.0,-3.0,-0.8088,,,,,,0.6667,12,-3.0,-3.0,-1.7438,,,,,,,,,,,,,,,,,,,,,,,,,,0.6667,12,1.0,1.0,-0.6975,0.6429,14,-1.0,-1.0,2.1889,,,,,,0.5686,1.7757
NOC,ITA,22,22,234,,,,,,0.6,10,0.0,0.0,-0.4983,0.6,10,0.0,0.0,1.055,,,,,,,,,,,,,,,,,,,,,,,,,,,,,,,,,,,,,,,,,,,,,,0.6,15,-2.0,-2.0,0.1867,0.6304,46,0.0,0.0,-0.1738,0.6,10,3.0,3.0,0.3183,,,,,,,,,,,,,,,,,,,,,,,,,,0.6452,31,1.0,1.0,0.2155,0.6667,81,-3.0,-1.0,-0.1839,0.6,30,1.0,1.0,0.2556,0.9167,12,-3.0,-3.0,-0.3255,0.0752,0.0978
NOG,XLE,31,31,249,,,,,,,,,,,,,,,,,,,,,,,,,,,,,,,,,,,,,,,,,,,,,,,,,,,,,,,,,,,,,0.6154,26,1.0,1.0,0.2994,0.6923,13,3.0,3.0,-0.2622,0.6061,33,-2.0,-2.0,0.32,0.6296,27,1.0,1.0,-0.4318,,,,,,,,,,,,,,,,,,,,,0.6,20,2.0,2.0,0.1817,0.6,65,0.0,0.0,-0.1815,0.65,20,2.0,2.0,0.3992,,,,,,0.905,1.5793
NOK,SOXX,40,40,762,,,,,,,,,,,,,,,,,,,,,,,,,,,,,,,,,,,,,,,,,,,,,,,,,,,,,,,,,,,,,0.6364,33,5.0,6.0,0.4105,0.6479,71,-1.0,-1.0,-0.3941,0.9,20,5.0,5.0,0.6306,0.64,125,-8.0,-5.0,-0.3759,,,,,,,,,,,,,,,,,,,,,,,,,,0.62,50,-6.0,-5.0,-0.3939,,,,,,0.6609,174,-5.0,-2.0,-0.4663,0.8157,0.6752
NOV,OIH,13,13,239,,,,,,,,,,,,,,,,,,,,,,,,,,,,,,,,,,,,,,,,,,,,,,,,,,,,,,,,,,,,,,,,,,0.6667,15,-3.0,-3.0,-0.192,,,,,,0.619,42,-1.0,-1.0,-0.2715,,,,,,,,,,,,,,,,,,,,,0.6957,46,-1.0,-1.0,0.2366,0.6216,37,1.0,1.0,-0.183,,,,,,0.6944,36,-3.0,-2.0,-0.3492,0.8047,0.8367
NOW,IGV,40,40,668,,,,,,,,,,,,,,,,,,,,,,,,,,,,,,,,,,,,,,,,,,,,,,,,,,,,,,,,,,,,,0.6364,22,5.0,5.0,0.3407,0.6471,51,-3.0,-3.0,-0.2255,0.6154,39,-4.0,-4.0,0.4796,0.6226,53,-3.0,-3.0,-0.3539,,,,,,,,,,,,,,,,,,,,,0.6098,41,1.0,1.0,0.318,,,,,,0.6,20,3.0,3.0,0.815,0.6,10,-5.0,-5.0,-0.6017,0.8107,1.8266
NOWL,SPY,40,40,563,,,,,,,,,,,,,,,,,,,,,,,,,,,,,,,,,,,,,,,,,,,,,,,,,,,0.65,20,0.0,0.0,3.7885,,,,,,0.6061,33,15.0,15.0,1.026,0.6406,64,-3.0,-2.0,-0.5954,0.6296,27,1.0,1.0,1.0906,0.6404,114,-5.0,-2.0,-1.0232,,,,,,,,,,,,,,,,,,,,,,,,,,,,,,,,,,,,0.6562,32,1.0,1.0,-0.629,-0.2097,-1.7295
NPWR,SPY,11,13,161,,,,,,,,,,,,,,,,,,,,,,,,,,,,,,,,,,,,,,,,,,,,,,,,,,,,,,,,,,,,,,,,,,0.7556,45,-2.0,0.0,-0.3568,0.6429,14,-3.0,-3.0,1.4856,0.7647,17,0.0,0.0,-0.5446,,,,,,,,,,,,,,,,,,,,,,,,,,0.6786,112,-1.0,0.0,-0.3766,,,,,,,,,,,0.6948,1.5972
NRG,IWM,14,14,235,,,,,,,,,,,,,,,,,,,,,,,,,,,,,,,,,,,,,,,,,,,,,,,,,,,,,,,,,,,,,0.6579,38,-2.0,-2.0,0.23,0.8,20,-3.0,-3.0,-0.1825,0.6,35,2.0,2.0,0.4895,0.6571,35,-1.0,-1.0,-0.4374,,,,,,,,,,,,,,,,,,,,,,,,,,,,,,,,,,,,0.6667,42,1.0,1.0,-0.3668,0.6859,1.1186
NRGU,QQQ,11,21,28,,,,,,,,,,,,,,,,,,,,,,,,,,,,,,,,,,,,,,,,,,,,,,,,,,,,,,,,,,,,,,,,,,,,,,,,,,,,,,,,,,,,,,,,,,,,,,,,,,,,,,,,,,,,,,,,,,,,,,,,,-0.3453,-0.9438
NRGV,ICLN,37,37,256,,,,,,,,,,,,,,,,,,,,,,,,,,,,,,,,,,,,,,,,,,,,,,,,,,,,,,,,,,,,,0.6364,11,3.0,3.0,0.9057,0.7188,32,-3.0,-2.0,-0.467,,,,,,0.8,25,0.0,1.0,-0.9955,,,,,,,,,,,,,,,,,,,,,,,,,,0.6897,29,-3.0,-3.0,-0.5855,0.6154,26,-2.0,-2.0,1.485,0.617,47,-4.0,-3.0,-0.9328,0.769,1.2353
NRIX,XBI,26,26,227,,,,,,,,,,,0.6,10,-1.0,-1.0,1.2383,,,,,,,,,,,,,,,,,,,,,,,,,,,,,,,,,,,,,,,,,,,,,,0.6,10,15.0,15.0,2.6133,0.75,16,2.0,2.0,-0.5158,0.7,10,-3.0,-3.0,0.8386,0.7059,17,2.0,2.0,-0.9133,,,,,,,,,,,,,,,,,,,,,,,,,,0.65,20,2.0,2.0,-0.5654,0.6296,27,-1.0,-1.0,0.6135,0.6098,41,1.0,1.0,-0.8092,0.709,0.9329
NRXP,SPY,30,33,184,,,,,,,,,,,,,,,,,,,,,,,,,,,,,,,,,,,,,,,,,,,,,,,,,,,0.6923,13,-1.0,-1.0,2.9844,,,,,,0.6842,19,0.0,0.0,0.6738,,,,,,0.6364,22,1.0,1.0,1.2271,0.6923,13,-1.0,-1.0,-0.9889,,,,,,,,,,,,,,,,,,,,,0.6038,53,-1.0,-1.0,0.83,,,,,,,,,,,,,,,,0.492,1.0695
NSLR,SPY,16,17,112,,,,,,,,,,,,,,,,,,,,,,,,,,,,,,,,,,,,,,,,,,,,,,,,,,,,,,,,,,,,,,,,,,0.6897,29,-1.0,0.0,-0.375,,,,,,0.875,16,-3.0,-3.0,-0.4693,,,,,,,,,,,,,,,,,,,,,,,,,,,,,,,,,,,,0.7059,34,-1.0,-1.0,-0.44,0.6361,1.0564
NTAP,SOXX,22,22,243,,,,,,,,,,,,,,,,,,,,,,,,,,,,,,,,,,,,,,,,,,,,,,,,,,,,,,,,,,,,,0.6087,23,-3.0,-3.0,0.335,0.6296,27,2.0,2.0,-0.2976,,,,,,,,,,,,,,,,,,,,,,,,,,,,,,,0.625,32,-5.0,-4.0,0.387,0.6087,23,3.0,3.0,-0.2536,,,,,,0.6,15,-5.0,-5.0,-0.45,0.6462,0.1902
NTCL,IWM,23,29,194,,,,,,,,,,,,,,,,,,,,,,,,,,,,,,,,,,,,,,,,,,,,,,,,,,,,,,,,0.7,10,0.0,0.0,-4.2714,,,,,,,,,,,0.6364,22,15.0,15.0,20.5164,,,,,,,,,,,,,,,,,,,,,,,,,,0.6042,48,-1.0,-1.0,2.5824,,,,,,,,,,,,,,,,0.1143,0.5379
NTES,KWEB,16,16,220,,,,,,,,,,,,,,,,,,,,,,,,,,,,,,,,,,,,,,,,,,,,,,,,,,,,,,,,,,,,,0.75,12,2.0,2.0,0.1156,0.6389,36,-1.0,-1.0,-0.1148,,,,,,0.6471,68,-3.0,-1.0,-0.225,,,,,,,,,,,,,,,,,,,,,0.6296,27,1.0,1.0,0.1676,0.625,24,-2.0,-2.0,-0.128,,,,,,0.7059,34,0.0,0.0,-0.1479,0.5734,0.521
NTLA,XBI,40,40,275,,,,,,0.6364,11,-1.0,-1.0,-2.66,,,,,,0.6364,11,-1.0,-1.0,-2.8914,,,,,,,,,,,,,,,,,,,,,,,,,,,,,,,,,,,,,,,,,0.6,35,0.0,0.0,0.4714,0.8462,13,-1.0,-1.0,-0.4173,0.6429,28,-2.0,-2.0,0.5222,0.6667,24,-3.0,-3.0,-0.8762,,,,,,,,,,,,,,,,,,,,,,,,,,0.6415,53,1.0,1.0,-0.4471,,,,,,0.6129,31,-1.0,-1.0,-0.6226,0.7909,1.363
NTNX,IGV,27,27,245,,,,,,,,,,,,,,,,,,,,,,,,,,,,,,,,,,,,,,,,,,,,,,,,,,,,,,,,,,,,,0.6667,33,-3.0,-3.0,0.2659,,,,,,0.7353,34,-3.0,-3.0,0.534,0.6364,22,3.0,3.0,-0.3614,,,,,,,,,,,,,,,,,,,,,0.6486,37,-2.0,-2.0,0.5196,,,,,,0.6122,49,0.0,0.0,0.394,,,,,,0.7796,0.8711
NTR,XLE,25,25,237,,,,,,,,,,,,,,,,,,,,,,,,,,,,,,,,,,,,,,,,,,,,,,,,,,,,,,,,,,,,,0.625,48,0.0,0.0,0.138,,,,,,,,,,,0.6,20,2.0,2.0,-0.1133,,,,,,,,,,,,,,,,,,,,,,,,,,0.619,21,2.0,2.0,-0.1746,0.625,64,0.0,0.0,0.3038,0.6053,38,1.0,1.0,-0.1643,0.6839,0.4936
NTSK,IGV,31,31,261,,,,,,,,,,,,,,,,,,,,,,,,,,,,,,,,,,,,,,,,,,,,,,,,,,,,,,,,,,,,,0.625,16,4.0,4.0,0.658,0.6875,16,-3.0,-3.0,-0.1918,0.6905,42,0.0,1.0,0.7707,0.6129,31,2.0,2.0,-1.9668,,,,,,,,,,,,,,,,,,,,,0.6226,53,0.0,0.0,0.5985,,,,,,0.6267,75,0.0,1.0,0.5489,0.6923,13,-4.0,-4.0,-0.4989,0.7011,1.0242
NU,XLF,40,40,350,,,,,,0.6364,11,0.0,0.0,-0.9829,0.6429,14,-1.0,-1.0,1.1244,,,,,,,,,,,,,,,,,,,,,,,,,,,,,,,0.6,10,0.0,0.0,-0.9067,,,,,,,,,,,,,,,,0.7045,44,2.0,3.0,-0.2432,0.75,12,-3.0,-3.0,0.6322,0.675,40,2.0,3.0,-0.4226,,,,,,,,,,,,,,,,,,,,,0.6429,14,-2.0,-2.0,0.2656,0.6364,33,1.0,2.0,-0.1629,,,,,,,,,,,0.6523,1.1944
NUAI,SPY,40,40,333,,,,,,,,,,,,,,,,,,,,,,,,,,,,,,,,,,,,,,,,,,,,,,,,,,,,,,,,,,,,,0.6429,14,0.0,0.0,1.0656,0.6429,14,-7.0,-7.0,-0.4278,0.6364,11,-6.0,-6.0,1.38,0.7083,24,-2.0,-1.0,-1.2635,,,,,,,,,,,,,,,,,,,,,,,,,,0.7059,17,1.0,1.0,-1.0333,,,,,,0.65,20,-2.0,-2.0,-1.1723,0.6437,3.8195
NUCL,QQQ,21,24,122,,,,,,,,,,,,,,,,,,,,,,,,,,,,,,,,,,,,,,,,,,,,,,,,,,,,,,,,,,,,,,,,,,0.7,10,-3.0,-3.0,-0.5686,,,,,,,,,,,,,,,,,,,,,,,,,,,,,,,,,,,,0.65,20,0.0,0.0,-0.5077,,,,,,,,,,,0.2429,0.3544
NUE,SLX,17,17,222,,,,,,,,,,,,,,,,,,,,,,,,,,,,,,,,,,,,,,,,,,,,,,,,,,,,,,,,,,,,,0.6061,33,1.0,1.0,0.171,0.6,50,0.0,0.0,-0.1737,0.697,33,2.0,2.0,0.2426,,,,,,,,,,,,,,,,,,,,,,,,,,,,,,,,,,,,,,,,,,,,,,0.6501,0.556
NUGT,IWM,40,40,254,,,,,,,,,,,,,,,,,,,,,,,,,,,,,,,,,,,,,,,,,0.6316,19,0.0,0.0,1.1,,,,,,,,,,,0.6923,13,-1.0,-1.0,-2.6867,0.6667,18,3.0,3.0,0.915,0.7273,11,0.0,0.0,-0.61,0.6562,32,3.0,4.0,1.1338,0.7353,34,-5.0,-4.0,-0.8152,,,,,,,,,,,,,,,,,,,,,0.6119,67,-1.0,-1.0,0.4105,,,,,,,,,,,,,,,,0.554,3.2582
NUVB,XBI,31,31,245,,,,,,0.6364,11,0.0,0.0,-2.0671,,,,,,,,,,,,,,,,,,,,,,,,,,,,,,,,,,,,,,,,,,,,,,,,,,,0.6111,18,1.0,1.0,0.4955,0.6471,51,2.0,3.0,-0.4615,0.6,20,2.0,2.0,0.715,0.8333,12,5.0,5.0,-0.821,,,,,,,,,,,,,,,,,,,,,,,,,,0.6354,96,-1.0,0.0,-0.5921,,,,,,0.7812,32,-1.0,-1.0,-1.3052,0.7378,1.0901
NUVL,IWM,14,14,169,,,,,,0.8182,11,0.0,0.0,-0.0156,,,,,,,,,,,,,,,,,,,,,,,,,,,,,,,,,,,,,,,,,,,,,,,,,,,,,,,,0.6343,134,-1.0,0.0,-0.0262,,,,,,0.67,100,0.0,0.0,-0.0236,,,,,,,,,,,,,,,,,,,,,0.6154,13,-2.0,-2.0,0.0825,0.6641,131,-1.0,1.0,-0.0653,,,,,,0.6762,105,-1.0,0.0,-0.1004,-0.0684,-0.0287
NUWE,SPY,23,34,133,,,,,,,,,,,,,,,,,,,,,,,,,,,,,,,,,,,,,,,,,0.9,10,0.0,0.0,2.2911,,,,,,,,,,,,,,,,,,,,,,,,,,,,,,,,,,,,,,,,,,,,,,,,,,,,,,,,,,,,,,,,,,,,,,,0.6176,34,-1.0,-1.0,-7.2219,0.1874,0.9555
NVA,XLB,21,24,86,,,,,,,,,,,,,,,,,,,,,,,,,,,,,,,,,,,,,,,,,,,,,,,,,,,,,,,,,,,,,,,,,,,,,,,,,,,,,,,,,,,,,,,,,,,,,,,,,,,,,0.6,10,1.0,1.0,0.595,0.6111,18,-1.0,-1.0,-0.8418,,,,,,0.6667,18,-1.0,-1.0,-2.465,0.2091,0.9431
NVAX,IWM,39,39,282,,,,,,0.6923,13,0.0,0.0,-1.1411,0.6154,13,-1.0,-1.0,1.095,,,,,,,,,,,,,,,,,,,,,,,,,,,,,,,,,,,,,,,,,,,,,,,,,,,0.6571,35,-2.0,-2.0,-0.3196,0.6667,45,1.0,2.0,0.6393,0.625,72,-3.0,-2.0,-0.4536,,,,,,,,,,,,,,,,,,,,,,,,,,0.6049,81,0.0,0.0,-0.409,,,,,,0.6316,19,-2.0,-2.0,-0.3275,0.7664,1.1803
NVCR,IWM,17,17,215,,,,,,,,,,,,,,,,,,,,,,,,,,,,,,,,,,,,,,,,,,,,,,,,,,,,,,,,,,,,,0.6,10,-5.0,-5.0,0.32,0.7308,26,0.0,0.0,-1.0147,0.65,20,2.0,2.0,0.5446,,,,,,,,,,,,,,,,,,,,,,,,,,,,,,,0.6053,38,1.0,1.0,-1.0183,0.6667,15,-2.0,-2.0,0.811,0.6027,73,-1.0,-1.0,-0.8198,0.6989,1.1376
NVD,IWM,40,40,419,,,,,,,,,,,,,,,,,,,,,,,,,,,,,,,,,,,,,,,,,,,,,,0.6429,14,-1.0,-1.0,-1.6611,,,,,,0.7857,14,-1.0,-1.0,-1.7082,0.6,20,4.0,4.0,0.4233,0.6593,91,-5.0,-2.0,-0.371,,,,,,0.6406,64,2.0,3.0,-0.6224,,,,,,,,,,,,,,,,,,,,,,,,,,0.6314,293,-1.0,1.0,-0.4222,,,,,,,,,,,-0.5086,-1.8647
NVDA,SMH,40,40,819,0.75,12,-1.0,-1.0,0.68,0.6,10,0.0,0.0,-0.6167,0.7,10,0.0,0.0,0.9857,,,,,,,,,,,,,,,,,,,,,,,,,,,,,,,,,,,,,,,,,,,,,,,,,,,,,,,,,,,,,0.6333,30,-4.0,-4.0,-0.2405,,,,,,,,,,,,,,,,,,,,,,,,,,0.6129,62,-3.0,-3.0,-0.1671,,,,,,0.6812,69,-5.0,-4.0,-0.2204,0.7706,0.3567
NVDD,IWM,14,28,70,,,,,,,,,,,,,,,,,,,,,,,,,,,,,,,,,,,,,,,,,,,,,,,,,,,,,,,,,,,,,,,,,,0.7,10,0.0,0.0,-0.2243,,,,,,0.6,10,0.0,0.0,-0.2817,,,,,,,,,,,,,,,,,,,,,,,,,,,,,,,,,,,,0.7,10,1.0,1.0,-0.2729,-0.4953,-0.9067
NVDG,QQQ,27,37,98,,,,,,,,,,,,,,,,,,,,,,,,,,,,,,,,,,,,,,,,,,,,,,0.6,10,0.0,0.0,-1.735,,,,,,,,,,,0.7,10,-3.0,-3.0,0.4786,,,,,,,,,,,0.6,10,2.0,2.0,-1.3117,,,,,,,,,,,,,,,,,,,,,0.6471,17,-1.0,-1.0,0.72,,,,,,,,,,,0.625,16,0.0,0.0,-0.726,0.8598,1.7835
NVDL,QQQ,40,40,656,,,,,,,,,,,,,,,,,,,,,,,,,,,,,,,,,,,,,,,,,0.7,10,-1.0,-1.0,1.8357,,,,,,0.7,10,-1.0,-1.0,2.6671,,,,,,0.6364,22,4.0,4.0,0.3264,,,,,,0.6071,56,-3.0,-3.0,0.6224,0.6444,45,-4.0,-4.0,-0.5862,,,,,,,,,,,,,,,,,,,,,0.6154,26,2.0,2.0,0.2662,0.6154,104,-3.0,-2.0,-0.3684,,,,,,0.6204,108,-3.0,-2.0,-0.4766,0.8052,1.7339
NVDQ,IWM,40,40,308,,,,,,,,,,,,,,,,,,,,,,,,,,,,,,,,,,,,,,,,,,,,,,0.6154,13,-1.0,-1.0,-1.8225,0.6111,18,0.0,0.0,2.3773,0.7692,13,-1.0,-1.0,-1.816,0.6364,22,4.0,4.0,0.345,0.7576,33,2.0,2.0,-0.4644,0.625,24,-1.0,-1.0,0.5347,0.6875,48,2.0,3.0,-0.5115,,,,,,,,,,,,,,,,,,,,,0.6667,21,-2.0,-2.0,0.4536,0.6465,99,-1.0,-1.0,-0.4581,0.6111,18,-2.0,-2.0,0.8418,0.6136,44,1.0,1.0,-0.6122,-0.524,-1.9272
NVDS,IWM,28,37,109,,,,,,,,,,,,,,,,,,,,,,,,,,,,,,,,,,,,,,,,,0.6667,12,0.0,0.0,1.4475,0.6,10,-1.0,-1.0,-1.6833,0.6154,13,0.0,0.0,2.1775,0.9,10,-1.0,-1.0,-1.5522,0.6,10,-1.0,-1.0,0.5067,,,,,,,,,,,,,,,,,,,,,,,,,,,,,,,,,,,,,,,,,0.65,60,-1.0,1.0,-0.4818,0.625,16,1.0,1.0,0.454,0.6,25,-1.0,-1.0,-0.4867,-0.5461,-1.4094
NVDU,QQQ,37,39,213,,,,,,,,,,,,,,,,,,,,,,,,,,,,,,,,,,,,,,,,,0.6667,12,-1.0,-1.0,1.7975,,,,,,,,,,,,,,,,0.6765,34,-3.0,-2.0,0.57,0.7143,14,0.0,0.0,-0.485,0.6,10,1.0,1.0,1.2283,0.619,21,-2.0,-2.0,-0.4608,,,,,,,,,,,,,,,,,,,,,,,,,,,,,,,0.64,25,1.0,1.0,0.6456,0.6,45,0.0,0.0,-0.6281,0.8467,1.7632
NVDX,QQQ,40,40,530,,,,,,,,,,,,,,,,,,,,,,,,,,,,,,,,,,,,,,,,,0.6364,11,-1.0,-1.0,1.8914,,,,,,0.6364,11,-1.0,-1.0,2.71,,,,,,0.6237,93,2.0,5.0,0.3676,0.6,10,6.0,6.0,-0.4383,0.619,21,3.0,3.0,0.8169,0.6111,18,4.0,4.0,-0.37,,,,,,,,,,,,,,,,,,,,,0.6667,18,2.0,2.0,0.2683,0.6111,18,-3.0,-3.0,-0.4727,,,,,,0.7059,17,-3.0,-3.0,-0.5992,0.7881,1.8279
NVDY,QQQ,40,40,403,0.7,10,-1.0,-1.0,0.4686,0.6154,13,0.0,0.0,-0.6763,0.7,10,-1.0,-1.0,0.6443,,,,,,,,,,,,,,,,,,,,,,,,,,0.7273,11,-1.0,-1.0,0.635,,,,,,0.7273,11,-1.0,-1.0,0.8888,,,,,,,,,,,,,,,,,,,,,,,,,,,,,,,,,,,,,,,,,,,,,,,,,,,0.619,63,-3.0,-2.0,-0.1895,0.6154,13,2.0,2.0,0.285,0.6406,64,-3.0,-2.0,-0.2176,0.7887,0.6595
NVII,QQQ,13,20,53,,,,,,,,,,,,,,,,,,,,,,,,,,,,,,,,,,,,,,,,,,,,,,,,,,,,,,,,,,,,,,,,,,,,,,,,,,,,,,,,,,,,,,,,,,,,,,,,,,,,,,,,,,,,,,,0.6154,13,0.0,0.0,0.4875,,,,,,0.8278,0.9537
NVMI,SOXX,36,36,217,,,,,,,,,,,,,,,,,,,,,,,,,,,,,,,,,,,,,,,,,,,,,,,,,,,,,,,,,,,,,0.7,10,6.0,6.0,0.3986,0.7727,22,-5.0,-4.0,-0.3371,0.7143,14,3.0,3.0,0.638,0.7,10,-5.0,-5.0,-0.8629,,,,,,,,,,,,,,,,,,,,,0.8,15,4.0,4.0,0.3567,0.7,20,-3.0,-2.0,-0.3764,0.6765,34,3.0,4.0,0.6709,0.6667,12,5.0,5.0,-0.3488,0.9351,0.9465
NVNI,SPY,14,19,53,,,,,,,,,,,,,,,,,,,,,,,,,,,,,,,,,,,,,,,,,,,,,,,,,,,,,,,,,,,,,,,,,,,,,,,,,,,,,,,,,,,,,,,,,,,,,,,,,,,,,,,,,,0.6552,29,-1.0,0.0,-2.4616,,,,,,,,,,,0.2263,0.6286
NVO,IBB,40,40,463,,,,,,0.6667,12,0.0,0.0,-0.5063,,,,,,,,,,,,,,,,,,,,,,,,,,,,,,,,,,,,,,,,,,,,,,,,,,,,,,,,0.625,64,1.0,1.0,-0.2242,,,,,,0.6279,43,2.0,3.0,-0.2437,,,,,,,,,,,,,,,,,,,,,,,,,,0.6207,29,2.0,2.0,-0.2506,,,,,,0.697,33,-3.0,-2.0,-0.2417,0.4547,0.9028
NVOX,IWM,37,39,165,,,,,,,,,,,,,,,,,,,,,,,,,,,,,,,,,,,,,,,,,,,,,,0.6667,12,-1.0,-1.0,-1.2287,0.6429,14,0.0,0.0,2.6867,0.6,10,-1.0,-1.0,-2.2017,,,,,,0.8,10,5.0,5.0,-0.2725,,,,,,0.6429,14,-1.0,-1.0,-0.39,,,,,,,,,,,,,,,,,,,,,0.6154,26,1.0,1.0,0.4781,0.625,32,-1.0,-1.0,-0.649,,,,,,0.6471,34,-1.0,-1.0,-0.5136,0.104,0.306
NVS,IBB,36,36,245,,,,,,,,,,,,,,,,,,,,,,,,,,,,,,,,,,,,,,,,,,,,,,,,,,,,,,,,,,,,,0.6552,29,2.0,3.0,0.1579,0.6571,35,-3.0,-2.0,-0.1074,0.6316,19,2.0,2.0,0.2425,,,,,,,,,,,,,,,,,,,,,,,,,,,,,,,,,,,,,,,,,0.6346,52,-1.0,-1.0,-0.1879,0.3261,0.5219
NVT,QQQ,24,24,234,,,,,,,,,,,,,,,,,,,,,,,,,,,,,,,,,,,,,,,,,,,,,,,,,,,,,,,,,,,,,0.6538,26,-3.0,-2.0,0.3494,0.64,25,-1.0,-1.0,-0.3125,0.7692,13,-2.0,-2.0,0.483,,,,,,,,,,,,,,,,,,,,,,,,,,0.625,48,1.0,2.0,0.203,,,,,,,,,,,,,,,,0.8418,1.5761
NVTS,SOXX,40,40,577,,,,,,,,,,,,,,,,,,,,,,,,,,,,,,,,,,,,,,,,,,,,,,,,,,,,,,,,,,,,,0.84,25,3.0,4.0,0.639,0.6216,74,-5.0,-3.0,-0.5641,0.6765,34,5.0,6.0,0.7257,0.7,30,-4.0,-4.0,-0.9562,,,,,,,,,,,,,,,,,,,,,0.6627,83,3.0,4.0,0.5396,0.6176,34,-4.0,-4.0,-0.4986,0.6667,87,2.0,3.0,0.8126,0.7143,35,-4.0,-4.0,-0.758,0.9212,1.1884
NVTX,QQQ,30,37,145,,,,,,,,,,,,,,,,,,,,,,,,,,,,,,,,,,,,,,,,,,,,,,,,,,,,,,,,,,,,,0.625,16,15.0,15.0,2.624,0.65,20,-15.0,-15.0,-1.4923,,,,,,0.7143,14,15.0,15.0,-2.868,,,,,,,,,,,,,,,,,,,,,,,,,,0.8571,14,-2.0,-2.0,-1.5467,0.6061,33,-1.0,-1.0,2.3265,0.625,16,1.0,1.0,-2.619,0.7911,5.3838
NVVE,SPY,18,28,116,,,,,,,,,,,,,,,,,,,,,,,,,,,,,,,,,,,,,,,,,,,,,,,,,,,,,,,,,,,,,,,,,,0.6923,13,-15.0,-15.0,-1.0478,,,,,,,,,,,,,,,,,,,,,,,,,,,,,,,,,,,,,,,,,,,,,,0.6042,48,0.0,0.0,-18.9852,0.2691,1.9025
NVX,IWM,10,21,40,,,,,,,,,,,,,,,,,,,,,,,,,,,,,,,,,,,,,,,,,,,,,,,,,,,,,,,,,,,,,,,,,,,,,,,,,,,,,,,,,,,,,,,,,,,,,,,,,,,,,,,,,,,,,,,0.7,10,1.0,1.0,1.4,,,,,,0.3884,1.2458
NWG,SPY,37,37,247,0.8,10,0.0,0.0,0.2825,,,,,,0.7,10,0.0,0.0,0.3843,,,,,,,,,,,,,,,,,,,,,,,,,,0.6842,19,0.0,0.0,0.25,0.7143,14,-1.0,-1.0,-0.315,,,,,,0.7143,14,-1.0,-1.0,-0.326,,,,,,,,,,,,,,,,0.6389,36,-1.0,-1.0,-0.1552,,,,,,,,,,,,,,,,,,,,,,,,,,0.6154,13,-2.0,-2.0,-0.13,0.6154,13,1.0,1.0,0.2387,,,,,,0.6218,1.2305
NWGL,IWM,12,23,86,,,,,,,,,,,,,,,,,,,,,,,,,,,,,,,,,,,,,,,,,,,,,,,,,,,,,,,,,,,,,,,,,,0.6364,11,15.0,15.0,-19.2957,0.6667,12,-15.0,-15.0,2.405,0.6364,11,15.0,15.0,-20.3986,,,,,,,,,,,,,,,,,,,,,,,,,,,,,,,0.6429,14,1.0,1.0,3.61,,,,,,-0.0209,-0.1032
NWL,IWM,26,26,238,0.6667,12,0.0,0.0,2.045,,,,,,,,,,,,,,,,,,,,,,,,,,,,,,,,,,,,0.6,10,0.0,0.0,4.0167,,,,,,0.6,10,0.0,0.0,3.0183,,,,,,,,,,,0.6875,48,-5.0,-3.0,-0.2445,0.8,10,-4.0,-4.0,0.6863,0.62,50,0.0,1.0,-0.4823,,,,,,,,,,,,,,,,,,,,,,,,,,0.6579,76,0.0,0.0,-0.3212,,,,,,,,,,,0.5549,0.6991
NWS,KWEB,31,31,228,0.7273,11,-1.0,-1.0,1.515,0.8333,18,0.0,0.0,-1.42,0.7273,11,-1.0,-1.0,1.7288,0.7222,18,0.0,0.0,-1.6615,,,,,,,,,,,,,,,,,,,,,,,,,,,,,,,,,,,,,,,,,,,,,,,,,,,0.6596,47,1.0,1.0,0.2816,0.6364,22,2.0,2.0,-0.1807,,,,,,,,,,,,,,,,,,,,,0.7333,15,3.0,3.0,0.1455,,,,,,0.6444,45,0.0,0.0,0.2403,0.641,78,-2.0,-1.0,-0.221,0.127,0.0451
NXDR,SPY,26,26,218,,,,,,0.6667,12,0.0,0.0,-0.9525,,,,,,0.6923,13,0.0,0.0,-0.4978,,,,,,,,,,,,,,,,,,,,,,,,,,0.8333,12,0.0,0.0,-1.754,,,,,,0.8571,14,0.0,0.0,-1.2958,,,,,,0.7077,65,-2.0,-1.0,-0.2348,0.6154,26,-4.0,-3.0,0.7481,0.7826,23,-2.0,-2.0,-0.5783,,,,,,,,,,,,,,,,,,,,,,,,,,0.625,192,-2.0,1.0,-0.2646,,,,,,0.6429,14,-2.0,-2.0,-0.4922,0.3688,0.5261
NXE,GDX,38,38,247,0.8333,12,0.0,0.0,0.888,,,,,,0.75,12,0.0,0.0,1.33,,,,,,,,,,,,,,,,,,,,,,,,,,,,,,,,,,,,,,,,,,,,,,0.6061,66,0.0,1.0,0.4068,0.6471,17,-4.0,-4.0,-0.2009,0.6327,98,-1.0,1.0,0.4158,0.6538,26,2.0,2.0,-0.4271,,,,,,,,,,,,,,,,,,,,,0.7,60,1.0,2.0,0.38,0.6667,51,-3.0,-2.0,-0.3659,0.7609,46,0.0,1.0,0.6254,0.7,20,-2.0,-2.0,-0.8421,0.7258,0.535
NXL,IWM,16,25,53,,,,,,,,,,,,,,,,,,,,,,,,,,,,,,,,,,,,,,,,,,,,,,,,,,,,,,,,,,,,,,,,,,,,,,,,,,,,,,,,,,,,,,,,,,,,,,,,,,,,,0.6667,12,0.0,0.0,3.395,,,,,,,,,,,,,,,,-0.076,-0.2932
NXPI,SOXX,23,23,262,,,,,,,,,,,,,,,,,,,,,,,,,,,,,,,,,,,,,,,,,,,,,,,,,,,,,,,,,,,,,0.6176,34,0.0,0.0,0.3124,,,,,,0.6571,35,0.0,0.0,0.4657,0.7727,22,1.0,1.0,-0.5635,,,,,,,,,,,,,,,,,,,,,0.7273,22,4.0,4.0,0.2612,0.6,15,-5.0,-5.0,-0.2844,0.7368,19,2.0,2.0,0.4136,0.6,25,3.0,3.0,-0.3813,0.9125,0.6867
NXT,ICLN,37,37,243,,,,,,,,,,,,,,,,,,,,,,,,,,,,,,,,,,,,,,,,,,,,,,,,,,,,,,,,,,,,,0.7143,21,1.0,1.0,0.666,0.8095,21,-1.0,-1.0,-0.6029,0.6,15,3.0,3.0,0.8944,0.6,10,4.0,4.0,-0.6217,,,,,,,,,,,,,,,,,,,,,,,,,,0.6061,33,2.0,2.0,-0.4845,,,,,,0.6522,46,-4.0,-3.0,-0.705,0.8613,1.3946
NXTC,IWM,11,16,94,,,,,,,,,,,,,,,,,,,,,,,,,,,,,,,,,,,,,,,,,,,,,,,,,,,,,,,,,,,,,,,,,,0.7273,11,-15.0,-15.0,-1.3163,,,,,,0.8,10,-15.0,-15.0,-1.5588,,,,,,,,,,,,,,,,,,,,,,,,,,0.6842,19,-1.0,-1.0,-1.4862,,,,,,0.6842,57,-1.0,0.0,-4.6344,0.0553,0.2218
NXTS,XLB,10,15,54,,,,,,,,,,,,,,,,,,,,,,,,,,,,,,,,,,,,,,,,,,,,,,,,,,,,,,,,,,,,,,,,,,,,,,,,,,,,0.6364,11,15.0,15.0,-20.7671,,,,,,,,,,,,,,,,,,,,,0.7273,11,-1.0,-1.0,10.7762,,,,,,,,,,,,,,,,0.1717,0.9359
NXXT,IWM,39,40,373,,,,,,,,,,,,,,,,,,,,,,,,,,,,,,,,,,,,,,,,,,,,,,0.7,30,-1.0,0.0,-2.5614,,,,,,0.7143,14,0.0,0.0,-3.561,0.7857,14,-2.0,-2.0,0.6836,0.7143,14,-7.0,-7.0,-0.506,0.6,10,-11.0,-11.0,1.025,0.6806,72,-7.0,-4.0,-1.3776,,,,,,,,,,,,,,,,,,,,,0.6226,53,1.0,1.0,1.7233,,,,,,,,,,,0.7778,18,-2.0,-2.0,-1.3643,0.3787,1.6569
O,VNQ,40,40,305,0.8182,22,0.0,0.0,0.4522,,,,,,0.6364,22,0.0,0.0,0.6271,,,,,,,,,,,,,,,,,,,,,,,,,,,,,,,,,,,,,,,,,,,,,,,,,,,0.6139,158,0.0,2.0,-0.1023,0.7692,13,2.0,2.0,0.171,0.619,21,-2.0,-2.0,-0.1508,,,,,,,,,,,,,,,,,,,,,,,,,,0.6275,204,-1.0,1.0,-0.0952,,,,,,0.6056,71,-1.0,-1.0,-0.1342,0.6289,0.5988
OABI,IWM,10,12,135,,,,,,,,,,,,,,,,,,,,,,,,,,,,,,,,,,,,,,,,,,,,,,,,,,,,,,,,,,,,,,,,,,0.8462,13,1.0,1.0,-0.2473,,,,,,0.6452,31,-1.0,0.0,-0.8625,,,,,,,,,,,,,,,,,,,,,,,,,,0.7895,19,1.0,1.0,-0.5053,,,,,,0.6316,38,-1.0,-1.0,-0.6121,0.5234,0.7482
OBAI,SPY,28,35,185,,,,,,,,,,,,,,,,,,,,,,,,,,,,,,,,,,,,,,,,,,,,,,0.7692,13,0.0,0.0,-2.732,,,,,,,,,,,,,,,,0.65,20,-2.0,-1.0,-0.8346,0.6667,12,-1.0,-1.0,1.0787,0.6923,13,-15.0,-15.0,-2.2422,,,,,,,,,,,,,,,,,,,,,,,,,,0.6617,133,-1.0,0.0,-2.5183,,,,,,0.64,75,0.0,0.0,-2.1533,0.1911,0.9278
OBDC,XLF,28,28,234,0.6364,11,-1.0,-1.0,0.7329,,,,,,0.6667,12,-1.0,-1.0,0.9038,,,,,,,,,,,,,,,,,,,,,,,,,,,,,,,,,,,,,,,,,,,,,,0.6667,12,2.0,2.0,0.1775,0.6794,131,-1.0,0.0,-0.1612,0.7,10,2.0,2.0,0.2486,0.6735,49,-1.0,-1.0,-0.2352,,,,,,,,,,,,,,,,,,,,,,,,,,0.6336,131,0.0,1.0,-0.1569,,,,,,0.6577,111,0.0,0.0,-0.2078,0.5436,0.6276
OBE,XLE,18,18,181,,,,,,,,,,,,,,,,,,,,,,,,,,,,,,,,,,,,,,,,,,,,,,,,,,,,,,,,,,,,,,,,,,0.7,10,6.0,6.0,-0.2957,0.6667,21,-2.0,-2.0,0.495,0.7692,13,-1.0,-1.0,-0.494,,,,,,,,,,,,,,,,,,,,,,,,,,0.7143,14,2.0,2.0,-0.325,,,,,,0.76,25,-2.0,-2.0,-0.5,0.8188,1.4929
OCC,SOXX,26,30,139,,,,,,,,,,,,,,,,,,,,,,,,,,,,,,,,,,,,,,,,,,,,,,,,,,,,,,,,,,,,,,,,,,,,,,,,,,,,,,,,,,,,,,,,,,,,,,,,,,,,,0.6429,14,4.0,4.0,3.1944,0.6,10,1.0,1.0,-1.0233,0.6364,11,-1.0,-1.0,3.2714,0.6,10,-2.0,-2.0,-2.1817,0.7151,0.6137
OCG,QQQ,11,27,44,,,,,,,,,,,,,,,,,,,,,,,,,,,,,,,,,,,,,,,,,,,,,,,,,,,,,,,,,,,,,,,,,,,,,,,,,,,,,,,,,,,,,,,,,,,,,,,,,,,,,0.625,16,0.0,0.0,4.452,,,,,,,,,,,0.6,15,0.0,0.0,-5.1011,0.1409,0.2552
OCGN,SPY,40,40,275,,,,,,0.7391,23,-1.0,0.0,-1.7065,,,,,,0.8333,12,0.0,0.0,-1.533,,,,,,,,,,,,,,,,,,,,,,,,,,0.7429,35,-1.0,0.0,-1.4615,,,,,,0.6,20,0.0,0.0,-1.3917,,,,,,0.6754,114,-1.0,3.0,-0.4452,,,,,,0.6491,114,-1.0,3.0,-0.7014,,,,,,,,,,,,,,,,,,,,,,,,,,0.6667,246,-2.0,1.0,-0.4369,,,,,,0.6233,215,-1.0,0.0,-0.6594,0.622,1.1904
OCS,XBI,12,14,117,,,,,,,,,,,,,,,,,,,,,,,,,,,,,,,,,,,,,,,,,,,,,,,,,,,,,,,,,,,,,0.7143,14,-2.0,-2.0,0.539,0.6364,11,1.0,1.0,-0.51,0.6923,13,0.0,0.0,1.0822,0.6154,13,-2.0,-2.0,-0.55,,,,,,,,,,,,,,,,,,,,,0.6875,16,1.0,1.0,0.9236,,,,,,0.65,20,1.0,1.0,0.8769,0.6,20,0.0,0.0,-3.1,0.7173,0.9466
OCTV,IGV,28,29,191,,,,,,,,,,,,,,,,,,,,,,,,,,,,,,,,,,,,,,,,,,,,,,,,,,,,,,,,,,,,,0.6875,16,-5.0,-5.0,0.3245,0.7,30,0.0,1.0,-0.4833,0.8,15,1.0,1.0,0.2642,0.6842,19,0.0,0.0,-1.5562,,,,,,,,,,,,,,,,,,,,,0.6,20,1.0,2.0,0.4542,0.6364,11,-3.0,-3.0,-0.3014,0.75,12,2.0,2.0,0.4133,,,,,,0.4402,0.6545
OCUL,IBB,29,29,230,,,,,,,,,,,,,,,,0.6667,12,-1.0,-1.0,-1.4013,,,,,,,,,,,,,,,,,,,,,,,,,,,,,,,,,,,,,,,,,0.7143,14,2.0,2.0,0.552,0.7,20,1.0,1.0,-0.29,,,,,,0.8182,11,3.0,3.0,-0.7267,,,,,,,,,,,,,,,,,,,,,0.6216,37,1.0,1.0,0.4691,0.75,24,2.0,2.0,-0.4256,,,,,,,,,,,0.7346,1.0765
ODD,XLP,14,14,206,,,,,,,,,,,,,,,,,,,,,,,,,,,,,,,,,,,,,,,,,,,,,,,,,,,,,,,,,,,,,0.8,10,4.0,4.0,0.785,0.7,50,1.0,3.0,-1.1083,0.8,10,4.0,4.0,0.7687,0.64,25,0.0,1.0,-0.9625,,,,,,,,,,,,,,,,,,,,,,,,,,0.6774,31,1.0,1.0,-0.5157,,,,,,,,,,,0.3358,0.5247
ODV,IWM,13,13,180,,,,,,,,,,,,,,,,,,,,,,,,,,,,,,,,,,,,,,,,,,,,,,,,,,,,,,,,,,,,,0.6923,13,-1.0,-1.0,0.5656,0.7381,42,-4.0,-2.0,-0.2506,0.6667,24,2.0,2.0,0.6331,0.7222,18,-4.0,-4.0,-0.6031,,,,,,,,,,,,,,,,,,,,,,,,,,0.6235,85,0.0,1.0,-0.3998,,,,,,0.6,30,1.0,1.0,-0.7122,0.6366,1.5654
OFAL,XLI,13,32,78,,,,,,,,,,,,,,,,,,,,,,,,,,,,,,,,,,,,,,,,,,,,,,,,,,,,,,,,,,,,,,,,,,,,,,,,,,,,,,,,,,,,,,,,,,,,,,,,,,,,,0.72,25,0.0,1.0,2.5839,,,,,,,,,,,,,,,,0.043,0.1859
OGG,GDX,15,15,221,,,,,,,,,,,,,,,,,,,,,,,,,,,,,,,,,,,,,,,,,,,,,,,,,,,,,,,,,,,,,,,,,,0.6615,65,0.0,2.0,-0.3572,0.68,25,2.0,2.0,0.7394,0.7143,21,-4.0,-4.0,-0.5907,,,,,,,,,,,,,,,,,,,,,,,,,,0.7436,39,-3.0,-2.0,-0.4097,0.65,20,-1.0,-1.0,0.6223,0.6444,45,-3.0,-2.0,-0.7386,0.8126,0.6559
OGI,SPY,14,20,80,,,,,,,,,,,,,,,,,,,,,,,,,,,,,,,,,,,,,,,,,,,,,,,,,,,,,,,,,,,,,,,,,,,,,,,0.6364,11,0.0,0.0,0.3657,0.8333,12,1.0,1.0,-0.437,,,,,,,,,,,,,,,,,,,,,0.6471,17,-1.0,-1.0,0.7736,,,,,,,,,,,0.6216,37,0.0,0.0,-0.5265,0.3227,0.4935
OGN,QQQ,13,14,225,,,,,,,,,,,,,,,,,,,,,,,,,,,,,,,,,,,,,,,,,,,,,,,,,,,,,,,,,,,,,,,,,,0.7674,215,-1.0,0.0,-0.0178,,,,,,0.7798,218,-1.0,0.0,-0.0288,,,,,,,,,,,,,,,,,,,,,,,,,,0.7828,198,-3.0,2.0,-0.0175,,,,,,0.7861,201,-3.0,2.0,-0.0285,0.395,0.0412
OHI,VNQ,15,15,232,0.7273,11,0.0,0.0,0.505,,,,,,0.6364,11,0.0,0.0,0.5343,,,,,,,,,,,,,,,,,,,,,,,,,,,,,,,,,,,,,,,,,,,,,,,,,,,,,,,,0.6364,11,2.0,2.0,0.2543,0.6027,73,-1.0,-1.0,-0.2143,,,,,,,,,,,,,,,,,,,,,,,,,,0.6486,37,1.0,1.0,-0.1237,,,,,,0.6615,65,-1.0,-1.0,-0.1895,0.6023,0.7251
OI,IWM,10,10,222,,,,,,,,,,,,,,,,,,,,,,,,,,,,,,,,,,,,,,,,,,,,,,,,,,,,,,,,,,,,,,,,,,0.6429,42,-1.0,-1.0,-0.2448,,,,,,0.6214,103,-1.0,1.0,-0.4161,,,,,,,,,,,,,,,,,,,,,,,,,,,,,,,,,,,,0.6277,94,-2.0,-1.0,-0.4246,0.445,0.6419
OIH,QQQ,19,20,217,,,,,,,,,,,,,,,,,,,,,,,,,,,,,,,,,,,,,,,,,,,,,,,,,,,,,,,,,,,,,0.6092,87,-1.0,0.0,0.19,0.6452,31,1.0,1.0,-0.1755,,,,,,0.8333,12,-3.0,-3.0,-0.38,,,,,,,,,,,,,,,,,,,,,0.6364,11,2.0,2.0,0.1086,,,,,,,,,,,0.6364,44,-3.0,-2.0,-0.2914,0.2491,0.1572
OII,OIH,19,20,191,,,,,,,,,,,,,,,,,,,,,,,,,,,,,,,,,,,,,,,,,,,,,,,,,,,,,,,,,,,,,0.625,32,-1.0,-1.0,0.213,0.6389,36,-3.0,-2.0,-0.2257,0.6364,22,-2.0,-2.0,0.3893,0.6154,13,-3.0,-3.0,-0.3863,,,,,,,,,,,,,,,,,,,,,0.6875,32,-1.0,-1.0,0.2918,0.75,24,-4.0,-3.0,-0.2772,,,,,,0.7037,27,1.0,1.0,-0.5737,0.826,0.8101
OILD,IWM,11,17,34,,,,,,,,,,,,,,,,,,,,,,,,,,,,,,,,,,,,,,,,,,,,,,,,,,,,,,,,,,,,,,,,,,,,,,,,,,,,,,,,,,,,,,,,,,,,,,,,,,,,,,,,,,,,,,,,,,,,,,,,,0.3318,1.0807
OILK,QQQ,16,23,81,,,,,,,,,,,,,,,,,,,,,,,,,,,,,,,,,,,,,,,,,,,,,,,,,,,,,,,,,,,,,0.6,10,-3.0,-3.0,0.0867,,,,,,,,,,,,,,,,,,,,,,,,,,,,,,,,,,,,0.6364,11,-2.0,-2.0,0.1971,0.625,16,-1.0,-1.0,-0.229,0.7,10,0.0,0.0,0.5729,0.7143,14,-1.0,-1.0,-0.29,-0.1841,-0.2097
OILU,QQQ,22,26,85,,,,,,,,,,,,,,,,,,,,,,,,,,,,,,,,,,,,,,,,,,,,,,,,,,,,,,,,,,,,,,,,,,,,,,,,,,,,0.7,10,5.0,5.0,-0.8186,,,,,,,,,,,,,,,,,,,,,0.6923,13,-1.0,-1.0,0.4089,,,,,,,,,,,,,,,,-0.2589,-0.5213
OKE,XLE,19,19,236,0.6,10,0.0,0.0,0.6917,,,,,,0.6,10,0.0,0.0,0.815,,,,,,,,,,,,,,,,,,,,,,,,,,,,,,,,,,,,,,,,,,,,,,,,,,,,,,,,,,,,,,,,,,,,,,,,,,,,,,,,,,,,,,,,,,,,,,,,0.6,10,-3.0,-3.0,0.2917,0.6129,31,-2.0,-2.0,-0.1916,0.8669,0.7636
OKLL,SPY,40,40,628,,,,,,,,,,,,,,,,,,,,,,,,,,,,,,,,,,,,,,,,,,,,,,0.65,20,0.0,0.0,-3.9546,,,,,,0.75,20,0.0,0.0,-5.0473,0.6364,22,-2.0,-2.0,0.9879,0.8125,16,-10.0,-10.0,-0.64,0.625,24,-6.0,-6.0,1.662,0.7429,35,5.0,6.0,-1.125,,,,,,,,,,,,,,,,,,,,,,,,,,0.7419,31,-2.0,-2.0,-0.7409,,,,,,,,,,,0.6575,4.9531
OKLO,SPY,40,40,554,,,,,,,,,,,,,,,,,,,,,,,,,,,,,,,,,,,,,,,,,,,,,,,,,,,,,,,,0.75,20,0.0,0.0,-2.474,,,,,,0.65,20,-5.0,-5.0,-0.3354,0.7209,43,-3.0,-3.0,0.6177,0.6604,53,1.0,1.0,-0.49,,,,,,,,,,,,,,,,,,,,,,,,,,,,,,,,,,,,,,,,,0.6349,2.3733
OKLS,IWM,35,36,142,,,,,,,,,,,,,,,,,,,,,,,,,,,,,,,,,,,,,,,,,0.625,16,0.0,0.0,2.716,,,,,,,,,,,,,,,,,,,,,0.7273,11,-2.0,-2.0,-1.4725,,,,,,,,,,,,,,,,,,,,,,,,,,,,,,,,,,,,,,,,,0.6129,31,-1.0,-1.0,2.4584,0.6,10,-2.0,-2.0,-2.4167,-0.6017,-3.8237
OKTA,IGV,37,37,269,,,,,,,,,,,0.7273,11,-1.0,-1.0,1.4187,,,,,,,,,,,,,,,,,,,,,,,,,,,,,,,,,,,,,,,,,,,,,,0.6471,17,3.0,3.0,0.1873,0.6111,18,-3.0,-3.0,-0.2345,0.6111,18,3.0,3.0,0.4645,0.75,12,4.0,4.0,-0.4911,,,,,,,,,,,,,,,,,,,,,0.7059,17,2.0,2.0,0.6458,0.7778,18,-3.0,-3.0,-0.3171,0.6667,18,2.0,2.0,0.7817,,,,,,0.6717,0.918
OLLI,XLP,11,11,241,,,,,,,,,,,,,,,,,,,,,,,,,,,,,,,,,,,,,,,,,,,,,,,,,,,,,,,,,,,,,0.8,15,3.0,3.0,0.255,,,,,,,,,,,0.6056,71,0.0,1.0,-0.6709,,,,,,,,,,,,,,,,,,,,,0.7,10,2.0,2.0,0.23,0.6032,63,0.0,0.0,-0.2868,,,,,,0.8,10,2.0,2.0,-0.22,0.1604,0.2022
OLMA,IBB,18,19,201,,,,,,,,,,,,,,,,,,,,,,,,,,,,,,,,,,,,,,,,,,,,,,,,,,,,,,,,,,,,,0.6471,17,-3.0,-3.0,0.4182,0.8571,14,-6.0,-6.0,-0.1892,0.68,25,0.0,0.0,0.5376,0.75,16,1.0,1.0,-0.8375,,,,,,,,,,,,,,,,,,,,,,,,,,0.6875,16,-2.0,-2.0,-0.49,,,,,,,,,,,0.7908,1.1177
OLN,XLB,11,11,235,,,,,,,,,,,,,,,,,,,,,,,,,,,,,,,,,,,,,,,,,,,,,,,,,,,,,,,,,,,,,,,,,,0.75,20,-3.0,-3.0,-0.3487,,,,,,0.6866,67,1.0,2.0,-0.3804,,,,,,,,,,,,,,,,,,,,,,,,,,0.6026,78,0.0,0.0,-0.3587,,,,,,0.7377,61,-1.0,-1.0,-0.518,0.387,0.6618
OMAH,IWM,21,22,173,,,,,,0.8571,14,0.0,0.0,-0.4633,,,,,,0.7857,14,0.0,0.0,-0.4564,,,,,,,,,,,,,,,,,,,,,,,,,,,,,,,,,,,,,,,,,,,,,,0.6148,122,-1.0,0.0,-0.0496,,,,,,0.6,50,-1.0,-1.0,-0.0727,,,,,,,,,,,,,,,,,,,,,,,,,,0.6526,95,-1.0,0.0,-0.044,,,,,,0.6,55,-1.0,-1.0,-0.0691,0.2525,0.062
OMDA,IGV,20,25,207,,,,,,,,,,,,,,,,,,,,,,,,,,,,,,,,,,,,,,,,,,,,,,,,,,,,,,,,,,,,,,,,,,0.64,25,1.0,1.0,-0.2806,0.6333,30,0.0,0.0,0.7789,0.6596,47,2.0,3.0,-0.6923,,,,,,,,,,,,,,,,,,,,,0.6538,26,1.0,2.0,0.42,0.6364,33,-1.0,-1.0,-0.3405,0.6429,14,2.0,2.0,0.5378,0.6905,42,-1.0,-1.0,-0.7224,0.373,0.2368
OMER,IWM,29,31,230,,,,,,,,,,,,,,,,0.8182,11,-1.0,-1.0,-2.8711,,,,,,,,,,,,,,,,,,,,,0.6923,13,0.0,0.0,2.2889,0.6,10,-1.0,-1.0,-1.8817,,,,,,0.6957,23,-1.0,0.0,-2.4825,0.7174,46,-2.0,-1.0,0.38,0.6923,26,0.0,0.0,-0.3867,,,,,,0.7143,14,3.0,3.0,-0.51,,,,,,,,,,,,,,,,,,,,,,,,,,,,,,,,,,,,,,,,,0.4882,0.7052
OMEX,SPY,29,32,131,,,,,,,,,,,,,,,,,,,,,,,,,,,,,,,,,,,,,,,,,,,,,,0.6429,14,0.0,0.0,-1.3422,,,,,,0.6429,14,0.0,0.0,-1.8333,,,,,,0.76,25,-2.0,-1.0,-0.7026,,,,,,0.6667,30,-2.0,-1.0,-1.18,,,,,,,,,,,,,,,,,,,,,,,,,,0.6579,38,0.0,0.0,-0.6748,,,,,,,,,,,0.4137,0.9591
ON,SOXX,40,40,354,,,,,,,,,,,,,,,,,,,,,,,,,,,,,,,,,,,,,,,,,,,,,,,,,,,,,,,,,,,,,0.8,10,5.0,5.0,0.3475,0.7,10,-15.0,-15.0,-0.4629,0.6327,49,0.0,1.0,0.7006,0.6471,17,4.0,4.0,-0.4091,,,,,,,,,,,,,,,,,,,,,,,,,,0.6316,19,-2.0,-2.0,-0.1858,0.8125,16,-2.0,-2.0,0.8808,0.7059,17,-5.0,-5.0,-0.6567,0.9583,0.9605
ONB,KRE,11,11,237,,,,,,,,,,,,,,,,,,,,,,,,,,,,,,,,,,,,,,,,,,,,,,,,,,,,,,,,,,,,,0.6364,44,-1.0,-1.0,0.1371,0.6118,85,0.0,0.0,-0.1454,,,,,,,,,,,,,,,,,,,,,,,,,,,,,,,0.9231,13,-3.0,-3.0,0.1225,,,,,,,,,,,0.625,24,-2.0,-2.0,-0.3273,0.9,1.139
ONCO,QQQ,25,35,109,,,,,,,,,,,,,,,,,,,,,,,,,,,,,,,,,,,,,,,,,,,,,,0.7,10,0.0,0.0,-2.3671,,,,,,,,,,,,,,,,,,,,,,,,,,,,,,,,,,,,,,,,,,,,,,,,,,,,,,,,0.6429,28,0.0,0.0,-1.7322,,,,,,,,,,,0.2204,0.5326
ONCY,SPY,35,38,201,,,,,,,,,,,,,,,,,,,,,,,,,,,,,,,,,,,,,,,,,0.6429,14,0.0,0.0,0.9078,0.7143,14,-1.0,-1.0,-2.817,0.6667,18,0.0,0.0,1.6675,0.7143,14,-1.0,-1.0,-3.131,0.6957,23,-2.0,-1.0,0.5988,0.6486,37,1.0,3.0,-0.6967,,,,,,0.6512,43,-1.0,1.0,-0.9075,,,,,,,,,,,,,,,,,,,,,,,,,,,,,,,,,,,,0.6145,83,0.0,0.0,-1.0404,0.4337,1.2962
ONDG,SPY,40,40,286,,,,,,,,,,,,,,,,,,,,,,,,,,,,,,,,,,,,,,,,,,,,,,0.7143,21,0.0,0.0,-4.94,,,,,,0.6667,21,0.0,0.0,-6.7493,,,,,,0.9,10,3.0,3.0,-1.3678,0.6522,23,15.0,15.0,2.33,0.6471,17,-15.0,-15.0,-1.9664,,,,,,,,,,,,,,,,,,,,,,,,,,,,,,,0.6154,13,1.0,1.0,1.865,0.6,15,-2.0,-2.0,-1.9156,0.6796,5.0473
ONDL,QQQ,40,40,308,,,,,,,,,,,,,,,,,,,,,,,,,,,,,,,,,,,,,,,,,,,,,,0.8182,11,0.0,0.0,-5.6678,,,,,,0.7273,11,0.0,0.0,-6.9538,0.6667,24,1.0,2.0,1.3863,0.7647,17,-2.0,-2.0,-1.3631,0.6,15,2.0,2.0,2.4244,0.6667,18,-15.0,-15.0,-2.21,,,,,,,,,,,,,,,,,,,,,,,,,,0.8,10,-3.0,-3.0,-1.3275,0.6136,44,1.0,1.0,1.827,0.6364,11,-3.0,-3.0,-1.7271,0.7544,2.9587
ONDS,SPY,40,40,684,,,,,,,,,,,,,,,,,,,,,,,,,,,,,,,,,,,,,,,,,0.6667,15,-1.0,-1.0,1.984,0.75,20,0.0,0.0,-2.516,,,,,,0.65,20,0.0,0.0,-3.8008,0.7143,28,-5.0,-5.0,0.496,0.6378,196,-2.0,0.0,-0.3663,0.7143,14,-7.0,-7.0,0.798,0.7143,21,-6.0,-6.0,-0.2613,,,,,,,,,,,,,,,,,,,,,,,,,,0.641,39,-2.0,-2.0,-0.4612,,,,,,,,,,,0.6886,2.565
ONDU,QQQ,27,32,62,,,,,,,,,,,,,,,,,,,,,,,,,,,,,,,,,,,,,,,,,,,,,,,,,,,,,,,,,,,,,,,,,,,,,,,,,,,,,,,,,,,,,,,,,,,,,,,,,,,,,,,,,,0.7857,14,-1.0,-1.0,-1.1282,,,,,,0.619,21,-1.0,0.0,-2.1538,0.7075,2.7253
ONEQ,QQQ,15,16,160,,,,,,,,,,,,,,,,,,,,,,,,,,,,,,,,,,,,,,,,,,,,,,,,,,,,,,,,,,,,,0.6512,43,0.0,0.0,0.1118,,,,,,0.6154,39,-1.0,-1.0,0.2358,0.7,20,-2.0,-2.0,-0.1743,,,,,,,,,,,,,,,,,,,,,0.6364,55,0.0,1.0,0.1157,0.6111,18,-2.0,-2.0,-0.0845,0.6727,55,0.0,1.0,0.1741,0.7143,21,-2.0,-2.0,-0.184,0.9564,0.678
ONFO,XLF,17,23,99,,,,,,,,,,,,,,,,,,,,,,,,,,,,,,,,,,,,,,,,,,,,,,,,,,,,,,,,,,,,,,,,,,0.6818,22,-15.0,-15.0,-1.7067,,,,,,,,,,,,,,,,,,,,,,,,,,,,,,,,,,,,0.9091,11,-2.0,-2.0,-2.366,,,,,,0.7879,33,-1.0,0.0,-3.6996,0.4506,4.0369
ONMD,IWM,13,24,41,,,,,,,,,,,,,,,,,,,,,,,,,,,,,,,,,,,,,,,,,,,,,,,,,,,,,,,,,,,,,,,,,,,,,,,,,,,,,,,,,,,,,,,,,,,,,,,,,,,,,,,,,,,,,,,,,,,,0.7,10,-1.0,-1.0,-1.5857,0.28,0.8415
ONON,XLY,31,31,242,,,,,,0.6538,26,-1.0,0.0,-1.0829,0.6,15,-1.0,-1.0,1.2533,,,,,,,,,,,,,,,,,,,,,,,,,,,,,,,,,,,,,,,,,,,,,,0.6279,43,-1.0,-1.0,0.2222,0.7391,23,2.0,2.0,-0.28,,,,,,0.6154,13,-4.0,-4.0,-0.43,,,,,,,,,,,,,,,,,,,,,,,,,,,,,,,,,,,,0.6098,41,1.0,2.0,-0.4052,0.5091,0.6221
ONTO,SOXX,26,26,228,,,,,,,,,,,,,,,,,,,,,,,,,,,,,,,,,,,,,,,,,,,,,,,,,,,,,,,,,,,,,0.6429,14,-2.0,-2.0,0.44,0.7,10,0.0,0.0,-0.5514,0.7647,17,-2.0,-2.0,0.5108,0.7273,11,0.0,0.0,-1.045,,,,,,,,,,,,,,,,,,,,,0.6364,22,4.0,4.0,0.4764,0.6,10,-2.0,-2.0,-0.3117,0.8571,14,2.0,2.0,0.8108,0.625,16,-4.0,-4.0,-0.846,0.9593,1.1377
OPCH,XLV,24,24,228,,,,,,0.6,15,0.0,0.0,-1.1,,,,,,0.6875,16,0.0,0.0,-1.1609,,,,,,,,,,,,,,,,,,,,,,,,,,,,,,,,,,,,,,,,,,,,,,0.64,50,0.0,0.0,-0.1747,,,,,,0.6,10,3.0,3.0,-0.4667,,,,,,,,,,,,,,,,,,,,,,,,,,0.6164,73,-1.0,-1.0,-0.22,,,,,,0.6667,21,2.0,2.0,-0.3964,0.65,0.8489
OPEN,IWM,40,40,504,,,,,,0.6364,11,0.0,0.0,-1.9571,0.6364,11,-1.0,-1.0,4.5386,0.8182,11,0.0,0.0,-1.6022,,,,,,,,,,,,,,,,,,,,,,,,,,0.6154,13,-1.0,-1.0,-1.8825,,,,,,0.6923,13,-1.0,-1.0,-2.4767,0.6,10,8.0,8.0,0.65,0.6044,91,0.0,0.0,-0.3422,0.8182,11,6.0,6.0,0.95,0.6298,181,-1.0,1.0,-0.5712,,,,,,,,,,,,,,,,,,,,,,,,,,0.6429,28,-2.0,-2.0,-0.3706,,,,,,0.6269,67,1.0,1.0,-0.6638,0.7361,1.2877
OPEX,IWM,14,23,31,,,,,,,,,,,,,,,,,,,,,,,,,,,,,,,,,,,,,,,,,,,,,,,,,,,,,,,,,,,,,,,,,,,,,,,,,,,,,,,,,,,,,,,,,,,,,,,,,,,,,,,,,,,,,,,0.7,10,0.0,0.0,3.5443,,,,,,0.6127,2.3853
OPFI,XLF,16,16,154,,,,,,,,,,,,,,,,,,,,,,,,,,,,,,,,,,,,,,,,,,,,,,,,,,,,,,,,,,,,,,,,,,0.6923,26,-3.0,-2.0,-0.4022,0.7273,11,-3.0,-3.0,0.5087,0.6557,61,0.0,2.0,-0.4625,,,,,,,,,,,,,,,,,,,,,,,,,,0.6207,29,-1.0,-1.0,-0.23,,,,,,0.6615,65,0.0,0.0,-0.5649,0.5378,0.9779
OPK,SPY,23,23,224,,,,,,,,,,,,,,,,,,,,,,,,,,,,,,,,,,,,,,,,,0.7692,13,0.0,0.0,1.196,,,,,,0.75,12,0.0,0.0,1.2022,,,,,,,,,,,0.761,159,-3.0,1.0,-0.2764,0.625,16,2.0,2.0,0.615,0.6923,104,-1.0,1.0,-0.3899,,,,,,,,,,,,,,,,,,,,,,,,,,0.7396,192,-2.0,0.0,-0.306,,,,,,0.6612,183,-2.0,0.0,-0.4601,0.4889,0.4909
OPTH,QQQ,10,13,26,,,,,,,,,,,,,,,,,,,,,,,,,,,,,,,,,,,,,,,,,,,,,,,,,,,,,,,,,,,,,,,,,,,,,,,,,,,,,,,,,,,,,,,,,,,,,,,,,,,,,,,,,,,,,,,,,,,,,,,,,0.4111,0.7542
OPTT,SPY,40,40,294,,,,,,,,,,,,,,,,,,,,,,,,,,,,,,,,,,,,,,,,,,,,,,0.6,15,-1.0,-1.0,-1.7933,,,,,,0.75,12,-1.0,-1.0,-2.57,0.6667,12,4.0,4.0,0.485,0.6604,53,-3.0,-1.0,-0.3471,0.6667,12,-4.0,-4.0,1.3812,0.7143,21,-2.0,-2.0,-0.6427,,,,,,,,,,,,,,,,,,,,,,,,,,0.6667,15,-2.0,-2.0,-0.288,,,,,,0.6292,89,-1.0,-1.0,-0.8855,0.4495,1.4377
OPTU,SPY,32,33,254,,,,,,,,,,,,,,,,,,,,,,,,,,,,,,,,,,,,,,,,,,,,,,,,,,,,,,,,,,,,,,,,,,0.6452,31,-6.0,-5.0,-0.4425,0.7333,15,3.0,3.0,1.6718,0.697,33,-6.0,-5.0,-0.9152,,,,,,,,,,,,,,,,,,,,,,,,,,0.648,125,0.0,1.0,-1.0294,,,,,,0.6188,202,-1.0,0.0,-1.605,0.3008,1.0447
OPTX,QQQ,35,36,189,,,,,,,,,,,,,,,,,,,,,,,,,,,,,,,,,,,,,,,,,,,,,,,,,,,,,,,,,,,,,,,,,,0.8,10,-3.0,-3.0,-0.9625,,,,,,0.75,20,-4.0,-3.0,-2.3513,,,,,,,,,,,,,,,,,,,,,,,,,,0.6522,23,-2.0,-2.0,-0.656,,,,,,0.6154,26,-2.0,-2.0,-1.2338,0.7938,1.4218
OR,GDX,13,13,211,,,,,,,,,,,,,,,,,,,,,,,,,,,,,,,,,,,,,,,,,,,,,,,,,,,,,,,,,,,,,0.6,10,-5.0,-5.0,0.27,0.6719,64,-3.0,-1.0,-0.2707,0.6364,22,0.0,0.0,0.49,0.6552,29,-3.0,-3.0,-0.4237,,,,,,,,,,,,,,,,,,,,,,,,,,0.614,57,-4.0,-2.0,-0.27,,,,,,0.6667,21,-4.0,-4.0,-0.2736,0.9257,0.8421
ORA,IWM,19,20,172,,,,,,,,,,,,,,,,,,,,,,,,,,,,,,,,,,,,,,,,,0.7273,11,0.0,0.0,0.4738,,,,,,,,,,,0.6364,11,0.0,0.0,-0.9343,,,,,,0.6333,30,-3.0,-2.0,-0.2321,,,,,,0.64,50,0.0,1.0,-0.3222,,,,,,,,,,,,,,,,,,,,,0.6,25,1.0,1.0,0.278,0.6591,44,-1.0,-1.0,-0.261,,,,,,0.6182,55,-1.0,-1.0,-0.3903,0.6426,0.8878
ORBS,IBIT,40,40,372,,,,,,,,,,,,,,,,,,,,,,,,,,,,,,,,,,,,,,,,,,,,,,0.7,10,-1.0,-1.0,-2.4329,,,,,,,,,,,0.7143,14,-2.0,-2.0,0.646,0.6786,28,3.0,4.0,-0.6874,,,,,,0.7292,48,0.0,1.0,-0.9663,,,,,,,,,,,,,,,,,,,,,0.6818,22,-4.0,-4.0,0.55,0.6,45,-2.0,-2.0,-0.6567,0.6,15,4.0,4.0,0.9478,0.6296,54,-1.0,-1.0,-1.0821,0.6705,0.9305
ORBX,IWM,10,10,29,,,,,,,,,,,,,,,,,,,,,,,,,,,,,,,,,,,,,,,,,,,,,,,,,,,,,,,,,,,,,,,,,,,,,,,,,,,,,,,,,,,,,,,,,,,,,,,,,,,,,,,,,,,,,,,,,,,,,,,,,0.7121,1.9194
ORC,XLF,36,36,267,,,,,,,,,,,0.6667,12,-1.0,-1.0,0.375,,,,,,,,,,,,,,,,,,,,,,,,,,,,,,,,,,,,,,,,,,,,,,,,,,,0.6486,37,-2.0,-2.0,-0.0871,,,,,,0.6226,106,-2.0,-1.0,-0.1852,,,,,,,,,,,,,,,,,,,,,,,,,,0.6186,118,0.0,0.0,-0.1108,,,,,,0.625,88,-2.0,-1.0,-0.1845,0.5258,0.5059
ORCL,SPY,40,40,737,,,,,,,,,,,,,,,,,,,,,,,,,,,,,,,,,,,,,,,,,0.6667,15,-1.0,-1.0,1.05,,,,,,,,,,,0.6,20,0.0,0.0,-2.0592,0.625,48,2.0,2.0,0.2193,,,,,,0.6125,80,-3.0,-3.0,0.43,0.75,12,-7.0,-7.0,-0.1156,,,,,,,,,,,,,,,,,,,,,,,,,,0.6216,37,-2.0,-2.0,-0.3987,,,,,,0.6286,35,-2.0,-2.0,-0.83,0.6038,1.6321
ORCS,IWM,15,21,38,,,,,,,,,,,,,,,,,,,,,,,,,,,,,,,,,,,,,,,,,,,,,,,,,,,,,,,,,,,,,,,,,,,,,,,,,,,,,,,,,,,,,,,,,,,,,,,,,,,,,,,,,,,,,,,,,,,,,,,,,-0.2997,-0.7066
ORCU,SPY,40,40,435,,,,,,,,,,,,,,,,,,,,,,,,,,,,,,,,,,,,,,,,,0.6154,13,-1.0,-1.0,2.0737,,,,,,,,,,,0.6364,22,0.0,0.0,-3.5443,0.6,30,-5.0,-5.0,0.4939,0.6176,34,-1.0,0.0,-0.9281,0.7037,27,-4.0,-4.0,0.8984,0.6571,70,0.0,2.0,-1.2963,,,,,,,,,,,,,,,,,,,,,,,,,,0.64,25,-2.0,-2.0,-1.0819,,,,,,0.6,25,-2.0,-2.0,-1.9593,0.641,3.5615
ORCX,SPY,40,40,508,,,,,,,,,,,,,,,,,,,,,,,,,,,,,,,,,,,,,,,,,0.6429,14,-1.0,-1.0,2.1133,,,,,,,,,,,,,,,,0.6098,41,-4.0,-4.0,0.6528,0.7727,22,0.0,0.0,-0.7171,0.9,10,15.0,15.0,0.9744,0.6258,155,-3.0,2.0,-1.1196,,,,,,,,,,,,,,,,,,,,,,,,,,0.7368,19,1.0,1.0,-0.585,,,,,,,,,,,0.6371,3.8601
ORIC,XBI,18,18,218,,,,,,,,,,,,,,,,,,,,,,,,,,,,,,,,,,,,,,,,,,,,,,,,,,,,,,,,,,,,,,,,,,0.7292,48,-3.0,-1.0,-0.3649,0.6562,32,3.0,4.0,0.7995,0.6429,28,0.0,0.0,-1.0411,,,,,,,,,,,,,,,,,,,,,,,,,,0.6364,44,-2.0,-1.0,-0.3879,0.6,20,-2.0,-2.0,1.2658,0.6,25,-1.0,-1.0,-1.1967,0.7136,0.8223
ORKA,XBI,17,17,199,,,,,,,,,,,,,,,,,,,,,,,,,,,,,,,,,,,,,,,,,,,,,,,,,,,,,,,,,,,,,0.7273,11,-3.0,-3.0,0.3437,0.7097,31,0.0,1.0,-0.4391,0.6429,14,2.0,2.0,0.5289,,,,,,,,,,,,,,,,,,,,,,,,,,,,,,,,,,,,0.6667,15,-2.0,-2.0,0.873,,,,,,0.5154,0.8593
ORLA,GDX,38,38,246,,,,,,,,,,,,,,,,,,,,,,,,,,,,,,,,,,,,,,,,,,,,,,,,,,,,,,,,,,,,,0.6458,48,1.0,2.0,0.4258,0.75,16,-3.0,-3.0,-0.3183,0.6,25,1.0,1.0,0.7527,0.7419,31,3.0,4.0,-0.3826,,,,,,,,,,,,,,,,,,,,,0.64,25,1.0,1.0,0.4937,0.66,50,-3.0,-2.0,-0.3391,0.6,20,0.0,0.0,0.8908,0.8235,17,3.0,3.0,-0.3279,0.9516,0.8839
ORLY,XLY,21,21,241,,,,,,,,,,,,,,,,,,,,,,,,,,,,,,,,,,,,,,,,,,,,,,,,,,,,,,,,,,,,,,,,,,0.68,25,2.0,3.0,-0.2076,,,,,,0.7273,11,2.0,2.0,-0.2688,,,,,,,,,,,,,,,,,,,,,,,,,,0.6184,76,-1.0,-1.0,-0.2172,0.65,40,-3.0,-2.0,0.2,0.6452,31,1.0,1.0,-0.377,0.0528,0.0504
OSCR,IHF,40,40,291,0.6923,13,0.0,0.0,1.1444,,,,,,0.6,15,-1.0,-1.0,2.4389,0.6154,13,0.0,0.0,-1.9487,,,,,,,,,,,,,,,,,,,,,,,,,,,,,,,,,,,,,,,,,,,,,,0.6452,31,1.0,1.0,-0.2615,0.7,10,-5.0,-5.0,0.65,,,,,,,,,,,,,,,,,,,,,,,,,,0.6,20,-2.0,-2.0,0.245,,,,,,0.6316,19,-2.0,-2.0,0.4642,,,,,,0.5089,0.9227
OSRH,QQQ,24,35,89,,,,,,,,,,,,,,,,,,,,,,,,,,,,,,,,,,,,,,,,,,,,,,,,,,,,,,,,,,,,,,,,,,,,,,,,,,,,,,,,,,,,,,,,,,,,,,,,,,,,,,,,,,0.6471,17,0.0,0.0,-0.6018,,,,,,0.6471,34,-1.0,0.0,-1.095,0.1982,0.2581
OSS,XLK,37,37,240,,,,,,,,,,,,,,,,,,,,,,,,,,,,,,,,,,,,,,,,,,,,,,,,,,,,,,,,,,,,,0.75,24,-3.0,-2.0,0.7417,0.6667,33,0.0,1.0,-0.6468,0.7273,11,-7.0,-7.0,1.0137,0.7059,17,2.0,2.0,-0.855,,,,,,,,,,,,,,,,,,,,,,,,,,0.6,35,-2.0,-2.0,-0.6405,,,,,,,,,,,0.9134,1.4569
OSTX,SPY,19,22,127,,,,,,,,,,,,,,,,,,,,,,,,,,,,,,,,,,,,,,,,,,,,,,0.8182,11,0.0,0.0,-1.4922,,,,,,,,,,,0.6,10,-2.0,-2.0,0.6667,,,,,,,,,,,,,,,,,,,,,,,,,,,,,,,,,,,,,,,,,0.6111,54,0.0,0.0,-0.4891,0.7273,33,-1.0,-1.0,1.3188,,,,,,0.4824,1.1137
OSUR,IWM,10,11,143,,,,,,,,,,,,,,,,,,,,,,,,,,,,,,,,,,,,,,,,,,,,,,,,,,,,,,,,,,,,,,,,,,0.6538,26,0.0,0.0,-0.2635,0.6,15,1.0,1.0,0.6456,0.7647,17,-2.0,-2.0,-0.6238,,,,,,,,,,,,,,,,,,,,,,,,,,0.65,20,1.0,1.0,-0.4715,,,,,,,,,,,0.5582,0.5404
OTEX,IGV,11,11,237,,,,,,,,,,,,,,,,,,,,,,,,,,,,,,,,,,,,,,,,,,,,,,,,,,,,,,,,,,,,,0.6486,37,-1.0,-1.0,0.32,0.6061,33,1.0,1.0,-0.3095,0.6957,23,-4.0,-4.0,0.3225,0.6176,34,0.0,0.0,-0.5119,,,,,,,,,,,,,,,,,,,,,0.6471,34,-2.0,-2.0,0.2186,0.7,20,1.0,1.0,-0.4093,,,,,,0.7143,21,1.0,1.0,-0.5573,0.766,0.8186
OTF,XLF,26,26,230,0.6,10,0.0,0.0,0.5967,,,,,,,,,,,,,,,,,,,,,,,,,,,,,,,,,,,,,,,,,,,,,,,,,,,,,,,,,,,,,0.6604,53,1.0,2.0,-0.1671,,,,,,0.6413,92,-2.0,-1.0,-0.309,,,,,,,,,,,,,,,,,,,,,,,,,,0.6133,181,-2.0,0.0,-0.1727,,,,,,,,,,,0.4078,0.5024
OTIS,XLI,12,12,241,,,,,,,,,,,,,,,,,,,,,,,,,,,,,,,,,,,,,,,,,,,,,,,,,,,,,,,,,,,,,0.7333,15,-3.0,-3.0,0.2618,0.6667,84,0.0,1.0,-0.1502,0.7857,14,-3.0,-3.0,0.2064,0.68,50,0.0,0.0,-0.1924,,,,,,,,,,,,,,,,,,,,,0.6154,26,-2.0,-2.0,0.1544,0.6818,44,1.0,1.0,-0.1437,,,,,,0.6044,91,0.0,0.0,-0.2007,0.2682,0.2718
OTLK,QQQ,40,40,442,,,,,,,,,,,,,,,,,,,,,,,,,,,,,,,,,,,,,,,,,,,,,,0.6364,22,-1.0,0.0,-3.2521,,,,,,,,,,,0.6522,23,-3.0,-3.0,1.382,0.7083,48,5.0,8.0,-1.5621,0.7143,14,6.0,6.0,3.024,0.6032,63,15.0,15.0,-3.6461,,,,,,,,,,,,,,,,,,,,,,,,,,0.6571,70,-3.0,-2.0,-1.4213,,,,,,0.8125,16,-3.0,-3.0,-1.2631,0.5577,1.3203
OUNZ,IWM,21,21,206,,,,,,,,,,,,,,,,,,,,,,,,,,,,,,,,,,,,,,,,,,,,,,,,,,,,,,,,,,,,,,,,,,0.6957,23,-4.0,-3.0,-0.0956,,,,,,0.6216,37,-2.0,-2.0,-0.2183,,,,,,,,,,,,,,,,,,,,,0.7143,14,-2.0,-2.0,0.123,,,,,,0.8,10,-2.0,-2.0,0.1512,0.6111,126,-1.0,0.0,-0.1565,0.4923,0.7235
OUST,SOXX,40,40,392,,,,,,,,,,,,,,,,,,,,,,,,,,,,,,,,,,,,,,,,,,,,,,,,,,,,,,,,,,,,,0.6842,57,-6.0,-4.0,0.8764,0.6061,33,-2.0,-1.0,-0.658,0.6757,37,-5.0,-4.0,1.682,0.6667,18,4.0,4.0,-1.0808,,,,,,,,,,,,,,,,,,,,,0.6552,29,0.0,0.0,0.7384,0.6129,31,1.0,1.0,-0.9732,0.6491,57,2.0,3.0,1.3697,0.6176,34,1.0,1.0,-1.239,0.8999,0.9577
OVID,XBI,13,13,221,,,,,,,,,,,,,,,,,,,,,,,,,,,,,,,,,,,,,,,,,,,,,,,,,,,,,,,,,,,,,0.8462,13,-5.0,-5.0,0.5191,0.6226,53,-3.0,-2.0,-0.2909,,,,,,0.625,80,-1.0,2.0,-0.7072,,,,,,,,,,,,,,,,,,,,,,,,,,0.6042,48,-2.0,-1.0,-0.2955,,,,,,0.6875,32,2.0,3.0,-0.7055,0.6042,0.6531
OVV,XLE,11,11,236,,,,,,,,,,,,,,,,,,,,,,,,,,,,,,,,,,,,,,,,,,,,,,,,,,,,,,,,,,,,,0.6923,13,-3.0,-3.0,0.19,,,,,,0.6522,23,-2.0,-2.0,0.2993,,,,,,,,,,,,,,,,,,,,,,,,,,0.8,10,-3.0,-3.0,0.17,,,,,,0.6,10,-3.0,-3.0,0.2883,,,,,,0.8427,1.3004
OWL,SPY,37,37,270,,,,,,,,,,,0.6471,17,0.0,0.0,1.5918,,,,,,,,,,,,,,,,,,,,,,,,,,,,,,,,,,,,0.6316,19,0.0,0.0,1.4433,,,,,,0.7333,15,-4.0,-4.0,0.3518,0.6889,45,1.0,1.0,-0.3239,0.6,25,2.0,2.0,0.4067,0.8333,12,-3.0,-3.0,-0.544,,,,,,,,,,,,,,,,,,,,,,,,,,0.6134,119,0.0,0.0,-0.2726,,,,,,,,,,,0.6473,1.0204
OXLC,IBIT,30,31,185,0.72,25,-1.0,0.0,0.5744,,,,,,,,,,,,,,,,,,,,,,,,,,,,,,,,,,,,0.8,10,-1.0,-1.0,0.715,,,,,,,,,,,,,,,,,,,,,,,,,,,,,,,,,,,,,,,,,,,,,,,,,,,,,,,,,,,,,0.6393,61,-1.0,1.0,-0.1682,,,,,,0.625,40,-3.0,-2.0,-0.1704,0.3111,0.0606
OXSQ,IBIT,32,35,158,,,,,,,,,,,,,,,,,,,,,,,,,,,,,,,,,,,,,,,,,,,,,,,,,,,,,,,,,,,,,,,,,,0.7632,38,-2.0,-1.0,-0.249,0.6562,32,1.0,2.0,0.7014,0.6829,41,-2.0,-1.0,-0.3254,,,,,,,,,,,,,,,,,,,,,0.6,10,-4.0,-4.0,0.6617,0.7143,28,-3.0,-2.0,-0.2555,,,,,,0.7143,14,-2.0,-2.0,-0.408,0.429,0.1984
OXY,XLE,40,40,373,,,,,,,,,,,,,,,,0.6154,13,0.0,0.0,-0.5763,,,,,,,,,,,,,,,,,,,,,,,,,,,,,,,,,,,,,,,,,,,,,,0.6029,68,-1.0,-1.0,-0.2332,0.6286,70,1.0,2.0,0.2661,,,,,,,,,,,,,,,,,,,,,,,,,,0.6667,12,-3.0,-3.0,0.125,,,,,,0.62,50,1.0,1.0,0.2529,,,,,,0.9174,1.3263
P,XLK,32,32,259,,,,,,,,,,,,,,,,,,,,,,,,,,,,,,,,,,,,,,,,,,,,,,,,,,,,,,,,,,,,,0.675,40,3.0,5.0,0.2974,0.7,20,0.0,0.0,-0.3693,0.6552,29,-1.0,-1.0,0.5305,0.6818,22,0.0,0.0,-0.5253,,,,,,,,,,,,,,,,,,,,,0.64,75,1.0,2.0,0.3471,0.6216,37,-1.0,-1.0,-0.8817,,,,,,,,,,,0.9197,0.9949
PAA,XLE,20,20,240,,,,,,,,,,,,,,,,,,,,,,,,,,,,,,,,,,,,,,,,,,,,,,,,,,,,,,,,,,,,,0.6,10,-3.0,-3.0,0.0917,0.6667,27,-2.0,-2.0,-0.1261,,,,,,0.7037,27,-2.0,-2.0,-0.2584,,,,,,,,,,,,,,,,,,,,,,,,,,0.6094,64,0.0,0.0,-0.1728,,,,,,,,,,,0.7243,0.5132
PAAS,GDX,40,40,278,0.9,10,-1.0,-1.0,0.83,,,,,,0.6,10,-1.0,-1.0,1.135,,,,,,,,,,,,,,,,,,,,,,,,,,,,,,,,,,,,,,,,,,,,,,0.7241,29,0.0,0.0,0.4086,0.7391,23,-2.0,-2.0,-0.4065,0.6429,14,-5.0,-5.0,0.6044,0.6316,19,-4.0,-4.0,-0.5192,,,,,,,,,,,,,,,,,,,,,0.6207,29,-4.0,-4.0,0.1972,0.6071,56,-3.0,-2.0,-0.3315,0.6333,30,1.0,1.0,0.5074,0.6562,32,3.0,4.0,-0.3848,0.9344,0.9226
PACB,IWM,33,34,250,,,,,,,,,,,,,,,,,,,,,,,,,,,,,,,,,,,,,,,,,0.625,16,0.0,0.0,2.908,0.6,10,-1.0,-1.0,-1.1367,,,,,,,,,,,,,,,,0.6909,55,0.0,2.0,-0.4553,0.7,20,-3.0,-3.0,0.8071,0.7115,52,0.0,2.0,-0.6465,,,,,,,,,,,,,,,,,,,,,0.6471,17,-2.0,-2.0,0.7764,0.6471,204,-1.0,1.0,-0.4903,,,,,,0.6706,85,-1.0,-1.0,-0.7207,0.5791,1.0327
PAGS,SPY,25,25,237,0.8,10,-1.0,-1.0,1.195,,,,,,0.9,10,-1.0,-1.0,1.0933,,,,,,,,,,,,,,,,,,,,,,,,,,0.7273,11,-1.0,-1.0,1.1738,,,,,,0.8182,11,-1.0,-1.0,1.0089,,,,,,,,,,,0.6154,52,0.0,0.0,-0.2856,,,,,,0.6458,96,0.0,1.0,-0.4082,,,,,,,,,,,,,,,,,,,,,,,,,,0.6585,82,-1.0,-1.0,-0.2337,,,,,,0.6667,15,1.0,1.0,-0.534,0.6476,1.0368
PALD,IWM,11,26,4,,,,,,,,,,,,,,,,,,,,,,,,,,,,,,,,,,,,,,,,,,,,,,,,,,,,,,,,,,,,,,,,,,,,,,,,,,,,,,,,,,,,,,,,,,,,,,,,,,,,,,,,,,,,,,,,,,,,,,,,,-0.0363,-0.0642
PALI,XBI,27,27,237,,,,,,,,,,,,,,,,,,,,,,,,,,,,,,,,,,,,,,,,,,,,,,,,,,,,,,,,,,,,,,,,,,0.7478,115,-2.0,3.0,-0.4736,,,,,,0.6848,92,-2.0,2.0,-0.7819,,,,,,,,,,,,,,,,,,,,,,,,,,0.7703,74,1.0,3.0,-0.4767,,,,,,0.717,53,-3.0,-1.0,-0.9563,0.5115,0.6632
PALL,IWM,37,38,216,,,,,,0.6364,11,0.0,0.0,-0.4243,,,,,,,,,,,,,,,,,,,,,,,,,,,,,,,,,,,,0.6667,12,-1.0,-1.0,-0.5825,0.625,16,0.0,0.0,0.59,,,,,,0.6512,43,0.0,0.0,0.2779,0.75,24,-4.0,-3.0,-0.2961,0.6,20,1.0,1.0,0.3367,0.6667,96,-3.0,0.0,-0.3536,,,,,,,,,,,,,,,,,,,,,,,,,,0.6154,13,-2.0,-2.0,-0.27,,,,,,0.6623,77,-2.0,-1.0,-0.3137,0.5238,1.2788
PALU,SPY,24,33,89,,,,,,,,,,,,,,,,,,,,,,,,,,,,,,,,,,,,,,,,,,,,,,,,,,,,,,,,,,,,,,,,,,,,,,,,,,,,,,,,,,,,,,,,,,,,,,,,,,,,,0.625,32,0.0,0.0,1.4485,,,,,,,,,,,0.7619,21,-1.0,-1.0,-1.3344,0.2108,0.8153
PANG,SPY,11,22,29,,,,,,,,,,,,,,,,,,,,,,,,,,,,,,,,,,,,,,,,,,,,,,,,,,,,,,,,,,,,,,,,,,,,,,,,,,,,,,,,,,,,,,,,,,,,,,,,,,,,,,,,,,,,,,,,,,,,,,,,,0.1792,0.749
PANW,IGV,40,40,336,,,,,,0.8333,12,-1.0,-1.0,-1.417,,,,,,,,,,,,,,,,,,,,,,,,,,,,,,,,,,,,,,,,,,,,,,,,,,,0.6304,46,1.0,1.0,0.3317,0.6216,37,-1.0,-1.0,-0.313,0.7692,13,3.0,3.0,0.389,0.6316,38,-1.0,-1.0,-0.48,,,,,,,,,,,,,,,,,,,,,,,,,,0.6579,38,-4.0,-3.0,-0.3656,0.8235,17,2.0,2.0,0.4571,0.6429,14,-4.0,-4.0,-0.8567,0.5329,0.4963
PAR,SPY,11,12,183,,,,,,,,,,,,,,,,,,,,,,,,,,,,,,,,,,,,,,,,,,,,,,,,,,,,,,,,,,,,,0.6,10,-4.0,-4.0,0.6317,0.6364,33,2.0,3.0,-0.351,0.6765,34,-1.0,0.0,0.797,,,,,,,,,,,,,,,,,,,,,,,,,,,,,,,,,,,,,,,,,0.6071,56,-1.0,-1.0,-0.67,0.0735,0.2043
PARR,XLE,17,17,199,,,,,,,,,,,,,,,,,,,,,,,,,,,,,,,,,,,,,,,,,,,,,,,,,,,,,,,,,,,,,,,,,,0.6667,24,2.0,3.0,-0.3581,,,,,,0.6,35,0.0,0.0,-0.5967,,,,,,,,,,,,,,,,,,,,,0.6471,17,2.0,2.0,0.3855,0.7097,31,1.0,1.0,-0.2545,0.6667,15,2.0,2.0,0.704,0.6269,67,-2.0,-1.0,-0.505,0.7401,1.4244
PATH,IGV,40,40,424,,,,,,0.7273,11,0.0,0.0,-2.3825,0.6364,11,0.0,0.0,1.1171,,,,,,,,,,,,,,,,,,,,,,,,,,,,,,,,,,,,,,,,,,,,,,,,,,,0.7188,32,-2.0,-2.0,-0.2287,0.6207,29,2.0,2.0,0.5672,0.6364,33,-2.0,-2.0,-0.3886,,,,,,,,,,,,,,,,,,,,,0.619,21,2.0,2.0,0.55,0.6129,31,1.0,1.0,-0.4105,0.619,21,2.0,2.0,0.6154,0.7083,24,-3.0,-3.0,-0.48,0.7838,1.1295
PATX,SPY,16,21,25,,,,,,,,,,,,,,,,,,,,,,,,,,,,,,,,,,,,,,,,,,,,,,,,,,,,,,,,,,,,,,,,,,,,,,,,,,,,,,,,,,,,,,,,,,,,,,,,,,,,,0.7692,13,0.0,0.0,2.017,,,,,,,,,,,,,,,,-0.0763,-0.4225
PAVE,IWM,24,24,240,0.6,15,0.0,0.0,0.8644,,,,,,0.7333,15,0.0,0.0,0.6764,,,,,,,,,,,,,,,,,,,,,,,,,,0.6667,12,0.0,0.0,0.7787,,,,,,0.75,12,0.0,0.0,0.7089,,,,,,,,,,,0.6716,67,1.0,2.0,-0.1293,,,,,,0.6923,13,-3.0,-3.0,-0.1678,,,,,,,,,,,,,,,,,,,,,,,,,,,,,,,,,,,,,,,,,0.8232,0.7801
PAVS,XBI,22,33,289,,,,,,,,,,,,,,,,,,,,,,,,,,,,,,,,,,,,,,,,,,,,,,,,,,,,,,,,,,,,,,,,,,0.7,10,-10.0,-10.0,-0.8271,,,,,,0.6719,64,-15.0,-15.0,-2.1305,,,,,,,,,,,,,,,,,,,,,0.6,10,3.0,3.0,0.9083,0.6,35,1.0,1.0,-26.3838,0.6,10,3.0,3.0,1.555,0.662,71,0.0,1.0,-18.3881,0.2221,2.2591
PAYC,IGV,21,25,179,,,,,,,,,,,,,,,,,,,,,,,,,,,,,,,,,,,,,,,,,,,,,,,,,,,,,,,,,,,,,0.6875,16,-2.0,-2.0,0.2809,0.6,15,-3.0,-3.0,-0.2789,0.6667,21,-2.0,-2.0,0.4293,,,,,,,,,,,,,,,,,,,,,,,,,,0.7,10,-3.0,-3.0,0.17,0.6364,11,2.0,2.0,-0.12,0.7333,15,1.0,1.0,0.3891,0.6923,13,2.0,2.0,-0.4167,0.5952,0.7824
PAYO,XLF,15,15,235,,,,,,,,,,,,,,,,,,,,,,,,,,,,,,,,,,,,,,,,,,,,,,,,,,,,,,,,,,,,,0.6,15,1.0,1.0,0.3611,0.7029,175,-1.0,0.0,-0.0653,0.6,15,1.0,1.0,0.5078,0.6648,176,-1.0,0.0,-0.0764,,,,,,,,,,,,,,,,,,,,,,,,,,0.7023,131,0.0,1.0,-0.0803,,,,,,0.7054,112,0.0,0.0,-0.132,0.1744,0.1386
PAYP,SPY,30,31,203,,,,,,,,,,,,,,,,0.7,10,-1.0,-1.0,-2.6614,,,,,,,,,,,,,,,,,,,,,0.6429,14,0.0,0.0,1.6033,,,,,,,,,,,0.6154,13,-1.0,-1.0,-2.0438,,,,,,0.8,10,-4.0,-4.0,-0.2512,,,,,,0.6667,24,-2.0,-2.0,-0.5356,,,,,,,,,,,,,,,,,,,,,,,,,,0.7273,11,-2.0,-2.0,-0.4275,,,,,,0.6329,79,-2.0,-1.0,-0.6226,0.1344,0.2961
PAYS,IBIT,10,12,128,,,,,,,,,,,,,,,,,,,,,,,,,,,,,,,,,,,,,,,,,,,,,,,,,,,,,,,,,,,,,,,,,,0.8235,17,0.0,0.0,-0.2664,0.6,10,3.0,3.0,0.4133,,,,,,,,,,,,,,,,,,,,,,,,,,,,,,,0.7857,28,-2.0,-1.0,-0.3041,0.75,12,-3.0,-3.0,1.1078,,,,,,0.4349,0.1319
PAYX,SPY,20,20,237,,,,,,,,,,,,,,,,,,,,,,,,,,,,,,,,,,,,,,,,,,,,,,,,,,,0.6,10,0.0,0.0,0.9717,,,,,,,,,,,,,,,,0.7333,30,2.0,2.0,0.2914,0.7059,17,3.0,3.0,-0.2767,,,,,,,,,,,,,,,,,,,,,0.75,16,-2.0,-2.0,0.1425,0.7333,15,1.0,1.0,-0.1373,0.6,15,-2.0,-2.0,0.2144,0.7143,14,1.0,1.0,-0.269,-0.2271,-0.4237
PB,KRE,13,14,205,,,,,,,,,,,,,,,,,,,,,,,,,,,,,,,,,,,,,,,,,,,,,,,,,,,,,,,,,,,,,0.6429,14,-3.0,-3.0,0.1433,0.6667,33,1.0,1.0,-0.0791,0.6364,66,0.0,0.0,0.2226,0.625,24,-2.0,-2.0,-0.2307,,,,,,,,,,,,,,,,,,,,,0.7,10,-3.0,-3.0,0.1371,0.6061,33,1.0,1.0,-0.1365,0.6857,35,-1.0,-1.0,0.2267,0.6667,21,-2.0,-2.0,-0.3321,0.4953,0.3684
PBF,XLE,18,18,234,,,,,,,,,,,,,,,,,,,,,,,,,,,,,,,,,,,,,,,,,,,,,,,,,,,,,,,,,,,,,0.6667,21,1.0,1.0,0.4843,,,,,,0.6774,31,3.0,4.0,0.6105,0.6154,13,-3.0,-3.0,-0.2538,,,,,,,,,,,,,,,,,,,,,0.6207,29,-2.0,-2.0,0.2983,,,,,,0.6308,65,0.0,0.0,0.6276,,,,,,0.861,1.6843
PBK,SPY,27,37,201,,,,,,,,,,,,,,,,,,,,,,,,,,,,,,,,,,,,,,,,,,,,,,0.6957,23,-1.0,0.0,-2.56,,,,,,0.8182,22,-1.0,0.0,-3.8722,,,,,,0.7,10,-3.0,-3.0,-1.5286,0.6429,14,-2.0,-2.0,2.0322,,,,,,,,,,,,,,,,,,,,,,,,,,,,,,,,,,,,,,,,,,,,,,0.3611,1.8357
PBR,XLE,40,40,284,,,,,,,,,,,,,,,,,,,,,,,,,,,,,,,,,,,,,,,,,,,,,,,,,,,,,,,,,,,,,0.7143,14,-3.0,-3.0,0.169,0.6029,68,-1.0,-1.0,-0.1295,,,,,,0.6,20,2.0,2.0,-0.2867,,,,,,,,,,,,,,,,,,,,,,,,,,0.7273,22,2.0,2.0,-0.1888,,,,,,0.619,63,1.0,2.0,-0.2444,0.8637,1.2231
PBR.A,XLE,40,40,249,,,,,,,,,,,,,,,,,,,,,,,,,,,,,,,,,,,,,,,,,,,,,,,,,,,,,,,,,,,,,0.6429,14,-3.0,-3.0,0.0922,0.6316,57,0.0,0.0,-0.1369,,,,,,0.6,15,-3.0,-3.0,-0.2378,,,,,,,,,,,,,,,,,,,,,0.6774,31,-2.0,-2.0,0.1586,0.6167,60,-1.0,-1.0,-0.1459,0.6,10,-3.0,-3.0,0.4983,0.7143,21,2.0,2.0,-0.238,0.8151,1.199
PCG,XLU,31,31,246,0.6364,22,0.0,0.0,0.9136,,,,,,0.6364,22,0.0,0.0,0.9071,,,,,,,,,,,,,,,,,,,,,,,,,,,,,,,,,,,,,,,,,,,,,,,,,,,0.6325,117,0.0,1.0,-0.1234,,,,,,0.6724,58,1.0,1.0,-0.2092,,,,,,,,,,,,,,,,,,,,,0.7273,11,-2.0,-2.0,0.1237,0.6377,138,0.0,1.0,-0.1436,0.6364,11,-2.0,-2.0,0.1543,0.6143,140,0.0,1.0,-0.2101,0.7905,0.9713
PCT,IWM,32,32,252,,,,,,0.7,10,0.0,0.0,-1.8229,,,,,,0.7,10,0.0,0.0,-2.67,,,,,,,,,,,,,,,,,,,,,,,,,,0.7222,18,0.0,0.0,-1.3708,,,,,,0.6111,18,0.0,0.0,-2.1218,0.6216,37,0.0,1.0,0.5574,,,,,,0.6071,28,-1.0,-1.0,0.6024,0.625,16,1.0,1.0,-0.327,,,,,,,,,,,,,,,,,,,,,,,,,,,,,,,,,,,,,,,,,0.7602,1.7584
PCTY,IGV,16,21,170,,,,,,,,,,,,,,,,,,,,,,,,,,,,,,,,,,,,,,,,,,,,,,,,,,,,,,,,,,,,,0.6316,19,-2.0,-2.0,0.205,0.6,25,-1.0,-1.0,-0.1987,0.7333,15,-3.0,-3.0,0.2836,,,,,,,,,,,,,,,,,,,,,,,,,,0.6,10,-3.0,-3.0,0.115,0.6071,28,-1.0,-1.0,-0.2724,0.6154,13,1.0,1.0,0.38,0.6667,12,2.0,2.0,-0.335,0.5912,0.7755
PCVX,XBI,12,13,213,,,,,,,,,,,,,,,,,,,,,,,,,,,,,,,,,,,,,,,,,,,,,,,,,,,,,,,,,,,,,,,,,,0.6316,19,0.0,0.0,-0.3525,0.6897,29,3.0,4.0,0.555,0.625,16,-3.0,-3.0,-0.574,,,,,,,,,,,,,,,,,,,,,0.6316,19,-1.0,-1.0,0.3575,0.6,55,0.0,0.0,-0.207,0.65,20,2.0,2.0,0.6531,0.6111,18,-2.0,-2.0,-0.5255,0.6387,0.5393
PD,IGV,25,25,237,,,,,,,,,,,,,,,,,,,,,,,,,,,,,,,,,,,,,,,,,,,,,,,,,,,,,,,,,,,,,0.6154,39,1.0,2.0,0.3221,0.6667,21,0.0,0.0,-0.26,0.6,20,1.0,1.0,0.4433,,,,,,,,,,,,,,,,,,,,,,,,,,0.6591,44,0.0,0.0,0.3869,0.6,45,-1.0,-1.0,-0.3215,0.6087,46,0.0,0.0,0.6646,0.6364,11,3.0,3.0,-0.6529,0.8518,1.2656
PDBC,QQQ,21,21,234,,,,,,,,,,,,,,,,,,,,,,,,,,,,,,,,,,,,,,,,,,,,,,,,,,,,,,,,,,,,,,,,,,0.6923,13,2.0,2.0,-0.12,0.6486,37,1.0,1.0,0.1304,0.6,50,-1.0,-1.0,-0.1463,,,,,,,,,,,,,,,,,,,,,0.6222,45,-3.0,-2.0,0.0846,0.6,40,1.0,1.0,-0.0654,0.6389,36,-2.0,-2.0,0.1339,0.6,65,-1.0,-1.0,-0.1579,0.0465,0.0312
PDD,KWEB,40,40,378,,,,,,,,,,,,,,,,,,,,,,,,,,,,,,,,,,,,,,,,,,,,,,,,,,,,,,,,,,,,,,,,,,0.6524,164,-1.0,1.0,-0.1812,,,,,,0.631,84,-1.0,-1.0,-0.233,,,,,,,,,,,,,,,,,,,,,,,,,,0.6607,112,0.0,2.0,-0.1661,,,,,,0.6316,76,-1.0,-1.0,-0.2108,0.8328,0.566
PDI,SPY,35,35,253,0.7692,13,-1.0,-1.0,0.27,0.65,20,0.0,0.0,-0.2031,0.6923,13,-1.0,-1.0,0.3211,0.6,20,0.0,0.0,-0.1892,,,,,,,,,,,,,,,,,,,,,,,,,,,,,,,,,,,,,,,,,0.6154,13,-2.0,-2.0,0.0963,0.6486,74,-1.0,-1.0,-0.0498,,,,,,,,,,,,,,,,,,,,,,,,,,,,,,,,,,,,0.6316,95,-2.0,-1.0,-0.0548,,,,,,0.6017,118,0.0,0.0,-0.0787,0.5414,0.1903
PDO,SPY,10,14,123,,,,,,,,,,,,,,,,,,,,,,,,,,,,,,,,,,,,,,,,,,,,,,,,,,,,,,,,,,,,,,,,,,0.6471,34,-1.0,-1.0,-0.0555,,,,,,0.6774,31,-1.0,-1.0,-0.0957,,,,,,,,,,,,,,,,,,,,,,,,,,0.6667,30,-1.0,-1.0,-0.0835,,,,,,,,,,,0.3984,0.1861
PDSB,IWM,16,17,89,,,,,,,,,,,,,,,,,,,,,,,,,,,,,,,,,,,,,,,,,,,,,,,,,,,,,,,,,,,,,,,,,,,,,,,,,,,,,,,,,,,,,,,,,,,,,,,,,,,,,,,,,,0.6667,24,-1.0,-1.0,-0.5625,0.6111,18,-1.0,-1.0,0.7864,0.6154,13,0.0,0.0,-1.005,0.2684,0.6463
PDYN,IWM,39,39,286,,,,,,,,,,,,,,,,,,,,,,,,,,,,,,,,,,,,,,,,,,,,,,0.6774,31,-1.0,0.0,-2.3467,,,,,,0.6471,17,0.0,0.0,-3.0518,0.6842,19,-5.0,-5.0,0.7408,0.6842,19,-1.0,-1.0,-0.7977,0.7647,17,2.0,2.0,1.14,0.6842,19,-1.0,-1.0,-1.0623,,,,,,,,,,,,,,,,,,,,,,,,,,,,,,,,,,,,,,,,,0.5879,1.8836
PEB,SPY,23,23,231,,,,,,,,,,,0.7273,11,0.0,0.0,1.04,,,,,,,,,,,,,,,,,,,,,,,,,,,,,,,,,,,,0.7,10,0.0,0.0,1.0186,,,,,,,,,,,0.6,35,-1.0,-1.0,-0.229,,,,,,0.6316,19,-2.0,-2.0,-0.415,,,,,,,,,,,,,,,,,,,,,0.6154,13,1.0,1.0,0.195,0.6146,96,-2.0,-1.0,-0.1763,,,,,,0.7333,15,-2.0,-2.0,-0.3309,0.6411,0.9324
PEGA,IGV,20,20,243,,,,,,,,,,,,,,,,,,,,,,,,,,,,,,,,,,,,,,,,,,,,,,,,,,,,,,,,,,,,,0.6667,12,4.0,4.0,0.4587,0.7273,11,-15.0,-15.0,-0.8663,0.6,20,0.0,0.0,0.5067,0.6333,30,2.0,2.0,-0.4063,,,,,,,,,,,,,,,,,,,,,0.6216,37,-2.0,-2.0,0.3491,0.6531,49,-1.0,-1.0,-0.4319,,,,,,0.6087,46,-1.0,-1.0,-0.625,0.7996,1.177
PENG,SMH,40,40,371,,,,,,,,,,,,,,,,,,,,,,,,,,,,,,,,,,,,,,,,,,,,,,,,,,,,,,,,,,,,,0.8125,16,-4.0,-4.0,0.89,0.6591,44,-3.0,-2.0,-0.5486,0.6552,29,-8.0,-7.0,1.7495,0.619,21,1.0,1.0,-1.2077,,,,,,,,,,,,,,,,,,,,,0.6364,77,2.0,3.0,0.7651,0.6071,28,-2.0,-2.0,-0.7941,0.6508,63,1.0,2.0,1.4744,,,,,,0.9223,1.3748
PENN,SPY,17,17,234,,,,,,,,,,,,,,,,,,,,,,,,,,,,,,,,,,,,,,,,,,,,,,,,,,,,,,,,,,,,,0.6,20,-3.0,-3.0,0.3042,0.6154,13,3.0,3.0,-0.2125,0.6429,14,3.0,3.0,0.5667,,,,,,,,,,,,,,,,,,,,,,,,,,0.6,15,-2.0,-2.0,0.3256,,,,,,0.7143,14,1.0,1.0,0.346,0.6,15,-2.0,-2.0,-0.4322,0.0338,0.0423
PEP,XLP,39,39,284,,,,,,,,,,,,,,,,,,,,,,,,,,,,,,,,,,,,,,,,,,,,,,,,,,,,,,,,,,,,,,,,,,0.6615,65,-4.0,-2.0,-0.1214,,,,,,0.6111,36,1.0,1.0,-0.2841,,,,,,,,,,,,,,,,,,,,,,,,,,0.6308,65,0.0,0.0,-0.1405,,,,,,0.6,10,2.0,2.0,-0.3067,0.7546,0.9944
PEPG,XBI,21,22,153,,,,,,,,,,,,,,,,,,,,,,,,,,,,,,,,,,,,,,,,,,,,,,,,,,,,,,,,,,,,,0.6364,11,2.0,2.0,0.9271,0.7778,18,-2.0,-2.0,-0.3107,0.7,10,3.0,3.0,1.4414,0.6579,38,0.0,2.0,-1.3136,,,,,,,,,,,,,,,,,,,,,,,,,,0.8462,13,-2.0,-2.0,-0.7364,,,,,,0.7143,14,-2.0,-2.0,-1.036,0.6125,0.57
PERI,IGV,18,19,180,,,,,,,,,,,,,,,,,,,,,,,,,,,,,,,,,,,,,,,,,,,,,,,,,,,,,,,,,,,,,0.6667,15,2.0,2.0,0.283,0.6429,84,-2.0,0.0,-0.222,0.6923,13,-3.0,-3.0,0.52,0.6061,33,0.0,0.0,-0.2795,,,,,,,,,,,,,,,,,,,,,,,,,,0.6,30,-1.0,-1.0,-0.3078,,,,,,0.64,25,-1.0,-1.0,-0.2931,0.4659,0.2454
PEW,SPY,13,23,102,,,,,,,,,,,,,,,,,,,,,,,,,,,,,,,,,,,,,,,,,,,,,,,,,,,,,,,,,,,,,,,,,,0.75,12,0.0,0.0,-0.9333,,,,,,0.6667,12,15.0,15.0,-2.0375,,,,,,,,,,,,,,,,,,,,,,,,,,0.64,25,-1.0,-1.0,-0.7812,,,,,,,,,,,0.331,0.4463
PFE,IBB,40,40,435,0.64,25,0.0,0.0,0.6887,0.6364,11,-1.0,-1.0,-0.5614,0.72,25,0.0,0.0,0.7583,0.7273,11,-1.0,-1.0,-0.695,,,,,,,,,,,,,,,,,,,,,,,,,,,,,,,,,,,,,,,,,,,,,,0.6176,102,-1.0,-1.0,-0.0938,,,,,,0.6522,69,1.0,2.0,-0.2016,,,,,,,,,,,,,,,,,,,,,,,,,,0.6438,73,1.0,2.0,-0.1317,,,,,,0.6329,158,0.0,2.0,-0.1957,0.1285,0.115
PFF,SPY,20,20,232,0.6,10,-1.0,-1.0,0.2533,0.6,10,0.0,0.0,-0.1617,0.6,10,-1.0,-1.0,0.3383,0.6,10,0.0,0.0,-0.1967,,,,,,,,,,,,,,,,,,,,,,,,,,,,,,,,,,,,,,,,,,,,,,0.6071,224,-1.0,0.0,-0.036,,,,,,,,,,,,,,,,,,,,,,,,,,,,,,,,,,,,0.6504,123,0.0,1.0,-0.0344,,,,,,0.6429,14,1.0,1.0,-0.0633,0.6736,0.285
PFFA,QQQ,29,30,200,,,,,,0.7931,29,-1.0,0.0,-0.2839,,,,,,0.6786,28,-1.0,0.0,-0.3774,,,,,,,,,,,,,,,,,,,,,,,,,,,,,,,,,,,,,,,,,,,,,,0.6364,77,0.0,0.0,-0.0416,,,,,,,,,,,,,,,,,,,,,,,,,,,,,,,,,,,,0.6533,75,-2.0,-1.0,-0.0533,,,,,,0.68,25,-2.0,-2.0,-0.0859,0.6915,0.0944
PFLT,XLF,28,28,209,0.7143,14,-1.0,-1.0,0.494,,,,,,0.6923,13,-1.0,-1.0,0.7367,,,,,,,,,,,,,,,,,,,,,,,,,,,,,,,,,,,,,,,,,,,,,,,,,,,0.7368,76,-3.0,-1.0,-0.2152,,,,,,0.7125,80,-3.0,-1.0,-0.3235,,,,,,,,,,,,,,,,,,,,,,,,,,0.6959,148,-2.0,0.0,-0.183,0.6667,15,1.0,1.0,0.167,0.618,89,0.0,0.0,-0.3236,0.5797,0.5452
PFSA,SPY,22,36,134,,,,,,,,,,,,,,,,,,,,,,,,,,,,,,,,,,,,,,,,,0.6364,11,0.0,0.0,2.83,,,,,,0.6,10,0.0,0.0,4.46,,,,,,,,,,,0.7273,11,15.0,15.0,-9.2338,,,,,,0.6364,11,15.0,15.0,-10.3286,,,,,,,,,,,,,,,,,,,,,,,,,,,,,,,,,,,,,,,,,0.2204,1.6266
PG,XLP,38,38,269,0.7692,13,0.0,0.0,0.819,0.65,20,-1.0,-1.0,-0.7954,0.6923,13,0.0,0.0,1.04,0.8,20,-1.0,-1.0,-0.8325,,,,,,,,,,,,,,,,,,,,,,,,,,,,,,,,,,,,,,,,,0.6304,46,-2.0,-2.0,0.0934,0.6196,163,-1.0,1.0,-0.1057,0.6,20,-3.0,-3.0,0.125,0.629,62,-1.0,-1.0,-0.1541,,,,,,,,,,,,,,,,,,,,,0.8,10,2.0,2.0,0.0687,0.6308,65,0.0,0.0,-0.1017,,,,,,,,,,,0.806,1.0194
PGEN,XBI,32,32,251,,,,,,0.7857,14,0.0,0.0,-1.5864,,,,,,,,,,,,,,,,,,,,,,,,,,,,,,,,,,,,,,,,,,,,,,,,,,,,,,,,0.75,24,2.0,2.0,-0.5422,,,,,,0.6957,23,2.0,2.0,-0.7637,,,,,,,,,,,,,,,,,,,,,0.6,10,3.0,3.0,0.5983,0.6,50,1.0,1.0,-0.497,0.6,10,3.0,3.0,1.005,0.7,10,-3.0,-3.0,-0.4571,0.7188,0.9418
PGR,XLF,16,16,233,,,,,,,,,,,,,,,,,,,,,,,,,,,,,,,,,,,,,,,,,,,,,,,,,,,,,,,,,,,,,0.6,10,-3.0,-3.0,0.075,0.6111,36,1.0,1.0,-0.1368,0.6216,37,2.0,3.0,0.29,0.6111,54,-1.0,-1.0,-0.2394,,,,,,,,,,,,,,,,,,,,,,,,,,0.6429,14,-2.0,-2.0,-0.1556,,,,,,0.6126,111,0.0,0.0,-0.2459,0.147,0.267
PGY,IGV,40,40,286,,,,,,,,,,,0.7391,23,-1.0,0.0,2.9347,,,,,,,,,,,,,,,,,,,,,,,,,,,,,,,,,,,,,,,,,,,,,,0.6579,38,-4.0,-3.0,0.4156,0.6296,27,3.0,3.0,-0.5071,0.64,25,0.0,0.0,0.8738,,,,,,,,,,,,,,,,,,,,,,,,,,0.6486,37,-2.0,-2.0,0.5692,,,,,,0.6481,54,-3.0,-2.0,0.8863,0.6429,14,3.0,3.0,-0.7978,0.5879,0.7307
PHAT,IBB,16,18,188,,,,,,,,,,,,,,,,,,,,,,,,,,,,,,,,,,,,,,,,,,,,,,,,,,,,,,,,,,,,,0.6923,13,2.0,2.0,0.5967,0.8125,16,-1.0,-1.0,-0.3085,,,,,,0.725,40,-1.0,0.0,-0.6114,,,,,,,,,,,,,,,,,,,,,,,,,,0.6667,18,-2.0,-2.0,-0.8708,,,,,,0.6316,19,-2.0,-2.0,-1.2667,0.6501,1.0234
PHG,IHI,37,37,221,,,,,,,,,,,,,,,,0.6923,13,0.0,0.0,-0.6811,,,,,,,,,,,,,,,,,,,,,,,,,,,,,,,,,,,,,,,,,,,,,,0.7069,58,0.0,0.0,-0.0971,,,,,,0.7222,18,-3.0,-3.0,-0.1785,,,,,,,,,,,,,,,,,,,,,,,,,,0.6364,44,0.0,0.0,-0.0996,0.6,10,2.0,2.0,0.0883,0.7073,41,-3.0,-2.0,-0.1493,0.449,0.7229
PHGE,IWM,28,39,231,,,,,,,,,,,,,,,,,,,,,,,,,,,,,,,,,,,,,,,,,,,,,,,,,,,,,,,,0.6667,12,0.0,0.0,-9.0663,,,,,,,,,,,0.6818,22,-3.0,-2.0,1.6393,,,,,,,,,,,,,,,,,,,,,,,,,,,,,,,0.6102,59,-1.0,-1.0,-1.5344,,,,,,,,,,,0.3404,1.3738
PHM,XHB,13,13,225,,,,,,,,,,,,,,,,,,,,,,,,,,,,,,,,,,,,,,,,,,,,,,,,,,,,,,,,,,,,,0.6,10,-5.0,-5.0,0.2533,0.6571,35,1.0,1.0,-0.2435,,,,,,0.6667,48,1.0,2.0,-0.3578,,,,,,,,,,,,,,,,,,,,,,,,,,,,,,,,,,,,0.6098,41,1.0,1.0,-0.3264,0.8225,0.9284
PHYS,IWM,39,39,268,,,,,,,,,,,,,,,,0.6667,15,0.0,0.0,-0.218,,,,,,,,,,,,,,,,,,,,,,,,,,0.6154,13,-1.0,-1.0,-0.2613,,,,,,0.6129,31,-1.0,0.0,-0.29,,,,,,0.6829,41,-2.0,-2.0,-0.1054,0.6111,18,-3.0,-3.0,0.1318,0.6458,48,-2.0,-2.0,-0.1919,,,,,,,,,,,,,,,,,,,,,,,,,,0.6125,80,0.0,0.0,-0.1014,,,,,,,,,,,0.4943,0.7252
PICK,SPY,10,12,188,,,,,,,,,,,,,,,,,,,,,,,,,,,,,,,,,,,,,,,,,,,,,,,,,,,,,,,,,,,,,0.6667,18,2.0,2.0,0.115,0.6364,22,1.0,1.0,-0.1986,0.7059,17,2.0,2.0,0.27,0.6111,18,-2.0,-2.0,-0.1536,,,,,,,,,,,,,,,,,,,,,,,,,,0.7273,11,-2.0,-2.0,-0.185,0.6,55,-1.0,-1.0,0.2264,0.6923,13,-2.0,-2.0,-0.38,0.6983,1.5819
PINS,SPY,37,37,257,0.6,10,0.0,0.0,1.2333,,,,,,0.8,10,0.0,0.0,1.1275,,,,,,,,,,,,,,,,,,,,,,,,,,0.6429,14,-1.0,-1.0,2.0489,,,,,,0.6429,14,-1.0,-1.0,2.0578,,,,,,,,,,,0.6119,67,-2.0,-1.0,-0.2263,0.625,24,-3.0,-3.0,0.45,,,,,,,,,,,,,,,,,,,,,,,,,,,,,,,0.6111,18,-2.0,-2.0,-0.3309,,,,,,0.625,16,-2.0,-2.0,-0.614,0.126,0.2242
PK,IWM,11,11,240,,,,,,,,,,,,,,,,,,,,,,,,,,,,,,,,,,,,,,,,,,,,,,,,,,,,,,,,,,,,,,,,,,0.6024,83,1.0,2.0,-0.1944,,,,,,0.6463,82,1.0,2.0,-0.2945,,,,,,,,,,,,,,,,,,,,,,,,,,0.6061,99,-2.0,-1.0,-0.2353,,,,,,0.64,100,-2.0,-1.0,-0.3259,0.7348,0.7275
PKX,SLX,12,14,152,,,,,,,,,,,,,,,,,,,,,,,,,,,,,,,,,,,,,,,,,,,,,,,,,,,,,,,,,,,,,0.6923,13,-3.0,-3.0,0.3189,,,,,,0.6207,29,-1.0,0.0,0.3233,,,,,,,,,,,,,,,,,,,,,,,,,,,,,,,,,,,,,,,,,0.75,12,-1.0,-1.0,-0.2633,0.5812,1.5887
PL,IWM,40,40,484,,,,,,,,,,,,,,,,,,,,,,,,,,,,,,,,,,,,,,,,,,,,,,,,,,,,,,,,,,,,,0.7,10,-6.0,-6.0,0.3386,0.625,40,3.0,5.0,-0.5188,0.6667,48,2.0,3.0,0.6991,0.6667,54,-4.0,-3.0,-0.6408,,,,,,,,,,,,,,,,,,,,,,,,,,0.6538,26,-2.0,-2.0,-0.5112,,,,,,,,,,,0.6795,2.1749
PLAB,SOXX,38,38,266,,,,,,,,,,,,,,,,,,,,,,,,,,,,,,,,,,,,,,,,,,,,,,,,,,,,,,,,,,,,,0.6765,34,1.0,2.0,0.4857,0.7368,19,-3.0,-3.0,-0.495,0.6522,23,-1.0,-1.0,0.4667,0.7333,15,-3.0,-3.0,-0.7882,,,,,,,,,,,,,,,,,,,,,0.6538,26,-1.0,-1.0,0.6829,0.6957,23,1.0,1.0,-0.2775,0.6364,11,-3.0,-3.0,0.34,0.6176,34,4.0,5.0,-0.5071,0.9351,0.8377
PLAY,XLY,26,28,227,,,,,,,,,,,,,,,,,,,,,,,,,,,,,,,,,,,,,,,,,,,,,,,,,,,,,,,,,,,,,0.6667,12,1.0,1.0,0.6025,0.7619,21,-4.0,-3.0,-0.4494,0.75,12,3.0,3.0,1.0522,0.7692,13,-4.0,-4.0,-0.867,,,,,,,,,,,,,,,,,,,,,,,,,,0.8077,26,1.0,1.0,-0.771,,,,,,0.6349,63,-1.0,-1.0,-0.852,0.5444,0.9596
PLBY,SPY,15,18,116,,,,,,,,,,,,,,,,,,,,,,,,,,,,,,,,,,,,,,,,,,,,,,,,,,,,,,,,,,,,,,,,,,0.75,28,-2.0,-1.0,-0.4952,,,,,,0.7826,23,1.0,2.0,-0.4806,,,,,,,,,,,,,,,,,,,,,,,,,,0.7397,73,-1.0,0.0,-0.4041,,,,,,0.7297,74,-1.0,0.0,-0.7057,0.5802,0.9981
PLCE,SPY,11,15,98,,,,,,,,,,,,,,,,,,,,,,,,,,,,,,,,,,,,,,,,,,,,,,,,,,,,,,,,,,,,,,,,,,,,,,,0.7273,11,-1.0,-1.0,1.4,,,,,,,,,,,,,,,,,,,,,,,,,,,,,,,0.619,42,0.0,0.0,-1.3912,,,,,,0.6429,14,-1.0,-1.0,-1.3844,0.3837,0.738
PLD,VNQ,15,15,236,,,,,,,,,,,,,,,,,,,,,,,,,,,,,,,,,,,,,,,,,,,,,,,,,,,,,,,,,,,,,,,,,,,,,,,,,,,,0.6905,42,-2.0,-2.0,-0.2059,,,,,,,,,,,,,,,,,,,,,,,,,,,,,,,,,,,,,,,,,0.6718,1.0361
PLG,GDX,27,29,160,,,,,,,,,,,,,,,,,,,,,,,,,,,,,,,,,,,,,,,,,,,,,,,,,,,,,,,,,,,,,,,,,,0.7273,33,-3.0,-2.0,-0.4113,,,,,,0.7333,15,-3.0,-3.0,-0.7855,,,,,,,,,,,,,,,,,,,,,,,,,,0.8,40,-4.0,-2.0,-0.4381,,,,,,0.68,25,2.0,3.0,-0.6047,0.6932,0.5747
PLNT,XLY,11,11,222,,,,,,,,,,,,,,,,,,,,,,,,,,,,,,,,,,,,,,,,,,,,,,,,,,,,,,,,,,,,,,,,,,0.6494,77,-2.0,-1.0,-0.1998,,,,,,0.6136,44,0.0,0.0,-0.3148,,,,,,,,,,,,,,,,,,,,,,,,,,0.6667,87,0.0,1.0,-0.2024,0.6364,11,-3.0,-3.0,0.3743,0.6,25,-2.0,-2.0,-0.3453,0.3721,0.396
PLSM,SPY,10,17,72,,,,,,,,,,,,,,,,,,,,,,,,,,,,,,,,,,,,,,,,,,,,,,,,,,,,,,,,,,,,,,,,,,0.6471,17,15.0,15.0,-11.1627,,,,,,,,,,,,,,,,,,,,,,,,,,,,,,,,,,,,0.68,50,-1.0,0.0,-4.9632,,,,,,0.65,20,-1.0,-1.0,-10.7,0.3663,2.185
PLTD,QQQ,40,40,309,0.7,10,0.0,0.0,1.5943,,,,,,,,,,,,,,,,,,,,,,,,,,,,,,,,,,,,0.7273,11,-1.0,-1.0,1.5238,,,,,,0.6364,11,-1.0,-1.0,1.9471,,,,,,0.6364,11,5.0,5.0,0.3186,0.6786,28,-2.0,-2.0,-0.2663,,,,,,0.6,10,5.0,5.0,-0.5233,,,,,,,,,,,,,,,,,,,,,0.7273,11,2.0,2.0,0.2263,0.6027,73,-1.0,-1.0,-0.2891,,,,,,0.6383,47,1.0,1.0,-0.4457,0.1829,0.2646
PLTG,SPY,33,39,144,,,,,,,,,,,,,,,,,,,,,,,,,,,,,,,,,,,,,,,,,,,,,,0.6207,29,-1.0,0.0,-2.8539,,,,,,0.8,10,-1.0,-1.0,-3.2075,,,,,,,,,,,,,,,,,,,,,,,,,,,,,,,,,,,,,,,,,,,,,,,,,,,,,,,,,,,,,0.0335,0.185
PLTM,IWM,14,24,69,,,,,,,,,,,,,,,,,,,,,,,,,,,,,,,,,,,,,,,,,,,,,,,,,,,,,,,,,,,,,,,,,,,,,,,,,,,,,,,,,,,,,,,,,,,,,,,,,,,,,,,,,,,,,,,,,,,,0.6316,19,0.0,0.0,-0.3758,0.4453,0.9661
PLTR,IGV,40,40,733,,,,,,0.6,10,-1.0,-1.0,-1.83,,,,,,,,,,,,,,,,,,,,,,,,,,,,,,,,,,,,,,,,,,,,,,,,,,,0.6,10,5.0,5.0,0.175,0.6383,141,-1.0,-1.0,-0.1392,0.7368,19,-4.0,-4.0,0.6957,0.6,25,3.0,3.0,-0.5873,,,,,,,,,,,,,,,,,,,,,,,,,,0.6106,113,-1.0,-1.0,-0.2697,,,,,,,,,,,0.8518,1.1811
PLTU,SPY,40,40,530,,,,,,,,,,,,,,,,,,,,,,,,,,,,,,,,,,,,,,,,,,,,,,0.65,20,0.0,0.0,-2.1946,0.6,20,0.0,0.0,3.5425,0.6667,15,-1.0,-1.0,-3.372,0.6818,22,-5.0,-5.0,0.494,0.6111,18,5.0,5.0,-0.3991,0.6316,38,-2.0,-2.0,1.5583,0.6923,26,-6.0,-6.0,-0.815,,,,,,,,,,,,,,,,,,,,,,,,,,,,,,,,,,,,,,,,,0.0303,0.168
PLTW,SPY,26,33,93,,,,,,,,,,,,,,,,,,,,,,,,,,,,,,,,,,,,,,,,,,,,,,0.6,10,-1.0,-1.0,-1.9417,0.6923,13,0.0,0.0,2.2078,,,,,,,,,,,,,,,,,,,,,,,,,,,,,,,,,,,,,,,,,,,,,,,,,,,0.7059,17,-1.0,-1.0,-0.3683,,,,,,0.64,25,-1.0,-1.0,-0.6694,0.0918,0.3087
PLTY,SPY,27,35,101,,,,,,,,,,,,,,,,,,,,,,,,,,,,,,,,,,,,,,,,,,,,,,0.7059,17,0.0,0.0,-1.1342,,,,,,0.7273,11,0.0,0.0,-1.7825,,,,,,,,,,,,,,,,,,,,,,,,,,,,,,,,,,,,,,,,,0.6087,23,0.0,0.0,0.3193,,,,,,,,,,,,,,,,-0.027,-0.0617
PLTZ,QQQ,37,38,169,,,,,,,,,,,,,,,,,,,,,,,,,,,,,,,,,,,,,,,,,0.6818,22,-1.0,0.0,2.7087,,,,,,0.8,10,-1.0,-1.0,3.23,,,,,,,,,,,0.8,10,-15.0,-15.0,-0.61,0.6667,12,-1.0,-1.0,0.8738,0.7,10,-15.0,-15.0,-1.2686,,,,,,,,,,,,,,,,,,,,,,,,,,0.6341,41,0.0,1.0,-0.6438,0.6842,19,-2.0,-2.0,1.4623,0.6176,34,0.0,0.0,-1.2119,0.1624,0.448
PLU,QQQ,27,32,118,,,,,,,,,,,,,,,,,,,,,,,,,,,,,,,,,,,,,,,,,,,,,,,,,,,,,,,,,,,,,,,,,,0.65,20,-15.0,-15.0,-1.5977,,,,,,,,,,,,,,,,,,,,,,,,,,,,,,,0.68,25,-1.0,-1.0,2.1259,0.6774,31,0.0,1.0,-1.3638,,,,,,,,,,,0.6493,2.6548
PLUG,SPY,40,40,550,,,,,,,,,,,,,,,,,,,,,,,,,,,,,,,,,,,,,,,,,0.6,15,-1.0,-1.0,1.5833,0.65,20,0.0,0.0,-2.1169,,,,,,,,,,,,,,,,0.6622,222,-1.0,2.0,-0.4004,0.6111,18,-5.0,-5.0,1.1755,0.6357,140,-1.0,0.0,-0.5873,,,,,,,,,,,,,,,,,,,,,,,,,,0.6164,232,0.0,0.0,-0.3143,,,,,,0.6364,33,-2.0,-2.0,-0.5805,0.8199,2.633
PLYX,IBB,10,20,35,,,,,,,,,,,,,,,,,,,,,,,,,,,,,,,,,,,,,,,,,,,,,,,,,,,,,,,,,,,,,,,,,,,,,,,,,,,,,,,,,,,,,,,,,,,,,,,,,,,,,,,,,,,,,,,,,,,,,,,,,0.4517,1.2743
PM,XLP,25,25,249,0.7,10,0.0,0.0,0.7986,0.6,10,-1.0,-1.0,-0.405,0.8,10,0.0,0.0,1.1037,0.7,10,-1.0,-1.0,-0.4814,,,,,,,,,,,,,,,,,,,,,,,,,,,,,,,,,,,,,,,,,,,,,,0.7097,31,-2.0,-2.0,-0.1827,,,,,,0.6038,53,1.0,1.0,-0.3481,,,,,,,,,,,,,,,,,,,,,,,,,,0.6129,62,-1.0,-1.0,-0.1655,0.6,10,2.0,2.0,0.36,0.614,114,-2.0,-1.0,-0.2814,0.738,0.9783
PMA,SPY,13,24,105,,,,,,,,,,,,,,,,,,,,,,,,,,,,,,,,,,,,,,,,,0.6,10,0.0,0.0,4.4633,,,,,,,,,,,,,,,,,,,,,0.6,25,15.0,15.0,-5.1193,,,,,,0.625,24,15.0,15.0,-7.2967,,,,,,,,,,,,,,,,,,,,,,,,,,,,,,,,,,,,,,,,,-0.0452,-0.3908
PMAX,XLF,11,23,54,,,,,,,,,,,,,,,,,,,,,,,,,,,,,,,,,,,,,,,,,,,,,,,,,,,,,,,,,,,,,,,,,,,,,,,,,,,,,,,,,,,,,,,,,,,,,,,,,,,,,0.6154,13,-1.0,-1.0,3.445,,,,,,0.6364,11,0.0,0.0,6.27,,,,,,0.1491,0.8041
PMI,SPY,35,38,474,,,,,,,,,,,,,,,,,,,,,,,,,,,,,,,,,,,,,,,,,,,,,,,,,,,,,,,,0.6111,18,0.0,0.0,-5.1836,0.6316,19,-5.0,-5.0,0.7725,0.6226,53,15.0,15.0,-3.9376,0.6061,33,0.0,1.0,3.9655,0.7308,52,-4.0,-2.0,-1.2105,,,,,,,,,,,,,,,,,,,,,,,,,,0.8095,21,-2.0,-2.0,-1.6718,,,,,,0.7273,22,-2.0,-2.0,-2.2719,0.1061,1.5964
PMT,XLF,11,11,201,,,,,,,,,,,,,,,,,,,,,,,,,,,,,,,,,,,,,,,,,,,,,,,,,,,,,,,,,,,,,,,,,,0.6724,58,-2.0,-1.0,-0.1905,,,,,,0.7317,41,-3.0,-2.0,-0.36,,,,,,,,,,,,,,,,,,,,,,,,,,0.6471,102,0.0,1.0,-0.2205,,,,,,0.8125,16,1.0,1.0,-0.2138,0.379,0.4229
PNNT,XLF,15,17,160,,,,,,,,,,,0.6923,13,0.0,0.0,1.0511,,,,,,,,,,,,,,,,,,,,,,,,,,,,,,,,,,,,,,,,,,,,,,,,,,,0.7087,103,-2.0,2.0,-0.2451,,,,,,0.7089,79,0.0,2.0,-0.4459,,,,,,,,,,,,,,,,,,,,,,,,,,0.7364,110,-1.0,1.0,-0.2248,,,,,,0.7117,111,-1.0,1.0,-0.3954,0.4028,0.4259
POAS,SPY,11,18,58,,,,,,,,,,,,,,,,,,,,,,,,,,,,,,,,,,,,,,,,,,,,,,,,,,,,,,,,,,,,,,,,,,,,,,,,,,,,,,,,,,,,,,,,,,,,,,,,,,,,,,,,,,0.619,21,-1.0,-1.0,-2.1638,,,,,,0.8,20,0.0,0.0,-3.1463,0.1433,0.6527
POEL,QQQ,38,38,241,,,,,,,,,,,,,,,,,,,,,,,,,,,,,,,,,,,,,,,,,,,,,,0.6364,22,-1.0,0.0,-4.22,0.6364,11,-1.0,-1.0,5.1457,,,,,,,,,,,0.6,35,-15.0,-15.0,-1.6552,0.6471,17,15.0,15.0,2.9073,,,,,,,,,,,,,,,,,,,,,,,,,,,,,,,0.6579,38,0.0,0.0,-1.8992,,,,,,0.6667,24,-2.0,-2.0,-1.7763,0.798,4.5546
POET,SMH,40,40,548,,,,,,,,,,,,,,,,,,,,,,,,,,,,,,,,,,,,,,,,,,,,,,,,,,,,,,,,,,,,,0.6111,18,-3.0,-3.0,0.4882,0.6136,44,-1.0,-1.0,-0.457,0.8182,11,-10.0,-10.0,0.7889,0.6429,42,-1.0,-1.0,-0.6289,,,,,,,,,,,,,,,,,,,,,,,,,,0.661,59,1.0,1.0,-0.5638,0.6047,43,2.0,2.0,1.0808,0.625,48,-5.0,-4.0,-1.0943,0.8478,0.9544
POM,IWM,10,24,30,,,,,,,,,,,,,,,,,,,,,,,,,,,,,,,,,,,,,,,,,,,,,,,,,,,,,,,,,,,,,,,,,,,,,,,,,,,,,,,,,,,,,,,,,,,,,,,,,,,,,,,,,,,,,,,,,,,,,,,,,0.0456,0.2846
PONY,QQQ,38,38,314,,,,,,,,,,,,,,,,,,,,,,,,,,,,,,,,,,,,,,,,,,,,,,,,,,,0.6364,11,-1.0,-1.0,2.1543,0.6,10,0.0,0.0,-1.075,,,,,,0.623,61,-1.0,0.0,-0.3161,0.6538,26,-2.0,-2.0,0.4865,0.6429,42,-4.0,-3.0,-0.5119,,,,,,,,,,,,,,,,,,,,,,,,,,0.6346,52,-3.0,-2.0,-0.3042,,,,,,0.6415,53,-3.0,-2.0,-0.4912,0.6877,1.3007
POWI,SOXX,12,13,191,,,,,,,,,,,,,,,,,,,,,,,,,,,,,,,,,,,,,,,,,,,,,,,,,,,,,,,,,,,,,0.6667,24,-2.0,-1.0,0.5287,0.6,10,3.0,3.0,-0.6833,0.6923,13,-1.0,-1.0,0.9789,0.65,20,1.0,1.0,-0.7608,,,,,,,,,,,,,,,,,,,,,0.8462,13,2.0,2.0,0.2836,0.6667,15,0.0,0.0,-0.331,0.7586,29,-2.0,-1.0,1.0741,0.6,20,1.0,1.0,-0.6975,0.9223,0.8414
POWL,QQQ,31,31,228,,,,,,,,,,,,,,,,,,,,,,,,,,,,,,,,,,,,,,,,,0.7,10,-1.0,-1.0,1.3557,,,,,,,,,,,,,,,,0.6207,29,1.0,1.0,0.4822,0.619,21,3.0,3.0,-0.3492,0.6316,19,-3.0,-3.0,0.795,,,,,,,,,,,,,,,,,,,,,,,,,,0.6,10,2.0,2.0,0.4717,0.6,10,-3.0,-3.0,-0.4267,0.6061,33,-2.0,-2.0,0.637,0.7273,11,-3.0,-3.0,-0.6738,0.8483,2.0549
POWW,IWM,13,17,130,,,,,,,,,,,,,,,,,,,,,,,,,,,,,,,,,,,,,,,,,,,,,,,,,,,,,,,,,,,,,,,,,,0.75,24,-2.0,-1.0,-0.1894,0.6923,13,-1.0,-1.0,0.8022,0.7586,29,-3.0,-2.0,-0.31,,,,,,,,,,,,,,,,,,,,,,,,,,0.697,66,-1.0,0.0,-0.262,,,,,,0.7234,47,-1.0,-1.0,-0.4165,0.3849,0.3476
PPCB,IBB,14,27,75,,,,,,,,,,,,,,,,,,,,,,,,,,,,,,,,,,,,,,,,,,,,,,,,,,,,,,,,,,,,,,,,,,,,,,,,,,,,,,,,,,,,,,,,,,,,,,,,,,,,,,,,,,1.0,10,1.0,1.0,-1.281,,,,,,,,,,,0.1794,1.1529
PPLT,IWM,40,40,270,,,,,,,,,,,,,,,,,,,,,,,,,,,,,,,,,,,,,,,,,,,,,,0.6429,14,-1.0,-1.0,-0.4667,,,,,,0.6429,14,-1.0,-1.0,-0.6256,,,,,,0.697,33,-4.0,-3.0,-0.153,,,,,,0.75,16,-4.0,-4.0,-0.4008,,,,,,,,,,,,,,,,,,,,,,,,,,0.6216,37,1.0,1.0,-0.2052,,,,,,0.625,16,-2.0,-2.0,-0.295,0.4311,0.9562
PPTA,GDX,34,34,224,,,,,,,,,,,,,,,,,,,,,,,,,,,,,,,,,,,,,,,,,,,,,,,,,,,,,,,,,,,,,0.7647,17,1.0,1.0,0.4692,0.68,25,-3.0,-3.0,-0.3406,0.7222,18,3.0,3.0,0.8954,0.9091,11,-5.0,-5.0,-0.549,,,,,,,,,,,,,,,,,,,,,0.75,20,1.0,1.0,0.566,0.7021,47,-3.0,-2.0,-0.3609,0.6944,36,0.0,1.0,1.0072,0.6429,28,-4.0,-4.0,-0.5022,0.9553,1.0015
PR,XLE,25,25,249,0.6,10,1.0,1.0,0.7567,,,,,,0.7,10,1.0,1.0,0.8443,,,,,,,,,,,,,,,,,,,,,,,,,,,,,,,,,,,,,,,,,,,,,,,,,,,0.6364,22,3.0,3.0,-0.1357,,,,,,0.6264,91,0.0,1.0,-0.3181,,,,,,,,,,,,,,,,,,,,,0.7,10,-3.0,-3.0,0.1943,,,,,,,,,,,,,,,,0.8227,1.1301
PRCH,IWM,10,11,215,,,,,,,,,,,,,,,,,,,,,,,,,,,,,,,,,,,,,,,,,,,,,,,,,,,,,,,,,,,,,0.8,10,4.0,4.0,0.6125,0.6944,36,2.0,3.0,-0.506,0.6786,28,0.0,0.0,0.69,,,,,,,,,,,,,,,,,,,,,,,,,,,,,,,0.7333,15,-2.0,-2.0,-0.4145,,,,,,0.6875,16,-2.0,-2.0,-0.7018,0.4882,0.6527
PRCT,IHI,16,16,208,,,,,,,,,,,,,,,,,,,,,,,,,,,,,,,,,,,,,,,,,,,,,,,,,,,,,,,,,,,,,,,,,,0.6792,53,-5.0,-3.0,-0.4767,,,,,,0.6429,56,-5.0,-3.0,-0.8058,,,,,,,,,,,,,,,,,,,,,,,,,,0.7143,21,-2.0,-2.0,-0.46,,,,,,0.6,20,-2.0,-2.0,-1.0108,0.6561,0.9873
PRFX,IBB,16,36,129,,,,,,,,,,,,,,,,,,,,,,,,,,,,,,,,,,,,,,,,,,,,,,,,,,,,,,,,,,,,,,,,,,0.7037,27,15.0,15.0,-9.2505,,,,,,0.7037,27,15.0,15.0,-20.3963,,,,,,,,,,,,,,,,,,,,,,,,,,0.9091,11,1.0,1.0,-2.791,,,,,,0.7143,14,-1.0,-1.0,-7.18,0.1223,0.8672
PRGO,XLP,11,11,231,,,,,,,,,,,,,,,,,,,,,,,,,,,,,,,,,,,,,,,,,,,,,,,,,,,,,,,,,,,,,0.7273,22,-2.0,-2.0,0.3694,0.7436,39,-4.0,-3.0,-0.2834,,,,,,0.7273,22,2.0,2.0,-0.65,,,,,,,,,,,,,,,,,,,,,,,,,,0.64,100,-2.0,-1.0,-0.2934,0.6,10,2.0,2.0,0.6517,,,,,,0.3586,0.5429
PRGS,IGV,12,13,162,,,,,,,,,,,,,,,,,,,,,,,,,,,,,,,,,,,,,,,,,,,,,,,,,,,,,,,,,,,,,0.6,15,0.0,0.0,0.25,0.9,10,2.0,2.0,-0.3367,0.6364,11,-3.0,-3.0,0.55,0.6207,58,-2.0,1.0,-0.5528,,,,,,,,,,,,,,,,,,,,,0.625,16,-2.0,-2.0,0.301,0.6182,55,-1.0,0.0,-0.4088,0.7,10,3.0,3.0,0.4057,,,,,,0.7517,1.0784
PRIM,XLI,12,12,227,,,,,,,,,,,,,,,,,,,,,,,,,,,,,,,,,,,,,,,,,,,,,,,,,,,,,,,,,,,,,0.8125,16,3.0,3.0,0.35,0.7143,14,-3.0,-3.0,-0.703,0.6818,44,-1.0,0.0,0.5093,0.6667,15,-3.0,-3.0,-0.905,,,,,,,,,,,,,,,,,,,,,,,,,,0.6154,26,-2.0,-2.0,-0.4394,0.7,10,-3.0,-3.0,0.4443,,,,,,0.7858,1.7747
PRM,XLB,12,14,197,,,,,,,,,,,,,,,,,,,,,,,,,,,,,,,,,,,,,,,,,,,,,,,,,,,,,,,,,,,,,,,,,,0.6709,79,-3.0,-1.0,-0.3442,0.7273,22,2.0,2.0,0.5719,0.6458,48,-3.0,-2.0,-0.5071,,,,,,,,,,,,,,,,,,,,,,,,,,0.75,44,1.0,1.0,-0.3064,,,,,,0.7222,18,-2.0,-2.0,-0.4592,0.577,1.0021
PRME,XBI,38,38,244,,,,,,0.8182,11,1.0,1.0,-3.6256,,,,,,0.6364,11,1.0,1.0,-4.3771,,,,,,,,,,,,,,,,,,,,,,,,,,,,,,,,,,,,,,,,,,,,,,0.6,25,0.0,0.0,-0.5093,,,,,,0.6512,43,0.0,1.0,-1.0882,,,,,,,,,,,,,,,,,,,,,,,,,,0.7234,47,1.0,1.0,-0.5056,,,,,,0.6327,49,-2.0,-1.0,-0.9245,0.8324,1.3071
PROK,IWM,15,17,168,,,,,,,,,,,,,,,,,,,,,,,,,,,,,,,,,,,,,,,,,,,,,,,,,,,,,,,,,,,,,0.6429,14,1.0,1.0,0.3922,0.8,15,-3.0,-3.0,-0.46,0.6,10,3.0,3.0,0.7033,0.7273,22,0.0,1.0,-0.6537,,,,,,,,,,,,,,,,,,,,,,,,,,0.6812,69,0.0,1.0,-0.5894,,,,,,0.7143,21,1.0,1.0,-0.618,0.6323,0.7156
PROP,SPY,27,29,225,,,,,,,,,,,,,,,,,,,,,,,,,,,,,,,,,,,,,,,,,,,,,,0.6667,12,0.0,0.0,-2.1963,,,,,,0.6364,11,0.0,0.0,-2.4671,0.6897,29,1.0,2.0,0.5475,0.6,10,4.0,4.0,-0.66,0.7059,17,2.0,2.0,0.8083,0.8182,11,-4.0,-4.0,-0.8533,,,,,,,,,,,,,,,,,,,,,,,,,,0.6,15,1.0,1.0,-0.2533,0.6364,11,1.0,1.0,0.6471,0.7692,13,-2.0,-2.0,-1.438,0.1484,0.3697
PRQR,IWM,14,15,158,,,,,,,,,,,,,,,,,,,,,,,,,,,,,,,,,,,,,,,,,,,,,,,,,,,,,,,,,,,,,,,,,,0.7429,35,0.0,1.0,-0.3831,,,,,,0.6818,22,1.0,1.0,-0.5213,,,,,,,,,,,,,,,,,,,,,,,,,,0.76,25,1.0,1.0,-0.6995,,,,,,,,,,,0.4033,0.562
PRSO,SPY,26,39,93,,,,,,,,,,,,,,,,,,,,,,,,,,,,,,,,,,,,,,,,,,,,,,0.7333,15,0.0,0.0,-1.4473,,,,,,,,,,,,,,,,,,,,,0.6364,11,0.0,0.0,1.0529,,,,,,,,,,,,,,,,,,,,,,,,,,,,,,,,,,,,0.6129,31,0.0,0.0,1.2468,0.7143,21,-1.0,-1.0,-1.35,0.4148,1.0299
PRTH,XLF,10,10,116,,,,,,,,,,,,,,,,,,,,,,,,,,,,,,,,,,,,,,,,,,,,,,,,,,,,,,,,,,,,,0.8,10,-3.0,-3.0,0.5312,0.6316,19,0.0,0.0,-0.3483,,,,,,0.7619,21,0.0,0.0,-0.6969,,,,,,,,,,,,,,,,,,,,,,,,,,,,,,,0.6154,26,-1.0,-1.0,0.4,0.6744,43,0.0,0.0,-0.7086,0.5258,0.8113
PRZO,SPY,25,37,150,,,,,,,,,,,,,,,,,,,,,,,,,,,,,,,,,,,,,,,,,,,,,,0.8462,13,0.0,0.0,-2.1955,,,,,,0.8,10,0.0,0.0,-2.3575,0.7,10,-3.0,-3.0,1.4129,,,,,,,,,,,,,,,,,,,,,,,,,,,,,,,,,,,,,,,,,,,,,,,,,,,0.6,35,-1.0,-1.0,-1.9919,0.0767,0.3315
PSEC,SPY,40,40,244,0.6667,18,-1.0,-1.0,0.9475,,,,,,0.7647,17,-1.0,-1.0,1.1562,,,,,,,,,,,,,,,,,,,,,,,,,,,,,,,,,,,,0.65,20,0.0,0.0,1.0585,,,,,,,,,,,0.7073,82,-3.0,-1.0,-0.1548,,,,,,0.78,50,1.0,1.0,-0.2392,,,,,,,,,,,,,,,,,,,,,,,,,,0.6927,218,-2.0,1.0,-0.1889,,,,,,0.6239,109,0.0,0.0,-0.3284,0.5826,0.4916
PSI,QQQ,27,27,188,,,,,,,,,,,,,,,,,,,,,,,,,,,,,,,,,,,,,,,,,,,,,,,,,,,,,,,,,,,,,0.75,16,-3.0,-3.0,0.2933,0.7143,14,-1.0,-1.0,-0.383,0.6,40,3.0,5.0,0.4696,,,,,,,,,,,,,,,,,,,,,,,,,,0.6667,57,0.0,1.0,0.3108,,,,,,0.6061,33,0.0,0.0,0.4655,0.6667,24,-2.0,-2.0,-0.5463,0.9312,2.7181
PSIG,IWM,17,23,88,,,,,,,,,,,,,,,,,,,,,,,,,,,,,,,,,,,,,,,,,,,,,,,,,,,,,,,,,,,,,,,,,,0.8182,11,0.0,0.0,-0.2567,,,,,,0.7,10,0.0,0.0,-0.1657,,,,,,,,,,,,,,,,,,,,,0.6,10,1.0,1.0,0.705,0.7037,27,0.0,0.0,-0.7789,,,,,,0.7368,19,-1.0,-1.0,-0.6807,0.2193,0.4697
PSIX,XLI,23,24,155,,,,,,,,,,,,,,,,,,,,,,,,,,,,,,,,,,,,,,,,,,,,,,,,,,,,,,,,,,,,,0.6111,18,-1.0,-1.0,0.6827,,,,,,0.7143,21,-1.0,-1.0,0.652,,,,,,,,,,,,,,,,,,,,,,,,,,0.6,35,-1.0,-1.0,0.4262,,,,,,0.7027,37,-1.0,-1.0,0.7592,,,,,,0.8085,2.3363
PSKY,KWEB,36,36,259,,,,,,0.6207,29,-1.0,0.0,-1.1533,,,,,,0.6552,29,-1.0,0.0,-1.1505,,,,,,,,,,,,,,,,,,,,,,,,,,,,,,,,,,,,,,,,,,,,,,0.6491,57,0.0,0.0,-0.2257,0.6364,44,-1.0,-1.0,0.4568,0.9231,13,3.0,3.0,-0.4458,,,,,,,,,,,,,,,,,,,,,0.6154,26,-3.0,-3.0,0.265,0.625,16,2.0,2.0,-0.341,0.6,25,-3.0,-3.0,0.6887,0.625,16,2.0,2.0,-0.356,0.2791,0.1043
PSLV,IWM,40,40,381,,,,,,,,,,,,,,,,,,,,,,,,,,,,,,,,,,,,,,,,,,,,,,0.7857,14,-1.0,-1.0,-0.4782,,,,,,0.7143,14,-1.0,-1.0,-0.799,0.6047,43,0.0,0.0,0.1665,0.7895,19,3.0,3.0,-0.1973,0.6129,31,2.0,2.0,0.3016,0.8889,18,3.0,3.0,-0.2919,,,,,,,,,,,,,,,,,,,,,,,,,,,,,,,,,,,,,,,,,0.5043,1.4941
PSNL,IWM,33,33,247,,,,,,,,,,,,,,,,,,,,,,,,,,,,,,,,,,,,,,,,,,,,,,0.6429,14,-1.0,-1.0,-2.8367,,,,,,,,,,,0.6667,21,3.0,3.0,0.8886,0.8235,17,4.0,4.0,-0.6693,0.75,16,-3.0,-3.0,0.7117,0.7059,17,4.0,4.0,-0.7308,,,,,,,,,,,,,,,,,,,,,0.6875,16,-2.0,-2.0,0.6255,0.6279,43,1.0,1.0,-0.9522,,,,,,0.6512,43,1.0,1.0,-1.0625,0.643,1.6777
PSO,KWEB,21,21,164,,,,,,,,,,,,,,,,,,,,,,,,,,,,,,,,,,,,,,,,,,,,,,,,,,,,,,,,,,,,,,,,,,0.7059,17,-2.0,-2.0,-0.3667,,,,,,0.8,20,-2.0,-2.0,-0.4281,,,,,,,,,,,,,,,,,,,,,0.8182,11,3.0,3.0,0.1989,0.7,20,1.0,1.0,-0.07,0.6923,13,3.0,3.0,0.1778,0.6071,28,-1.0,-1.0,-0.1865,0.0557,0.035
PSQ,IWM,40,40,365,0.6364,11,-1.0,-1.0,0.2943,,,,,,,,,,,,,,,,,,,,,,,,,,,,,,,,,,,,0.6316,19,0.0,0.0,0.2633,,,,,,0.6316,19,0.0,0.0,0.5783,,,,,,,,,,,0.6667,219,-3.0,0.0,-0.121,,,,,,0.7,20,-3.0,-3.0,-0.1479,,,,,,,,,,,,,,,,,,,,,0.6,25,-2.0,-2.0,0.1287,0.6417,254,-1.0,1.0,-0.1285,,,,,,,,,,,-0.7634,-1.163
PSQH,SPY,13,23,56,,,,,,,,,,,,,,,,,,,,,,,,,,,,,,,,,,,,,,,,,,,,,,,,,,,,,,,,,,,,,,,,,,,,,,,,,,,,,,,,,,,,,,,,,,,,,,,,,,,,,,,,,,0.6,10,-1.0,-1.0,-3.2817,,,,,,0.8,15,-1.0,-1.0,-0.575,0.2628,1.0957
PSTV,QQQ,11,23,45,,,,,,,,,,,,,,,,,,,,,,,,,,,,,,,,,,,,,,,,,,,,,,,,,,,,,,,,,,,,,,,,,,,,,,,,,,,,,,,,,,,,,,,,,,,,,,,,,,,,,,,,,,,,,,,0.6,10,-2.0,-2.0,1.3033,,,,,,0.2472,0.2368
PSUS,SPY,18,21,159,,,,,,,,,,,,,,,,,,,,,,,,,,,,,,,,,,,,,,,,,,,,,,,,,,,,,,,,,,,,,,,,,,0.6944,36,0.0,1.0,-0.1292,,,,,,0.6111,36,-1.0,-1.0,-0.1691,,,,,,,,,,,,,,,,,,,,,,,,,,0.6301,73,0.0,1.0,-0.1572,,,,,,0.6429,14,1.0,1.0,-0.2744,0.3335,0.3434
PSX,XLE,15,15,235,,,,,,,,,,,,,,,,,,,,,,,,,,,,,,,,,,,,,,,,,,,,,,,,,,,,,,,,,,,,,0.6613,62,-2.0,-1.0,0.2112,,,,,,,,,,,,,,,,,,,,,,,,,,,,,,,,,,,,0.7,10,-3.0,-3.0,0.1943,0.641,39,1.0,1.0,-0.1472,,,,,,,,,,,0.8976,1.1562
PTC,IGV,15,15,226,,,,,,,,,,,,,,,,,,,,,,,,,,,,,,,,,,,,,,,,,,,,,,,,,,,,,,,,,,,,,,,,,,0.6757,111,-2.0,0.0,-0.2471,0.6,10,-4.0,-4.0,0.4167,0.6308,65,-2.0,-1.0,-0.381,,,,,,,,,,,,,,,,,,,,,0.6,10,-4.0,-4.0,0.325,0.6585,41,-1.0,-1.0,-0.2604,,,,,,0.6184,76,-2.0,-1.0,-0.4781,0.7101,0.7252
PTEN,XLE,26,26,244,,,,,,,,,,,,,,,,,,,,,,,,,,,,,,,,,,,,,,,,,,,,,,,,,,,,,,,,,,,,,0.6897,29,2.0,2.0,0.272,0.6842,19,3.0,3.0,-0.23,0.6,30,2.0,2.0,0.7411,0.6308,65,-1.0,0.0,-0.5037,,,,,,,,,,,,,,,,,,,,,0.6364,22,2.0,2.0,0.3271,,,,,,,,,,,0.6316,57,-1.0,-1.0,-0.5294,0.8263,1.3658
PTIR,SPY,40,40,472,,,,,,,,,,,,,,,,,,,,,,,,,,,,,,,,,,,,,,,,,,,,,,0.65,20,0.0,0.0,-2.2,,,,,,0.6,15,-1.0,-1.0,-3.6856,0.6316,19,-5.0,-5.0,0.4458,0.6458,48,-3.0,-2.0,-0.4771,0.6667,12,-7.0,-7.0,1.09,0.7,10,6.0,6.0,-0.97,,,,,,,,,,,,,,,,,,,,,,,,,,0.64,25,1.0,1.0,-0.3394,,,,,,,,,,,0.0198,0.109
PTLO,XLY,15,16,201,,,,,,,,,,,,,,,,,,,,,,,,,,,,,,,,,,,,,,,,,,,,,,,,,,,,,,,,,,,,,,,,,,0.7143,42,-1.0,0.0,-0.3643,,,,,,0.6,25,-2.0,-2.0,-0.6753,,,,,,,,,,,,,,,,,,,,,,,,,,0.6452,155,-2.0,1.0,-0.3526,,,,,,,,,,,0.4588,0.45
PTON,SPY,32,32,249,,,,,,,,,,,0.625,16,-1.0,-1.0,1.61,,,,,,,,,,,,,,,,,,,,,,,,,,0.6667,12,-1.0,-1.0,1.2937,,,,,,0.6471,17,0.0,0.0,1.3164,,,,,,0.6842,19,-3.0,-3.0,0.3238,0.6154,26,-2.0,-2.0,-0.2387,,,,,,0.6154,65,-2.0,-1.0,-0.4642,,,,,,,,,,,,,,,,,,,,,,,,,,,,,,,,,,,,0.6,15,-2.0,-2.0,-0.5756,0.593,0.9782
PTRN,SPY,21,21,233,,,,,,,,,,,,,,,,,,,,,,,,,,,,,,,,,,,,,,,,,0.6364,11,0.0,0.0,1.1729,,,,,,0.6364,11,0.0,0.0,2.2614,,,,,,0.7209,43,2.0,4.0,0.3842,0.6545,55,-3.0,-1.0,-0.3647,0.625,32,0.0,0.0,0.624,0.6786,28,-3.0,-2.0,-0.6089,,,,,,,,,,,,,,,,,,,,,,,,,,0.6923,13,-2.0,-2.0,-0.2456,0.7143,14,1.0,1.0,0.946,,,,,,0.6543,0.9456
PTY,SPY,22,22,184,0.7059,17,0.0,0.0,0.2533,,,,,,0.625,16,0.0,0.0,0.353,,,,,,,,,,,,,,,,,,,,,,,,,,0.7273,11,0.0,0.0,0.2088,,,,,,0.7,10,0.0,0.0,0.2357,,,,,,,,,,,0.6486,148,-1.0,0.0,-0.0526,,,,,,,,,,,,,,,,,,,,,,,,,,,,,,,,,,,,0.7463,67,-2.0,-1.0,-0.0418,,,,,,0.6226,53,-1.0,-1.0,-0.0533,0.4779,0.1704
PUK,IBIT,32,32,227,,,,,,,,,,,,,,,,,,,,,,,,,,,,,,,,,,,,,,,,,,,,,,,,,,,,,,,,,,,,,,,,,,0.6532,124,-2.0,0.0,-0.124,0.6,40,1.0,1.0,0.3017,0.6364,11,-3.0,-3.0,-0.1543,,,,,,,,,,,,,,,,,,,,,0.7,10,2.0,2.0,0.12,0.6667,96,-2.0,0.0,-0.1389,0.6552,29,-3.0,-3.0,0.2795,0.6349,63,-2.0,-1.0,-0.2418,0.5474,0.2852
PULS,IWM,25,25,231,,,,,,,,,,,,,,,,0.65,20,0.0,0.0,-0.01,,,,,,,,,,,,,,,,,,,,,,,,,,0.8,10,-1.0,-1.0,-0.01,,,,,,0.7,10,-1.0,-1.0,-0.0114,,,,,,0.7578,223,-1.0,0.0,-0.0038,,,,,,0.7682,220,-1.0,0.0,-0.004,,,,,,,,,,,,,,,,,,,,,,,,,,0.7714,210,-2.0,1.0,-0.0039,,,,,,0.774,208,-2.0,1.0,-0.0042,0.1981,0.0065
PUMP,OIH,19,19,228,,,,,,,,,,,,,,,,,,,,,,,,,,,,,,,,,,,,,,,,,,,,,,,,,,,,,,,,,,,,,0.6531,49,0.0,1.0,0.3681,0.8462,26,-5.0,-4.0,-0.2618,0.7097,31,-1.0,-1.0,0.3895,0.6923,26,-5.0,-4.0,-0.7544,,,,,,,,,,,,,,,,,,,,,0.6667,21,-2.0,-2.0,0.3057,0.7714,35,-4.0,-3.0,-0.2848,0.6111,36,1.0,1.0,0.5427,0.8667,15,-3.0,-3.0,-0.6946,0.7887,1.4601
PURR,IBIT,40,40,395,,,,,,,,,,,,,,,,,,,,,,,,,,,,,,,,,,,,,,,,,,,,,,0.9,10,-1.0,-1.0,-1.5611,,,,,,0.7,10,-1.0,-1.0,-2.7057,0.64,25,1.0,1.0,0.5475,0.6824,85,-5.0,-2.0,-0.6479,,,,,,0.7083,24,-9.0,-8.0,-0.7535,,,,,,,,,,,,,,,,,,,,,0.7273,11,3.0,3.0,0.42,0.6916,107,-2.0,-1.0,-0.6846,0.6275,51,-3.0,-3.0,1.1678,0.68,100,-2.0,-1.0,-1.0206,0.7269,1.2007
PUSA,IWM,24,30,165,,,,,,,,,,,,,,,,,,,,,,,,,,,,,,,,,,,,,,,,,,,,,,,,,,,,,,,,0.6,10,-1.0,-1.0,-2.2467,,,,,,0.6,10,3.0,3.0,-1.0717,0.7,10,-6.0,-6.0,1.0429,,,,,,,,,,,,,,,,,,,,,,,,,,,,,,,,,,,,,,,,,0.7045,44,-1.0,-1.0,-1.5942,0.4248,1.0877
PWCM,IBIT,20,30,114,,,,,,,,,,,,,,,,,,,,,,,,,,,,,,,,,,,,,,,,,,,,,,,,,,,,,,,,,,,,,,,,,,0.6364,11,-15.0,-15.0,-0.8843,0.6429,14,-15.0,-15.0,3.0333,,,,,,,,,,,,,,,,,,,,,,,,,,,,,,,,,,,,,,,,,0.75,16,0.0,0.0,-4.7075,0.1791,0.3999
PWR,XLI,33,33,244,,,,,,,,,,,,,,,,,,,,,,,,,,,,,,,,,,,,,,,,,,,,,,,,,,,,,,,,,,,,,0.6,25,-3.0,-3.0,0.3013,0.6585,41,1.0,1.0,-0.2704,0.6,25,-4.0,-4.0,0.4387,0.6667,42,1.0,1.0,-0.3725,,,,,,,,,,,,,,,,,,,,,0.6486,74,-2.0,-1.0,0.2515,0.6512,43,1.0,1.0,-0.2564,0.6071,28,-2.0,-2.0,0.4641,0.6136,44,1.0,1.0,-0.407,0.7649,1.4699
PWRL,SPY,20,24,105,,,,,,,,,,,,,,,,,,,,,,,,,,,,,,,,,,,,,,,,,,,,,,0.6,10,-1.0,-1.0,-3.5183,,,,,,,,,,,,,,,,,,,,,,,,,,,,,,,,,,,,,,,,,,,,,,,,,,,,,,,,,,,,,,,,,,,,,,,0.4456,2.1933
PYPG,SPY,35,35,166,,,,,,0.7,10,0.0,0.0,-1.26,,,,,,,,,,,,,,,,,,,,,,,,,,,,,,,,,,,,,,,,,,,,,,,,,,,0.65,20,0.0,0.0,0.5269,0.8,10,1.0,1.0,-0.5188,0.6667,18,0.0,0.0,0.7008,,,,,,,,,,,,,,,,,,,,,,,,,,0.7273,11,-2.0,-2.0,0.3287,,,,,,,,,,,,,,,,0.2727,0.825
PYPL,XLF,40,40,361,0.6,15,-1.0,-1.0,0.9378,,,,,,0.7,30,-1.0,0.0,1.0529,,,,,,,,,,,,,,,,,,,,,,,,,,,,,,,,,,,,,,,,,,,,,,0.6,25,-4.0,-3.0,0.2153,0.6033,121,0.0,1.0,-0.1408,,,,,,0.6296,27,2.0,2.0,-0.3253,,,,,,,,,,,,,,,,,,,,,,,,,,,,,,,0.6,20,1.0,1.0,0.195,,,,,,0.5326,1.0469
PYXS,IWM,19,24,152,,,,,,,,,,,,,,,,,,,,,,,,,,,,,,,,,,,,,,,,,,,,,,,,,,,0.8,10,0.0,0.0,3.2525,,,,,,,,,,,0.75,12,15.0,15.0,-0.71,,,,,,0.6364,11,15.0,15.0,-1.5443,,,,,,,,,,,,,,,,,,,,,,,,,,0.6471,51,-1.0,-1.0,-0.6315,,,,,,0.6471,51,0.0,1.0,-1.3548,0.2547,0.3737
PZG,GDX,12,17,81,,,,,,,,,,,,,,,,,,,,,,,,,,,,,,,,,,,,,,,,,,,,,,,,,,,,,,,,,,,,,,,,,,0.68,25,-3.0,-2.0,-0.3471,,,,,,,,,,,,,,,,,,,,,,,,,,,,,,,,,,,,,,,,,,,,,,,,,,,0.6891,0.6283
PZZA,XLY,12,12,171,,,,,,,,,,,,,,,,,,,,,,,,,,,,,,,,,,,,,,,,,,,,,,,,,,,,,,,,,,,,,0.6154,13,2.0,2.0,0.2962,0.6591,44,-1.0,0.0,-0.2666,0.625,32,-3.0,-2.0,0.47,,,,,,,,,,,,,,,,,,,,,,,,,,,,,,,0.75,20,-2.0,-2.0,-0.2067,0.6353,85,-1.0,0.0,0.5102,0.65,20,1.0,1.0,-0.5154,0.1796,0.1512
Q,SPY,27,27,237,,,,,,,,,,,,,,,,,,,,,,,,,,,,,,,,,,,,,,,,,,,,,,0.6667,15,0.0,0.0,-1.279,,,,,,,,,,,0.6,20,-3.0,-3.0,0.3192,0.6667,18,-2.0,-2.0,-0.4775,0.6875,16,2.0,2.0,0.44,0.6842,19,1.0,1.0,-0.6738,,,,,,,,,,,,,,,,,,,,,,,,,,,,,,,0.6923,13,1.0,1.0,0.4044,0.6,15,-2.0,-2.0,-0.3622,0.7429,3.2763
QBTS,QQQ,40,40,582,,,,,,0.6364,11,-2.0,-2.0,-2.6643,,,,,,,,,,,,,,,,,,,,,,,,,,,,,,,,,,,,0.6667,12,0.0,0.0,-1.8163,,,,,,0.6667,12,0.0,0.0,-2.555,0.6,70,-1.0,-1.0,0.456,0.6923,13,4.0,4.0,-0.7844,0.6066,61,-5.0,-4.0,0.7857,0.6211,95,1.0,2.0,-0.7331,,,,,,,,,,,,,,,,,,,,,0.6,10,3.0,3.0,0.515,0.6,25,2.0,2.0,-0.262,,,,,,0.6374,91,-3.0,-2.0,-0.6919,0.7346,1.1342
QBTX,QQQ,40,40,344,,,,,,,,,,,,,,,,,,,,,,,,,,,,,,,,,,,,,,,,,,,,,,0.6364,11,0.0,0.0,-3.8343,,,,,,0.6364,11,0.0,0.0,-4.3271,0.7857,14,0.0,0.0,1.4018,0.7333,15,-3.0,-3.0,-0.9155,0.75,12,-7.0,-7.0,2.44,0.8462,13,8.0,8.0,-2.3273,,,,,,,,,,,,,,,,,,,,,,,,,,0.6226,53,-3.0,-2.0,-1.1027,,,,,,0.6,15,-3.0,-3.0,-2.1867,0.7503,2.3506
QBTZ,IWM,38,38,330,,,,,,,,,,,,,,,,,,,,,,,,,,,,,,,,,,,,,,,,,,,,,,,,,,,0.625,16,0.0,0.0,4.833,,,,,,0.6111,18,15.0,15.0,1.8082,0.6667,63,-5.0,-1.0,-1.0431,0.625,16,-3.0,-3.0,2.202,0.8,15,6.0,6.0,-1.88,,,,,,,,,,,,,,,,,,,,,,,,,,0.6111,54,1.0,1.0,-1.2527,,,,,,,,,,,-0.594,-2.9386
QCLS,QQQ,16,26,68,,,,,,,,,,,,,,,,,,,,,,,,,,,,,,,,,,,,,,,,,,,,,,,,,,,,,,,,,,,,,,,,,,,,,,,,,,,,,,,,,,,,,,,,,,,,,,,,,,,,,,,,,,,,,,,,,,,,0.7083,24,-1.0,0.0,-0.9188,0.6679,0.6509
QCML,QQQ,39,40,330,,,,,,,,,,,,,,,,,,,,,,,,,,,,,,,,,,,,,,,,,,,,,,,,,,,,,,,,,,,,,0.6667,27,7.0,8.0,0.9272,,,,,,0.8462,13,2.0,2.0,1.3518,0.7143,14,-1.0,-1.0,-0.932,,,,,,,,,,,,,,,,,,,,,0.6207,58,1.0,2.0,0.8075,0.6364,11,-3.0,-3.0,-0.8329,,,,,,0.6552,29,-2.0,-2.0,-1.1237,0.8309,3.444
QCMU,QQQ,32,36,119,,,,,,,,,,,,,,,,,,,,,,,,,,,,,,,,,,,,,,,,,,,,,,,,,,,0.6,10,0.0,0.0,3.7883,,,,,,,,,,,,,,,,,,,,,,,,,,,,,,,,,,,,,,,,,,,,,,0.6364,22,0.0,0.0,1.4329,,,,,,,,,,,0.6897,29,0.0,0.0,-1.201,0.8248,3.3746
QCOM,QQQ,40,40,570,,,,,,,,,,,,,,,,,,,,,,,,,,,,,,,,,,,,,,,,,,,,,,,,,,,,,,,,,,,,,0.6364,11,-5.0,-5.0,0.2086,0.75,12,-6.0,-6.0,-0.3911,0.6154,13,-5.0,-5.0,0.4988,0.6136,44,-1.0,-1.0,-0.3685,,,,,,,,,,,,,,,,,,,,,0.6265,83,1.0,1.0,0.3835,0.6111,18,-3.0,-3.0,-0.3555,,,,,,,,,,,0.8191,1.7188
QDEL,SPY,10,10,220,,,,,,,,,,,,,,,,,,,,,,,,,,,,,,,,,,,,,,,,,,,,,,,,,,,,,,,,,,,,,0.7273,11,-4.0,-4.0,0.38,0.6842,76,-1.0,1.0,-0.4535,,,,,,0.6154,39,-2.0,-1.0,-0.6342,,,,,,,,,,,,,,,,,,,,,,,,,,0.6154,13,1.0,1.0,-0.2963,0.6429,14,1.0,1.0,0.6256,0.6154,13,-2.0,-2.0,-0.3112,0.5292,1.262
QDTE,QQQ,36,36,236,,,,,,,,,,,,,,,,,,,,,,,,,,,,,,,,,,,,,,,,,,,,,,0.6,10,0.0,0.0,-0.3767,,,,,,0.6,10,0.0,0.0,-0.4367,0.65,40,0.0,0.0,0.0869,0.6842,19,-3.0,-3.0,-0.1031,0.64,25,1.0,1.0,0.1462,0.6216,37,-2.0,-2.0,-0.1343,,,,,,,,,,,,,,,,,,,,,0.6279,86,-1.0,0.0,0.125,0.6889,45,-3.0,-2.0,-0.1206,0.6071,56,-1.0,-1.0,0.2391,0.6667,33,-2.0,-2.0,-0.1791,0.9925,0.954
QDVO,SPY,18,22,112,,,,,,0.7,10,0.0,0.0,-0.2757,,,,,,0.8,10,0.0,0.0,-0.4362,,,,,,,,,,,,,,,,,,,,,,,,,,,,,,,,,,,,,,,,,,,,,,0.6129,31,-1.0,-1.0,-0.0711,0.6,40,0.0,0.0,0.1329,,,,,,,,,,,,,,,,,,,,,,,,,,,,,,,,,,,,,,,,,,,,,,0.8972,0.8676
QFIN,SPY,16,16,209,,,,,,,,,,,,,,,,,,,,,,,,,,,,,,,,,,,,,,,,,,,,,,,,,,,,,,,,,,,,,0.6154,13,-4.0,-4.0,0.17,0.6087,23,-3.0,-2.0,-0.32,0.7,10,-2.0,-2.0,0.8043,0.68,50,0.0,1.0,-0.5082,,,,,,,,,,,,,,,,,,,,,,,,,,0.6176,68,-1.0,-1.0,-0.3136,,,,,,0.6923,13,1.0,1.0,-0.5422,0.26,0.4141
QGEN,XLV,39,39,234,0.7308,26,-1.0,0.0,0.5889,,,,,,0.7333,15,-1.0,-1.0,0.8991,,,,,,,,,,,,,,,,,,,,,,,,,,,,,,,,,,,,,,,,,,,,,,,,,,,0.6731,52,1.0,3.0,-0.1429,0.6,10,3.0,3.0,1.24,0.7,10,2.0,2.0,-0.2157,,,,,,,,,,,,,,,,,,,,,,,,,,0.6296,54,1.0,2.0,-0.1409,,,,,,0.625,32,1.0,1.0,-0.154,0.6219,1.0304
QH,SPY,12,25,66,,,,,,,,,,,,,,,,,,,,,,,,,,,,,,,,,,,,,,,,,,,,,,,,,,,,,,,,,,,,,,,,,,0.8095,21,15.0,15.0,-444.7588,,,,,,0.6316,19,15.0,15.0,-519.2992,,,,,,,,,,,,,,,,,,,,,0.6,10,1.0,1.0,2.15,0.7568,37,-1.0,0.0,-270.3004,,,,,,0.7143,21,0.0,0.0,-416.6607,0.0976,1.5685
QID,IWM,40,40,436,,,,,,,,,,,,,,,,,,,,,,,,,,,,,,,,,,,,,,,,,,,,,,,,,,,0.6316,19,0.0,0.0,1.1425,,,,,,0.6,20,3.0,3.0,0.2208,0.6509,212,-5.0,0.0,-0.226,0.6875,16,3.0,3.0,0.4464,0.6458,48,-1.0,-1.0,-0.409,,,,,,,,,,,,,,,,,,,,,,,,,,0.7222,54,1.0,1.0,-0.2226,0.6667,27,-2.0,-2.0,0.3894,,,,,,-0.7678,-2.3456
QLD,QQQ,40,40,695,,,,,,,,,,,,,,,,,,,,,,,,,,,,,,,,,,,,,,,,,0.7,10,-1.0,-1.0,0.62,0.75,12,0.0,0.0,-0.4278,0.6,10,-1.0,-1.0,1.1433,0.6667,12,0.0,0.0,-0.915,0.625,104,0.0,0.0,0.176,0.6462,65,-3.0,-3.0,-0.2062,,,,,,0.6087,69,-3.0,-3.0,-0.2343,,,,,,,,,,,,,,,,,,,,,0.626,123,1.0,2.0,0.1617,0.627,126,-4.0,-2.0,-0.2362,,,,,,0.6337,101,-2.0,-2.0,-0.2961,0.9995,1.9962
QMCO,QQQ,38,38,225,,,,,,,,,,,,,,,,,,,,,,,,,,,,,,,,,,,,,,,,,0.75,12,-1.0,-1.0,4.6767,,,,,,0.6364,11,-1.0,-1.0,8.2729,,,,,,0.6154,13,1.0,1.0,1.0225,0.8182,11,3.0,3.0,-0.6667,,,,,,0.7273,33,-4.0,-3.0,-0.5979,,,,,,,,,,,,,,,,,,,,,,,,,,0.6087,23,-2.0,-2.0,-0.7857,,,,,,0.6562,32,-2.0,-2.0,-0.651,0.882,1.6648
QNC,QQQ,27,30,180,,,,,,,,,,,,,,,,,,,,,,,,,,,,,,,,,,,,,,,,,,,,,,,,,,,,,,,,,,,,,0.6957,23,-4.0,-4.0,0.5744,0.8125,16,-3.0,-3.0,-0.3846,0.7,10,-7.0,-7.0,0.6214,0.6923,39,-3.0,-1.0,-0.8367,,,,,,,,,,,,,,,,,,,,,,,,,,0.6,20,-2.0,-2.0,-0.3983,0.68,25,0.0,0.0,0.8676,0.6522,23,-2.0,-2.0,-0.6507,0.7437,1.252
QNCX,QQQ,16,19,70,,,,,,,,,,,,,,,,,,,,,,,,,,,,,,,,,,,,,,,,,,,,,,,,,,,,,,,,,,,,,,,,,,,,,,,,,,,,,,,,,,,,,,,,,,,,,,,,,,,,,,,,,,0.6207,29,-1.0,0.0,-0.7367,,,,,,0.6111,18,0.0,0.0,-2.37,0.1158,0.1117
QNDX,QQQ,13,14,70,,,,,,,,,,,,,,,,,,,,,,,,,,,,,,,,,,,,,,,,,,,,,,,,,,,,,,,,,,,,,,,,,,0.64,25,-2.0,-1.0,-0.0869,0.6154,13,-1.0,-1.0,0.2325,0.6471,17,-2.0,-2.0,-0.1718,,,,,,,,,,,,,,,,,,,,,,,,,,0.75,12,-2.0,-2.0,-0.0667,0.6364,11,-1.0,-1.0,0.2186,0.625,16,-2.0,-2.0,-0.181,0.9927,0.9594
QNT,IWM,32,32,237,,,,,,0.8,10,0.0,0.0,-2.295,,,,,,0.7,10,0.0,0.0,-2.1229,,,,,,,,,,,,,,,,,,,,,,,,,,0.8,15,0.0,0.0,-3.5642,,,,,,0.7333,15,0.0,0.0,-4.2845,0.7576,33,-3.0,-2.0,0.5236,,,,,,0.6957,46,-4.0,-2.0,1.1491,0.619,21,-1.0,-1.0,-1.2023,,,,,,,,,,,,,,,,,,,,,0.6176,34,1.0,1.0,0.7467,0.6667,12,-2.0,-2.0,-0.7262,,,,,,,,,,,0.8225,2.1192
QNTM,SPY,11,20,54,,,,,,,,,,,,,,,,,,,,,,,,,,,,,,,,,,,,,,,,,,,,,,,,,,,,,,,,,,,,,,,,,,,,,,,,,,,,,,,,,,,,,,,,,,,,,,,,,,,,,,,,,,,,,,,0.6667,18,0.0,0.0,2.3167,,,,,,0.4375,1.0844
QPUX,QQQ,28,32,72,,,,,,,,,,,,,,,,,,,,,,,,,,,,,,,,,,,,,,,,,,,,,,,,,,,,,,,,,,,,,,,,,,,,,,,,,,,,,,,,,,,,,,,,,,,,,,,,,,,,,0.7143,14,-1.0,-1.0,2.579,0.6923,13,0.0,0.0,-1.6,,,,,,,,,,,0.7066,2.0254
QQQ,QQQ,40,40,812,0.6364,11,-1.0,-1.0,0.3143,0.7692,13,0.0,0.0,-0.232,,,,,,0.6154,13,0.0,0.0,-0.475,,,,,,,,,,,,,,,,,,,,,0.7,10,-1.0,-1.0,0.3143,0.75,12,0.0,0.0,-0.2156,0.6,10,-1.0,-1.0,0.5733,0.6667,12,0.0,0.0,-0.475,0.7353,34,2.0,2.0,0.0584,0.6169,154,-3.0,-2.0,-0.0921,,,,,,,,,,,,,,,,,,,,,,,,,,,,,,,0.7353,34,2.0,2.0,0.0584,0.6358,162,-4.0,-2.0,-0.1038,,,,,,0.6,125,-2.0,-2.0,-0.1467,1.0,1.0
QQQI,QQQ,40,40,537,,,,,,0.625,16,0.0,0.0,-0.182,,,,,,,,,,,,,,,,,,,,,,,,,,,,,,,0.7,10,-1.0,-1.0,0.2471,0.75,12,0.0,0.0,-0.1722,0.6,10,-1.0,-1.0,0.5033,0.6667,12,0.0,0.0,-0.3838,,,,,,0.65,20,-3.0,-3.0,-0.1169,,,,,,,,,,,,,,,,,,,,,,,,,,,,,,,,,,,,0.7647,17,-3.0,-3.0,-0.1385,,,,,,0.6173,81,-2.0,-2.0,-0.1742,0.9927,0.8823
QQQM,QQQ,40,40,568,,,,,,0.75,12,0.0,0.0,-0.2256,,,,,,,,,,,,,,,,,,,,,,,,,,,,,,,0.6364,11,-1.0,-1.0,0.3114,0.7273,11,0.0,0.0,-0.21,,,,,,0.6364,11,0.0,0.0,-0.3857,0.6187,139,0.0,0.0,0.0862,0.6,25,-3.0,-3.0,-0.114,0.6,20,2.0,2.0,0.185,0.6173,81,-2.0,-2.0,-0.1568,,,,,,,,,,,,,,,,,,,,,0.6269,134,0.0,0.0,0.0863,0.6818,22,-3.0,-3.0,-0.1407,0.6316,19,2.0,2.0,0.185,0.6386,83,-2.0,-2.0,-0.1577,0.9989,0.9965
QQQY,QQQ,12,18,49,,,,,,,,,,,,,,,,,,,,,,,,,,,,,,,,,,,,,,,,,,,,,,,,,,,,,,,,,,,,,,,,,,0.7,10,0.0,0.0,-0.0743,0.6154,13,0.0,0.0,0.2488,,,,,,,,,,,,,,,,,,,,,,,,,,,,,,,,,,,,0.7,10,0.0,0.0,0.2857,,,,,,0.9792,0.785
QRVO,SOXX,11,12,221,,,,,,,,,,,,,,,,,,,,,,,,,,,,,,,,,,,,,,,,,,,,,,,,,,,,,,,,,,,,,,,,,,,,,,,0.6,20,-4.0,-4.0,0.295,0.6111,18,1.0,1.0,-0.4945,,,,,,,,,,,,,,,,,,,,,0.6,35,4.0,5.0,0.19,0.6923,13,-5.0,-5.0,-0.1667,0.6429,14,-5.0,-5.0,0.2444,0.8571,14,-4.0,-4.0,-0.2842,0.8978,0.3217
QS,QQQ,40,40,435,,,,,,,,,,,,,,,,,,,,,,,,,,,,,,,,,,,,,,,,,0.6,10,-1.0,-1.0,0.8617,,,,,,0.6,10,-1.0,-1.0,1.465,,,,,,0.6316,19,3.0,3.0,0.3983,0.6591,44,-5.0,-4.0,-0.5528,0.6111,18,-5.0,-5.0,0.8973,0.64,25,-7.0,-6.0,-0.405,,,,,,,,,,,,,,,,,,,,,0.6,60,1.0,1.0,0.9794,0.61,200,-1.0,0.0,-0.4609,0.619,21,2.0,2.0,0.8769,0.7333,15,-3.0,-3.0,-0.6082,0.8502,1.3931
QSI,IWM,40,40,275,,,,,,,,,,,,,,,,,,,,,,,,,,,,,,,,,,,,,,,,,,,,,,,,,,,,,,,,,,,,,0.7,20,-1.0,-1.0,0.6571,0.6444,45,0.0,1.0,-0.5945,,,,,,0.6056,71,-1.0,1.0,-0.7435,,,,,,,,,,,,,,,,,,,,,0.7059,17,-2.0,-2.0,0.6083,0.6,170,-1.0,0.0,-0.5368,,,,,,,,,,,0.6056,1.2272
QSU,SPY,11,18,34,,,,,,,,,,,,,,,,,,,,,,,,,,,,,,,,,,,,,,,,,,,,,,,,,,,,,,,,,,,,,,,,,,,,,,,,,,,,,,,,,,,,,,,,,,,,,,,,,,,,,0.6364,11,0.0,0.0,6.2986,,,,,,,,,,,,,,,,0.7759,6.1098
QTEX,SPY,40,40,621,,,,,,,,,,,,,,,,,,,,,,,,,,,,,,,,,,,,,,,,,,,,,,0.8,35,-1.0,0.0,-4.9914,,,,,,0.7429,35,-1.0,0.0,-6.6369,0.6471,17,-7.0,-7.0,0.7255,0.7,60,-1.0,0.0,-0.8779,,,,,,0.75,40,2.0,3.0,-1.3377,,,,,,,,,,,,,,,,,,,,,,,,,,0.7931,29,-2.0,-2.0,-1.1122,,,,,,0.6667,27,-2.0,-2.0,-2.1989,0.5637,8.5542
QTOP,QQQ,11,19,83,,,,,,,,,,,,,,,,,,,,,,,,,,,,,,,,,,,,,,,,,,,,,,,,,,,,,,,,,,,,,0.65,40,-1.0,1.0,0.1931,,,,,,0.6,20,-1.0,-1.0,0.2708,0.6154,13,0.0,0.0,-0.26,,,,,,,,,,,,,,,,,,,,,0.6512,43,-1.0,1.0,0.1979,,,,,,,,,,,,,,,,0.9956,1.1142
QTRX,IWM,15,16,164,,,,,,,,,,,,,,,,,,,,,,,,,,,,,,,,,,,,,,,,,,,,,,,,,,,,,,,,,,,,,0.65,20,0.0,0.0,0.87,0.6667,12,-1.0,-1.0,-0.4412,,,,,,,,,,,,,,,,,,,,,,,,,,,,,,,,,,,,0.6522,23,1.0,1.0,-0.6467,,,,,,0.62,50,-1.0,-1.0,-0.8061,0.6501,1.0031
QTTB,IWM,22,25,166,,,,,,,,,,,,,,,,,,,,,,,,,,,,,,,,,,,,,,,,,,,,,,,,,,,,,,,,,,,,,,,,,,0.7143,35,15.0,15.0,-3.7804,0.8,10,0.0,0.0,0.8012,0.6,10,-1.0,-1.0,-1.8933,,,,,,,,,,,,,,,,,,,,,,,,,,0.6167,60,-1.0,-1.0,-2.4597,,,,,,,,,,,0.2509,0.6063
QTUM,QQQ,35,37,235,,,,,,,,,,,,,,,,,,,,,,,,,,,,,,,,,,,,,,,,,,,,,,1.0,10,0.0,0.0,-0.701,,,,,,,,,,,0.7917,24,1.0,1.0,0.1747,,,,,,0.84,25,1.0,1.0,0.3895,0.6667,12,-4.0,-4.0,-0.2613,,,,,,,,,,,,,,,,,,,,,0.7333,30,1.0,1.0,0.1836,0.9,10,-3.0,-3.0,-0.2278,0.6543,81,0.0,1.0,0.3026,,,,,,0.9416,1.4607
QTWO,IGV,12,12,176,,,,,,,,,,,,,,,,,,,,,,,,,,,,,,,,,,,,,,,,,,,,,,,,,,,,,,,,,,,,,,,,,,0.6316,57,-1.0,1.0,-0.2792,0.6364,11,2.0,2.0,0.5957,0.6379,58,-1.0,1.0,-0.4854,,,,,,,,,,,,,,,,,,,,,0.65,20,2.0,3.0,0.3492,0.6667,30,-3.0,-2.0,-0.27,,,,,,0.76,25,-1.0,-1.0,-0.47,0.6863,0.9687
QUBT,QQQ,40,40,537,,,,,,,,,,,,,,,,,,,,,,,,,,,,,,,,,,,,,,,,,,,,,,,,,,,,,,,,0.7273,22,-1.0,0.0,-1.7981,0.75,16,-7.0,-7.0,0.6542,0.6,10,-8.0,-8.0,-0.33,0.7333,15,-7.0,-7.0,0.4836,0.7083,24,3.0,3.0,-0.6718,,,,,,,,,,,,,,,,,,,,,,,,,,0.7,20,-3.0,-3.0,-0.5136,,,,,,0.6111,18,-3.0,-3.0,-0.9082,0.6548,0.996
QUBX,QQQ,36,39,162,,,,,,,,,,,,,,,,,,,,,,,,,,,,,,,,,,,,,,,,,,,,,,,,,,,,,,,,,,,,,,,,,,,,,,,,,,,,,,,,,,,,,,,,,,,,,,,,,,,,,0.8095,21,1.0,1.0,1.3624,0.6296,27,0.0,0.0,-1.1953,0.6667,21,1.0,1.0,1.1493,,,,,,0.662,1.9898
QUCY,QQQ,34,39,285,,,,,,,,,,,,,,,,,,,,,,,,,,,,,,,,,,,,,,,,,,,,,,1.0,10,0.0,0.0,-5.447,,,,,,0.75,12,0.0,0.0,-5.6456,,,,,,0.6552,29,2.0,3.0,-0.7695,0.7,10,3.0,3.0,1.0786,0.64,25,1.0,2.0,-1.485,,,,,,,,,,,,,,,,,,,,,,,,,,0.6,40,1.0,1.0,-1.0279,,,,,,,,,,,0.2663,0.5488
QUIK,SMH,15,17,136,,,,,,,,,,,,,,,,,,,,,,,,,,,,,,,,,,,,,,,,,,,,,,,,,,,,,,,,,,,,,0.7,10,-3.0,-3.0,0.3657,,,,,,0.7273,11,-4.0,-4.0,0.735,,,,,,,,,,,,,,,,,,,,,,,,,,0.6923,13,3.0,3.0,0.7011,,,,,,0.8182,11,-2.0,-2.0,0.6233,0.6667,15,3.0,3.0,-0.833,0.9129,0.9783
QURE,XBI,28,28,221,,,,,,,,,,,,,,,,,,,,,,,,,,,,,,,,,,,,,,,,,,,,,,,,,,,,,,,,,,,,,0.6667,18,-4.0,-4.0,0.5167,,,,,,0.6667,18,-4.0,-4.0,0.6483,,,,,,,,,,,,,,,,,,,,,,,,,,0.7,20,-2.0,-2.0,0.4029,,,,,,0.619,21,-2.0,-2.0,0.7077,0.6296,27,-1.0,-1.0,-0.8365,0.6289,0.7456
QXL,QQQ,13,23,30,,,,,,,,,,,,,,,,,,,,,,,,,,,,,,,,,,,,,,,,,,,,,,,,,,,,,,,,,,,,,,,,,,,,,,,,,,,,,,,,,,,,,,,,,,,,,,,,,,,,,,,,,,,,,,,,,,,,,,,,,0.2761,0.7659
QXO,IWM,40,40,280,,,,,,,,,,,,,,,,0.7143,14,0.0,0.0,-1.477,,,,,,,,,,,,,,,,,,,,,,,,,,0.6429,14,-1.0,-1.0,-1.1922,,,,,,0.6364,33,-1.0,0.0,-1.6719,,,,,,0.6429,84,1.0,4.0,-0.4506,0.7,30,-1.0,-1.0,0.6352,0.6667,30,3.0,4.0,-0.85,,,,,,,,,,,,,,,,,,,,,,,,,,,,,,,,,,,,,,,,,0.729,1.3121
QYLD,QQQ,40,40,267,0.6471,17,-1.0,-1.0,0.16,,,,,,0.6667,36,-1.0,0.0,0.2142,,,,,,,,,,,,,,,,,,,,,,,,,,0.8333,12,-1.0,-1.0,0.15,,,,,,0.6957,23,-1.0,0.0,0.2225,,,,,,,,,,,,,,,,,,,,,,,,,,,,,,,,,,,,,,,,,,,,,,,,,,,0.6078,51,-3.0,-2.0,-0.0839,,,,,,,,,,,0.8959,0.5306
RAAQ,NONE,15,20,69,,,,,,,,,,,,,,,,,,,,,,,,,,,,,,,,,,,,,,,,,,,,,,,,,,,,,,,,,,,,,,,,,,0.619,21,-1.0,-1.0,-0.1969,,,,,,0.68,25,-1.0,-1.0,-0.3147,,,,,,,,,,,,,,,,,,,,,,,,,,,,,,,,,,,,,,,,,,
RACE,XLY,38,38,236,0.6154,13,0.0,0.0,0.6312,,,,,,,,,,,,,,,,,,,,,,,,,,,,,,,,,,,,,,,,,,,,,,,,,,,,,,,,,,,,,0.7143,14,2.0,2.0,-0.167,,,,,,0.6182,55,-2.0,-1.0,-0.2359,,,,,,,,,,,,,,,,,,,,,,,,,,0.6087,23,1.0,1.0,-0.1564,0.7273,11,-3.0,-3.0,0.2262,0.6667,24,-2.0,-2.0,-0.1913,0.5184,0.7714
RAM,QQQ,20,20,426,,,,,,,,,,,,,,,,,,,,,,,,,,,,,,,,,,,,,,,,,,,,,,,,,,,,,,,,,,,,,0.6061,33,15.0,15.0,0.738,0.6774,62,-7.0,-3.0,-0.8517,0.75,12,1.0,1.0,1.5556,0.9167,12,-5.0,-5.0,-1.4373,,,,,,,,,,,,,,,,,,,,,0.6429,14,2.0,2.0,0.58,0.6019,108,-1.0,-1.0,-0.8789,0.6154,13,2.0,2.0,0.585,,,,,,0.815,7.9191
RAMP,IGV,15,15,194,,,,,,,,,,,,,,,,0.6154,13,0.0,0.0,-0.1463,,,,,,,,,,,,,,,,,,,,,,,,,,,,,,,,,,,,,,,,,,,,,,,,,,,,,,,,0.6034,174,-1.0,0.0,-0.0566,,,,,,,,,,,,,,,,,,,,,0.6667,27,-2.0,-2.0,0.045,0.7391,23,1.0,2.0,-0.0324,0.7273,11,-4.0,-4.0,0.025,0.7778,27,1.0,2.0,-0.0429,0.5028,0.0752
RANI,IWM,25,28,132,,,,,,,,,,,,,,,,,,,,,,,,,,,,,,,,,,,,,,,,,,,,,,,,,,,,,,,,0.8182,11,0.0,0.0,-1.9722,0.6562,32,-1.0,0.0,0.6267,,,,,,,,,,,,,,,,,,,,,,,,,,,,,,,,,,,,0.697,33,0.0,0.0,0.7522,,,,,,0.7083,24,0.0,0.0,0.7735,0.6667,33,-1.0,-1.0,-0.8759,0.2902,0.7969
RARE,XBI,24,24,226,0.6667,12,0.0,0.0,1.385,,,,,,,,,,,,,,,,,,,,,,,,,,,,,,,,,,,,,,,,,,,,,,,,,,,,,,,,0.75,12,-3.0,-3.0,0.2678,0.6622,74,-1.0,1.0,-0.2588,0.6364,11,-3.0,-3.0,0.6743,0.72,25,0.0,0.0,-0.4172,,,,,,,,,,,,,,,,,,,,,,,,,,0.7097,31,2.0,3.0,-0.34,0.7,10,-4.0,-4.0,0.4043,0.6222,45,1.0,1.0,-0.4768,0.7552,0.9844
RBBN,QQQ,14,16,158,,,,,,,,,,,,,,,,,,,,,,,,,,,,,,,,,,,,,,,,,,,,,,,,,,,,,,,,,,,,,,,,,,0.6615,65,-2.0,1.0,-0.3909,,,,,,0.72,25,0.0,1.0,-0.6178,,,,,,,,,,,,,,,,,,,,,,,,,,0.6056,71,-1.0,0.0,-0.3486,,,,,,0.7083,24,0.0,0.0,-0.36,0.7432,0.6262
RBLU,SPY,18,30,52,,,,,,,,,,,,,,,,,,,,,,,,,,,,,,,,,,,,,,,,,,,,,,0.6364,11,0.0,0.0,-3.5357,,,,,,0.6,10,0.0,0.0,-3.0017,,,,,,,,,,,,,,,,,,,,,,,,,,,,,,,,,,,,,,,,,,,,,,0.6897,29,-1.0,0.0,-0.8235,,,,,,0.6667,18,0.0,0.0,-0.9725,0.4794,1.7692
RBLX,SPY,40,40,295,0.6,10,0.0,0.0,1.5,,,,,,0.6,10,0.0,0.0,2.59,,,,,,,,,,,,,,,,,,,,,,,,,,0.6,15,-1.0,-1.0,1.3111,,,,,,,,,,,0.6,15,-1.0,-1.0,-2.1544,,,,,,0.6471,17,2.0,2.0,-0.3045,0.6522,23,-2.0,-2.0,0.66,0.6452,31,2.0,3.0,-0.5975,,,,,,,,,,,,,,,,,,,,,,,,,,,,,,,,,,,,0.8235,17,-2.0,-2.0,-0.4629,0.4662,1.0163
RBNE,XLI,19,35,119,,,,,,,,,,,,,,,,,,,,,,,,,,,,,,,,,,,,,,,,,,,,,,,,,,,,,,,,,,,,,,,,,,,,,,,0.6,10,-1.0,-1.0,1.6383,0.75,16,-15.0,-15.0,-1.8875,,,,,,,,,,,,,,,,,,,,,,,,,,0.6765,34,0.0,1.0,-1.1578,,,,,,0.6667,15,1.0,1.0,-4.843,0.2544,0.6014
RBRK,IGV,39,39,267,,,,,,,,,,,,,,,,,,,,,,,,,,,,,,,,,,,,,,,,,,,,,,,,,,,,,,,,,,,,,0.6739,46,-3.0,-2.0,0.3671,0.6724,58,1.0,3.0,-0.4059,0.75,12,4.0,4.0,0.37,0.6136,44,1.0,2.0,-0.5437,,,,,,,,,,,,,,,,,,,,,0.6571,35,-2.0,-2.0,0.357,,,,,,0.6486,37,1.0,2.0,0.4642,0.6842,19,-3.0,-3.0,-0.3992,0.7903,0.9936
RC,IBIT,20,21,213,,,,,,,,,,,,,,,,,,,,,,,,,,,,,,,,,,,,,,,,,,,,,,,,,,,,,,,,,,,,,,,,,,0.6891,119,-2.0,2.0,-0.3357,,,,,,0.7167,60,-3.0,-1.0,-0.483,,,,,,,,,,,,,,,,,,,,,,,,,,0.7049,61,-4.0,-2.0,-0.3105,,,,,,0.7288,59,-2.0,-1.0,-0.4453,0.2924,0.1352
RCAT,IWM,40,40,450,,,,,,,,,,,,,,,,,,,,,,,,,,,,,,,,,,,,,,,,,,,,,,0.6316,19,0.0,0.0,-2.3058,,,,,,0.6842,19,0.0,0.0,-3.3269,0.6667,36,1.0,1.0,0.4733,0.6552,29,2.0,2.0,-0.4689,0.75,16,6.0,6.0,1.0117,0.619,21,-4.0,-4.0,-0.9062,,,,,,,,,,,,,,,,,,,,,,,,,,,,,,,,,,,,,,,,,0.5785,1.8454
RCAX,QQQ,38,39,168,,,,,,,,,,,,,,,,,,,,,,,,,,,,,,,,,,,,,,,,,,,,,,0.6667,21,-1.0,0.0,-4.6914,,,,,,0.7,10,0.0,0.0,-5.9557,,,,,,,,,,,0.7647,17,15.0,15.0,3.5854,0.6842,19,-15.0,-15.0,-1.4869,,,,,,,,,,,,,,,,,,,,,0.6341,41,-1.0,-1.0,2.1115,0.6667,15,-2.0,-2.0,-1.321,0.6053,38,-1.0,-1.0,2.9757,0.6364,11,-2.0,-2.0,-1.3129,0.6591,2.8906
RCKT,XBI,25,25,224,,,,,,,,,,,,,,,,,,,,,,,,,,,,,,,,,,,,,,,,,,,,,,,,,,,,,,,,,,,,,0.6154,13,-4.0,-4.0,0.365,0.6434,143,-2.0,3.0,-0.3805,,,,,,0.7,10,3.0,3.0,-0.6543,,,,,,,,,,,,,,,,,,,,,,,,,,0.6833,60,1.0,2.0,-0.5417,,,,,,0.6279,43,-2.0,-1.0,-0.7015,0.6846,0.7424
RCL,XLY,40,40,267,,,,,,0.6429,14,0.0,0.0,-0.6811,0.6667,12,-1.0,-1.0,0.845,0.6429,14,0.0,0.0,-1.2422,,,,,,,,,,,,,,,,,,,,,,,,,,,,,,,,,,,,,,,,,,,,,,0.6327,49,1.0,2.0,-0.221,0.6154,13,-4.0,-4.0,0.3075,0.7,20,-3.0,-3.0,-0.3529,,,,,,,,,,,,,,,,,,,,,,,,,,0.625,32,1.0,1.0,-0.2825,,,,,,,,,,,0.6983,0.9813
RCT,IWM,23,34,164,,,,,,,,,,,,,,,,,,,,,,,,,,,,,,,,,,,,,,,,,,,,,,,,,,,0.6923,13,0.0,0.0,4.6933,,,,,,0.6667,27,-15.0,-15.0,1.8644,0.6364,22,15.0,15.0,-4.4707,0.6071,28,-15.0,-15.0,1.2829,0.6,10,-2.0,-2.0,-2.07,,,,,,,,,,,,,,,,,,,,,,,,,,,,,,,,,,,,,,,,,0.1549,0.9147
RCUS,XBI,12,12,197,,,,,,,,,,,,,,,,,,,,,,,,,,,,,,,,,,,,,,,,,,,,,,,,,,,,,,,,,,,,,0.75,20,-1.0,-1.0,0.334,0.6667,27,0.0,0.0,-0.4511,0.6,10,2.0,2.0,0.575,,,,,,,,,,,,,,,,,,,,,,,,,,0.7,20,-1.0,-1.0,0.5893,0.6047,43,0.0,0.0,-0.2542,0.619,21,-1.0,-1.0,0.5623,0.65,20,-4.0,-3.0,-0.6077,0.6768,0.9891
RDDT,SPY,40,40,318,,,,,,,,,,,0.6364,11,0.0,0.0,2.0071,0.6154,13,-1.0,-1.0,-2.1425,,,,,,,,,,,,,,,,,,,,,,,,,,0.6,20,0.0,0.0,-2.2458,,,,,,0.6,20,0.0,0.0,-2.1783,0.7692,13,2.0,2.0,0.396,0.7407,27,-2.0,-2.0,-0.382,0.6667,18,-4.0,-4.0,1.0067,0.6176,34,-2.0,-2.0,-0.7314,,,,,,,,,,,,,,,,,,,,,,,,,,0.6471,17,-2.0,-2.0,-0.4845,,,,,,0.7222,18,-2.0,-2.0,-0.8254,0.1971,0.4891
RDGT,SPY,24,39,194,,,,,,,,,,,,,,,,,,,,,,,,,,,,,,,,,,,,,,,,,0.6667,12,0.0,0.0,3.48,,,,,,,,,,,,,,,,0.6,10,0.0,0.0,1.2367,0.8462,13,-6.0,-6.0,-1.2309,,,,,,0.6667,33,15.0,15.0,-4.9718,,,,,,,,,,,,,,,,,,,,,,,,,,0.62,50,-1.0,-1.0,-1.8074,,,,,,0.6364,44,-1.0,-1.0,-2.2807,0.3877,3.0684
RDTL,SPY,39,39,170,,,,,,,,,,,,,,,,,,,,,,,,,,,,,,,,,,,,,,,,,,,,,,0.7,20,0.0,0.0,-3.8679,,,,,,0.6154,13,-1.0,-1.0,-3.7012,0.7,10,1.0,1.0,1.0871,,,,,,,,,,,,,,,,,,,,,,,,,,,,,,,,,,,,,,,,,0.6,10,1.0,1.0,-0.95,,,,,,,,,,,0.2963,1.476
RDW,ITA,40,40,682,,,,,,,,,,,,,,,,,,,,,,,,,,,,,,,,,,,,,,,,,,,,,,,,,,,,,,,,,,,,,0.6333,30,15.0,15.0,1.5063,0.625,48,5.0,7.0,-0.8223,0.7667,30,15.0,15.0,1.7796,0.6552,29,-3.0,-3.0,-0.7026,,,,,,,,,,,,,,,,,,,,,0.6842,38,1.0,1.0,0.9012,,,,,,0.6053,38,1.0,1.0,1.2004,0.6667,33,-2.0,-2.0,-1.0318,0.5757,2.9059
RDWU,IWM,40,40,484,,,,,,,,,,,,,,,,,,,,,,,,,,,,,,,,,,,,,,,,,,,,,,0.6667,18,0.0,0.0,-6.0317,,,,,,0.6429,14,-1.0,-1.0,-7.4333,0.6176,34,0.0,1.0,1.1881,0.6154,13,-1.0,-1.0,-0.9663,0.6038,53,15.0,15.0,3.3241,0.6389,36,1.0,2.0,-1.5396,,,,,,,,,,,,,,,,,,,,,,,,,,,,,,,,,,,,0.65,20,-2.0,-2.0,-1.6862,0.4303,3.8044
RDY,IBB,10,10,220,,,,,,,,,,,,,,,,,,,,,,,,,,,,,,,,,,,,,,,,,,,,,,,,,,,,,,,,,,,,,,,,,,0.7045,88,-1.0,0.0,-0.089,,,,,,0.6552,87,-1.0,0.0,-0.1621,,,,,,,,,,,,,,,,,,,,,,,,,,0.6814,113,0.0,2.0,-0.1126,,,,,,0.6308,65,-2.0,-1.0,-0.2434,0.3659,0.5366
RDZN,SPY,29,34,148,,,,,,,,,,,,,,,,,,,,,,,,,,,,,,,,,,,,,,,,,,,,,,0.8462,26,-1.0,0.0,-1.8041,,,,,,0.6667,15,0.0,0.0,-3.432,,,,,,0.7115,52,-2.0,1.0,-0.4381,0.6154,13,0.0,0.0,0.985,0.75,16,1.0,1.0,-1.0667,,,,,,,,,,,,,,,,,,,,,,,,,,0.7308,52,-2.0,-1.0,-0.5618,,,,,,0.7073,41,-1.0,-1.0,-0.9603,0.4793,1.2232
REAL,IWM,31,31,239,,,,,,,,,,,,,,,,,,,,,,,,,,,,,,,,,,,,,,,,,,,,,,,,,,,0.6923,13,0.0,0.0,1.5222,,,,,,,,,,,0.625,72,0.0,1.0,-0.3551,,,,,,0.6667,63,-1.0,0.0,-0.5071,,,,,,,,,,,,,,,,,,,,,0.6471,17,-2.0,-2.0,0.3964,0.6087,69,0.0,0.0,-0.4502,,,,,,0.6149,174,-2.0,0.0,-0.6172,0.6795,1.3857
REAX,VNQ,34,34,228,,,,,,0.6364,11,1.0,1.0,-2.0029,0.6667,12,0.0,0.0,2.5325,0.6364,11,1.0,1.0,-1.8029,,,,,,,,,,,,,,,,,,,,,,,,,,,,,,,,,,,,,,,,,0.9,10,-5.0,-5.0,0.6467,0.68,100,0.0,4.0,-0.3159,0.6154,26,1.0,1.0,0.7856,0.75,24,-4.0,-3.0,-0.6522,,,,,,,,,,,,,,,,,,,,,,,,,,0.65,180,-1.0,1.0,-0.3766,,,,,,0.6935,62,-1.0,-1.0,-0.7453,0.3124,0.6973
REGN,IBB,14,14,233,,,,,,,,,,,,,,,,,,,,,,,,,,,,,,,,,,,,,,,,,,,,,,,,,,,,,,,,,,,,,,,,,,,,,,,,,,,,0.6923,26,1.0,1.0,-0.1867,,,,,,,,,,,,,,,,,,,,,0.619,21,-2.0,-2.0,0.0869,0.641,39,1.0,1.0,-0.1088,,,,,,0.6923,26,2.0,2.0,-0.2672,0.4723,0.5354
REI,XLE,34,35,244,,,,,,,,,,,,,,,,0.75,12,0.0,0.0,-0.9911,,,,,,,,,,,,,,,,,,,,,,,,,,,,,,,,,,,,,,,,,,,,,,0.7121,198,-5.0,3.0,-0.2149,,,,,,0.7448,145,-5.0,1.0,-0.4412,,,,,,,,,,,,,,,,,,,,,,,,,,0.7215,219,-3.0,2.0,-0.2215,0.6,10,-3.0,-3.0,0.4733,0.7368,152,-2.0,0.0,-0.4547,0.7212,1.2374
REKR,IWM,38,39,242,,,,,,,,,,,,,,,,,,,,,,,,,,,,,,,,,,,,,,,,,,,,,,,,,,,,,,,,0.6111,18,0.0,0.0,-1.4445,,,,,,0.6471,17,0.0,0.0,-0.6336,0.6087,23,-5.0,-4.0,0.4664,0.6316,19,-3.0,-3.0,-0.4817,,,,,,,,,,,,,,,,,,,,,0.6429,14,-2.0,-2.0,0.5378,,,,,,,,,,,,,,,,0.4201,0.7327
RELX,SPY,39,39,271,0.7,10,-2.0,-2.0,0.93,0.6154,13,0.0,0.0,-0.545,,,,,,,,,,,,,,,,,,,,,,,,,,,,,,,,,,,,,,,,,0.6,20,0.0,0.0,0.9092,,,,,,0.6667,12,-4.0,-4.0,0.1375,0.625,32,1.0,1.0,-0.1075,0.6471,34,-4.0,-3.0,0.1714,0.6667,33,1.0,1.0,-0.2764,,,,,,,,,,,,,,,,,,,,,0.6,15,-2.0,-2.0,0.0856,0.6875,16,1.0,1.0,-0.1555,,,,,,0.6875,16,1.0,1.0,-0.1773,-0.3036,-0.8755
RELY,SPY,25,25,234,,,,,,0.6364,11,0.0,0.0,-0.6529,0.7273,11,0.0,0.0,1.3187,,,,,,,,,,,,,,,,,,,,,,,,,,,,,,,0.7692,13,0.0,0.0,-0.749,0.6154,13,0.0,0.0,1.0487,0.6364,11,-1.0,-1.0,-1.5386,0.6087,23,-5.0,-4.0,0.1914,0.6364,11,4.0,4.0,-0.2729,0.6538,26,2.0,2.0,0.4494,0.6047,43,0.0,0.0,-0.3927,,,,,,,,,,,,,,,,,,,,,,,,,,0.6154,13,1.0,1.0,-0.1638,,,,,,0.7333,15,-2.0,-2.0,-0.4591,0.5517,0.7089
REMX,QQQ,30,31,216,,,,,,,,,,,,,,,,,,,,,,,,,,,,,,,,,,,,,,,,,,,,,,0.6,10,0.0,0.0,-0.645,,,,,,,,,,,0.75,16,1.0,1.0,0.23,0.7222,18,0.0,0.0,-0.1731,0.6667,15,1.0,1.0,0.426,0.6522,23,-3.0,-3.0,-0.334,,,,,,,,,,,,,,,,,,,,,0.6104,77,0.0,1.0,0.1809,0.6,10,-3.0,-3.0,-0.145,0.6829,41,0.0,0.0,0.35,0.6,50,-1.0,-1.0,-0.3827,0.6122,0.9667
RENX,IWM,11,24,26,,,,,,,,,,,,,,,,,,,,,,,,,,,,,,,,,,,,,,,,,,,,,,,,,,,,,,,,,,,,,,,,,,,,,,,,,,,,,,,,,,,,,,,,,,,,,,,,,,,,,,,,,,,,,,,,,,,,,,,,,0.3881,0.6792
REPL,XBI,32,32,261,,,,,,,,,,,,,,,,,,,,,,,,,,,,,,,,,,,,,,,,,,,,,,,,,,,,,,,,,,,,,0.6429,14,15.0,15.0,3.9744,0.625,16,2.0,2.0,-0.578,0.6429,14,15.0,15.0,5.2267,0.6667,15,-3.0,-3.0,-1.343,,,,,,,,,,,,,,,,,,,,,0.6364,22,-2.0,-2.0,0.3571,0.619,21,2.0,2.0,-0.4869,0.6,10,-3.0,-3.0,0.5283,,,,,,0.2507,0.5767
RERE,SPY,13,14,172,,,,,,,,,,,,,,,,,,,,,,,,,,,,,,,,,,,,,,,,,,,,,,,,,,,,,,,,,,,,,,,,,,0.76,75,-1.0,2.0,-0.2649,,,,,,0.7255,51,0.0,2.0,-0.4127,,,,,,,,,,,,,,,,,,,,,,,,,,0.6934,137,-1.0,1.0,-0.2292,0.6,10,1.0,1.0,0.3017,0.7031,128,-1.0,0.0,-0.3917,0.2996,0.5467
RETL,IWM,19,19,173,,,,,,,,,,,,,,,,,,,,,,,,,,,,,,,,,,,,,,,,,,,,,,,,,,,,,,,,,,,,,,,,,,0.6842,19,-1.0,-1.0,-0.4192,0.6154,13,2.0,2.0,1.2375,0.6286,35,-2.0,-1.0,-0.6386,,,,,,,,,,,,,,,,,,,,,0.75,12,-2.0,-2.0,0.3422,0.6604,53,-1.0,-1.0,-0.332,0.6,10,-2.0,-2.0,0.715,,,,,,0.5111,0.9579
RF,KRE,18,18,238,0.6,10,0.0,0.0,0.46,,,,,,,,,,,,,,,,,,,,,,,,,,,,,,,,,,,,,,,,,,,,,,,,,,,,,,,,,,,,,,,,,,0.6364,11,-3.0,-3.0,0.21,,,,,,,,,,,,,,,,,,,,,,,,,,0.6429,14,2.0,2.0,0.1722,0.7179,39,1.0,1.0,-0.0979,0.6154,13,2.0,2.0,0.1638,,,,,,0.8248,0.9686
RFIL,QQQ,14,21,115,,,,,,,,,,,,,,,,,,,,,,,,,,,,,,,,,,,,,,,,,,,,,,,,,,,,,,,,,,,,,,,,,,,,,,,,,,,,,,,,,,,,,,,,,,,,,,,,,,,,,,,,,,0.7368,19,0.0,0.0,-0.8121,0.6,20,-1.0,-1.0,1.4283,0.6842,19,-2.0,-2.0,-0.7569,0.6991,1.5239
RGC,SPY,18,23,111,,,,,,,,,,,,,,,,,,,,,,,,,,,,,,,,,,,,,,,,,,,,,,,,,,,,,,,,,,,,,,,,,,,,,,,,,,,,,,,,,,,,,,,,,,,,,,,,,,,,,,,,,,0.6562,32,-1.0,-1.0,-1.7643,,,,,,0.6538,78,-1.0,0.0,-2.0839,0.1211,0.2547
RGLD,GDX,27,27,233,,,,,,,,,,,,,,,,,,,,,,,,,,,,,,,,,,,,,,,,,,,,,,,,,,,,,,,,,,,,,0.7027,37,1.0,1.0,0.2377,0.6111,36,-2.0,-2.0,-0.3073,0.625,40,1.0,1.0,0.4256,,,,,,,,,,,,,,,,,,,,,,,,,,0.6667,54,1.0,2.0,0.1967,0.6216,37,-1.0,0.0,-0.2352,0.6667,75,0.0,2.0,0.4346,0.7368,19,-2.0,-2.0,-0.3771,0.9545,0.6816
RGNT,SPY,22,32,159,,,,,,,,,,,,,,,,,,,,,,,,,,,,,,,,,,,,,,,,,,,,,,0.6364,11,0.0,0.0,-3.2671,,,,,,,,,,,,,,,,,,,,,,,,,,0.6585,41,15.0,15.0,-21.1441,,,,,,,,,,,,,,,,,,,,,,,,,,0.7083,48,0.0,0.0,-6.4791,,,,,,0.6735,49,-1.0,-1.0,-4.4709,0.3003,2.043
RGNX,XBI,28,28,227,,,,,,,,,,,,,,,,,,,,,,,,,,,,,,,,,,,,,,,,,,,,,,,,,,,,,,,,,,,,,0.6875,16,0.0,0.0,0.6564,0.7586,29,2.0,3.0,-0.5432,0.6667,15,0.0,0.0,0.944,0.6226,53,1.0,3.0,-0.7206,,,,,,,,,,,,,,,,,,,,,,,,,,0.6441,59,1.0,2.0,-0.6613,,,,,,0.8182,11,-3.0,-3.0,-1.83,0.678,1.415
RGTI,QQQ,40,40,670,,,,,,0.6,10,-2.0,-2.0,-2.6917,,,,,,,,,,,,,,,,,,,,,,,,,,,,,,,,,,,,,,,,,,,,,,,,,,,,,,,,0.65,80,-1.0,-1.0,-0.3163,0.6341,82,-4.0,-3.0,0.6862,0.6579,76,-1.0,-1.0,-0.5904,,,,,,,,,,,,,,,,,,,,,,,,,,0.6018,113,-3.0,-2.0,-0.4431,,,,,,0.6364,22,-3.0,-3.0,-0.9993,0.7397,1.2738
RGTU,QQQ,25,33,94,,,,,,,,,,,,,,,,,,,,,,,,,,,,,,,,,,,,,,,,,,,,,,,,,,,,,,,,,,,,,,,,,,,,,,,,,,,,0.6,10,-15.0,-15.0,-1.2317,,,,,,,,,,,,,,,,,,,,,0.65,20,-1.0,-1.0,2.2923,,,,,,0.625,24,-1.0,-1.0,2.234,,,,,,0.7214,2.5599
RGTX,QQQ,40,40,425,,,,,,,,,,,,,,,,,,,,,,,,,,,,,,,,,,,,,,,,,,,,,,,,,,,,,,,,,,,,,0.75,16,-6.0,-6.0,1.0225,0.7429,35,2.0,3.0,-0.8792,0.7083,24,-7.0,-6.0,1.5253,0.7778,18,3.0,3.0,-1.7457,,,,,,,,,,,,,,,,,,,,,0.6316,57,1.0,1.0,1.1183,0.6154,13,-3.0,-3.0,-1.5813,,,,,,0.8333,12,-3.0,-3.0,-2.482,0.7307,2.5617
RGTZ,IWM,40,40,537,,,,,,,,,,,,,,,,,,,,,,,,,,,,,,,,,,,,,,,,,,,,,,0.6111,18,0.0,0.0,-3.1109,,,,,,,,,,,0.6857,35,-6.0,-5.0,0.94,0.6842,38,0.0,0.0,-0.9512,0.6818,22,1.0,1.0,1.426,0.6629,89,3.0,7.0,-1.4983,,,,,,,,,,,,,,,,,,,,,,,,,,,,,,,,,,,,,,,,,-0.5335,-3.3297
RH,XLY,12,13,182,,,,,,,,,,,,,,,,,,,,,,,,,,,,,,,,,,,,,,,,,,,,,,,,,,,,,,,,,,,,,0.6486,37,-1.0,0.0,0.4571,0.7778,18,1.0,1.0,-0.4814,0.6667,18,-1.0,-1.0,0.61,0.8421,19,-2.0,-2.0,-0.5712,,,,,,,,,,,,,,,,,,,,,0.7,40,0.0,0.0,0.4939,0.6604,53,-1.0,-1.0,-0.4457,,,,,,0.6531,49,-1.0,-1.0,-0.6084,0.5861,0.9551
RIG,XLE,40,40,280,0.6154,13,0.0,0.0,0.9312,,,,,,,,,,,,,,,,,,,,,,,,,,,,,,,,,,,,,,,,,,,,,,,,,,,,,,,,,,,,,0.6735,49,-5.0,-3.0,-0.1794,,,,,,0.6875,32,1.0,1.0,-0.4723,,,,,,,,,,,,,,,,,,,,,,,,,,0.6522,23,2.0,2.0,-0.288,0.7273,11,-3.0,-3.0,0.3263,0.6224,98,-2.0,-1.0,-0.4492,0.8019,1.1278
RILY,SPY,16,17,158,,,,,,,,,,,,,,,,,,,,,,,,,,,,,,,,,,,,,,,,,,,,,,,,,,,0.7,10,0.0,0.0,2.3071,,,,,,,,,,,0.7059,34,-2.0,0.0,-0.4892,0.6429,14,-1.0,-1.0,1.0944,0.625,16,0.0,0.0,-0.597,,,,,,,,,,,,,,,,,,,,,,,,,,0.6512,43,-1.0,-1.0,-0.4532,,,,,,,,,,,0.7748,1.6818
RIME,IWM,10,26,39,,,,,,,,,,,,,,,,,,,,,,,,,,,,,,,,,,,,,,,,,,,,,,,,,,,,,,,,,,,,,,,,,,,,,,,,,,,,,,,,,,,,,,,,,,,,,,,,,,,,,,,,,,,,,,,,,,,,,,,,,0.2865,0.7835
RING,IWM,12,12,163,,,,,,,,,,,,,,,,,,,,,,,,,,,,,,,,,,,,,,,,,,,,,,,,,,,,,,,,,,,,,0.7273,11,1.0,1.0,0.5575,0.6316,19,2.0,2.0,-0.4092,0.6,20,2.0,2.0,0.3975,0.9,10,-1.0,-1.0,-0.1267,,,,,,,,,,,,,,,,,,,,,,,,,,0.7561,41,0.0,0.0,-0.1774,,,,,,0.6176,68,0.0,1.0,-0.3976,0.5507,1.5012
RIO,XLB,40,40,327,0.6,10,-2.0,-2.0,0.4133,,,,,,0.6,10,-2.0,-2.0,0.2817,,,,,,,,,,,,,,,,,,,,,,,,,,,,,,,,,,,,,,,,,,,,,,0.6364,22,-4.0,-4.0,0.1536,0.6061,33,1.0,1.0,-0.115,0.6364,22,-4.0,-4.0,0.19,0.6222,45,-2.0,-2.0,-0.2329,,,,,,,,,,,,,,,,,,,,,0.7273,11,-3.0,-3.0,0.1712,,,,,,0.7273,11,-3.0,-3.0,0.2388,0.6275,51,1.0,1.0,-0.1462,0.5937,1.4641
RIOT,SPY,40,40,359,,,,,,,,,,,,,,,,,,,,,,,,,,,,,,,,,,,,,,,,,0.6429,14,-1.0,-1.0,2.4511,0.7619,21,0.0,0.0,-1.7112,0.7143,14,-1.0,-1.0,3.095,,,,,,0.6071,28,-2.0,-2.0,0.3459,0.7083,48,-4.0,-3.0,-0.3879,0.6667,21,4.0,4.0,0.7664,,,,,,,,,,,,,,,,,,,,,,,,,,,,,,,0.7059,17,1.0,1.0,-0.3942,0.6667,21,1.0,1.0,0.4043,,,,,,0.7284,3.2233
RIOX,QQQ,14,21,43,,,,,,,,,,,,,,,,,,,,,,,,,,,,,,,,,,,,,,,,,,,,,,,,,,,,,,,,,,,,,,,,,,,,,,,,,,,,,,,,,,,,,,,,,,,,,,,,,,,,,,,,,,,,,,,0.6667,12,0.0,0.0,1.2525,,,,,,0.8709,4.2029
RITM,IBIT,38,38,251,,,,,,,,,,,,,,,,,,,,,,,,,,,,,,,,,,,,,,,,,,,,,,,,,,,,,,,,,,,,,,,,,,0.6111,90,0.0,0.0,-0.1642,,,,,,0.6444,45,1.0,1.0,-0.23,,,,,,,,,,,,,,,,,,,,,,,,,,0.7895,19,-4.0,-4.0,-0.058,0.6154,13,2.0,2.0,0.2138,0.6923,39,-1.0,-1.0,-0.2426,0.5244,0.122
RITR,IWM,11,19,88,,,,,,,,,,,,,,,,,,,,,,,,,,,,,,,,,,,,,,,,,,,,,,,,,,,,,,,,,,,,,0.6364,11,-15.0,-15.0,1.8086,,,,,,,,,,,,,,,,,,,,,,,,,,,,,,,,,,,,,,,,,0.6154,26,0.0,0.0,-3.2556,0.6154,13,1.0,1.0,2.4175,,,,,,0.2939,1.3292
RIVN,SPY,40,40,440,0.6429,14,0.0,0.0,1.6489,,,,,,0.7857,14,0.0,0.0,2.2145,,,,,,,,,,,,,,,,,,,,,,,,,,0.6286,35,-1.0,0.0,1.6895,,,,,,0.75,20,0.0,0.0,2.586,,,,,,,,,,,0.63,100,0.0,1.0,-0.2208,0.7692,13,4.0,4.0,0.828,0.6316,38,1.0,1.0,-0.5079,,,,,,,,,,,,,,,,,,,,,,,,,,0.6121,165,-2.0,-1.0,-0.3054,,,,,,0.6522,23,-2.0,-2.0,-0.5607,0.7089,1.2556
RKLB,IWM,40,40,755,,,,,,,,,,,,,,,,,,,,,,,,,,,,,,,,,,,,,,,,,,,,,,0.7368,19,0.0,0.0,-2.9307,,,,,,0.6316,19,0.0,0.0,-4.5775,0.6957,46,3.0,3.0,0.5725,0.641,39,-8.0,-7.0,-0.3416,0.6733,101,2.0,3.0,0.6271,0.75,12,6.0,6.0,-0.99,,,,,,,,,,,,,,,,,,,,,,,,,,,,,,,,,,,,,,,,,0.6587,2.3455
RKLX,IWM,40,40,620,,,,,,,,,,,,,,,,,,,,,,,,,,,,,,,,,,,,,,,,,,,,,,0.7368,19,0.0,0.0,-5.9421,,,,,,0.6316,19,0.0,0.0,-9.155,0.6667,21,-6.0,-6.0,0.5971,0.6522,23,-5.0,-5.0,-1.112,0.7037,54,6.0,8.0,1.5421,0.675,40,-3.0,-2.0,-1.1289,,,,,,,,,,,,,,,,,,,,,,,,,,0.6154,26,-2.0,-2.0,-0.9906,,,,,,,,,,,0.6598,4.729
RKLZ,SPY,40,40,526,,,,,,,,,,,,,,,,,,,,,,,,,,,,,,,,,,,,,,,,,0.6857,35,-1.0,0.0,5.5963,,,,,,0.6286,35,-1.0,0.0,8.4073,,,,,,0.6364,22,-15.0,-15.0,1.39,0.74,50,-9.0,-7.0,-1.0989,0.6667,24,8.0,9.0,2.4706,0.7321,56,-9.0,-7.0,-1.5398,,,,,,,,,,,,,,,,,,,,,,,,,,,,,,,,,,,,0.6296,27,1.0,1.0,-1.8141,-0.6007,-5.3205
RKT,SPY,40,40,300,,,,,,0.7273,22,-1.0,0.0,-0.9669,,,,,,0.7,10,-1.0,-1.0,-1.1286,,,,,,,,,,,,,,,,,,,,,,,,,,0.6286,35,-1.0,0.0,-1.0932,,,,,,0.6,15,-1.0,-1.0,-1.2067,,,,,,0.8462,26,-6.0,-5.0,-0.2168,0.6061,33,0.0,0.0,0.764,0.6579,38,-6.0,-4.0,-0.5668,,,,,,,,,,,,,,,,,,,,,,,,,,0.7895,19,-2.0,-2.0,-0.2013,,,,,,,,,,,0.5187,1.4117
RKTO,IWM,36,40,349,,,,,,,,,,,,,,,,,,,,,,,,,,,,,,,,,,,,,,,,,,,,,,,,,,,,,,,,0.7143,28,-1.0,0.0,-4.102,0.6,20,-3.0,-3.0,1.3375,0.6731,52,15.0,15.0,-3.1714,0.6111,18,-4.0,-4.0,1.1309,0.8571,14,0.0,0.0,-3.3842,,,,,,,,,,,,,,,,,,,,,,,,,,0.6438,146,0.0,1.0,-1.6857,,,,,,0.6047,43,1.0,1.0,-2.6062,0.215,1.333
RLAY,XBI,32,32,244,,,,,,0.6,10,0.0,0.0,-1.6167,,,,,,0.7273,11,0.0,0.0,-1.12,,,,,,,,,,,,,,,,,,,,,,,,,,,,,,,,,,,,,,,,,0.6774,31,-1.0,-1.0,0.4643,0.7,20,1.0,1.0,-0.2986,,,,,,0.6667,21,1.0,1.0,-0.9279,,,,,,,,,,,,,,,,,,,,,0.6,20,2.0,2.0,0.3433,0.75,12,-4.0,-4.0,-0.5933,0.6,10,-3.0,-3.0,1.015,0.6522,23,2.0,2.0,-0.4267,0.7938,1.1257
RLJ,IWM,14,14,217,,,,,,,,,,,,,,,,,,,,,,,,,,,,,,,,,,,,,,,,,,,,,,,,,,,,,,,,,,,,,,,,,,0.7463,67,1.0,2.0,-0.1768,,,,,,0.6,25,2.0,2.0,-0.2613,,,,,,,,,,,,,,,,,,,,,,,,,,0.6186,97,-2.0,-1.0,-0.1927,,,,,,0.625,16,-2.0,-2.0,-0.327,0.7243,0.6849
RLMD,IWM,12,12,211,,,,,,,,,,,,,,,,,,,,,,,,,,,,,,,,,,,,,,,,,,,,,,,,,,,,,,,,,,,,,0.6296,27,-1.0,-1.0,0.4353,0.697,33,1.0,2.0,-0.5778,0.7059,17,-2.0,-2.0,0.8033,0.7879,33,1.0,2.0,-0.8481,,,,,,,,,,,,,,,,,,,,,,,,,,0.6176,34,1.0,1.0,-0.449,,,,,,0.625,32,1.0,1.0,-1.132,0.6567,0.828
RLX,XLP,11,12,197,,,,,,,,,,,,,,,,,,,,,,,,,,,,,,,,,,,,,,,,,,,,,,,,,,,,,,,,,,,,,,,,,,0.8056,72,-3.0,-1.0,-0.1533,,,,,,0.6949,118,-3.0,1.0,-0.272,,,,,,,,,,,,,,,,,,,,,,,,,,0.7515,165,-2.0,1.0,-0.1186,,,,,,0.7162,74,0.0,1.0,-0.2862,0.2951,0.2628
RMBS,SOXX,37,37,263,,,,,,,,,,,,,,,,,,,,,,,,,,,,,,,,,,,,,,,,,,,,,,,,,,,,,,,,,,,,,0.6667,21,-3.0,-3.0,0.6136,0.6,10,-5.0,-5.0,-0.905,0.6757,37,-3.0,-2.0,0.9976,0.7,10,-5.0,-5.0,-1.2643,,,,,,,,,,,,,,,,,,,,,0.6667,30,-4.0,-3.0,0.548,0.6,15,5.0,5.0,-0.5578,0.625,32,-5.0,-4.0,0.4995,0.65,20,0.0,0.0,-0.5708,0.9691,1.0933
RMD,IHI,10,10,211,,,,,,,,,,,,,,,,,,,,,,,,,,,,,,,,,,,,,,,,,,,,,,,,,,,,,,,,,,,,,0.6774,31,1.0,1.0,0.1676,0.641,39,0.0,0.0,-0.1672,0.6923,13,3.0,3.0,0.2644,0.6667,30,1.0,1.0,-0.224,,,,,,,,,,,,,,,,,,,,,,,,,,0.6216,37,-3.0,-2.0,-0.1852,,,,,,0.6667,12,-3.0,-3.0,-0.2675,0.6678,1.0116
RMSG,KWEB,18,33,109,,,,,,,,,,,,,,,,,,,,,,,,,,,,,,,,,,,,,,,,,,,,,,,,,,,,,,,,,,,,,,,,,,,,,,,,,,,,,,,,,,,,,,,,,,,,,,,,,,,,,0.6286,35,-1.0,0.0,7.2632,0.7,10,1.0,1.0,-0.8943,,,,,,0.6,40,-1.0,0.0,-2.5288,0.0403,0.0688
RNG,IGV,25,25,222,,,,,,,,,,,,,,,,,,,,,,,,,,,,,,,,,,,,,,,,,,,,,,,,,,,,,,,,,,,,,0.75,16,2.0,2.0,0.5058,,,,,,0.6316,19,-4.0,-4.0,0.9725,0.6296,27,-3.0,-3.0,-0.4541,,,,,,,,,,,,,,,,,,,,,0.6154,39,0.0,0.0,0.3196,0.6087,46,-1.0,-1.0,-0.2857,0.619,42,0.0,0.0,0.6354,0.6,45,-1.0,-1.0,-0.5704,0.8112,1.1961
RNTX,IWM,15,17,123,,,,,,,,,,,,,,,,,,,,,,,,,,,,,,,,,,,,,,,,,,,,,,,,,,,,,,,,,,,,,0.6154,13,0.0,0.0,0.78,0.6667,15,-4.0,-4.0,-0.51,,,,,,,,,,,,,,,,,,,,,,,,,,,,,,,,,,,,0.7778,18,1.0,1.0,-0.5579,,,,,,0.6889,45,0.0,1.0,-1.0255,0.3193,0.62
RNW,SPY,11,12,202,,,,,,,,,,,,,,,,,,,,,,,,,,,,,,,,,,,,,,,,,,,,,,,,,,,,,,,,,,,,,,,,,,0.6957,23,-1.0,-1.0,-0.2844,,,,,,0.6176,34,-3.0,-2.0,-0.2248,,,,,,,,,,,,,,,,,,,,,,,,,,0.6044,91,0.0,0.0,-0.2236,,,,,,0.9,10,-2.0,-2.0,-0.23,0.6785,0.8466
ROBN,SPY,40,40,315,,,,,,,,,,,,,,,,,,,,,,,,,,,,,,,,,,,,,,,,,,,,,,,,,,,,,,,,0.6,15,-1.0,-1.0,-3.8911,0.6667,15,1.0,1.0,1.216,0.7,10,5.0,5.0,-0.9186,0.64,25,-4.0,-3.0,1.7569,0.6471,17,-5.0,-5.0,-0.7091,,,,,,,,,,,,,,,,,,,,,,,,,,0.6667,15,1.0,1.0,-0.902,0.6471,17,1.0,1.0,1.1845,,,,,,0.7004,4.8754
ROIV,XBI,15,15,234,,,,,,,,,,,,,,,,,,,,,,,,,,,,,,,,,,,,,,,,,,,,,,,,,,,,,,,,,,,,,0.6,15,-3.0,-3.0,0.1789,0.6098,41,1.0,1.0,-0.118,,,,,,0.6,15,-3.0,-3.0,-0.2244,,,,,,,,,,,,,,,,,,,,,0.6552,29,-1.0,-1.0,0.3158,0.6522,23,-2.0,-2.0,-0.2087,0.7,10,3.0,3.0,0.3943,0.8,10,-3.0,-3.0,-0.0988,0.7122,0.583
ROK,QQQ,17,17,230,,,,,,,,,,,,,,,,,,,,,,,,,,,,,,,,,,,,,,,,,,,,,,,,,,,,,,,,,,,,,,,,,,0.7143,14,-4.0,-4.0,-0.16,,,,,,0.6604,53,-4.0,-2.0,-0.302,,,,,,,,,,,,,,,,,,,,,,,,,,0.6364,11,-3.0,-3.0,-0.21,,,,,,0.6667,12,2.0,2.0,-0.2375,0.8019,0.7766
ROKU,SPY,24,24,247,0.8182,11,-1.0,-1.0,0.4856,,,,,,0.7273,11,-1.0,-1.0,0.5175,,,,,,,,,,,,,,,,,,,,,,,,,,0.6,10,-1.0,-1.0,0.4917,,,,,,,,,,,0.6,10,-1.0,-1.0,-1.2817,,,,,,0.6053,38,1.0,1.0,-0.1191,,,,,,0.6,25,-2.0,-2.0,-0.3567,,,,,,,,,,,,,,,,,,,,,,,,,,0.6471,17,1.0,1.0,-0.1455,,,,,,0.75,16,-2.0,-2.0,-0.34,0.4721,0.5625
ROL,IWM,15,15,245,,,,,,,,,,,,,,,,,,,,,,,,,,,,,,,,,,,,,,,,,,,,,,,,,,,,,,,,,,,,,,,,,,0.6818,22,-3.0,-3.0,-0.2027,,,,,,0.6111,36,1.0,2.0,-0.2586,,,,,,,,,,,,,,,,,,,,,,,,,,0.6026,78,0.0,0.0,-0.1662,,,,,,,,,,,-0.449,-0.6274
ROLR,IWM,13,25,74,,,,,,,,,,,,,,,,,,,,,,,,,,,,,,,,,,,,,,,,,,,,,,,,,,,,,,,,,,,,,,,,,,,,,,,,,,,,,,,,,,,,,,,,,,,,,,,,,,,,,0.6316,19,0.0,0.0,2.455,,,,,,,,,,,0.6667,18,0.0,0.0,-2.3467,0.3156,0.6481
RONB,SPY,26,26,159,,,,,,,,,,,,,,,,,,,,,,,,,,,,,,,,,,,,,,,,,,,,,,0.7,10,0.0,0.0,-0.6786,0.6,10,-1.0,-1.0,0.74,0.75,12,0.0,0.0,-0.8456,0.6212,66,-1.0,0.0,0.2334,0.7647,17,-2.0,-2.0,-0.1208,,,,,,0.8889,18,-2.0,-2.0,-0.1806,,,,,,,,,,,,,,,,,,,,,,,,,,0.7,10,1.0,1.0,-0.2786,,,,,,0.641,39,-1.0,-1.0,-0.3096,0.6693,0.7557
ROP,IGV,17,17,229,,,,,,,,,,,,,,,,,,,,,,,,,,,,,,,,,,,,,,,,,,,,,,,,,,,,,,,,,,,,,,,,,,0.6087,115,-2.0,0.0,-0.2027,0.6129,31,-1.0,-1.0,0.35,0.6269,67,0.0,0.0,-0.2881,,,,,,,,,,,,,,,,,,,,,,,,,,0.6364,66,0.0,1.0,-0.18,0.6,10,-4.0,-4.0,0.2617,,,,,,0.6975,0.5938
ROST,IWM,15,15,237,,,,,,,,,,,,,,,,,,,,,,,,,,,,,,,,,,,,,,,,,,,,,,,,,,,,,,,,,,,,,,,,,,0.625,16,-3.0,-3.0,-0.111,0.65,20,2.0,2.0,0.3146,0.6875,16,-3.0,-3.0,-0.3218,,,,,,,,,,,,,,,,,,,,,,,,,,,,,,,,,,,,,,,,,0.4167,0.3186
RPD,IGV,16,16,231,,,,,,,,,,,,,,,,,,,,,,,,,,,,,,,,,,,,,,,,,,,,,,,,,,,,,,,,,,,,,0.6667,15,4.0,4.0,0.755,0.6053,38,0.0,0.0,-0.3674,0.7059,17,3.0,3.0,0.7975,0.6429,14,2.0,2.0,-0.9178,,,,,,,,,,,,,,,,,,,,,0.617,47,0.0,0.0,0.5162,0.6216,37,1.0,2.0,-0.5004,0.6364,11,-4.0,-4.0,0.72,0.6,15,2.0,2.0,-0.9322,0.8168,1.4136
RPGL,SPY,15,24,87,,,,,,,,,,,,,,,,,,,,,,,,,,,,,,,,,,,,,,,,,,,,,,,,,,,,,,,,0.6,10,0.0,0.0,-3.9783,0.6,10,-15.0,-15.0,1.4517,,,,,,,,,,,,,,,,,,,,,,,,,,,,,,,,,,,,,,,,,,,,,,,,,,,,,,,,0.0667,0.3965
RPRX,IBB,15,15,232,,,,,,,,,,,,,,,,,,,,,,,,,,,,,,,,,,,,,,,,,,,,,,,,,,,,,,,,,,,,,,,,,,,,,,,0.6567,67,0.0,0.0,0.2689,0.7857,14,2.0,2.0,-0.1982,,,,,,,,,,,,,,,,,,,,,0.65,20,-2.0,-2.0,0.2069,0.6538,26,2.0,2.0,-0.1753,0.75,20,-2.0,-2.0,0.2947,,,,,,0.459,0.339
RQI,SPY,10,10,166,,,,,,,,,,,,,,,,,,,,,,,,,,,,,,,,,,,,,,,,,,,,,,,,,,,,,,,,,,,,,,,,,,0.6593,91,-1.0,0.0,-0.0872,,,,,,0.717,53,0.0,0.0,-0.1621,,,,,,,,,,,,,,,,,,,,,,,,,,0.6429,70,0.0,1.0,-0.0913,,,,,,0.6218,119,-1.0,0.0,-0.1351,0.1659,0.0895
RR,SPY,40,40,390,,,,,,,,,,,,,,,,,,,,,,,,,,,,,,,,,,,,,,,,,,,,,,0.6286,35,-1.0,0.0,-2.2709,,,,,,,,,,,0.7143,28,-4.0,-4.0,0.687,0.678,59,-2.0,-1.0,-0.4245,0.6364,11,-10.0,-10.0,0.9271,0.7045,44,1.0,1.0,-0.719,,,,,,,,,,,,,,,,,,,,,,,,,,0.7368,19,1.0,1.0,-0.6886,,,,,,0.619,21,-2.0,-2.0,-0.7923,0.7395,2.8952
RRC,XLE,18,18,238,,,,,,,,,,,,,,,,,,,,,,,,,,,,,,,,,,,,,,,,,,,,,,,,,,,,,,,,,,,,,,,,,,0.6379,58,1.0,1.0,-0.1538,,,,,,,,,,,,,,,,,,,,,,,,,,,,,,,0.6,40,-3.0,-2.0,0.1529,,,,,,0.7143,21,2.0,2.0,0.208,0.7,10,-3.0,-3.0,-0.2157,0.6763,0.7706
RSI,XLY,12,12,224,,,,,,,,,,,,,,,,,,,,,,,,,,,,,,,,,,,,,,,,,,,,,,,,,,,,,,,,,,,,,0.7273,11,3.0,3.0,0.445,,,,,,0.6,35,0.0,0.0,0.4133,0.6667,21,-3.0,-3.0,-0.4121,,,,,,,,,,,,,,,,,,,,,,,,,,,,,,,,,,,,,,,,,0.2703,0.2492
RSKD,IGV,13,13,174,,,,,,,,,,,,,,,,,,,,,,,,,,,,,,,,,,,,,,,,,,,,,,,,,,,,,,,,,,,,,,,,,,0.6176,34,-1.0,-1.0,-0.2033,0.6154,13,-2.0,-2.0,0.4563,,,,,,,,,,,,,,,,,,,,,,,,,,,,,,,0.6875,32,1.0,3.0,-0.1405,0.6875,16,-2.0,-2.0,0.5791,0.625,24,0.0,0.0,-0.228,0.6403,0.3594
RSP,IWM,35,35,259,0.6923,13,-1.0,-1.0,0.2344,,,,,,0.6154,13,-1.0,-1.0,0.4088,,,,,,,,,,,,,,,,,,,,,,,,,,0.6667,12,-1.0,-1.0,0.2363,,,,,,,,,,,,,,,,,,,,,,,,,,,,,,,,,,,,,,,,,,,,,,,,,,,,,,,,0.625,16,-2.0,-2.0,0.094,,,,,,,,,,,,,,,,0.8467,0.4121
RSPT,QQQ,14,14,210,,,,,,,,,,,,,,,,,,,,,,,,,,,,,,,,,,,,,,,,,,,,,,,,,,,,,,,,,,,,,0.6333,60,1.0,2.0,0.1353,,,,,,0.6667,63,1.0,2.0,0.191,0.6667,33,-2.0,-2.0,-0.2505,,,,,,,,,,,,,,,,,,,,,0.65,40,1.0,2.0,0.1254,,,,,,0.6765,34,0.0,0.0,0.3257,0.6,30,-2.0,-2.0,-0.2678,0.9095,1.1578
RTO,XLI,28,28,210,,,,,,,,,,,,,,,,,,,,,,,,,,,,,,,,,,,,,,,,,,,,,,,,,,,,,,,,,,,,,,,,,,0.6364,55,0.0,1.0,-0.1334,,,,,,0.6905,42,0.0,0.0,-0.159,,,,,,,,,,,,,,,,,,,,,,,,,,0.65,40,-1.0,-1.0,-0.095,,,,,,0.675,40,1.0,1.0,-0.18,0.2486,0.3342
RTX,ITA,37,37,254,,,,,,0.6667,15,0.0,0.0,-0.532,,,,,,,,,,,,,,,,,,,,,,,,,,,,,,,,,,,,,,,,,,,,,,,,,,,0.7,10,-3.0,-3.0,0.1471,0.6875,16,3.0,3.0,-0.1527,,,,,,0.7,10,2.0,2.0,-0.23,,,,,,,,,,,,,,,,,,,,,,,,,,0.619,21,2.0,2.0,-0.1677,,,,,,0.6429,14,-3.0,-3.0,-0.2656,0.4011,0.3721
RUBI,XLE,27,30,265,,,,,,,,,,,,,,,,,,,,,,,,,,,,,,,,,,,,,,,,,,,,,,,,,,,,,,,,,,,,,,,,,,,,,,,0.7692,13,-6.0,-6.0,1.89,0.7143,42,15.0,15.0,-13.8057,,,,,,,,,,,,,,,,,,,,,,,,,,0.6562,96,-3.0,-1.0,-2.7029,,,,,,0.6042,48,0.0,0.0,-4.1714,-0.0139,-0.0951
RUM,SPY,38,38,260,,,,,,0.6471,17,0.0,0.0,-1.2773,,,,,,,,,,,,,,,,,,,,,,,,,,,,,,,,,,,,0.6,20,0.0,0.0,-2.1842,0.6,20,0.0,0.0,2.3683,0.6667,15,-1.0,-1.0,-2.033,0.8182,11,2.0,2.0,0.6333,0.68,50,-3.0,-2.0,-0.4565,0.6,25,-2.0,-2.0,0.7053,0.7,20,-5.0,-5.0,-0.4664,,,,,,,,,,,,,,,,,,,,,,,,,,0.6476,105,-2.0,-1.0,-0.5621,,,,,,0.6471,17,-2.0,-2.0,-0.76,0.8234,2.1745
RUN,ICLN,39,39,287,0.8,10,0.0,0.0,1.2675,,,,,,0.8,10,0.0,0.0,1.7463,,,,,,,,,,,,,,,,,,,,,,,,,,,,,,,,,,,,,,,,,,,,,,0.8182,22,-2.0,-2.0,0.775,0.6571,35,-4.0,-3.0,-0.3626,0.6279,43,2.0,3.0,1.4881,0.6923,26,1.0,1.0,-0.695,,,,,,,,,,,,,,,,,,,,,,,,,,0.6176,34,2.0,2.0,-0.389,0.625,40,1.0,1.0,0.8812,0.6111,36,-1.0,-1.0,-0.5377,0.7922,0.8699
RVI,SPY,35,38,182,,,,,,,,,,,,,,,,,,,,,,,,,,,,,,,,,,,,,,,,,,,,,,0.8065,31,-1.0,0.0,-2.4556,,,,,,0.7586,29,-1.0,0.0,-2.9705,0.6,10,-2.0,-2.0,0.805,0.68,25,0.0,1.0,-0.6012,0.75,12,-7.0,-7.0,0.5611,0.7059,17,-1.0,-1.0,-0.945,,,,,,,,,,,,,,,,,,,,,,,,,,0.6349,126,-1.0,0.0,-0.6199,0.6,10,1.0,1.0,1.6667,,,,,,0.593,2.6988
RVMD,QQQ,27,27,235,0.6667,12,0.0,0.0,1.1313,,,,,,0.6667,12,0.0,0.0,1.5575,,,,,,,,,,,,,,,,,,,,,,,,,,,,,,,,,,,,,,,,,,,,,,0.6,20,-3.0,-3.0,0.4333,0.6154,26,-1.0,-1.0,-0.2619,0.6818,22,3.0,3.0,0.6667,0.6087,46,1.0,1.0,-0.4421,,,,,,,,,,,,,,,,,,,,,0.6111,36,1.0,1.0,0.3086,0.9167,12,-3.0,-3.0,-0.2527,0.6667,12,2.0,2.0,0.545,,,,,,0.5982,0.4721
RWAY,XLF,10,11,133,,,,,,,,,,,,,,,,,,,,,,,,,,,,,,,,,,,,,,,,,,,,,,,,,,,,,,,,,,,,,,,,,,0.7708,48,-3.0,-1.0,-0.2389,,,,,,0.7065,92,-3.0,2.0,-0.3783,,,,,,,,,,,,,,,,,,,,,,,,,,0.6848,92,-2.0,0.0,-0.237,,,,,,0.6889,90,-1.0,1.0,-0.366,0.4724,0.4277
RWM,QQQ,35,35,208,,,,,,,,,,,,,,,,,,,,,,,,,,,,,,,,,,,,,,,,,,,,,,0.7,10,-1.0,-1.0,-0.3843,,,,,,0.6,10,-1.0,-1.0,-0.445,,,,,,0.6102,59,-1.0,-1.0,-0.13,,,,,,0.6875,16,1.0,1.0,-0.2864,,,,,,,,,,,,,,,,,,,,,0.6,10,-3.0,-3.0,0.1583,0.6562,64,0.0,1.0,-0.1055,0.6286,35,-2.0,-2.0,0.1768,0.6452,62,0.0,1.0,-0.1685,-0.7997,-0.4944
RWT,XLF,12,12,204,,,,,,,,,,,,,,,,,,,,,,,,,,,,,,,,,,,,,,,,,,,,,,,,,,,,,,,,,,,,,,,,,,0.7143,35,1.0,1.0,-0.198,,,,,,0.6182,55,0.0,0.0,-0.2856,,,,,,,,,,,,,,,,,,,,,,,,,,0.6852,54,-1.0,-1.0,-0.1424,,,,,,0.6111,54,-1.0,-1.0,-0.3345,0.518,0.634
RXRX,SPY,39,39,464,0.6,10,-2.0,-2.0,1.355,,,,,,0.8,10,-2.0,-2.0,2.115,,,,,,,,,,,,,,,,,,,,,,,,,,,,,,,,,,,,,,,,,,,,,,,,,,,0.6436,101,-1.0,0.0,-0.402,0.625,24,-3.0,-3.0,0.858,0.6571,35,4.0,5.0,-0.643,,,,,,,,,,,,,,,,,,,,,,,,,,0.6,180,0.0,0.0,-0.3743,,,,,,0.72,25,-2.0,-2.0,-0.5956,0.7497,1.9619
RXT,QQQ,39,39,446,,,,,,,,,,,,,,,,,,,,,,,,,,,,,,,,,,,,,,,,,,,,,,,,,,,,,,,,0.7273,11,0.0,0.0,-4.6375,0.7097,31,3.0,4.0,0.8755,0.7692,13,-6.0,-6.0,-0.984,0.6333,30,15.0,15.0,1.2711,0.6923,26,-6.0,-5.0,-0.8683,,,,,,,,,,,,,,,,,,,,,,,,,,0.75,16,-3.0,-3.0,-0.8217,,,,,,0.6333,60,-2.0,-2.0,-0.9368,0.6532,1.1051
RY,SPY,12,12,224,,,,,,,,,,,,,,,,,,,,,,,,,,,,,,,,,,,,,,,,,,,,,,,,,,,,,,,,,,,,,,,,,,0.6311,122,0.0,1.0,-0.0983,,,,,,,,,,,,,,,,,,,,,,,,,,,,,,,,,,,,0.6476,105,0.0,0.0,-0.1081,,,,,,,,,,,0.5949,0.3541
RYAAY,XTN,25,25,210,,,,,,,,,,,,,,,,,,,,,,,,,,,,,,,,,,,,,,,,,,,,,,,,,,,,,,,,,,,,,,,,,,0.6364,11,-3.0,-3.0,-0.1543,,,,,,0.7568,37,0.0,0.0,-0.1257,,,,,,,,,,,,,,,,,,,,,,,,,,,,,,,,,,,,,,,,,0.6171,1.3696
RZLT,XBI,20,20,210,,,,,,,,,,,,,,,,,,,,,,,,,,,,,,,,,,,,,,,,,,,,,,,,,,,,,,,,,,,,,0.6364,11,-1.0,-1.0,0.5286,0.9091,11,6.0,6.0,-0.638,0.8333,12,-1.0,-1.0,1.367,1.0,11,6.0,6.0,-0.61,,,,,,,,,,,,,,,,,,,,,,,,,,0.7222,18,2.0,2.0,-0.5131,,,,,,0.6,10,-3.0,-3.0,-0.625,0.6451,0.7118
RZLV,SPY,39,39,428,,,,,,,,,,,,,,,,,,,,,,,,,,,,,,,,,,,,,,,,,,,,,,0.6,20,0.0,0.0,-1.6008,,,,,,,,,,,0.7,20,-6.0,-5.0,0.4764,0.688,125,-1.0,3.0,-0.3944,0.6552,29,-4.0,-4.0,0.5968,0.6748,123,-1.0,3.0,-0.5955,,,,,,,,,,,,,,,,,,,,,,,,,,0.6058,137,-1.0,-1.0,-0.4022,,,,,,0.6029,136,-1.0,-1.0,-0.6198,0.6495,1.9214
S,IGV,39,39,294,0.6429,14,-1.0,-1.0,1.2478,,,,,,0.6429,14,-1.0,-1.0,2.0911,,,,,,,,,,,,,,,,,,,,,,,,,,,,,,,,,,,,,,,,,,,,,,0.6842,38,2.0,3.0,0.4235,0.6176,34,1.0,1.0,-0.3714,0.75,12,2.0,2.0,0.7589,0.6429,28,0.0,0.0,-1.5433,,,,,,,,,,,,,,,,,,,,,,,,,,0.6,20,-3.0,-3.0,-0.2125,,,,,,0.6452,31,-4.0,-3.0,-0.34,0.9126,0.882
SA,GDX,29,30,199,,,,,,,,,,,,,,,,,,,,,,,,,,,,,,,,,,,,,,,,,,,,,,,,,,,,,,,,,,,,,0.6429,14,2.0,2.0,0.8778,0.8182,11,-1.0,-1.0,-0.2356,0.625,16,4.0,4.0,0.336,0.6364,11,-5.0,-5.0,-0.78,,,,,,,,,,,,,,,,,,,,,0.6667,33,0.0,1.0,0.7777,0.6923,39,-3.0,-2.0,-0.3137,0.65,20,-4.0,-4.0,0.5023,0.6667,12,3.0,3.0,-0.5887,0.9164,1.009
SABR,XLY,15,16,225,,,,,,,,,,,,,,,,,,,,,,,,,,,,,,,,,,,,,,,,,,,,,,,,,,,,,,,,,,,,,0.625,24,3.0,4.0,0.5707,0.6986,73,-3.0,-1.0,-0.4386,,,,,,0.697,165,-3.0,4.0,-0.5766,,,,,,,,,,,,,,,,,,,,,,,,,,0.6341,164,-2.0,0.0,-0.4392,0.7,10,-3.0,-3.0,1.0429,0.6726,168,-1.0,1.0,-0.5762,0.4018,0.4271
SAFX,SPY,35,39,260,,,,,,,,,,,,,,,,,,,,,,,,,,,,,,,,,,,,,,,,,,,,,,,,,,,,,,,,0.6923,13,-1.0,-1.0,-2.8556,,,,,,0.6538,26,3.0,4.0,-1.2588,0.7692,13,-1.0,-1.0,2.252,0.7222,18,-3.0,-3.0,-2.1177,,,,,,,,,,,,,,,,,,,,,,,,,,0.7059,17,1.0,1.0,-0.9317,0.6429,14,1.0,1.0,1.3144,0.6076,79,-1.0,-1.0,-2.069,0.0131,0.0614
SAGT,QQQ,14,28,115,,,,,,,,,,,,,,,,,,,,,,,,,,,,,,,,,,,,,,,,,,,,,,,,,,,,,,,,,,,,,0.6364,22,15.0,15.0,4.975,,,,,,,,,,,,,,,,,,,,,,,,,,,,,,,,,,,,,,,,,0.6471,51,0.0,2.0,-1.7976,,,,,,0.7037,27,1.0,2.0,-2.9005,0.6008,1.6627
SAIL,IGV,34,34,237,,,,,,,,,,,0.6,10,-1.0,-1.0,2.3683,,,,,,,,,,,,,,,,,,,,,,,,,,,,,,,,,,,,,,,,,,,,,,0.6923,26,0.0,0.0,0.5672,0.7727,22,-1.0,-1.0,-0.3029,0.6,10,4.0,4.0,0.4467,0.6667,42,-2.0,-1.0,-0.6589,,,,,,,,,,,,,,,,,,,,,0.6667,12,-4.0,-4.0,0.3825,0.6,50,-1.0,-1.0,-0.4087,0.625,16,2.0,2.0,0.548,0.6216,37,-2.0,-2.0,-0.6361,0.8108,1.1247
SAN,SPY,39,39,269,,,,,,,,,,,,,,,,,,,,,,,,,,,,,,,,,,,,,,,,,0.6,20,0.0,0.0,0.2767,0.6,15,-1.0,-1.0,-0.3444,,,,,,,,,,,,,,,,0.6667,42,2.0,2.0,-0.1468,,,,,,0.6111,54,-2.0,-2.0,-0.207,,,,,,,,,,,,,,,,,,,,,0.6,15,1.0,1.0,0.1233,0.6032,126,0.0,0.0,-0.1203,0.6,15,1.0,1.0,0.2144,0.625,16,-2.0,-2.0,-0.207,0.6399,1.572
SANA,XBI,33,33,232,,,,,,0.6667,12,0.0,0.0,-1.1988,,,,,,,,,,,,,,,,,,,,,,,,,,,,,,,,,,,,,,,,,,,,,,,,,,,0.6364,11,-4.0,-4.0,0.6286,0.68,25,0.0,0.0,-0.2629,,,,,,0.6562,32,-1.0,-1.0,-0.481,,,,,,,,,,,,,,,,,,,,,,,,,,0.6377,69,1.0,2.0,-0.4952,,,,,,0.6338,71,1.0,2.0,-0.7638,0.7899,1.0242
SANM,SOXX,12,13,180,,,,,,,,,,,,,,,,,,,,,,,,,,,,,,,,,,,,,,,,,,,,,,,,,,,,,,,,,,,,,0.6429,14,-3.0,-3.0,0.78,0.6571,35,1.0,2.0,-0.3622,0.6538,26,0.0,1.0,0.6894,0.6957,23,2.0,2.0,-0.4456,,,,,,,,,,,,,,,,,,,,,0.6,15,-1.0,-1.0,0.8156,0.7647,17,1.0,1.0,-0.3315,0.6296,27,-1.0,0.0,0.8112,0.6296,27,3.0,4.0,-0.4953,0.9498,0.7072
SAP,IGV,39,39,324,,,,,,,,,,,,,,,,,,,,,,,,,,,,,,,,,,,,,,,,,,,,,,,,,,,,,,,,,,,,,0.7,10,5.0,5.0,0.2586,0.6452,31,0.0,0.0,-0.186,0.6154,13,3.0,3.0,0.3712,,,,,,,,,,,,,,,,,,,,,,,,,,,,,,,0.675,40,1.0,2.0,-0.1337,0.6,25,1.0,1.0,0.2233,,,,,,0.7388,1.2344
SARK,IWM,16,18,73,,,,,,,,,,,,,,,,,,,,,,,,,,,,,,,,,,,,,,,,,,,,,,,,,,,,,,,,,,,,,,,,,,,,,,,0.6,10,2.0,2.0,0.3083,,,,,,,,,,,,,,,,,,,,,,,,,,,,,,,0.6,15,0.0,0.0,-0.4389,0.6,10,1.0,1.0,0.7267,0.6364,22,0.0,0.0,-0.5379,-0.8079,-1.3855
SARO,XLI,12,12,232,,,,,,,,,,,,,,,,,,,,,,,,,,,,,,,,,,,,,,,,,,,,,,,,,,,,,,,,,,,,,,,,,,0.6842,19,-2.0,-2.0,-0.3469,,,,,,0.6471,17,3.0,3.0,-0.4445,,,,,,,,,,,,,,,,,,,,,,,,,,,,,,,0.6538,26,-2.0,-2.0,0.3224,0.6279,43,1.0,1.0,-0.39,0.7304,0.9537
SATA,IBIT,30,30,148,,,,,,0.625,16,0.0,0.0,-0.447,,,,,,0.6429,14,0.0,0.0,-0.7811,,,,,,,,,,,,,,,,,,,,,,,,,,,,,,,,,,,,,,,,,,,,,,0.6757,37,0.0,0.0,-0.0688,,,,,,0.7222,36,0.0,0.0,-0.0669,,,,,,,,,,,,,,,,,,,,,,,,,,0.625,16,-3.0,-3.0,-0.23,,,,,,0.7368,19,-1.0,-1.0,-0.4179,0.7563,0.2614
SATG,SPY,22,23,119,,,,,,,,,,,,,,,,,,,,,,,,,,,,,,,,,,,,,,,,,,,,,,0.9,10,0.0,0.0,-6.7744,,,,,,0.6364,11,0.0,0.0,-9.9371,,,,,,,,,,,,,,,,,,,,,,,,,,,,,,,,,,,,,,,,,,,,,,0.7037,27,-1.0,-1.0,-1.3511,0.75,12,1.0,1.0,1.7567,,,,,,0.5382,3.2165
SATL,IWM,39,39,397,,,,,,0.7333,15,-1.0,-1.0,-2.5436,,,,,,0.6667,15,-1.0,-1.0,-3.865,,,,,,,,,,,,,,,,,,,,,,,,,,0.6842,19,0.0,0.0,-2.9977,,,,,,,,,,,0.65,20,-3.0,-3.0,0.41,0.85,20,-1.0,-1.0,-0.7494,0.8333,12,-9.0,-9.0,0.618,0.6912,68,-3.0,-1.0,-0.7845,,,,,,,,,,,,,,,,,,,,,,,,,,,,,,,,,,,,,,,,,0.5868,1.5442
SATS,NONE,19,19,201,,,,,,,,,,,,,,,,,,,,,,,,,,,,,,,,,,,,,,,,,,,,,,,,,,,,,,,,,,,,,0.625,16,0.0,0.0,0.48,0.6818,22,3.0,4.0,-0.5473,0.8235,17,-4.0,-4.0,0.9829,0.6957,23,-3.0,-3.0,-0.605,,,,,,,,,,,,,,,,,,,,,,,,,,,,,,,,,,,,,,,,,,
SBET,IWM,39,39,305,,,,,,,,,,,,,,,,,,,,,,,,,,,,,,,,,,,,,,,,,,,,,,,,,,,0.6154,13,-1.0,-1.0,2.255,,,,,,0.6552,29,0.0,0.0,0.3021,0.6456,79,-3.0,-1.0,-0.4804,0.625,32,0.0,0.0,0.5735,0.6,35,-3.0,-3.0,-0.469,,,,,,,,,,,,,,,,,,,,,,,,,,,,,,,,,,,,,,,,,0.655,1.9901
SBEV,SPY,29,34,228,,,,,,,,,,,,,,,,,,,,,,,,,,,,,,,,,,,,,,,,,0.6923,26,-1.0,0.0,3.8344,,,,,,,,,,,0.6923,13,0.0,0.0,-4.8889,,,,,,,,,,,0.6,45,-15.0,-15.0,2.7059,0.6053,38,15.0,15.0,-11.7891,,,,,,,,,,,,,,,,,,,,,,,,,,0.8,10,1.0,1.0,-1.9213,,,,,,0.6591,88,0.0,1.0,-3.9553,0.139,1.8748
SBFM,QQQ,17,25,113,,,,,,,,,,,,,,,,,,,,,,,,,,,,,,,,,,,,,,,,,,,,,,,,,,,,,,,,,,,,,0.6154,13,-5.0,-5.0,0.8325,,,,,,,,,,,0.75,20,-15.0,-15.0,-0.7567,,,,,,,,,,,,,,,,,,,,,0.6296,81,-1.0,1.0,2.6341,,,,,,,,,,,0.6154,13,1.0,1.0,-0.1525,0.2547,0.4147
SBIT,SPY,39,39,259,,,,,,,,,,,,,,,,,,,,,,,,,,,,,,,,,,,,,,,,,0.7,20,0.0,0.0,0.7579,,,,,,0.6667,15,-1.0,-1.0,1.045,,,,,,0.625,16,0.0,0.0,0.803,0.625,16,-2.0,-2.0,-0.387,0.6667,45,1.0,3.0,0.6613,,,,,,,,,,,,,,,,,,,,,,,,,,0.6364,11,1.0,1.0,0.6571,,,,,,0.6923,13,-2.0,-2.0,1.18,,,,,,-0.525,-3.6892
SBLK,SPY,21,21,209,,,,,,,,,,,,,,,,,,,,,,,,,,,,,,,,,,,,,,,,,0.8,10,0.0,0.0,1.7862,,,,,,0.8182,11,0.0,0.0,1.8533,,,,,,,,,,,,,,,,0.7273,11,3.0,3.0,0.295,,,,,,,,,,,,,,,,,,,,,,,,,,0.75,12,-2.0,-2.0,0.2144,0.6429,14,1.0,1.0,-0.0822,0.7333,15,-2.0,-2.0,0.3082,0.6154,13,1.0,1.0,-0.1988,0.3723,0.3699
SBS,IWM,37,38,222,,,,,,,,,,,,,,,,0.6154,13,0.0,0.0,-0.4412,,,,,,,,,,,,,,,,,,,,,,,,,,,,,,,,,,,,0.6471,17,0.0,0.0,-0.5109,,,,,,0.6594,138,-2.0,0.0,-0.1874,0.7,10,2.0,2.0,0.2186,0.6471,51,0.0,0.0,-0.2406,,,,,,,,,,,,,,,,,,,,,,,,,,0.622,82,-1.0,-1.0,-0.2008,,,,,,,,,,,0.5036,0.8829
SBSW,GDX,38,38,293,,,,,,,,,,,,,,,,,,,,,,,,,,,,,,,,,,,,,,,,,,,,,,,,,,,,,,,,,,,,,0.7692,13,-6.0,-6.0,0.4,0.7105,38,2.0,3.0,-0.2659,0.6,15,1.0,1.0,0.3433,0.6923,52,-3.0,-2.0,-0.5414,,,,,,,,,,,,,,,,,,,,,0.6,30,-4.0,-4.0,0.2361,0.7391,23,-2.0,-2.0,-0.2265,0.6875,32,1.0,1.0,0.6195,0.6316,95,-4.0,-2.0,-0.4208,0.8999,1.0723
SBTU,IWM,10,22,19,,,,,,,,,,,,,,,,,,,,,,,,,,,,,,,,,,,,,,,,,,,,,,,,,,,,,,,,,,,,,,,,,,,,,,,,,,,,,,,,,,,,,,,,,,,,,,,,,,,,,,,,,,,,,,,,,,,,,,,,,0.6762,4.9886
SBUX,XLY,33,33,251,0.6875,16,0.0,0.0,0.7827,0.6429,14,-1.0,-1.0,-0.4944,,,,,,,,,,,,,,,,,,,,,,,,,,,,,,,,,,,,,,,,,,,,,,,,,,,,,,,,0.6,10,3.0,3.0,-0.0967,0.6071,28,-2.0,-2.0,0.2924,0.6087,69,-1.0,-1.0,-0.231,,,,,,,,,,,,,,,,,,,,,,,,,,,,,,,0.6,10,-3.0,-3.0,0.255,0.6364,77,-1.0,-1.0,-0.308,0.3837,0.2619
SCAG,QQQ,15,28,115,,,,,,,,,,,,,,,,,,,,,,,,,,,,,,,,,,,,,,,,,,,,,,,,,,,,,,,,,,,,,,,,,,0.6,15,15.0,15.0,-9.3,,,,,,,,,,,,,,,,,,,,,,,,,,,,,,,0.6111,18,-1.0,-1.0,5.1618,0.6471,17,0.0,0.0,-3.1636,,,,,,0.6216,37,-1.0,0.0,-3.9409,0.0878,0.3651
SCCO,GDX,26,26,222,,,,,,,,,,,,,,,,,,,,,,,,,,,,,,,,,,,,,,,,,,,,,,,,,,,,,,,,,,,,,0.7273,22,-3.0,-3.0,0.355,,,,,,0.6842,19,2.0,2.0,0.4362,0.6154,13,1.0,1.0,-0.4288,,,,,,,,,,,,,,,,,,,,,0.7391,23,1.0,1.0,0.3412,0.6471,17,3.0,3.0,-0.2973,0.6667,42,0.0,1.0,0.5893,,,,,,0.7726,0.8122
SCHA,QQQ,19,19,230,,,,,,,,,,,,,,,,,,,,,,,,,,,,,,,,,,,,,,,,,,,,,,,,,,,,,,,,,,,,,,,,,,,,,,,,,,,,0.6,15,2.0,2.0,-0.1456,,,,,,,,,,,,,,,,,,,,,0.6757,37,1.0,1.0,0.094,0.617,47,-3.0,-2.0,-0.1359,0.625,48,0.0,0.0,0.21,0.6667,33,-2.0,-2.0,-0.1905,0.9302,0.7212
SCHB,SPY,31,31,244,,,,,,0.6667,15,0.0,0.0,-0.18,,,,,,0.6,15,0.0,0.0,-0.2956,,,,,,,,,,,,,,,,,,,,,,,,,,0.6471,17,0.0,0.0,-0.17,,,,,,,,,,,,,,,,0.6429,14,-2.0,-2.0,-0.0867,,,,,,0.6092,87,-1.0,-1.0,-0.0975,,,,,,,,,,,,,,,,,,,,,,,,,,0.6667,15,-2.0,-2.0,-0.078,,,,,,,,,,,0.9905,0.9326
SCHD,IWM,39,39,581,0.6,30,0.0,0.0,0.3683,,,,,,,,,,,,,,,,,,,,,,,,,,,,,,,,,,,,0.6316,19,0.0,0.0,0.3642,,,,,,,,,,,0.6154,13,-1.0,-1.0,-0.2975,,,,,,0.6498,277,0.0,0.0,-0.0298,0.7,10,-2.0,-2.0,0.13,0.619,273,0.0,0.0,-0.0537,,,,,,,,,,,,,,,,,,,,,,,,,,0.638,163,0.0,0.0,-0.0299,,,,,,0.619,336,-1.0,0.0,-0.0653,0.124,0.0461
SCHF,QQQ,23,23,238,,,,,,,,,,,,,,,,,,,,,,,,,,,,,,,,,,,,,,,,,,,,,,,,,,,,,,,,,,,,,,,,,,,,,,,,,,,,,,,,,,,,,,,,,,,,,,,,,,,,,,,,,,0.6667,45,-3.0,-2.0,-0.0983,0.6667,12,2.0,2.0,0.12,0.6735,49,-3.0,-2.0,-0.1688,0.867,0.7372
SCHG,SPY,39,39,289,,,,,,0.7222,18,0.0,0.0,-0.2985,,,,,,,,,,,,,,,,,,,,,,,,,,,,,,,,,,,,,,,,,,,,,,,,,,,0.619,105,0.0,0.0,0.0951,,,,,,0.6607,112,0.0,0.0,0.1461,,,,,,,,,,,,,,,,,,,,,,,,,,,,,,,0.6,15,1.0,1.0,-0.1111,,,,,,,,,,,0.8849,0.8195
SCHI,IWM,10,10,157,,,,,,,,,,,,,,,,,,,,,,,,,,,,,,,,,,,,,,,,,,,,,,,,,,,,,,,,,,,,,,,,,,0.6393,61,0.0,0.0,-0.029,,,,,,,,,,,,,,,,,,,,,,,,,,,,,,,,,,,,0.6279,86,-1.0,0.0,-0.0233,0.75,12,-2.0,-2.0,0.0544,0.64,50,-1.0,-1.0,-0.0284,0.4296,0.1032
SCHO,IWM,21,21,235,,,,,,,,,,,,,,,,0.7333,15,0.0,0.0,-0.0127,,,,,,,,,,,,,,,,,,,,,,,,,,0.7,10,0.0,0.0,-0.02,,,,,,0.8,10,0.0,0.0,-0.015,,,,,,0.656,218,-1.0,0.0,-0.0098,,,,,,0.6637,223,-1.0,0.0,-0.0112,,,,,,,,,,,,,,,,,,,,,,,,,,0.654,211,-2.0,1.0,-0.0098,,,,,,0.6605,215,-2.0,1.0,-0.011,0.3944,0.0329
SCHP,IWM,19,19,226,,,,,,,,,,,,,,,,,,,,,,,,,,,,,,,,,,,,,,,,,,,,,,,,,,,,,,,,,,,,,,,,,,0.6667,222,-1.0,0.0,-0.0185,,,,,,0.6224,98,-1.0,-1.0,-0.03,,,,,,,,,,,,,,,,,,,,,,,,,,0.6899,158,-1.0,0.0,-0.0193,,,,,,0.6143,70,0.0,0.0,-0.0281,0.5336,0.0842
SCHQ,IWM,16,17,136,,,,,,,,,,,,,,,,,,,,,,,,,,,,,,,,,,,,,,,,,,,,,,,,,,,,,,,,,,,,,,,,,,0.617,47,0.0,0.0,-0.0383,,,,,,,,,,,,,,,,,,,,,,,,,,,,,,,0.6,15,1.0,1.0,0.0411,0.6,40,-1.0,-1.0,-0.0296,,,,,,0.641,39,0.0,0.0,-0.0468,0.3777,0.1694
SCHR,IWM,13,15,201,,,,,,,,,,,,,,,,,,,,,,,,,,,,,,,,,,,,,,,,,,,,,,,,,,,,,,,,,,,,,,,,,,0.6977,86,0.0,0.0,-0.0147,,,,,,0.6667,162,-1.0,0.0,-0.0193,,,,,,,,,,,,,,,,,,,,,,,,,,0.6909,55,-1.0,-1.0,-0.0176,,,,,,0.6944,144,-1.0,1.0,-0.0186,0.2996,0.0591
SCHW,XLF,29,29,243,,,,,,,,,,,0.6,25,-1.0,0.0,0.7787,,,,,,,,,,,,,,,,,,,,,,,,,,,,,,,,,,,,,,,,,,,,,,,,,,,,,,,,,,,,,,,,,,,,,,,,,,,,,,,,,,,,,,,,,,,0.6111,18,1.0,1.0,-0.21,,,,,,,,,,,0.7311,0.9349
SCHX,SPY,30,30,239,0.7273,11,-1.0,-1.0,0.1425,0.625,16,0.0,0.0,-0.154,0.7273,11,-1.0,-1.0,0.2287,0.625,16,0.0,0.0,-0.234,,,,,,,,,,,,,,,,,,,,,0.6154,13,-1.0,-1.0,0.1287,,,,,,,,,,,,,,,,,,,,,0.6,15,-2.0,-2.0,-0.0911,0.625,16,-2.0,-2.0,0.092,,,,,,,,,,,,,,,,,,,,,,,,,,,,,,,0.6,15,-2.0,-2.0,-0.0911,0.625,16,-2.0,-2.0,0.092,,,,,,0.9928,0.9179
SCHY,IWM,12,12,161,,,,,,,,,,,,,,,,,,,,,,,,,,,,,,,,,,,,,,,,,,,,,,,,,,,,,,,,,,,,,,,,,,0.6027,73,0.0,0.0,-0.0393,,,,,,0.623,61,0.0,0.0,-0.0524,,,,,,,,,,,,,,,,,,,,,,,,,,0.6429,56,-1.0,-1.0,-0.0325,,,,,,0.6346,52,-1.0,-1.0,-0.0533,0.3608,0.2157
SCNX,IWM,13,29,71,,,,,,,,,,,,,,,,,,,,,,,,,,,,,,,,,,,,,,,,,,,,,,,,,,,,,,,,,,,,,,,,,,,,,,,,,,,,,,,,,,,,,,,,,,,,,,,,,,,,,0.8462,13,0.0,0.0,1.2009,0.6818,22,-1.0,-1.0,-3.7587,0.9286,14,0.0,0.0,2.3638,,,,,,0.5627,2.0256
SCO,IWM,39,39,518,,,,,,,,,,,,,,,,,,,,,,,,,,,,,,,,,,,,,,,,,0.6154,13,-1.0,-1.0,0.4637,,,,,,,,,,,0.6129,31,-1.0,0.0,-0.8563,0.6316,19,6.0,6.0,0.3558,0.6486,37,3.0,3.0,-0.1983,0.6471,17,-6.0,-6.0,0.7127,0.6354,96,-4.0,-2.0,-0.5462,,,,,,,,,,,,,,,,,,,,,,,,,,,,,,,,,,,,0.6025,161,0.0,0.0,-0.6413,0.2851,1.0724
SCYB,SPY,23,27,165,,,,,,0.6875,16,0.0,0.0,-0.0773,,,,,,0.8333,18,0.0,0.0,-0.09,,,,,,,,,,,,,,,,,,,,,,,,,,0.7,10,0.0,0.0,-0.0757,,,,,,0.8182,11,0.0,0.0,-0.1011,,,,,,0.6719,128,-1.0,0.0,-0.017,,,,,,0.6512,129,-1.0,0.0,-0.0279,,,,,,,,,,,,,,,,,,,,,,,,,,0.6583,120,-1.0,1.0,-0.0171,,,,,,0.6514,109,-1.0,0.0,-0.0277,0.6292,0.1122
SCZM,GDX,25,29,151,,,,,,,,,,,,,,,,,,,,,,,,,,,,,,,,,,,,,,,,,,,,,,,,,,,,,,,,,,,,,0.6364,11,-4.0,-4.0,0.5343,0.7619,21,-1.0,0.0,-0.3075,0.6667,15,1.0,1.0,0.592,0.6667,15,0.0,0.0,-1.024,,,,,,,,,,,,,,,,,,,,,,,,,,0.8667,15,2.0,2.0,-0.8869,0.7273,11,0.0,0.0,1.0488,0.7143,21,-3.0,-3.0,-0.714,0.8784,0.9716
SDA,QQQ,14,18,80,,,,,,,,,,,,,,,,,,,,,,,,,,,,,,,,,,,,,,,,,,,,,,,,,,,,,,,,,,,,,,,,,,0.8462,13,15.0,15.0,-3.7864,,,,,,0.7692,13,15.0,15.0,-5.169,,,,,,,,,,,,,,,,,,,,,0.6,10,1.0,1.0,1.435,0.619,21,0.0,0.0,-2.16,,,,,,0.7222,18,0.0,0.0,-2.7746,0.3661,0.7229
SDEV,XBI,11,28,71,,,,,,,,,,,,,,,,,,,,,,,,,,,,,,,,,,,,,,,,,,,,,,,,,,,,,,,,,,,,,,,,,,0.65,20,15.0,15.0,-1.8569,,,,,,,,,,,,,,,,,,,,,,,,,,,,,,,,,,,,0.9231,13,0.0,0.0,-1.3008,,,,,,,,,,,0.0763,0.2098
SDGR,SPY,31,31,220,,,,,,0.7,10,0.0,0.0,-1.03,,,,,,0.7,10,0.0,0.0,-1.7243,,,,,,,,,,,,,,,,,,,,,0.6429,14,0.0,0.0,1.6967,0.7692,13,-1.0,-1.0,-1.355,0.7857,14,0.0,0.0,2.5064,,,,,,,,,,,0.8,15,3.0,3.0,-0.4025,,,,,,,,,,,,,,,,,,,,,,,,,,,,,,,,,,,,0.75,12,-2.0,-2.0,-0.2367,,,,,,0.6667,12,-2.0,-2.0,-0.5387,0.5766,0.9252
SDIV,IWM,18,21,145,,,,,,,,,,,,,,,,,,,,,,,,,,,,,,,,,,,,,,,,,,,,,,,,,,,,,,,,0.6,10,0.0,0.0,-0.3283,,,,,,,,,,,,,,,,0.6,60,0.0,0.0,-0.1197,,,,,,,,,,,,,,,,,,,,,,,,,,0.6176,34,0.0,0.0,-0.059,,,,,,0.6,20,1.0,1.0,-0.1175,0.51,0.2411
SDOT,SPY,30,35,269,,,,,,,,,,,,,,,,,,,,,,,,,,,,,,,,,,,,,,,,,,,,,,0.6667,15,0.0,0.0,-14.743,,,,,,0.625,16,0.0,0.0,-13.459,0.6452,31,-15.0,-15.0,1.968,,,,,,,,,,,0.7,10,-8.0,-8.0,-2.4971,,,,,,,,,,,,,,,,,,,,,,,,,,0.7059,17,-2.0,-2.0,-4.0267,0.6923,13,-2.0,-2.0,5.8467,,,,,,0.3544,8.8821
SDOW,QQQ,39,39,346,,,,,,0.6429,14,-1.0,-1.0,-0.6,,,,,,,,,,,,,,,,,,,,,,,,,,,,,,,,,,,,,,,,,,,,,,0.6154,13,0.0,0.0,-0.68,0.7,10,-4.0,-4.0,0.2286,0.6538,26,1.0,1.0,-0.1476,0.6389,36,1.0,2.0,0.41,0.6,45,0.0,0.0,-0.4041,,,,,,,,,,,,,,,,,,,,,,,,,,,,,,,0.6154,13,2.0,2.0,0.23,,,,,,-0.5424,-0.5953
SDS,IWM,39,39,335,,,,,,0.6364,11,0.0,0.0,-0.1343,,,,,,0.7143,14,-1.0,-1.0,-0.354,,,,,,,,,,,,,,,,,,,,,,,,,,0.6154,13,-1.0,-1.0,-0.21,,,,,,,,,,,,,,,,0.6129,93,-1.0,-1.0,-0.1358,0.6154,39,1.0,1.0,0.2829,0.6064,94,-1.0,-1.0,-0.2035,,,,,,,,,,,,,,,,,,,,,0.6,20,-2.0,-2.0,0.1458,,,,,,,,,,,,,,,,-0.8035,-1.1852
SE,SPY,37,37,252,,,,,,0.7273,11,-1.0,-1.0,-0.9087,,,,,,0.7273,11,-1.0,-1.0,-0.8912,,,,,,,,,,,,,,,,,,,,,0.6667,12,-1.0,-1.0,1.6838,,,,,,0.6667,12,-1.0,-1.0,1.3,,,,,,0.64,25,2.0,2.0,0.2231,0.8571,14,-4.0,-4.0,-0.1417,0.6471,17,-3.0,-3.0,0.2682,0.7857,14,-4.0,-4.0,-0.4473,,,,,,,,,,,,,,,,,,,,,,,,,,0.7143,14,1.0,1.0,-0.205,,,,,,0.75,16,-2.0,-2.0,-0.4858,0.2896,0.6261
SECZ,SPY,26,28,166,,,,,,,,,,,,,,,,,,,,,,,,,,,,,,,,,,,,,,,,,,,,,,,,,,,,,,,,0.6,10,0.0,0.0,-1.8117,0.6667,15,-1.0,-1.0,0.478,,,,,,,,,,,,,,,,,,,,,,,,,,,,,,,,,,,,0.6,15,-2.0,-2.0,0.6211,,,,,,,,,,,,,,,,0.3331,0.698
SEDG,ICLN,36,36,269,,,,,,,,,,,,,,,,,,,,,,,,,,,,,,,,,,,,,,,,,,,,,,,,,,,,,,,,,,,,,0.6842,19,0.0,0.0,0.5008,0.75,16,-1.0,-1.0,-0.695,0.6364,33,3.0,4.0,1.0786,,,,,,,,,,,,,,,,,,,,,,,,,,0.6176,34,-1.0,-1.0,0.4967,0.6552,29,-3.0,-3.0,-0.5189,0.6164,73,1.0,2.0,1.0531,,,,,,0.7688,1.4026
SEGG,SPY,28,35,131,,,,,,,,,,,,,,,,,,,,,,,,,,,,,,,,,,,,,,,,,,,,,,0.7333,15,0.0,0.0,-3.7245,,,,,,,,,,,,,,,,,,,,,,,,,,0.6154,13,-15.0,-15.0,-1.0175,,,,,,,,,,,,,,,,,,,,,,,,,,,,,,,,,,,,0.6176,34,-1.0,-1.0,-1.9386,-0.0289,-0.1146
SEI,IWM,27,27,231,,,,,,,,,,,,,,,,,,,,,,,,,,,,,,,,,,,,,,,,,,,,,,,,,,,,,,,,,,,,,0.6087,23,-4.0,-4.0,0.4221,0.6429,14,-5.0,-5.0,-0.59,0.6471,34,1.0,2.0,0.6945,0.6316,19,-3.0,-3.0,-0.42,,,,,,,,,,,,,,,,,,,,,,,,,,0.6053,76,0.0,0.0,-0.5022,0.625,16,-2.0,-2.0,0.838,,,,,,0.7265,2.4451
SEMY,QQQ,16,24,53,,,,,,,,,,,,,,,,,,,,,,,,,,,,,,,,,,,,,,,,,,,,,,,,,,,,,,,,,,,,,,,,,,,,,,,,,,,,,,,,,,,,,,,,,,,,,,,,,,,,,,,,,,,,,,,,,,,,,,,,,0.8151,0.509
SENS,SPY,16,17,154,,,,,,,,,,,,,,,,,,,,,,,,,,,,,,,,,,,,,,,,,,,,,,,,,,,,,,,,,,,,,,,,,,0.6667,33,-3.0,-2.0,-0.6655,,,,,,0.7727,22,-4.0,-3.0,-0.5735,,,,,,,,,,,,,,,,,,,,,,,,,,0.6607,56,0.0,0.0,-0.513,,,,,,0.6226,53,-1.0,-1.0,-0.7197,0.7498,1.274
SERV,SPY,39,39,336,,,,,,0.6,10,-1.0,-1.0,-1.295,,,,,,0.6,10,-1.0,-1.0,-1.9683,,,,,,,,,,,,,,,,,,,,,,,,,,0.7143,35,-1.0,0.0,-1.526,,,,,,0.6,15,-1.0,-1.0,-2.6389,0.6061,33,-2.0,-2.0,0.302,,,,,,0.6316,19,-3.0,-3.0,0.5067,0.6296,27,-2.0,-2.0,-0.8588,,,,,,,,,,,,,,,,,,,,,,,,,,0.75,20,-2.0,-2.0,-0.4913,,,,,,0.7143,21,-2.0,-2.0,-0.638,0.7609,2.3835
SES,QQQ,39,39,300,,,,,,0.9,10,0.0,0.0,-1.6789,,,,,,0.7,10,0.0,0.0,-2.8914,,,,,,,,,,,,,,,,,,,,,,,,,,0.7273,11,0.0,0.0,-2.925,,,,,,0.6364,11,0.0,0.0,-3.4543,,,,,,0.6364,66,0.0,2.0,-0.5255,,,,,,0.6757,37,-8.0,-6.0,-0.7756,,,,,,,,,,,,,,,,,,,,,0.6383,47,1.0,1.0,0.7627,0.8667,15,2.0,2.0,-0.4454,,,,,,0.7143,14,-3.0,-3.0,-1.027,0.5736,0.7788
SEV,IWM,10,17,75,,,,,,,,,,,,,,,,,,,,,,,,,,,,,,,,,,,,,,,,,,,,,,,,,,,,,,,,,,,,,,,,,,0.6154,13,-2.0,-2.0,-0.1812,0.6364,11,-2.0,-2.0,0.4686,0.6923,13,0.0,0.0,-0.7378,,,,,,,,,,,,,,,,,,,,,,,,,,0.6,15,0.0,0.0,-0.2978,,,,,,,,,,,0.5597,1.0937
SEZL,SPY,22,24,165,,,,,,,,,,,,,,,,,,,,,,,,,,,,,,,,,,,,,,,,,,,,,,,,,,,0.8,10,-1.0,-1.0,1.5825,,,,,,0.6667,15,-1.0,-1.0,0.485,0.8,10,-3.0,-3.0,-0.3412,0.6667,12,5.0,5.0,0.5375,,,,,,,,,,,,,,,,,,,,,,,,,,,,,,,,,,,,0.6349,63,0.0,0.0,0.87,,,,,,0.6959,2.3402
SFIX,IWM,20,20,216,,,,,,,,,,,,,,,,,,,,,,,,,,,,,,,,,,,,,,,,,,,,,,,,,,,,,,,,,,,,,,,,,,0.6667,66,-2.0,1.0,-0.4052,,,,,,0.8,10,2.0,2.0,-1.0675,,,,,,,,,,,,,,,,,,,,,0.6111,18,-2.0,-2.0,1.3473,0.6529,170,-1.0,1.0,-0.4023,,,,,,0.6027,73,-1.0,-1.0,-0.4927,0.3096,0.4645
SFL,SPY,13,13,197,,,,,,,,,,,,,,,,,,,,,,,,,,,,,,,,,,,,,,,,,,,,,,,,,,,,,,,,,,,,,0.6364,11,2.0,2.0,0.2843,0.6727,55,-2.0,-1.0,-0.1824,,,,,,0.6774,62,-2.0,-1.0,-0.3617,,,,,,,,,,,,,,,,,,,,,,,,,,0.6207,87,0.0,0.0,-0.1931,0.6667,12,-2.0,-2.0,0.3637,0.6415,106,0.0,1.0,-0.29,0.1317,0.1346
SFM,XLP,16,16,220,,,,,,,,,,,,,,,,,,,,,,,,,,,,,,,,,,,,,,,,,,,,,,,,,,,,,,,,,,,,,,,,,,,,,,,,,,,,0.6667,30,-1.0,-1.0,-0.4265,,,,,,,,,,,,,,,,,,,,,0.6,10,2.0,2.0,0.35,0.6271,59,-1.0,-1.0,-0.27,,,,,,,,,,,0.713,1.1833
SG,XLY,35,35,259,0.6154,13,0.0,0.0,1.9775,,,,,,0.6154,13,0.0,0.0,2.4675,,,,,,,,,,,,,,,,,,,,,,,,,,,,,,,,,,,,,,,,,,,,,,0.6818,22,-2.0,-2.0,0.722,0.6667,18,1.0,1.0,-0.3975,,,,,,0.6897,29,-7.0,-6.0,-0.444,,,,,,,,,,,,,,,,,,,,,,,,,,0.7188,32,1.0,1.0,-0.42,,,,,,0.6104,77,-1.0,-1.0,-0.796,0.3931,0.6324
SGHC,XLY,30,31,224,,,,,,,,,,,0.6364,11,-1.0,-1.0,1.1443,0.75,12,0.0,0.0,-1.64,,,,,,,,,,,,,,,,,,,,,,,,,,,,,,,,,,,,,,,,,0.65,20,-2.0,-2.0,0.2723,0.6038,53,0.0,1.0,-0.2134,0.7647,17,-2.0,-2.0,0.4954,0.6842,38,1.0,2.0,-0.4646,,,,,,,,,,,,,,,,,,,,,0.7,10,-3.0,-3.0,0.41,0.6786,28,1.0,1.0,-0.2174,0.8,10,-3.0,-3.0,0.8437,,,,,,0.0766,0.0474
SGML,XLB,35,35,241,,,,,,,,,,,,,,,,,,,,,,,,,,,,,,,,,,,,,,,,,,,,,,,,,,,,,,,,,,,,,0.6111,18,0.0,0.0,0.7191,0.7692,26,-2.0,-1.0,-0.457,0.6,15,-2.0,-2.0,0.3944,0.9,10,3.0,3.0,-0.6356,,,,,,,,,,,,,,,,,,,,,,,,,,0.619,21,-2.0,-2.0,-0.3092,,,,,,0.6818,22,-2.0,-2.0,-0.6287,0.3995,1.357
SGOL,IWM,39,39,253,,,,,,0.6,10,-1.0,-1.0,-0.1417,,,,,,0.6154,13,0.0,0.0,-0.2125,,,,,,,,,,,,,,,,,,,,,,,,,,0.6667,12,-1.0,-1.0,-0.2425,,,,,,0.6154,13,-1.0,-1.0,-0.3538,,,,,,0.625,64,-4.0,-2.0,-0.1273,,,,,,0.6,45,-2.0,-2.0,-0.2474,,,,,,,,,,,,,,,,,,,,,0.6111,18,-2.0,-2.0,0.1309,,,,,,0.6304,46,1.0,1.0,0.1638,,,,,,0.497,0.7191
SGOV,SPY,39,39,590,,,,,,0.8378,37,0.0,0.0,-0.0026,,,,,,0.8108,37,0.0,0.0,-0.002,,,,,,,,,,,,,,,,,,,,,,,,,,0.8571,35,-1.0,0.0,-0.0027,,,,,,0.8,35,-1.0,0.0,-0.0029,,,,,,0.7883,548,-1.0,0.0,-0.0025,,,,,,0.8041,536,-1.0,0.0,-0.0023,,,,,,,,,,,,,,,,,,,,,,,,,,0.7921,529,-2.0,1.0,-0.0026,,,,,,0.8042,521,-2.0,1.0,-0.0023,-0.1771,-0.0031
SH,IWM,39,39,313,,,,,,0.7059,17,0.0,0.0,-0.0908,,,,,,,,,,,,,,,,,,,,,,,,,,,,,,,,,,,,0.6562,32,-1.0,0.0,-0.1124,,,,,,0.6429,14,-1.0,-1.0,-0.2389,,,,,,0.6168,107,-1.0,-1.0,-0.0717,,,,,,0.616,125,-1.0,-1.0,-0.1065,,,,,,,,,,,,,,,,,,,,,,,,,,0.6,45,1.0,1.0,-0.0715,,,,,,0.6087,46,1.0,1.0,-0.1307,-0.79,-0.5947
SHAK,XLY,25,25,233,0.6667,12,-1.0,-1.0,1.3625,,,,,,0.6667,12,-1.0,-1.0,1.5138,0.7,10,0.0,0.0,-1.0243,,,,,,,,,,,,,,,,,,,,,,,,,,,,,,,,,,,,,,,,,0.6667,15,4.0,4.0,0.357,0.6393,61,-4.0,-2.0,-0.2382,0.8182,11,-5.0,-5.0,0.3322,0.8462,13,5.0,5.0,-0.5764,,,,,,,,,,,,,,,,,,,,,0.7,10,-3.0,-3.0,0.3171,0.6207,29,-2.0,-2.0,-0.2333,0.6786,28,1.0,1.0,0.4521,,,,,,0.4692,0.5499
SHAZ,QQQ,37,37,241,,,,,,,,,,,,,,,,,,,,,,,,,,,,,,,,,,,,,,,,,0.6,10,-1.0,-1.0,2.495,0.8,10,0.0,0.0,-5.9,0.6,10,-1.0,-1.0,3.5767,0.8,10,0.0,0.0,-4.1812,,,,,,0.7,10,2.0,2.0,-0.6186,0.7,10,-1.0,-1.0,2.4943,0.6364,11,15.0,15.0,-3.8343,,,,,,,,,,,,,,,,,,,,,0.6047,43,1.0,1.0,0.8388,0.6792,53,-1.0,-1.0,-0.6311,0.9167,12,2.0,2.0,1.9118,,,,,,0.7895,2.834
SHEL,XLE,39,39,315,0.7037,27,-1.0,0.0,0.2263,,,,,,0.6364,11,-1.0,-1.0,0.4471,,,,,,,,,,,,,,,,,,,,,,,,,,,,,,,,,,,,,,,,,,,,,,,,,,,0.6032,63,1.0,1.0,-0.1116,0.75,12,2.0,2.0,0.2489,,,,,,,,,,,,,,,,,,,,,,,,,,0.6364,11,-3.0,-3.0,0.0857,0.6364,66,1.0,2.0,-0.1048,0.6667,21,2.0,2.0,0.13,,,,,,0.7766,0.9706
SHFS,XLF,13,27,103,,,,,,,,,,,,,,,,,,,,,,,,,,,,,,,,,,,,,,,,,,,,,,,,,,,,,,,,,,,,,,,,,,,,,,,,,,,,,,,,,,,,,,,,,,,,,,,,,,,,,,,,,,,,,,,,,,,,,,,,,0.1854,1.1414
SHLD,IWM,18,18,224,,,,,,,,,,,,,,,,,,,,,,,,,,,,,,,,,,,,,,,,,,,,,,,,,,,,,,,,,,,,,,,,,,0.6,30,-3.0,-3.0,-0.1306,,,,,,,,,,,,,,,,,,,,,,,,,,,,,,,0.6667,15,-2.0,-2.0,0.109,,,,,,,,,,,0.6,15,-2.0,-2.0,-0.2033,0.1229,0.1306
SHLS,ICLN,34,34,247,,,,,,,,,,,,,,,,,,,,,,,,,,,,,,,,,,,,,,,,,,,,,,,,,,,,,,,,,,,,,0.6818,22,5.0,6.0,0.542,0.75,12,1.0,1.0,-0.6711,0.6875,16,-4.0,-4.0,1.0418,0.7273,11,-6.0,-6.0,-0.5062,,,,,,,,,,,,,,,,,,,,,0.6176,34,2.0,2.0,0.3995,,,,,,0.6441,59,-2.0,-1.0,0.8879,0.625,48,-4.0,-3.0,-0.923,0.83,1.5481
SHMD,SPY,26,29,171,,,,,,,,,,,,,,,,,,,,,,,,,,,,,,,,,,,,,,,,,,,,,,0.6667,24,-1.0,0.0,-4.4319,,,,,,0.7692,13,0.0,0.0,-3.321,,,,,,,,,,,,,,,,,,,,,,,,,,,,,,,,,,,,,,,,,,,,,,,,,,,0.6,10,1.0,1.0,1.7183,,,,,,0.5939,2.5134
SHNY,IWM,36,39,227,,,,,,,,,,,,,,,,,,,,,,,,,,,,,,,,,,,,,,,,,,,,,,0.6667,12,-1.0,-1.0,-0.7538,,,,,,0.6364,11,-1.0,-1.0,-1.26,0.6,20,1.0,1.0,0.2542,0.6364,11,2.0,2.0,-1.3071,0.6,20,0.0,0.0,0.6667,0.8462,13,-4.0,-4.0,-0.74,,,,,,,,,,,,,,,,,,,,,,,,,,0.6038,53,-1.0,-1.0,-0.4528,,,,,,,,,,,0.4968,2.1421
SHOP,IGV,38,38,305,,,,,,0.7273,11,0.0,0.0,-1.0675,,,,,,0.7273,11,0.0,0.0,-1.67,,,,,,,,,,,,,,,,,,,,,,,,,,,,,,,,,,,,,,,,,,,,,,,,,,,0.6154,13,-4.0,-4.0,0.8088,,,,,,,,,,,,,,,,,,,,,,,,,,0.6429,14,-4.0,-4.0,0.2867,0.6038,53,0.0,0.0,-0.2431,,,,,,0.6923,13,3.0,3.0,-0.3644,0.7527,0.8832
SHPH,QQQ,14,32,139,,,,,,,,,,,,,,,,,,,,,,,,,,,,,,,,,,,,,,,,,,,,,,,,,,,,,,,,,,,,,,,,,,,,,,,,,,,,0.64,50,15.0,15.0,-6.1928,,,,,,,,,,,,,,,,,,,,,,,,,,0.6604,53,0.0,1.0,-2.32,,,,,,0.6923,26,0.0,0.0,-4.7083,0.0519,0.1646
SHPU,SPY,14,22,41,,,,,,,,,,,,,,,,,,,,,,,,,,,,,,,,,,,,,,,,,,,,,,,,,,,,,,,,,,,,,,,,,,,,,,,,,,,,,,,,,,,,,,,,,,,,,,,,,,,,,,,,,,,,,,,,,,,,,,,,,0.1838,0.9042
SHV,IWM,37,37,241,,,,,,0.8485,33,0.0,0.0,-0.0007,,,,,,0.7647,34,0.0,0.0,-0.0023,,,,,,,,,,,,,,,,,,,,,,,,,,0.8333,30,-1.0,0.0,-0.0008,,,,,,0.7419,31,-1.0,0.0,-0.0026,,,,,,0.8281,221,-1.0,0.0,-0.0023,,,,,,0.8792,207,-1.0,0.0,-0.0024,,,,,,,,,,,,,,,,,,,,,,,,,,0.8381,210,-2.0,1.0,-0.0023,,,,,,0.88,200,-2.0,1.0,-0.0024,-0.0643,-0.0012
SHW,XLB,19,19,231,0.7,10,0.0,0.0,0.9071,,,,,,,,,,,,,,,,,,,,,,,,,,,,,,,,,,,,,,,,,,,,,,,,,,,,,,,,0.6667,18,-4.0,-4.0,0.12,0.72,25,-2.0,-2.0,-0.1439,0.6667,18,-4.0,-4.0,0.15,0.7083,24,-2.0,-2.0,-0.2947,,,,,,,,,,,,,,,,,,,,,0.6522,23,-2.0,-2.0,0.102,0.6207,58,-1.0,-1.0,-0.1311,,,,,,0.6471,51,1.0,1.0,-0.2097,0.5385,0.7732
SHY,IWM,35,35,220,,,,,,0.7143,14,-1.0,-1.0,-0.014,,,,,,0.9286,14,-1.0,-1.0,-0.0185,,,,,,,,,,,,,,,,,,,,,,,,,,0.7273,11,-1.0,-1.0,-0.0162,,,,,,0.8182,11,-1.0,-1.0,-0.0233,,,,,,0.7703,209,-1.0,0.0,-0.0063,,,,,,0.7192,203,-1.0,0.0,-0.0074,,,,,,,,,,,,,,,,,,,,,,,,,,0.7685,203,-2.0,1.0,-0.006,,,,,,0.7363,182,-1.0,1.0,-0.0074,0.2944,0.0232
SID,SLX,32,35,192,,,,,,,,,,,,,,,,,,,,,,,,,,,,,,,,,,,,,,,,,,,,,,,,,,,,,,,,,,,,,,,,,,0.68,25,1.0,2.0,-0.4165,,,,,,0.6515,66,-2.0,0.0,-0.3653,,,,,,,,,,,,,,,,,,,,,,,,,,,,,,,,,,,,0.6154,13,-1.0,-1.0,-0.4,0.5776,1.055
SIDU,QQQ,39,39,499,,,,,,,,,,,,,,,,,,,,,,,,,,,,,,,,,,,,,,,,,,,,,,0.6818,22,-1.0,0.0,-3.232,,,,,,0.75,12,0.0,0.0,-4.68,0.6154,26,-7.0,-7.0,0.7012,0.6905,42,-3.0,-2.0,-0.6866,,,,,,0.6897,58,-2.0,-1.0,-0.9183,,,,,,,,,,,,,,,,,,,,,,,,,,0.6533,75,-3.0,-2.0,-0.5527,0.6,10,3.0,3.0,1.6033,0.6102,59,-2.0,-2.0,-0.9114,0.5631,1.1438
SIL,IWM,37,37,242,,,,,,,,,,,,,,,,,,,,,,,,,,,,,,,,,,,,,,,,,,,,,,,,,,,,,,,,0.6364,11,-1.0,-1.0,-1.5843,0.7778,18,1.0,1.0,0.3557,0.7105,38,-3.0,-2.0,-0.2896,0.6667,33,2.0,2.0,0.4655,0.6905,42,-3.0,-2.0,-0.45,,,,,,,,,,,,,,,,,,,,,,,,,,,,,,,,,,,,,,,,,0.5893,1.6743
SILJ,IWM,38,38,290,,,,,,,,,,,,,,,,,,,,,,,,,,,,,,,,,,,,,,,,,0.6471,17,0.0,0.0,0.49,0.6154,13,-1.0,-1.0,-1.075,,,,,,0.6923,13,-1.0,-1.0,-1.7067,0.7391,23,1.0,1.0,0.3959,0.625,16,-3.0,-3.0,-0.299,0.6296,27,1.0,1.0,0.4706,0.6154,39,3.0,4.0,-0.4292,,,,,,,,,,,,,,,,,,,,,0.6304,46,1.0,1.0,0.2238,,,,,,,,,,,,,,,,0.5932,1.804
SILO,IWM,11,19,40,,,,,,,,,,,,,,,,,,,,,,,,,,,,,,,,,,,,,,,,,,,,,,,,,,,,,,,,,,,,,,,,,,,,,,,,,,,,,,,,,,,,,,,,,,,,,,,,,,,,,0.6154,13,-1.0,-1.0,1.6162,,,,,,,,,,,,,,,,0.291,0.7253
SIMO,SOXX,31,32,196,,,,,,,,,,,,,,,,,,,,,,,,,,,,,,,,,,,,,,,,,,,,,,,,,,,,,,,,,,,,,0.6667,27,1.0,2.0,0.8722,0.6364,11,-5.0,-5.0,-0.5943,0.8077,26,0.0,1.0,1.4043,0.7,10,-6.0,-6.0,-0.6443,,,,,,,,,,,,,,,,,,,,,0.6154,26,2.0,3.0,0.5412,,,,,,0.6452,31,0.0,1.0,1.3455,0.6786,28,-5.0,-4.0,-0.7279,0.9416,1.0534
SIRI,SPY,30,30,232,,,,,,,,,,,0.6364,11,0.0,0.0,0.6614,0.625,16,-1.0,-1.0,-0.825,,,,,,,,,,,,,,,,,,,,,,,,,,,,,,,,,,,,,,,,,,,,,,,,,,,0.6154,13,-3.0,-3.0,0.3375,,,,,,,,,,,,,,,,,,,,,,,,,,,,,,,,,,,,,,,,,0.6,15,1.0,1.0,-0.5578,0.4232,0.448
SITM,SOXX,19,20,200,,,,,,,,,,,,,,,,,,,,,,,,,,,,,,,,,,,,,,,,,,,,,,,,,,,,,,,,,,,,,0.6316,57,0.0,2.0,0.4633,,,,,,0.7391,23,-2.0,-1.0,0.9524,0.6364,11,3.0,3.0,-0.6943,,,,,,,,,,,,,,,,,,,,,0.7586,29,1.0,2.0,0.4414,,,,,,0.7742,31,1.0,2.0,0.68,0.7273,11,5.0,5.0,-0.75,0.9436,0.979
SIVR,IWM,39,39,282,,,,,,,,,,,,,,,,,,,,,,,,,,,,,,,,,,,,,,,,,,,,,,0.6429,14,-1.0,-1.0,-0.4978,,,,,,0.7857,14,-1.0,-1.0,-0.6136,0.6129,31,0.0,0.0,0.2021,0.6875,16,2.0,2.0,-0.1382,0.6667,12,4.0,4.0,0.2,0.6329,79,-3.0,-1.0,-0.4192,,,,,,,,,,,,,,,,,,,,,,,,,,0.6111,72,0.0,0.0,-0.192,,,,,,,,,,,0.5161,1.4585
SKE,GDX,10,11,203,,,,,,,,,,,,,,,,,,,,,,,,,,,,,,,,,,,,,,,,,,,,,,,,,,,,,,,,,,,,,0.7143,14,2.0,2.0,0.463,0.6667,33,-4.0,-3.0,-0.3705,0.8182,11,1.0,1.0,1.0956,0.6333,30,-3.0,-2.0,-0.6837,,,,,,,,,,,,,,,,,,,,,0.6667,18,1.0,1.0,0.615,,,,,,0.7143,14,0.0,0.0,0.988,0.619,21,-3.0,-3.0,-0.5662,0.944,1.0553
SKIN,XLP,14,14,191,,,,,,,,,,,,,,,,,,,,,,,,,,,,,,,,,,,,,,,,,,,,,,,,,,,,,,,,,,,,,0.7333,15,-2.0,-2.0,0.54,0.6471,17,15.0,15.0,-2.1845,0.9091,11,1.0,1.0,0.889,0.6897,29,-1.0,0.0,-1.2265,,,,,,,,,,,,,,,,,,,,,0.6383,47,0.0,0.0,0.7907,0.6562,32,1.0,1.0,-0.87,,,,,,,,,,,0.1232,0.2548
SKM,QQQ,37,37,283,,,,,,,,,,,,,,,,,,,,,,,,,,,,,,,,,,,,,,,,,,,,,,0.7,10,0.0,0.0,-0.9829,,,,,,0.7,10,0.0,0.0,-0.9486,0.75,32,-4.0,-3.0,0.2208,0.7143,14,3.0,3.0,-0.292,0.6333,30,0.0,0.0,0.3874,0.8,10,-5.0,-5.0,-0.57,,,,,,,,,,,,,,,,,,,,,0.6364,11,-3.0,-3.0,0.1529,,,,,,0.6875,64,0.0,0.0,0.5748,0.6327,49,-3.0,-2.0,-0.4742,0.4708,1.2484
SKYQ,SPY,37,39,478,,,,,,,,,,,,,,,,,,,,,,,,,,,,,,,,,,,,,,,,,0.6,15,-1.0,-1.0,4.11,0.7222,18,0.0,0.0,-3.5438,,,,,,0.8333,18,0.0,0.0,-5.6347,0.6316,38,-1.0,1.0,0.8954,0.8,15,2.0,2.0,-1.5017,0.8,10,-6.0,-6.0,1.5588,0.7273,33,2.0,4.0,-2.3017,,,,,,,,,,,,,,,,,,,,,,,,,,0.6818,22,1.0,1.0,-1.2527,,,,,,,,,,,-0.2629,-3.5737
SKYT,SMH,26,27,183,,,,,,,,,,,,,,,,,,,,,,,,,,,,,,,,,,,,,,,,,,,,,,,,,,,,,,,,,,,,,0.6615,65,-2.0,-1.0,0.3323,0.7714,35,0.0,1.0,-0.3037,0.6604,53,-3.0,-2.0,0.6411,0.6562,32,0.0,1.0,-0.6043,,,,,,,,,,,,,,,,,,,,,0.7778,27,-4.0,-3.0,0.3867,0.7857,14,-2.0,-2.0,-0.31,0.7,30,-4.0,-3.0,0.5557,,,,,,0.8819,0.4904
SKYX,IWM,15,15,186,,,,,,,,,,,,,,,,,,,,,,,,,,,,,,,,,,,,,,,,,,,,,,,,,,,,,,,,,,,,,,,,,,0.6744,43,-3.0,-1.0,-0.3703,,,,,,0.9,10,-5.0,-5.0,-0.8011,,,,,,,,,,,,,,,,,,,,,,,,,,0.6791,134,-1.0,1.0,-0.499,,,,,,0.6395,86,0.0,1.0,-0.6598,0.6374,1.2711
SLB,OIH,33,33,253,0.6154,13,-1.0,-1.0,0.8425,0.6154,13,0.0,0.0,-1.0275,,,,,,,,,,,,,,,,,,,,,,,,,,,,,,,,,,,,,,,,,,,,,,,,,,,0.8571,14,-2.0,-2.0,0.2017,0.6792,53,1.0,2.0,-0.1361,0.6429,14,-2.0,-2.0,0.2833,0.6667,15,-3.0,-3.0,-0.421,,,,,,,,,,,,,,,,,,,,,0.6232,69,-2.0,-1.0,0.1972,0.6842,38,1.0,1.0,-0.1435,,,,,,,,,,,0.753,0.7383
SLBT,QQQ,10,17,80,,,,,,,,,,,,,,,,,,,,,,,,,,,,,,,,,,,,,,,,,,,,,,,,,,,,,,,,,,,,,,,,,,0.625,24,15.0,15.0,-14.7153,,,,,,0.65,20,-15.0,-15.0,-3.3215,,,,,,,,,,,,,,,,,,,,,0.6667,12,-1.0,-1.0,14.52,0.7308,26,0.0,1.0,-8.9742,,,,,,0.75,16,0.0,0.0,-16.5292,-0.0606,-0.4128
SLDB,XBI,10,10,198,,,,,,,,,,,,,,,,,,,,,,,,,,,,,,,,,,,,,,,,,,,,,,,,,,,,,,,,,,,,,,,,,,0.6667,18,-1.0,-1.0,-0.255,,,,,,0.6364,11,3.0,3.0,-0.46,,,,,,,,,,,,,,,,,,,,,,,,,,0.6667,60,1.0,2.0,-0.4085,,,,,,0.6154,39,-2.0,-1.0,-0.7729,0.7888,1.1443
SLDE,XLF,14,16,194,,,,,,,,,,,,,,,,,,,,,,,,,,,,,,,,,,,,,,,,,,,,,,,,,,,,,,,,,,,,,,,,,,0.6591,44,0.0,1.0,-0.2572,,,,,,0.6364,44,0.0,1.0,-0.4461,,,,,,,,,,,,,,,,,,,,,,,,,,,,,,,,,,,,0.6044,91,0.0,0.0,-0.4289,0.5854,0.7778
SLDP,SPY,39,39,404,,,,,,0.7,10,0.0,0.0,-1.0457,0.6,10,0.0,0.0,2.1067,,,,,,,,,,,,,,,,,,,,,,,,,,0.7333,15,-1.0,-1.0,1.6436,0.7,20,0.0,0.0,-0.9279,0.6667,15,-1.0,-1.0,2.587,,,,,,,,,,,0.6548,168,-1.0,3.0,-0.3702,,,,,,0.618,89,0.0,1.0,-0.652,,,,,,,,,,,,,,,,,,,,,,,,,,0.6494,154,-2.0,-1.0,-0.3545,,,,,,0.6522,23,1.0,1.0,-0.7287,0.7718,2.5638
SLGB,XTN,14,28,125,,,,,,,,,,,,,,,,,,,,,,,,,,,,,,,,,,,,,,,,,,,,,,,,,,,,,,,,,,,,,,,,,,0.6667,24,15.0,15.0,-9.3513,,,,,,0.7308,26,15.0,15.0,-12.4405,,,,,,,,,,,,,,,,,,,,,,,,,,,,,,,,,,,,,,,,,0.2671,1.7552
SLI,IWM,35,35,221,,,,,,0.7143,21,0.0,1.0,-1.4053,,,,,,0.7273,22,0.0,1.0,-1.665,,,,,,,,,,,,,,,,,,,,,,,,,,0.6,15,0.0,0.0,-1.5144,,,,,,,,,,,,,,,,0.6875,48,0.0,1.0,-0.387,,,,,,0.7586,29,0.0,0.0,-0.7077,,,,,,,,,,,,,,,,,,,,,,,,,,,,,,,,,,,,0.6125,80,-1.0,-1.0,-0.5382,0.6953,1.1372
SLNH,QQQ,39,39,362,,,,,,,,,,,,,,,,,,,,,,,,,,,,,,,,,,,,,,,,,,,,,,,,,,,,,,,,0.6364,11,0.0,0.0,-3.8314,0.6316,19,15.0,15.0,1.3408,0.6879,157,-4.0,1.0,-0.6181,0.7,10,-8.0,-8.0,1.1543,0.6516,155,-3.0,2.0,-0.9656,,,,,,,,,,,,,,,,,,,,,,,,,,0.6667,87,-1.0,-1.0,-0.6467,,,,,,0.6222,90,-1.0,-1.0,-0.9907,0.7607,2.249
SLQT,SPY,20,20,192,,,,,,,,,,,,,,,,,,,,,,,,,,,,,,,,,,,,,,,,,0.6,10,0.0,0.0,1.2717,,,,,,,,,,,,,,,,0.7692,13,-3.0,-3.0,0.681,0.6875,16,-1.0,-1.0,-0.4209,0.6875,16,-3.0,-3.0,1.1582,0.6774,31,1.0,2.0,-1.089,,,,,,,,,,,,,,,,,,,,,,,,,,,,,,,,,,,,0.6389,72,-2.0,-1.0,-0.9572,0.1636,0.4736
SLS,XBI,39,39,362,,,,,,0.7,20,-1.0,0.0,-2.5486,,,,,,,,,,,,,,,,,,,,,,,,,,,,,,,,,,,,,,,,,,,,,,,,,,,0.6111,18,6.0,6.0,0.2882,0.6129,31,0.0,0.0,-0.4142,0.6923,13,-8.0,-8.0,1.66,0.6038,53,0.0,1.0,-0.64,,,,,,,,,,,,,,,,,,,,,,,,,,0.6,25,2.0,2.0,-0.6313,,,,,,0.6111,36,-1.0,-1.0,-1.0132,0.694,1.2885
SLV,IWM,39,39,697,,,,,,,,,,,,,,,,,,,,,,,,,,,,,,,,,,,,,,,,,,,,,,0.6154,13,-1.0,-1.0,-0.4837,,,,,,0.6923,13,-1.0,-1.0,-0.6667,,,,,,0.6667,48,2.0,2.0,-0.1187,,,,,,0.6058,104,-1.0,-1.0,-0.3349,,,,,,,,,,,,,,,,,,,,,,,,,,,,,,,,,,,,,,,,,0.5184,1.4668
SLVO,QQQ,13,16,59,,,,,,,,,,,,,,,,,,,,,,,,,,,,,,,,,,,,,,,,,,,,,,,,,,,,,,,,,,,,,,,,,,,,,,,,,,,,,,,,,,,,,,,,,,,,,,,,,,,,,,,,,,0.6364,11,-1.0,-1.0,-0.3329,,,,,,0.6429,14,-1.0,-1.0,-1.0056,0.5441,0.6087
SLVP,IWM,11,12,153,,,,,,,,,,,,,,,,,,,,,,,,,,,,,,,,,,,,,,,,,,,,,,,,,,,,,,,,,,,,,0.8182,11,-5.0,-5.0,0.3256,0.6923,13,-4.0,-4.0,-0.3367,0.75,16,2.0,2.0,0.6442,0.75,12,-4.0,-4.0,-0.5211,,,,,,,,,,,,,,,,,,,,,,,,,,0.6364,44,0.0,0.0,-0.2607,,,,,,0.6,10,-2.0,-2.0,-0.5417,0.5729,1.6749
SLVR,IWM,11,18,71,,,,,,,,,,,,,,,,,,,,,,,,,,,,,,,,,,,,,,,,,,,,,,,,,,,,,,,,,,,,,,,,,,,,,,,,,,,,,,,,,,,,,,,,,,,,,,,,,,,,,,,,,,0.6667,33,-1.0,0.0,-0.2441,,,,,,0.7647,17,-1.0,-1.0,-0.5123,0.5161,1.5743
SLXN,SPY,11,19,45,,,,,,,,,,,,,,,,,,,,,,,,,,,,,,,,,,,,,,,,,,,,,,,,,,,,,,,,,,,,,,,,,,,,,,,,,,,,,,,,,,,,,,,,,,,,,,,,,,,,,,,,,,,,,,,,,,,,,,,,,0.4163,1.5433
SM,XLE,31,31,241,,,,,,,,,,,,,,,,,,,,,,,,,,,,,,,,,,,,,,,,,,,,,,,,,,,,,,,,,,,,,0.6,10,5.0,5.0,0.245,0.625,24,-2.0,-2.0,-0.2133,,,,,,0.6667,24,-3.0,-3.0,-0.2963,,,,,,,,,,,,,,,,,,,,,0.619,21,2.0,2.0,0.1846,0.7,10,-3.0,-3.0,-0.1829,,,,,,0.6341,41,-3.0,-2.0,-0.2773,0.915,1.898
SMA,VNQ,10,13,128,,,,,,,,,,,,,,,,,,,,,,,,,,,,,,,,,,,,,,,,,,,,,,,,,,,,,,,,,,,,,,,,,,0.7419,31,-2.0,-1.0,-0.1687,,,,,,0.6818,22,-1.0,-1.0,-0.3847,,,,,,,,,,,,,,,,,,,,,,,,,,0.6667,42,0.0,1.0,-0.2118,0.6875,16,-2.0,-2.0,0.3318,0.6286,35,0.0,0.0,-0.4173,0.6228,1.1281
SMCI,SOXX,39,39,681,,,,,,,,,,,,,,,,,,,,,,,,,,,,,,,,,,,,,,,,,,,,,,,,,,,,,,,,,,,,,0.62,50,4.0,5.0,0.4552,0.7333,30,15.0,15.0,-0.6782,0.6957,23,4.0,4.0,0.7419,0.6383,47,-3.0,-3.0,-0.4087,,,,,,,,,,,,,,,,,,,,,0.6176,68,0.0,0.0,0.4986,0.7568,37,-3.0,-3.0,-0.4414,0.6786,56,2.0,2.0,0.8555,0.6528,72,-4.0,-3.0,-0.6317,0.8425,0.6672
SMCL,QQQ,34,36,177,,,,,,,,,,,,,,,,,,,,,,,,,,,,,,,,,,,,,,,,,0.6,10,-1.0,-1.0,6.0467,,,,,,0.6,10,-1.0,-1.0,7.705,0.6,10,0.0,0.0,-3.455,,,,,,,,,,,0.65,20,15.0,15.0,1.8046,0.6154,13,-15.0,-15.0,-1.9775,,,,,,,,,,,,,,,,,,,,,0.6,20,0.0,0.0,1.6458,,,,,,,,,,,,,,,,0.7894,3.6436
SMCX,QQQ,39,39,499,,,,,,,,,,,,,,,,,,,,,,,,,,,,,,,,,,,,,,,,,0.6364,11,-1.0,-1.0,5.91,0.7273,11,0.0,0.0,-2.0663,0.6364,11,-1.0,-1.0,7.1371,0.6364,11,0.0,0.0,-3.6043,0.7,10,-13.0,-13.0,1.0257,0.6034,58,15.0,15.0,-1.3763,0.6667,15,1.0,1.0,1.249,0.6852,54,-6.0,-4.0,-1.4565,,,,,,,,,,,,,,,,,,,,,,,,,,0.6,20,-3.0,-3.0,-1.1667,0.6522,23,2.0,2.0,1.118,0.6,20,-3.0,-3.0,-1.4733,0.7795,3.5634
SMCY,QQQ,36,37,234,,,,,,,,,,,,,,,,0.6,10,0.0,0.0,-1.0667,,,,,,,,,,,,,,,,,,,,,,,,,,,,,,,,,,,,,,,,,0.75,12,4.0,4.0,0.4189,0.6429,14,-4.0,-4.0,-0.5633,0.6,15,1.0,1.0,0.9178,0.6667,18,0.0,0.0,-0.9517,,,,,,,,,,,,,,,,,,,,,0.6429,28,1.0,1.0,0.9933,0.6,10,-3.0,-3.0,-0.625,0.6053,38,1.0,2.0,1.0313,0.6182,55,-1.0,-1.0,-0.6544,0.7568,1.3414
SMCZ,IWM,35,37,242,,,,,,,,,,,,,,,,,,,,,,,,,,,,,,,,,,,,,,,,,0.6471,17,0.0,0.0,2.3136,0.6923,13,-1.0,-1.0,-5.65,0.6429,14,0.0,0.0,3.4333,0.6667,12,-1.0,-1.0,-7.715,0.6842,19,15.0,15.0,1.1669,0.7273,11,-4.0,-4.0,-1.7175,0.6842,19,15.0,15.0,2.0523,,,,,,,,,,,,,,,,,,,,,,,,,,,,,,,,,,,,,,,,,,,,,,-0.6699,-4.8354
SMFG,KRE,29,29,217,0.8182,11,0.0,0.0,0.5267,,,,,,0.8182,11,0.0,0.0,0.61,,,,,,,,,,,,,,,,,,,,,,,,,,,,,,,,,,,,,,,,,,,,,,0.6154,13,-3.0,-3.0,0.075,0.625,16,3.0,3.0,-0.132,0.6111,18,-2.0,-2.0,0.2309,,,,,,,,,,,,,,,,,,,,,,,,,,0.7273,11,-3.0,-3.0,0.0575,,,,,,0.6136,44,-1.0,-1.0,0.1811,,,,,,0.2926,0.6161
SMH,QQQ,39,39,639,,,,,,,,,,,,,,,,,,,,,,,,,,,,,,,,,,,,,,,,,0.8,10,-1.0,-1.0,0.8137,,,,,,0.6,10,-1.0,-1.0,1.6633,0.6667,12,0.0,0.0,-1.3188,0.6452,62,2.0,2.0,0.2003,0.6106,113,-5.0,-3.0,-0.2099,0.6269,134,1.0,2.0,0.3413,0.6087,23,-5.0,-5.0,-0.5521,,,,,,,,,,,,,,,,,,,,,0.6218,119,1.0,2.0,0.2164,0.6207,116,-3.0,-2.0,-0.2254,0.6379,116,1.0,2.0,0.2673,0.625,24,-3.0,-3.0,-0.406,0.9328,2.2463
SMHX,QQQ,11,15,81,,,,,,,,,,,,,,,,,,,,,,,,,,,,,,,,,,,,,,,,,,,,,,,,,,,,,,,,,,,,,,,,,,,,,,,,,,,,,,,,,,,,,,,,,,,,,,,,,,,,,0.7692,13,1.0,1.0,0.201,,,,,,0.6667,18,-1.0,-1.0,1.0525,,,,,,0.9453,1.9874
SMMT,SPY,35,35,271,,,,,,,,,,,,,,,,,,,,,,,,,,,,,,,,,,,,,,,,,,,,,,0.6154,13,-1.0,-1.0,-2.5637,0.6111,18,0.0,0.0,1.6645,0.6154,13,-1.0,-1.0,-2.4613,,,,,,0.6316,19,2.0,2.0,-0.4433,,,,,,0.6747,83,1.0,3.0,-0.6082,,,,,,,,,,,,,,,,,,,,,,,,,,0.8889,18,-2.0,-2.0,-0.4044,,,,,,0.6471,17,-2.0,-2.0,-0.7636,0.5347,1.3784
SMR,SPY,39,39,680,,,,,,,,,,,,,,,,,,,,,,,,,,,,,,,,,,,,,,,,,,,,,,,,,,,,,,,,,,,,,0.6875,32,3.0,3.0,0.6018,0.6218,119,-3.0,-2.0,-0.3266,0.7143,42,5.0,7.0,0.6713,0.7143,28,-9.0,-8.0,-0.295,,,,,,,,,,,,,,,,,,,,,0.6286,35,1.0,1.0,0.6191,0.6571,35,-2.0,-2.0,-0.3909,,,,,,,,,,,0.605,2.3359
SMRT,QQQ,11,11,204,,,,,,,,,,,,,,,,,,,,,,,,,,,,,,,,,,,,,,,,,,,,,,,,,,,,,,,,,,,,,,,,,,0.6598,97,-2.0,1.0,-0.3658,,,,,,0.6269,67,0.0,1.0,-0.664,,,,,,,,,,,,,,,,,,,,,,,,,,0.725,80,0.0,2.0,-0.331,,,,,,0.6133,75,0.0,1.0,-0.3798,0.2934,0.2774
SMST,QQQ,35,38,159,,,,,,,,,,,,,,,,,,,,,,,,,,,,,,,,,,,,,,,,,0.6,10,0.0,0.0,2.5817,,,,,,0.6,10,-1.0,-1.0,2.7267,,,,,,,,,,,,,,,,,,,,,,,,,,,,,,,,,,,,,,,,,,,,,,0.6,25,0.0,0.0,0.924,,,,,,,,,,,,,,,,-0.4364,-2.1235
SMTC,SOXX,35,35,267,,,,,,,,,,,,,,,,,,,,,,,,,,,,,,,,,,,,,,,,,,,,,,,,,,,,,,,,,,,,,0.6667,24,-8.0,-7.0,0.5706,0.6154,13,4.0,4.0,-0.4138,0.6923,26,1.0,2.0,0.8906,0.6538,26,5.0,6.0,-0.7112,,,,,,,,,,,,,,,,,,,,,0.7647,17,2.0,2.0,0.5485,0.75,24,3.0,3.0,-0.5867,0.65,40,-2.0,-1.0,0.7881,0.625,16,5.0,5.0,-0.87,0.923,1.1506
SMTK,SMH,22,32,154,,,,,,,,,,,,,,,,,,,,,,,,,,,,,,,,,,,,,,,,,,,,,,,,,,,,,,,,,,,,,,,,,,,,,,,,,,,,,,,,,,,,,,,,,,,,,,,,,,,,,,,,,,0.64,25,-4.0,-3.0,-3.8225,,,,,,0.6316,38,1.0,3.0,-2.8112,0.3758,0.51
SMU,SPY,39,39,406,,,,,,,,,,,,,,,,,,,,,,,,,,,,,,,,,,,,,,,,,,,,,,,,,,,,,,,,,,,,,0.7647,17,-2.0,-2.0,0.4962,0.7308,26,-15.0,-15.0,-0.9832,0.7037,27,0.0,1.0,1.9037,0.6786,28,-15.0,-15.0,-1.2363,,,,,,,,,,,,,,,,,,,,,,,,,,0.6316,19,-2.0,-2.0,-1.045,0.6,25,1.0,1.0,1.332,0.7895,19,-2.0,-2.0,-1.618,0.6152,4.6388
SMUP,SPY,24,37,77,,,,,,,,,,,,,,,,,,,,,,,,,,,,,,,,,,,,,,,,,,,,,,0.7,10,-1.0,-1.0,-4.9614,0.6,10,0.0,0.0,4.6933,,,,,,,,,,,,,,,,,,,,,,,,,,,,,,,,,,,,,,,,,,,,,,,,,,,0.625,24,0.0,0.0,-1.182,,,,,,0.6429,14,0.0,0.0,-2.0056,0.6153,4.9174
SMWB,SPY,14,18,170,,,,,,,,,,,,,,,,,,,,,,,,,,,,,,,,,,,,,,,,,,,,,,,,,,,,,,,,,,,,,,,,,,0.7222,18,1.0,1.0,-0.3731,0.7273,11,0.0,0.0,0.7975,0.6429,14,3.0,3.0,-1.2,,,,,,,,,,,,,,,,,,,,,,,,,,0.6042,48,-1.0,-1.0,-0.4359,0.8182,11,1.0,1.0,1.6811,,,,,,0.5599,1.5661
SNAL,KWEB,23,29,95,,,,,,,,,,,,,,,,,,,,,,,,,,,,,,,,,,,,,,,,,,,,,,,,,,,,,,,,,,,,,,,,,,,,,,,,,,,,,,,,,,,,,,,,,,,,,,,,,,,,,,,,,,0.6,35,-1.0,0.0,-2.1729,0.6842,19,-1.0,-1.0,1.9131,0.6,10,1.0,1.0,-0.8033,0.4095,0.4992
SNAP,SPY,39,39,351,,,,,,,,,,,,,,,,,,,,,,,,,,,,,,,,,,,,,,,,,,,,,,0.6,15,-1.0,-1.0,-1.5356,,,,,,,,,,,0.6552,29,-3.0,-3.0,0.3026,0.6667,24,1.0,1.0,-0.4056,,,,,,0.6829,41,1.0,2.0,-0.5843,,,,,,,,,,,,,,,,,,,,,,,,,,0.6667,18,1.0,1.0,-0.2875,,,,,,0.7143,21,-2.0,-2.0,-0.5753,0.13,0.2617
SNBR,NONE,17,17,182,,,,,,,,,,,,,,,,,,,,,,,,,,,,,,,,,,,,,,,,,,,,,,,,,,,,,,,,,,,,,,,,,,0.6923,26,15.0,15.0,-7.5889,,,,,,0.6049,81,-15.0,-15.0,-2.6694,,,,,,,,,,,,,,,,,,,,,,,,,,,,,,,,,,,,,,,,,,
SNBRQ,QQQ,18,18,210,,,,,,,,,,,,,,,,,,,,,,,,,,,,,,,,,,,,,,,,,,,,,,,,,,,,,,,,,,,,,,,,,,0.75,32,15.0,15.0,-6.5767,,,,,,0.6047,86,-15.0,-15.0,-2.6238,,,,,,,,,,,,,,,,,,,,,,,,,,0.6875,48,0.0,0.0,-2.587,,,,,,0.6164,73,0.0,1.0,-4.2702,0.0319,0.3286
SNDG,QQQ,39,39,358,,,,,,,,,,,,,,,,,,,,,,,,,,,,,,,,,,,,,,,,,0.75,12,-1.0,-1.0,3.9933,0.7273,11,0.0,0.0,-2.9938,0.7273,11,-1.0,-1.0,5.5663,,,,,,0.6154,39,15.0,15.0,1.5288,,,,,,0.7368,38,15.0,15.0,2.0532,,,,,,,,,,,,,,,,,,,,,,,,,,0.6418,67,1.0,2.0,1.3312,,,,,,0.9167,12,2.0,2.0,2.2545,,,,,,0.8294,7.09
SNDK,DRAM,39,39,766,,,,,,,,,,,,,,,,,,,,,,,,,,,,,,,,,,,,,,,,,,,,,,,,,,,,,,,,,,,,,0.7273,22,-5.0,-5.0,0.4106,0.6957,23,-4.0,-4.0,-0.3775,0.6744,43,-1.0,-1.0,1.1028,0.6383,47,-14.0,-12.0,-0.7977,,,,,,,,,,,,,,,,,,,,,,,,,,,,,,,,,,,,,,,,,0.9332,0.7749
SNDL,SPY,28,32,178,,,,,,0.6923,13,0.0,0.0,-0.3078,,,,,,0.6,10,0.0,0.0,-0.5517,,,,,,,,,,,,,,,,,,,,,0.6364,11,0.0,0.0,1.4114,,,,,,,,,,,,,,,,,,,,,0.7547,53,0.0,1.0,-0.2038,,,,,,0.6757,74,-3.0,-1.0,-0.3134,,,,,,,,,,,,,,,,,,,,,,,,,,0.6692,130,-1.0,1.0,-0.1983,,,,,,0.6519,135,-2.0,0.0,-0.288,0.138,0.1457
SNDQ,IWM,39,39,722,,,,,,,,,,,,,,,,,,,,,,,,,,,,,,,,,,,,,,,,,,,,,,,,,,,0.6842,19,0.0,0.0,6.5023,0.6154,13,-1.0,-1.0,-5.285,0.6087,23,-11.0,-11.0,0.7586,0.697,66,-15.0,-15.0,-0.9322,0.64,25,10.0,11.0,2.0056,0.6429,70,-7.0,-5.0,-1.3869,,,,,,,,,,,,,,,,,,,,,,,,,,0.6875,80,1.0,1.0,-1.81,,,,,,,,,,,-0.5862,-7.2013
SNDU,QQQ,39,39,573,,,,,,,,,,,,,,,,,,,,,,,,,,,,,,,,,,,,,,,,,0.7273,11,-1.0,-1.0,4.445,0.75,12,0.0,0.0,-2.8833,0.7273,11,-1.0,-1.0,5.6762,0.6364,11,0.0,0.0,-4.7829,0.6667,81,13.0,15.0,1.2454,0.7692,13,11.0,11.0,-1.165,0.8182,11,8.0,8.0,1.8156,0.6667,18,-5.0,-5.0,-1.0625,,,,,,,,,,,,,,,,,,,,,0.8,20,2.0,2.0,1.1194,0.7,10,-4.0,-4.0,-1.0457,0.6842,19,2.0,2.0,2.3362,,,,,,0.8321,7.0881
SNEX,SPY,22,24,160,,,,,,,,,,,,,,,,,,,,,,,,,,,,,,,,,,,,,,,,,,,,,,,,,,,,,,,,,,,,,0.6,20,-2.0,-2.0,0.305,0.6111,18,2.0,2.0,-0.4064,0.6111,18,-2.0,-2.0,0.5245,0.8,15,2.0,2.0,-0.56,,,,,,,,,,,,,,,,,,,,,,,,,,0.6429,14,-2.0,-2.0,-0.1078,,,,,,0.6462,65,0.0,0.0,-0.475,0.6481,1.4044
SNGX,IBB,24,32,195,,,,,,,,,,,,,,,,,,,,,,,,,,,,,,,,,,,,,,,,,,,,,,,,,,,,,,,,,,,,,0.6364,11,-3.0,-3.0,0.5243,0.8462,13,-6.0,-6.0,-1.1255,,,,,,0.7,10,-15.0,-15.0,-1.1029,,,,,,,,,,,,,,,,,,,,,0.6061,33,0.0,0.0,4.252,0.8571,14,1.0,1.0,-1.0575,0.6333,30,0.0,0.0,4.1826,0.75,12,1.0,1.0,-1.4944,0.276,1.1986
SNK,IWM,25,25,287,,,,,,,,,,,,,,,,,,,,,,,,,,,,,,,,,,,,,,,,,0.6667,15,0.0,0.0,3.018,,,,,,,,,,,,,,,,0.75,16,15.0,15.0,1.05,0.75,16,-15.0,-15.0,-1.2158,0.6667,15,1.0,1.0,1.091,0.6923,13,2.0,2.0,-1.7422,,,,,,,,,,,,,,,,,,,,,,,,,,,,,,,,,,,,,,,,,-0.2459,-1.2707
SNN,IHI,31,31,223,,,,,,,,,,,,,,,,0.6364,11,0.0,0.0,-0.4114,,,,,,,,,,,,,,,,,,,,,,,,,,,,,,,,,,,,,,,,,0.7143,28,-2.0,-2.0,0.146,0.6408,103,-1.0,0.0,-0.1147,0.6667,15,2.0,2.0,0.339,0.6154,78,0.0,1.0,-0.189,,,,,,,,,,,,,,,,,,,,,0.6875,16,-3.0,-3.0,0.2,0.6889,45,0.0,0.0,-0.1139,0.9,10,2.0,2.0,0.3256,0.6353,85,0.0,1.0,-0.1693,0.5697,0.7585
SNOU,SPY,18,26,82,,,,,,,,,,,,,,,,,,,,,,,,,,,,,,,,,,,,,,,,,,,,,,,,,,,,,,,,,,,,,0.6923,13,15.0,15.0,1.2633,,,,,,,,,,,,,,,,,,,,,,,,,,,,,,,,,,,,,,,,,,,,,,,,,,,,,,,,-0.0111,-0.0514
SNOW,IGV,39,39,324,,,,,,,,,,,0.6364,11,-1.0,-1.0,1.3957,,,,,,,,,,,,,,,,,,,,,,,,,,,,,,,,,,,,,,,,,,,,,,0.6,35,-2.0,-2.0,1.6948,0.6957,23,2.0,2.0,-0.2594,0.6286,35,-2.0,-2.0,1.9805,0.6078,51,1.0,1.0,-0.5303,,,,,,,,,,,,,,,,,,,,,0.8889,18,2.0,2.0,0.4588,0.6429,14,-4.0,-4.0,-0.2833,0.7222,18,2.0,2.0,1.0254,0.6333,30,1.0,1.0,-0.5011,0.7451,0.8271
SNPS,IGV,38,38,260,,,,,,,,,,,0.6154,13,-1.0,-1.0,1.6537,,,,,,,,,,,,,,,,,,,,,,,,,,,,,,,,,,,,,,,,,,,,,,0.6216,37,0.0,0.0,0.2578,0.6,60,-1.0,-1.0,-0.2681,0.6316,38,0.0,0.0,0.4442,,,,,,,,,,,,,,,,,,,,,,,,,,,,,,,0.6038,53,-1.0,-1.0,-0.3153,0.6552,29,2.0,3.0,0.4368,0.62,50,-1.0,-1.0,-0.3487,0.7654,0.5593
SNTI,IWM,11,18,47,,,,,,,,,,,,,,,,,,,,,,,,,,,,,,,,,,,,,,,,,,,,,,,,,,,,,,,,,,,,,,,,,,,,,,,,,,,,,,,,,,,,,,,,,,,,,,,,,,,,,,,,,,,,,,,0.6154,13,0.0,0.0,1.7538,,,,,,0.1117,0.2408
SNXX,QQQ,39,39,611,,,,,,,,,,,,,,,,,,,,,,,,,,,,,,,,,,,,,,,,,0.7,10,-1.0,-1.0,3.9957,0.6667,12,0.0,0.0,-3.2363,0.7,10,-1.0,-1.0,5.8857,0.6667,12,0.0,0.0,-4.1888,0.6447,76,14.0,15.0,1.218,0.7143,21,-4.0,-4.0,-0.9267,0.6133,75,14.0,15.0,2.0028,0.6923,13,11.0,11.0,-1.2433,,,,,,,,,,,,,,,,,,,,,0.6562,32,2.0,2.0,0.9986,0.6176,34,-4.0,-3.0,-1.1319,0.6774,31,2.0,2.0,1.8524,0.6146,96,-2.0,-2.0,-1.2722,0.8178,6.671
SNY,IBB,39,39,262,,,,,,,,,,,,,,,,,,,,,,,,,,,,,,,,,,,,,,,,,,,,,,,,,,,,,,,,,,,,,,,,,,0.625,40,1.0,1.0,-0.138,,,,,,,,,,,,,,,,,,,,,,,,,,,,,,,,,,,,0.65,40,1.0,1.0,-0.0769,0.6038,53,-1.0,-1.0,0.2072,0.625,40,1.0,1.0,-0.1644,0.2019,0.4065
SNYR,IWM,11,25,81,,,,,,,,,,,,,,,,,,,,,,,,,,,,,,,,,,,,,,,,,,,,,,,,,,,,,,,,,,,,,,,,,,,,,,,,,,,,,,,,,,,,,,,,,,,,,,,,,,,,,,,,,,0.64,25,-1.0,-1.0,-0.9006,,,,,,,,,,,0.5062,1.533
SO,XLU,19,19,232,,,,,,,,,,,,,,,,,,,,,,,,,,,,,,,,,,,,,,,,,,,,,,,,,,,,,,,,,,,,,,,,,,0.6786,56,1.0,1.0,-0.1153,,,,,,0.7143,21,-2.0,-2.0,-0.176,,,,,,,,,,,,,,,,,,,,,,,,,,0.6923,26,1.0,1.0,-0.1106,,,,,,0.6111,72,-1.0,-1.0,-0.1602,0.7763,0.976
SOAR,IWM,37,39,334,,,,,,,,,,,,,,,,,,,,,,,,,,,,,,,,,,,,,,,,,0.6923,13,-1.0,-1.0,3.2356,,,,,,,,,,,,,,,,0.7,10,-3.0,-3.0,1.2143,0.6833,60,15.0,15.0,-4.5129,0.6667,12,-6.0,-6.0,2.965,0.7419,31,0.0,2.0,-1.3674,,,,,,,,,,,,,,,,,,,,,,,,,,,,,,,,,,,,,,,,,0.0457,0.319
SOC,XLE,37,37,264,,,,,,0.7,10,0.0,0.0,-3.1443,,,,,,0.6,10,0.0,0.0,-4.62,,,,,,,,,,,,,,,,,,,,,,,,,,,,,,,,,,,,,,,,,0.6,15,4.0,4.0,0.5533,0.7647,17,-2.0,-2.0,-0.5623,0.625,32,0.0,1.0,0.894,0.6897,29,2.0,3.0,-0.8865,,,,,,,,,,,,,,,,,,,,,0.7,10,-3.0,-3.0,0.6314,,,,,,0.6,20,2.0,2.0,1.1558,0.6341,41,-3.0,-2.0,-0.9231,0.7146,1.5107
SOFA,SPY,15,26,18,,,,,,,,,,,,,,,,,,,,,,,,,,,,,,,,,,,,,,,,,,,,,,,,,,,,,,,,,,,,,,,,,,,,,,,,,,,,,,,,,,,,,,,,,,,,,,,,,,,,,,,,,,,,,,,,,,,,,,,,,0.6953,3.5826
SOFI,SPY,39,39,649,,,,,,,,,,,,,,,,,,,,,,,,,,,,,,,,,,,,,,,,,,,,,,0.6571,35,-1.0,0.0,-1.283,,,,,,0.6,15,-1.0,-1.0,-2.3689,,,,,,0.6076,79,1.0,1.0,-0.1502,,,,,,0.6585,41,3.0,3.0,-0.727,,,,,,,,,,,,,,,,,,,,,,,,,,,,,,,,,,,,0.6364,33,-2.0,-2.0,-0.3981,0.6835,1.6808
SOFX,SPY,38,39,254,,,,,,,,,,,,,,,,,,,,,,,,,,,,,,,,,,,,,,,,,,,,,,0.6571,35,-1.0,0.0,-2.6222,,,,,,0.6429,14,-1.0,-1.0,-4.5,0.6667,21,-4.0,-3.0,0.9207,0.6538,26,5.0,6.0,-0.8147,0.6429,14,3.0,3.0,1.1144,0.6923,13,6.0,6.0,-2.9133,,,,,,,,,,,,,,,,,,,,,,,,,,0.7143,14,-2.0,-2.0,-0.435,,,,,,0.6923,13,-2.0,-2.0,-1.1978,0.6837,3.3275
SOLS,IWM,25,25,234,,,,,,,,,,,,,,,,,,,,,,,,,,,,,,,,,,,,,,,,,0.7273,11,-1.0,-1.0,1.695,0.6,10,0.0,0.0,-3.005,0.7273,11,-1.0,-1.0,2.0088,0.6667,12,0.0,0.0,-1.9588,0.6207,29,-2.0,-2.0,0.25,0.6087,23,1.0,1.0,-0.2164,0.6,10,3.0,3.0,0.315,0.7273,22,1.0,1.0,-0.5287,,,,,,,,,,,,,,,,,,,,,,,,,,,,,,,,,,,,,,,,,0.6568,1.2432
SOLT,IWM,35,39,220,,,,,,,,,,,,,,,,,,,,,,,,,,,,,,,,,,,,,,,,,,,,,,,,,,,,,,,,,,,,,0.7273,11,15.0,15.0,0.8325,0.7692,13,-8.0,-8.0,-0.546,0.7692,13,15.0,15.0,1.159,0.6,10,1.0,1.0,-0.5817,,,,,,,,,,,,,,,,,,,,,,,,,,0.6,25,1.0,1.0,-0.528,,,,,,,,,,,0.473,3.6924
SOLZ,QQQ,33,34,181,,,,,,,,,,,,,,,,,,,,,,,,,,,,,,,,,,,,,,,,,,,,,,,,,,,,,,,,,,,,,,,,,,0.6234,77,-5.0,-1.0,-0.2431,,,,,,0.6087,23,-1.0,-1.0,-0.56,,,,,,,,,,,,,,,,,,,,,,,,,,,,,,,,,,,,0.64,25,1.0,1.0,-0.2031,0.5105,1.1374
SONO,SPY,14,14,208,,,,,,,,,,,,,,,,,,,,,,,,,,,,,,,,,,,,,,,,,,,,,,,,,,,,,,,,,,,,,0.8182,11,-3.0,-3.0,0.4822,0.6087,23,-2.0,-2.0,-0.3336,0.6,40,-1.0,-1.0,0.6125,0.6154,39,0.0,0.0,-0.4517,,,,,,,,,,,,,,,,,,,,,,,,,,0.6364,11,-2.0,-2.0,-0.2357,0.7333,15,1.0,1.0,0.7636,0.6923,13,-2.0,-2.0,-0.3078,0.4708,0.6104
SONY,SPY,39,39,279,,,,,,,,,,,,,,,,0.6154,13,-1.0,-1.0,-0.365,,,,,,,,,,,,,,,,,,,,,0.6667,15,-1.0,-1.0,0.508,0.6,20,0.0,0.0,-0.4858,,,,,,,,,,,,,,,,0.6471,34,2.0,3.0,-0.09,0.6667,12,3.0,3.0,0.25,0.6481,54,-3.0,-2.0,-0.1894,,,,,,,,,,,,,,,,,,,,,0.6667,18,-2.0,-2.0,0.1375,0.8125,16,1.0,1.0,-0.1023,0.625,16,1.0,1.0,0.172,0.6195,113,-2.0,-1.0,-0.1816,0.1264,0.2441
SOUN,IGV,39,39,514,,,,,,0.6364,11,-1.0,-1.0,-0.87,,,,,,,,,,,,,,,,,,,,,,,,,,,,,,,,,,,,,,,,,,,,,,,,,,,0.6591,44,3.0,5.0,0.4914,0.6593,91,-1.0,-1.0,-0.24,0.6667,21,-4.0,-4.0,0.5971,0.6474,173,-1.0,0.0,-0.4445,,,,,,,,,,,,,,,,,,,,,0.6486,37,2.0,3.0,0.4775,0.6304,92,-1.0,-1.0,-0.3291,0.6087,23,2.0,2.0,0.7257,0.6559,93,-1.0,-1.0,-0.5743,0.5829,0.6554
SOUX,SPY,19,27,50,,,,,,,,,,,,,,,,,,,,,,,,,,,,,,,,,,,,,,,,,,,,,,,,,,,,,,,,,,,,,,,,,,,,,,,,,,,,,,,,,,,,,,,,,,,,,,,,,,,,,,,,,,,,,,,,,,,,0.6923,13,-1.0,-1.0,-2.2011,0.6916,3.2463
SOXL,QQQ,39,39,802,,,,,,,,,,,,,,,,,,,,,,,,,,,,,,,,,,,,,,,,,0.8,10,-1.0,-1.0,2.9887,,,,,,0.7,10,-1.0,-1.0,4.8943,0.6667,12,0.0,0.0,-5.2387,0.6804,97,3.0,5.0,0.4659,0.8333,18,-9.0,-9.0,-0.556,0.7179,39,12.0,13.0,0.9586,0.6,25,-8.0,-8.0,-1.0507,,,,,,,,,,,,,,,,,,,,,0.6471,34,2.0,2.0,0.5091,0.6538,26,-3.0,-3.0,-0.9412,0.6176,34,2.0,2.0,0.8367,,,,,,0.9181,7.855
SOXQ,QQQ,39,39,284,,,,,,,,,,,,,,,,,,,,,,,,,,,,,,,,,,,,,,,,,0.7273,11,-1.0,-1.0,0.9963,0.6364,11,0.0,0.0,-1.1671,0.6364,11,-1.0,-1.0,1.6686,0.6364,11,0.0,0.0,-1.7014,0.6719,64,2.0,4.0,0.3135,0.6154,13,5.0,5.0,-0.2737,0.6452,62,-2.0,0.0,0.6912,0.6316,19,-3.0,-3.0,-0.3908,,,,,,,,,,,,,,,,,,,,,0.6577,111,0.0,2.0,0.2671,0.75,12,-3.0,-3.0,-0.3233,0.6404,114,0.0,2.0,0.4222,,,,,,0.9182,2.5517
SOXS,IWM,39,39,787,,,,,,,,,,,,,,,,,,,,,,,,,,,,,,,,,,,,,,,,,0.6316,19,0.0,0.0,5.7975,0.6154,13,-1.0,-1.0,-3.2362,0.6842,19,0.0,0.0,8.0685,,,,,,0.6964,56,7.0,9.0,0.8382,0.7192,146,-7.0,-3.0,-0.543,0.7083,24,13.0,14.0,1.3618,0.6977,86,-7.0,-5.0,-0.9307,,,,,,,,,,,,,,,,,,,,,,,,,,0.6705,88,1.0,1.0,-0.7222,0.6,45,-2.0,-2.0,1.5344,0.6591,88,1.0,1.0,-1.0643,-0.6804,-9.1434
SOXX,QQQ,39,39,684,,,,,,,,,,,,,,,,,,,,,,,,,,,,,,,,,,,,,,,,,0.8,10,-1.0,-1.0,1.0175,,,,,,0.7,10,-1.0,-1.0,1.6757,0.6667,12,0.0,0.0,-1.7412,0.6622,74,1.0,1.0,0.189,0.6842,19,-6.0,-6.0,-0.2423,0.6304,138,1.0,2.0,0.3775,,,,,,,,,,,,,,,,,,,,,,,,,,0.6552,29,2.0,2.0,0.1584,0.6957,23,-3.0,-3.0,-0.3288,0.6106,303,0.0,2.0,0.3606,,,,,,0.9229,2.6918
SPAI,QQQ,14,18,56,,,,,,,,,,,,,,,,,,,,,,,,,,,,,,,,,,,,,,,,,,,,,,,,,,,,,,,,,,,,,,,,,,,,,,,,,,,,,,,,,,,,,,,,,,,,,,,,,,,,,0.6667,15,0.0,0.0,1.197,0.6,10,-1.0,-1.0,-0.7867,0.7143,14,0.0,0.0,1.519,,,,,,0.7025,0.9031
SPAL,QQQ,25,25,243,,,,,,,,,,,,,,,,,,,,,,,,,,,,,,,,,,,,,,,,,,,,,,,,,,,,,,,,,,,,,0.7,10,5.0,5.0,0.8171,0.8,10,-1.0,-1.0,-1.2212,0.6154,26,-3.0,-2.0,1.4638,0.6429,14,-1.0,-1.0,-1.4433,,,,,,,,,,,,,,,,,,,,,0.6429,14,-3.0,-3.0,1.5622,,,,,,0.6667,12,-3.0,-3.0,2.0412,,,,,,0.5108,1.4308
SPAX,QQQ,25,25,263,,,,,,,,,,,,,,,,,,,,,,,,,,,,,,,,,,,,,,,,,,,,,,,,,,,,,,,,,,,,,0.6786,28,-3.0,-2.0,0.9268,0.7368,19,-15.0,-15.0,-0.8764,0.6667,15,1.0,1.0,0.723,0.6154,13,-5.0,-5.0,-0.74,,,,,,,,,,,,,,,,,,,,,0.6429,14,-3.0,-3.0,1.6556,0.6842,38,-2.0,-2.0,-0.8508,0.6667,12,-3.0,-3.0,1.3563,0.6429,42,0.0,0.0,-1.1267,0.5117,1.5532
SPCE,SPY,39,39,467,,,,,,,,,,,,,,,,,,,,,,,,,,,,,,,,,,,,,,,,,,,,,,,,,,,,,,,,,,,,,,,,,,0.6119,67,-3.0,-1.0,-0.4415,0.9167,12,7.0,7.0,2.6018,0.75,24,-8.0,-7.0,-1.2206,,,,,,,,,,,,,,,,,,,,,0.6129,31,1.0,1.0,0.6663,,,,,,,,,,,0.6522,23,-2.0,-2.0,-1.0247,0.4398,1.9063
SPCF,QQQ,25,25,246,,,,,,,,,,,,,,,,,,,,,,,,,,,,,,,,,,,,,,,,,,,,,,,,,,,,,,,,,,,,,0.7273,11,15.0,15.0,1.62,0.7895,19,-15.0,-15.0,-0.8187,0.7273,11,-2.0,-2.0,2.0062,0.7,10,-1.0,-1.0,-1.0229,,,,,,,,,,,,,,,,,,,,,0.625,16,-3.0,-3.0,1.47,0.6053,38,0.0,0.0,-0.8078,,,,,,0.6146,96,-2.0,-1.0,-1.3503,0.4994,1.4034
SPCG,IWM,25,25,246,,,,,,,,,,,,,,,,,,,,,,,,,,,,,,,,,,,,,,,,,0.7333,15,0.0,0.0,2.7436,,,,,,,,,,,,,,,,0.7222,18,15.0,15.0,1.0308,0.8333,12,-6.0,-6.0,-0.91,0.6667,15,1.0,1.0,1.357,0.7273,11,2.0,2.0,-1.8175,,,,,,,,,,,,,,,,,,,,,,,,,,,,,,,,,,,,0.6667,12,-2.0,-2.0,-2.1638,-0.2265,-1.119
SPCH,QQQ,25,25,489,,,,,,,,,,,,,,,,,,,,,,,,,,,,,,,,,,,,,,,,,,,,,,,,,,,,,,,,,,,,,0.75,12,5.0,5.0,0.7389,0.68,25,-1.0,-1.0,-0.7006,0.75,12,-10.0,-10.0,0.5744,0.6296,54,-1.0,0.0,-0.8697,,,,,,,,,,,,,,,,,,,,,,,,,,,,,,,,,,,,,,,,,0.5392,1.5185
SPCL,QQQ,19,27,95,,,,,,,,,,,,,,,,,,,,,,,,,,,,,,,,,,,,,,,,,,,,,,,,,,,,,,,,,,,,,0.6,10,15.0,15.0,3.6583,,,,,,,,,,,0.6364,11,-15.0,-15.0,-2.3786,,,,,,,,,,,,,,,,,,,,,,,,,,0.6429,28,0.0,1.0,-1.8667,,,,,,,,,,,0.5159,1.8199
SPCM,QQQ,25,25,152,,,,,,,,,,,,,,,,,,,,,,,,,,,,,,,,,,,,,,,,,,,,,,,,,,,,,,,,,,,,,,,,,,0.7143,14,-15.0,-15.0,-0.965,,,,,,,,,,,,,,,,,,,,,,,,,,,,,,,,,,,,0.6071,28,1.0,1.0,-0.99,,,,,,0.6538,52,-2.0,-1.0,-1.6162,0.5676,1.5239
SPCQ,IWM,25,25,230,,,,,,,,,,,,,,,,,,,,,,,,,,,,,,,,,,,,,,,,,0.7143,14,0.0,0.0,2.685,,,,,,,,,,,,,,,,0.6667,12,15.0,15.0,1.24,0.7857,14,-15.0,-15.0,-1.2655,0.9,10,-1.0,-1.0,1.1033,0.6364,11,-2.0,-2.0,-0.7929,,,,,,,,,,,,,,,,,,,,,,,,,,,,,,,0.6224,98,0.0,1.0,1.6528,,,,,,-0.2466,-1.2611
SPCU,QQQ,25,25,237,,,,,,,,,,,,,,,,,,,,,,,,,,,,,,,,,,,,,,,,,,,,,,,,,,,,,,,,,,,,,0.6667,12,15.0,15.0,1.7775,0.7222,18,-15.0,-15.0,-0.9138,0.8333,12,-3.0,-3.0,2.172,0.6364,11,-5.0,-5.0,-0.9557,,,,,,,,,,,,,,,,,,,,,0.7143,14,-3.0,-3.0,1.469,,,,,,0.6364,11,2.0,2.0,1.7914,,,,,,0.5527,1.5835
SPCX,QQQ,26,26,552,,,,,,,,,,,,,,,,,,,,,,,,,,,,,,,,,,,,,,,,,,,,,,,,,,,,,,,,,,,,,0.6111,18,4.0,4.0,0.5718,0.6667,75,-7.0,-5.0,-0.33,0.6111,18,4.0,4.0,0.6282,0.6071,28,2.0,2.0,-0.4953,,,,,,,,,,,,,,,,,,,,,,,,,,,,,,,0.6875,32,2.0,2.0,0.5436,,,,,,0.5101,0.7547
SPDN,IWM,33,35,170,0.6,10,-1.0,-1.0,0.1783,0.8667,15,0.0,0.0,-0.0962,,,,,,0.7143,28,-1.0,0.0,-0.144,,,,,,,,,,,,,,,,,,,,,,,,,,0.7083,24,-1.0,0.0,-0.0929,,,,,,0.7037,27,-1.0,0.0,-0.1453,,,,,,0.6939,49,-1.0,-1.0,-0.0597,,,,,,0.746,63,-2.0,-1.0,-0.1083,,,,,,,,,,,,,,,,,,,,,,,,,,0.625,72,0.0,1.0,-0.0833,,,,,,0.7143,70,0.0,1.0,-0.138,-0.7393,-0.5551
SPEM,QQQ,10,10,228,,,,,,,,,,,,,,,,,,,,,,,,,,,,,,,,,,,,,,,,,,,,,,,,,,,,,,,,,,,,,0.6174,115,0.0,1.0,0.0804,,,,,,,,,,,,,,,,,,,,,,,,,,,,,,,,,,,,0.6093,151,-1.0,1.0,0.0909,0.75,12,-3.0,-3.0,-0.0978,0.6364,11,2.0,2.0,0.1243,,,,,,0.8204,0.7914
SPGI,XLF,24,24,233,,,,,,0.7,20,-1.0,0.0,-0.8829,,,,,,0.6,20,-1.0,0.0,-1.2708,,,,,,,,,,,,,,,,,,,,,,,,,,,,,,,,,,,,,,,,,0.619,21,-3.0,-3.0,0.1385,0.6471,17,2.0,2.0,-0.1618,,,,,,0.6471,17,2.0,2.0,-0.2764,,,,,,,,,,,,,,,,,,,,,,,,,,0.6667,18,1.0,1.0,-0.1375,,,,,,,,,,,0.4896,0.8236
SPHD,IWM,20,20,214,0.65,20,-1.0,0.0,0.3915,,,,,,0.65,20,-1.0,0.0,0.5,,,,,,,,,,,,,,,,,,,,,,,,,,0.6,10,0.0,0.0,0.445,,,,,,0.6,10,0.0,0.0,0.415,,,,,,,,,,,0.6438,73,0.0,0.0,-0.0698,,,,,,0.6512,86,-2.0,-1.0,-0.1191,,,,,,,,,,,,,,,,,,,,,,,,,,0.6438,73,-1.0,-1.0,-0.0834,,,,,,0.625,72,-1.0,-1.0,-0.1093,-0.0414,-0.0177
SPHY,IWM,21,22,212,,,,,,0.6667,15,0.0,0.0,-0.142,,,,,,0.6,15,0.0,0.0,-0.16,,,,,,,,,,,,,,,,,,,,,,,,,,,,,,,,,,,,,,,,,,,,,,0.6965,201,-1.0,0.0,-0.0134,,,,,,0.6181,199,-1.0,0.0,-0.0224,,,,,,,,,,,,,,,,,,,,,,,,,,0.7104,183,-1.0,1.0,-0.0125,,,,,,0.6742,89,-2.0,-1.0,-0.0203,0.6602,0.1024
SPIR,IWM,31,32,225,,,,,,,,,,,,,,,,,,,,,,,,,,,,,,,,,,,,,,,,,,,,,,0.72,25,-1.0,0.0,-3.1267,,,,,,0.6154,13,0.0,0.0,-3.5613,0.8333,12,2.0,2.0,0.524,0.6667,12,-3.0,-3.0,-0.915,0.6,10,-3.0,-3.0,0.5717,0.619,21,-1.0,0.0,-1.31,,,,,,,,,,,,,,,,,,,,,0.6154,13,-2.0,-2.0,0.5488,,,,,,,,,,,,,,,,0.535,1.4255
SPMO,QQQ,39,39,324,,,,,,,,,,,,,,,,,,,,,,,,,,,,,,,,,,,,,,,,,0.75,12,-1.0,-1.0,0.5722,0.8182,11,0.0,0.0,-0.5044,0.6667,12,-1.0,-1.0,0.9062,0.7273,11,0.0,0.0,-0.875,0.657,172,-1.0,2.0,0.1986,0.6667,12,-4.0,-4.0,-0.2025,0.6395,86,1.0,2.0,0.2467,,,,,,,,,,,,,,,,,,,,,,,,,,0.6772,127,0.0,2.0,0.1544,0.6667,12,-3.0,-3.0,-0.2087,0.6418,67,1.0,2.0,0.2028,,,,,,0.9382,1.5602
SPOT,KWEB,32,32,232,0.6923,13,0.0,0.0,0.8533,0.6154,13,-1.0,-1.0,-0.865,0.6154,13,0.0,0.0,1.1088,,,,,,,,,,,,,,,,,,,,,,,,,,,,,,,,,,,,,,,,,,,,,,,,,,,0.6471,68,-3.0,-2.0,-0.1991,,,,,,0.6744,43,-1.0,-1.0,-0.3924,,,,,,,,,,,,,,,,,,,,,,,,,,0.6984,63,1.0,3.0,-0.2707,,,,,,0.6296,27,-2.0,-2.0,-0.3476,-0.0593,-0.0381
SPPP,IWM,15,15,168,,,,,,,,,,,,,,,,,,,,,,,,,,,,,,,,,,,,,,,,,,,,,,,,,,,,,,,,,,,,,0.6364,11,1.0,1.0,0.2414,0.6364,22,-1.0,-1.0,-0.3214,,,,,,0.6667,12,-4.0,-4.0,-0.3563,,,,,,,,,,,,,,,,,,,,,0.6,10,-2.0,-2.0,0.195,0.6667,42,-1.0,-1.0,-0.1382,,,,,,0.625,56,-1.0,-1.0,-0.2217,0.4718,1.0396
SPRO,IWM,25,28,187,,,,,,0.6,10,0.0,0.0,-1.4833,0.6,10,0.0,0.0,1.8133,,,,,,,,,,,,,,,,,,,,,,,,,,,,,,,,,,,,,,,,,,,,,,0.6,10,6.0,6.0,0.8117,0.6552,29,-2.0,-1.0,-0.2921,,,,,,0.75,44,-2.0,0.0,-0.7142,,,,,,,,,,,,,,,,,,,,,,,,,,0.6477,88,0.0,1.0,-0.7616,,,,,,0.6477,88,0.0,1.0,-1.3614,0.4108,0.6082
SPRY,IBB,27,27,215,,,,,,,,,,,,,,,,,,,,,,,,,,,,,,,,,,,,,,,,,,,,,,,,,,,,,,,,,,,,,,,,,,0.6667,15,3.0,3.0,-0.334,0.7143,35,-4.0,-3.0,0.6888,0.7105,38,1.0,3.0,-1.3993,,,,,,,,,,,,,,,,,,,,,,,,,,0.76,25,2.0,2.0,-0.4874,,,,,,0.7826,23,2.0,2.0,-0.5361,0.6473,1.2181
SPSC,IGV,14,18,145,,,,,,,,,,,,,,,,,,,,,,,,,,,,,,,,,,,,,,,,,,,,,,,,,,,,,,,,,,,,,,,,,,0.6471,17,-1.0,-1.0,-0.4236,0.7222,18,0.0,0.0,0.3654,0.6429,14,1.0,1.0,-0.8222,,,,,,,,,,,,,,,,,,,,,,,,,,0.76,25,-1.0,-1.0,-0.5095,0.7,10,-3.0,-3.0,0.36,,,,,,0.7706,1.043
SPSM,IWM,13,13,221,,,,,,,,,,,,,,,,,,,,,,,,,,,,,,,,,,,,,,,,,,,,,,,,,,,,,,,,,,,,,,,,,,0.6212,66,-1.0,-1.0,-0.0829,,,,,,0.625,16,-2.0,-2.0,-0.162,,,,,,,,,,,,,,,,,,,,,,,,,,,,,,,,,,,,0.6104,77,-1.0,-1.0,-0.1353,0.9566,0.6988
SPT,IGV,18,18,202,,,,,,,,,,,,,,,,,,,,,,,,,,,,,,,,,,,,,,,,,,,,,,,,,,,,,,,,,,,,,0.6667,33,-4.0,-3.0,0.25,0.6444,45,0.0,2.0,-0.5131,0.6471,17,-2.0,-2.0,0.2064,0.6471,17,0.0,0.0,-0.7455,,,,,,,,,,,,,,,,,,,,,,,,,,0.6842,38,1.0,3.0,-0.3627,0.6875,16,1.0,1.0,1.0945,0.7391,23,2.0,3.0,-0.5482,0.856,1.145
SPTI,IWM,15,19,183,,,,,,,,,,,0.8,10,0.0,0.0,0.0488,,,,,,,,,,,,,,,,,,,,,,,,,,,,,,,,,,,,,,,,,,,,,,,,,,,0.6452,155,-1.0,0.0,-0.0174,,,,,,,,,,,,,,,,,,,,,,,,,,,,,,,,,,,,0.6569,137,-1.0,1.0,-0.018,0.8,10,-2.0,-2.0,0.035,0.6857,70,-1.0,-1.0,-0.0198,0.3956,0.0812
SPTL,IWM,23,23,230,,,,,,,,,,,0.8462,13,0.0,0.0,0.1064,0.6,10,-1.0,-1.0,-0.1617,,,,,,,,,,,,,,,,,,,,,,,,,,0.7,10,0.0,0.0,-0.0186,0.7273,11,0.0,0.0,0.115,,,,,,,,,,,0.6368,201,-1.0,0.0,-0.0345,,,,,,0.63,100,-1.0,-1.0,-0.047,,,,,,,,,,,,,,,,,,,,,0.6429,14,-2.0,-2.0,0.0378,0.6689,151,-1.0,0.0,-0.0311,,,,,,0.6184,76,0.0,0.0,-0.0496,0.4008,0.1818
SPUS,QQQ,21,22,189,,,,,,,,,,,,,,,,,,,,,,,,,,,,,,,,,,,,,,,,,,,,,,,,,,,,,,,,,,,,,0.6154,52,0.0,0.0,0.0953,0.6842,19,-2.0,-2.0,-0.1262,0.6296,27,1.0,1.0,0.1347,,,,,,,,,,,,,,,,,,,,,,,,,,0.6222,45,-1.0,-1.0,0.1593,0.6,35,-3.0,-2.0,-0.1257,0.625,32,0.0,0.0,0.199,,,,,,0.9678,0.6445
SPWR,SPY,32,33,216,,,,,,,,,,,,,,,,,,,,,,,,,,,,,,,,,,,,,,,,,,,,,,0.7391,23,-1.0,0.0,-2.6788,,,,,,0.625,16,0.0,0.0,-3.259,,,,,,0.6923,13,-4.0,-4.0,-0.7433,0.6316,19,-3.0,-3.0,1.1958,0.6706,85,-2.0,2.0,-1.0104,,,,,,,,,,,,,,,,,,,,,,,,,,0.7273,11,-2.0,-2.0,-0.4225,,,,,,0.6029,68,-1.0,-1.0,-1.0661,0.3,0.8026
SPXL,SPY,39,39,439,0.6364,22,-1.0,0.0,0.2957,,,,,,0.6667,12,0.0,0.0,0.6188,0.6,10,-1.0,-1.0,-0.3583,,,,,,,,,,,,,,,,,,,,,0.6,15,-1.0,-1.0,0.2489,,,,,,0.6,20,0.0,0.0,0.5725,,,,,,0.6,15,-4.0,-4.0,0.2844,,,,,,0.6182,55,1.0,1.0,0.2821,0.6,25,-3.0,-3.0,-0.3633,,,,,,,,,,,,,,,,,,,,,,,,,,,,,,,,,,,,,,,,,0.9978,2.9932
SPXS,IWM,39,39,477,,,,,,0.6364,22,-1.0,0.0,-0.3214,0.6,10,0.0,0.0,0.355,0.6667,12,-1.0,-1.0,-0.5975,,,,,,,,,,,,,,,,,,,,,,,,,,0.625,32,-1.0,0.0,-0.32,,,,,,,,,,,0.6364,44,1.0,1.0,0.1868,0.625,16,3.0,3.0,-0.182,0.6154,13,-4.0,-4.0,0.3113,0.7031,64,-2.0,-2.0,-0.2604,,,,,,,,,,,,,,,,,,,,,0.6552,29,-2.0,-2.0,0.2984,,,,,,,,,,,,,,,,-0.7574,-1.7234
SPXU,IWM,39,39,436,,,,,,0.619,21,-1.0,0.0,-0.3085,,,,,,0.6,10,-1.0,-1.0,-0.7017,,,,,,,,,,,,,,,,,,,,,,,,,,0.6154,13,-1.0,-1.0,-0.3438,,,,,,,,,,,,,,,,,,,,,0.6176,34,2.0,2.0,0.3476,0.6284,148,-2.0,-1.0,-0.3077,,,,,,,,,,,,,,,,,,,,,,,,,,,,,,,,,,,,0.6119,134,0.0,0.0,-0.3191,-0.7853,-1.7637
SPY,SPY,39,39,770,0.6,15,-1.0,-1.0,0.0989,,,,,,,,,,,,,,,,,,,,,,,,,,,,,,,,,,,,0.6,15,-1.0,-1.0,0.0989,,,,,,,,,,,,,,,,,,,,,0.65,40,-2.0,-2.0,-0.0612,,,,,,,,,,,,,,,,,,,,,,,,,,,,,,,,,,,,0.65,40,-2.0,-2.0,-0.0612,,,,,,,,,,,1.0,1.0
SPYD,IWM,15,15,213,,,,,,,,,,,,,,,,,,,,,,,,,,,,,,,,,,,,,,,,,,,,,,,,,,,,,,,,,,,,,,,,,,0.6377,69,-1.0,-1.0,-0.0748,,,,,,0.7042,71,-1.0,-1.0,-0.1124,,,,,,,,,,,,,,,,,,,,,,,,,,,,,,,,,,,,0.6216,74,-1.0,-1.0,-0.1078,0.1727,0.0638
SPYG,SPY,21,21,235,,,,,,0.7,10,-1.0,-1.0,-0.2086,0.6,10,-1.0,-1.0,0.3267,,,,,,,,,,,,,,,,,,,,,,,,,,,,,,,0.7273,11,0.0,0.0,-0.2487,,,,,,,,,,,0.6,35,1.0,1.0,0.0733,0.6364,33,-2.0,-2.0,-0.1257,0.6133,75,0.0,0.0,0.1598,0.6176,34,-2.0,-2.0,-0.1624,,,,,,,,,,,,,,,,,,,,,,,,,,,,,,,,,,,,,,,,,0.9555,1.4444
SPYI,SPY,38,38,329,0.6429,14,-1.0,-1.0,0.0722,,,,,,0.6,20,0.0,0.0,0.14,,,,,,,,,,,,,,,,,,,,,,,,,,0.6923,13,-1.0,-1.0,0.0556,,,,,,0.619,21,0.0,0.0,0.1308,,,,,,,,,,,,,,,,0.6316,19,1.0,1.0,0.0942,,,,,,,,,,,,,,,,,,,,,,,,,,,,,,,,,,,,0.6316,19,1.0,1.0,0.0942,,,,,,0.99,0.827
SPYM,SPY,39,39,475,0.6,15,-1.0,-1.0,0.1,,,,,,,,,,,,,,,,,,,,,,,,,,,,,,,,,,,,0.6429,14,-1.0,-1.0,0.1,,,,,,,,,,,,,,,,,,,,,0.6071,28,-2.0,-2.0,-0.0741,0.6429,28,-2.0,-2.0,0.0928,,,,,,,,,,,,,,,,,,,,,,,,,,,,,,,,,,,,0.6296,27,-2.0,-2.0,0.0835,,,,,,0.9979,0.9882
SPYU,SPY,38,39,233,,,,,,,,,,,,,,,,,,,,,,,,,,,,,,,,,,,,,,,,,0.6,15,-1.0,-1.0,0.3533,,,,,,,,,,,,,,,,0.7727,22,-1.0,-1.0,0.4553,0.6429,14,-3.0,-3.0,-0.3589,0.6531,49,1.0,2.0,0.4284,0.7222,18,-3.0,-3.0,-0.47,,,,,,,,,,,,,,,,,,,,,0.6,15,-2.0,-2.0,0.44,,,,,,,,,,,,,,,,0.9962,3.8633
SQM,XLB,11,11,208,,,,,,,,,,,,,,,,,,,,,,,,,,,,,,,,,,,,,,,,,,,,,,,,,,,,,,,,,,,,,,,,,,0.6667,30,1.0,2.0,-0.375,0.6129,31,0.0,0.0,0.4674,0.6296,81,-3.0,-1.0,-0.3543,,,,,,,,,,,,,,,,,,,,,0.8,10,-3.0,-3.0,0.2425,,,,,,,,,,,0.65,20,-2.0,-2.0,-0.3808,0.6103,1.3812
SQQQ,IWM,39,39,783,,,,,,,,,,,,,,,,,,,,,,,,,,,,,,,,,,,,,,,,,,,,,,,,,,,0.6316,19,0.0,0.0,1.7417,,,,,,0.6034,58,3.0,3.0,0.2694,0.6243,173,-1.0,0.0,-0.2532,0.6,30,5.0,5.0,0.4678,0.6462,65,-2.0,-2.0,-0.4017,,,,,,,,,,,,,,,,,,,,,0.6222,45,-2.0,-2.0,0.3239,0.6118,85,1.0,1.0,-0.3123,,,,,,,,,,,-0.7672,-3.5091
SRAD,XLY,25,25,223,,,,,,,,,,,,,,,,,,,,,,,,,,,,,,,,,,,,,,,,,,,,,,,,,,,,,,,,,,,,,,,,,,0.6557,122,-1.0,2.0,-0.3154,,,,,,0.641,39,0.0,0.0,-0.5356,,,,,,,,,,,,,,,,,,,,,,,,,,0.6538,26,1.0,1.0,-0.2159,0.6364,11,-3.0,-3.0,0.7029,0.6897,29,1.0,1.0,-0.4425,0.3929,0.4267
SRFM,ITA,39,39,295,,,,,,,,,,,,,,,,,,,,,,,,,,,,,,,,,,,,,,,,,,,,,,,,,,,,,,,,,,,,,0.6667,18,-5.0,-5.0,0.7942,0.7826,23,5.0,6.0,-0.5617,0.6829,41,-4.0,-3.0,0.9468,0.6279,43,-2.0,-1.0,-0.6037,,,,,,,,,,,,,,,,,,,,,,,,,,0.6667,42,-3.0,-2.0,-0.5529,0.7333,15,-3.0,-3.0,0.6936,0.6167,60,0.0,0.0,-1.4851,0.5172,1.6353
SRPT,XBI,29,29,241,,,,,,0.6429,14,0.0,0.0,-1.21,,,,,,,,,,,,,,,,,,,,,,,,,,,,,,,,,,,,,,,,,,,,,,,,,,,,,,,,0.6222,45,0.0,0.0,-0.18,0.6667,12,-4.0,-4.0,0.2425,,,,,,,,,,,,,,,,,,,,,,,,,,0.6,10,-3.0,-3.0,0.315,0.6735,49,1.0,1.0,-0.2767,0.625,24,2.0,2.0,0.6493,0.6364,22,-4.0,-3.0,-0.5807,0.6454,0.7487
SRRK,XBI,14,15,187,,,,,,,,,,,,,,,,,,,,,,,,,,,,,,,,,,,,,,,,,,,,,,,,,,,,,,,,,,,,,0.75,12,-3.0,-3.0,0.21,0.6341,41,-2.0,-1.0,-0.1738,0.6364,11,2.0,2.0,0.4043,0.619,21,-1.0,-1.0,-0.3462,,,,,,,,,,,,,,,,,,,,,,,,,,0.6486,37,-2.0,-1.0,-0.2717,0.6429,14,-2.0,-2.0,0.7044,,,,,,0.7819,0.6381
SRTA,IWM,14,14,187,,,,,,,,,,,,,,,,,,,,,,,,,,,,,,,,,,,,,,,,,,,,,,,,,,,,,,,,,,,,,0.625,16,-4.0,-4.0,0.326,0.6471,17,-2.0,-2.0,-0.2282,,,,,,,,,,,,,,,,,,,,,,,,,,,,,,,,,,,,,,,,,,,,,,0.6491,57,-1.0,-1.0,-0.4905,0.7612,0.8572
SRTY,QQQ,37,37,258,,,,,,,,,,,,,,,,,,,,,,,,,,,,,,,,,,,,,,,,,,,,,,0.7,10,-1.0,-1.0,-1.18,,,,,,0.7,20,-1.0,0.0,-1.4179,,,,,,0.7143,21,-5.0,-5.0,-0.2573,0.6364,22,-5.0,-5.0,0.6286,0.6552,29,-2.0,-2.0,-0.5168,,,,,,,,,,,,,,,,,,,,,,,,,,0.6154,104,0.0,2.0,-0.2816,0.6842,38,-2.0,-2.0,0.4927,,,,,,-0.7973,-1.4415
SRXH,XLV,31,32,432,,,,,,,,,,,,,,,,,,,,,,,,,,,,,,,,,,,,,,,,,,,,,,,,,,,,,,,,,,,,,0.7,20,-7.0,-7.0,0.7521,0.7674,43,-6.0,-4.0,-0.7903,0.6522,23,4.0,4.0,1.1513,0.8462,13,6.0,6.0,-2.3055,,,,,,,,,,,,,,,,,,,,,,,,,,0.8182,11,2.0,2.0,-0.8256,,,,,,0.6,25,1.0,1.0,-1.4193,0.007,0.0371
SSG,IWM,39,39,223,,,,,,,,,,,,,,,,,,,,,,,,,,,,,,,,,,,,,,,,,0.6316,19,0.0,0.0,1.5442,,,,,,0.7222,18,0.0,0.0,2.6277,,,,,,,,,,,0.9091,11,-1.0,-1.0,-0.624,,,,,,0.9,10,-4.0,-4.0,-1.0533,,,,,,,,,,,,,,,,,,,,,0.6154,13,-2.0,-2.0,0.6087,0.7273,33,1.0,1.0,-0.4971,,,,,,0.6071,28,1.0,1.0,-0.8071,-0.6733,-4.4379
SSL,XLE,32,33,220,,,,,,,,,,,,,,,,,,,,,,,,,,,,,,,,,,,,,,,,,,,,,,,,,,,,,,,,,,,,,0.625,40,0.0,0.0,0.2092,0.8571,14,2.0,2.0,-0.18,0.6842,19,-1.0,-1.0,0.3377,0.6,15,-2.0,-2.0,-0.4689,,,,,,,,,,,,,,,,,,,,,0.68,25,-2.0,-2.0,0.25,0.625,32,1.0,1.0,-0.181,0.7,10,-3.0,-3.0,0.3571,,,,,,0.5625,1.6208
SSO,SPY,39,39,416,0.6296,27,-1.0,0.0,0.2041,,,,,,0.6875,16,0.0,0.0,0.3936,,,,,,,,,,,,,,,,,,,,,,,,,,0.6,15,-1.0,-1.0,0.1856,,,,,,,,,,,,,,,,,,,,,0.6222,45,-2.0,-2.0,-0.1236,0.6,10,3.0,3.0,0.1317,0.6458,48,-2.0,-2.0,-0.2577,,,,,,,,,,,,,,,,,,,,,,,,,,,,,,,,,,,,,,,,,0.9978,1.9267
SSPC,IWM,25,25,437,,,,,,,,,,,,,,,,,,,,,,,,,,,,,,,,,,,,,,,,,0.7333,15,0.0,0.0,2.7436,,,,,,0.6,15,0.0,0.0,5.0733,,,,,,0.6522,23,-1.0,-1.0,0.51,0.6364,22,3.0,3.0,-0.4407,0.7895,19,-1.0,-1.0,1.0827,0.6538,26,2.0,2.0,-1.2665,,,,,,,,,,,,,,,,,,,,,,,,,,0.6061,33,1.0,1.0,-0.7125,,,,,,,,,,,-0.2365,-1.1703
SSRM,GDX,36,36,243,,,,,,,,,,,,,,,,,,,,,,,,,,,,,,,,,,,,,,,,,,,,,,,,,,,,,,,,,,,,,0.6667,15,2.0,2.0,0.328,0.6389,36,-5.0,-4.0,-0.267,0.625,16,2.0,2.0,1.012,0.6,35,-3.0,-3.0,-0.4052,,,,,,,,,,,,,,,,,,,,,0.7083,24,-1.0,-1.0,0.1959,0.7308,52,-3.0,-2.0,-0.3063,0.6327,49,0.0,1.0,0.6865,0.6275,51,2.0,3.0,-0.5309,0.9583,1.0517
SSSS,NONE,11,12,59,,,,,,,,,,,,,,,,,,,,,,,,,,,,,,,,,,,,,,,,,,,,,,,,,,,,,,,,,,,,,,,,,,,,,,,,,,,,,,,,,,,,,,,,,,,,,,,,,,,,,,,,,,,,,,,,,,,,,,,,,,
SSTK,KWEB,14,17,174,,,,,,,,,,,,,,,,,,,,,,,,,,,,,,,,,,,,,,,,,,,,,,,,,,,,,,,,,,,,,0.6429,14,1.0,1.0,0.54,0.6744,86,-5.0,0.0,-0.5053,,,,,,0.6829,82,-4.0,1.0,-0.805,,,,,,,,,,,,,,,,,,,,,,,,,,0.7544,57,-2.0,-1.0,-0.5674,,,,,,0.6699,103,-1.0,3.0,-0.8487,0.0528,0.0376
SSYS,QQQ,16,17,167,,,,,,,,,,,,,,,,,,,,,,,,,,,,,,,,,,,,,,,,,,,,,,,,,,,,,,,,,,,,,,,,,,0.6905,42,-2.0,-1.0,-0.3,,,,,,0.6471,17,-2.0,-2.0,-0.4073,,,,,,,,,,,,,,,,,,,,,,,,,,0.7037,54,-2.0,-1.0,-0.3453,0.6,10,2.0,2.0,0.5383,0.6786,28,-3.0,-2.0,-0.6337,0.7422,0.6719
STAK,SPY,21,25,159,,,,,,,,,,,,,,,,,,,,,,,,,,,,,,,,,,,,,,,,,,,,,,,,,,,,,,,,,,,,,,,,,,0.6667,42,15.0,15.0,-12.4907,,,,,,0.6111,36,15.0,15.0,-24.0045,,,,,,,,,,,,,,,,,,,,,,,,,,0.7692,13,-2.0,-2.0,-2.294,,,,,,,,,,,0.0781,0.6433
STEM,IWM,12,16,46,,,,,,,,,,,,,,,,,,,,,,,,,,,,,,,,,,,,,,,,,,,,,,,,,,,,,,,,,,,,,,,,,,,,,,,,,,,,,,,,,,,,,,,,,,,,,,,,,,,,,,,,,,0.6364,11,0.0,0.0,-0.2771,,,,,,,,,,,0.6951,1.6699
STEP,XLF,10,11,190,,,,,,,,,,,,,,,,,,,,,,,,,,,,,,,,,,,,,,,,,,,,,,,,,,,,,,,,,,,,,,,,,,0.6667,18,-1.0,-1.0,-0.3117,,,,,,0.64,25,-3.0,-3.0,-0.835,,,,,,,,,,,,,,,,,,,,,0.7273,11,-2.0,-2.0,0.4212,0.6034,58,-1.0,-1.0,-0.4066,0.6364,11,-2.0,-2.0,0.4314,0.6364,11,1.0,1.0,-0.4986,0.6114,1.3301
STEX,SPY,27,28,155,,,,,,,,,,,,,,,,,,,,,,,,,,,,,,,,,,,,,,,,,,,,,,0.875,16,0.0,0.0,-2.8757,,,,,,,,,,,,,,,,0.7692,13,0.0,0.0,-0.613,,,,,,0.6667,18,0.0,0.0,-1.2125,,,,,,,,,,,,,,,,,,,,,,,,,,0.7111,45,-1.0,-1.0,-0.9125,,,,,,0.6939,49,-1.0,-1.0,-1.7076,0.3136,0.924
STI,XLE,24,30,190,,,,,,,,,,,,,,,,,,,,,,,,,,,,,,,,,,,,,,,,,,,,,,,,,,,,,,,,,,,,,,,,,,,,,,,,,,,,,,,,,,,,,,,,,,,,,,,,,,,,,,,,,,0.7018,57,-2.0,-1.0,-2.1287,,,,,,0.6585,82,-2.0,0.0,-7.8887,0.2743,0.8429
STIM,SPY,24,26,173,,,,,,,,,,,,,,,,,,,,,,,,,,,,,,,,,,,,,,,,,0.6,10,-1.0,-1.0,4.1233,0.6667,12,0.0,0.0,-2.52,,,,,,0.6667,12,0.0,0.0,-2.3375,,,,,,,,,,,,,,,,0.6923,13,-2.0,-2.0,-1.8489,,,,,,,,,,,,,,,,,,,,,,,,,,,,,,,,,,,,,,,,,0.6172,1.5562
STKE,IBIT,15,20,21,,,,,,,,,,,,,,,,,,,,,,,,,,,,,,,,,,,,,,,,,,,,,,,,,,,,,,,,,,,,,,,,,,,,,,,,,,,,,,,,,,,,,,,,,,,,,,,,,,,,,,,,,,,,,,,,,,,,,,,,,0.5264,0.5227
STLA,XLY,39,39,365,,,,,,0.9,10,-2.0,-2.0,-0.4633,,,,,,0.6,10,-2.0,-2.0,-0.7383,,,,,,,,,,,,,,,,,,,,,,,,,,,,,,,,,,,,,,,,,0.6429,14,-5.0,-5.0,0.3178,0.6087,69,-2.0,-2.0,-0.1733,,,,,,0.6667,90,-3.0,-2.0,-0.2957,,,,,,,,,,,,,,,,,,,,,0.6364,11,-3.0,-3.0,0.2657,0.6293,205,-1.0,2.0,-0.2082,,,,,,0.6757,111,-2.0,-1.0,-0.3784,0.4288,0.9553
STLD,XLB,10,10,204,,,,,,,,,,,,,,,,,,,,,,,,,,,,,,,,,,,,,,,,,,,,,,,,,,,,,,,,,,,,,0.625,24,-1.0,-1.0,0.2293,0.6429,28,2.0,2.0,-0.1878,0.6364,11,3.0,3.0,0.3329,0.619,42,-2.0,-1.0,-0.4623,,,,,,,,,,,,,,,,,,,,,,,,,,,,,,,,,,,,0.6522,23,-2.0,-2.0,-0.4093,0.7645,1.0861
STM,SMH,39,39,468,,,,,,,,,,,,,,,,,,,,,,,,,,,,,,,,,,,,,,,,,,,,,,,,,,,,,,,,,,,,,0.6222,45,4.0,5.0,0.6157,0.6818,44,-4.0,-3.0,-0.4267,0.6897,87,1.0,3.0,0.444,,,,,,,,,,,,,,,,,,,,,,,,,,,,,,,0.6944,36,-2.0,-2.0,-0.3804,0.6154,39,2.0,2.0,0.6183,0.6296,27,-4.0,-4.0,-0.6247,0.9068,1.1556
STNE,SPY,26,26,225,,,,,,,,,,,,,,,,,,,,,,,,,,,,,,,,,,,,,,,,,,,,,,,,,,,0.6667,15,0.0,0.0,1.441,,,,,,,,,,,0.6964,56,1.0,2.0,-0.2549,,,,,,0.6491,57,1.0,2.0,-0.3784,,,,,,,,,,,,,,,,,,,,,,,,,,0.6098,82,-1.0,-1.0,-0.3038,,,,,,0.6098,82,-1.0,-1.0,-0.487,0.51,0.8933
STNG,IWM,11,12,162,,,,,,,,,,,,,,,,,,,,,,,,,,,,,,,,,,,,,,,,,,,,,,,,,,,,,,,,,,,,,0.6765,34,0.0,1.0,0.2543,0.6471,17,-2.0,-2.0,-0.3155,0.75,12,1.0,1.0,0.5444,0.6111,18,-2.0,-2.0,-0.4082,,,,,,,,,,,,,,,,,,,,,,,,,,,,,,,,,,,,,,,,,0.1181,0.1313
STOK,XBI,12,16,147,,,,,,,,,,,,,,,,,,,,,,,,,,,,,,,,,,,,,,,,,,,,,,,,,,,,,,,,,,,,,,,,,,0.8,10,-2.0,-2.0,-0.5725,0.6,10,-1.0,-1.0,0.3583,0.6429,14,-2.0,-2.0,-0.8011,,,,,,,,,,,,,,,,,,,,,,,,,,0.6154,13,-2.0,-2.0,-0.3113,,,,,,0.6957,23,-2.0,-1.0,-0.675,0.7383,0.7364
STRC,IWM,38,38,350,,,,,,0.6875,16,0.0,0.0,-0.1718,,,,,,0.6667,15,0.0,0.0,-0.838,,,,,,,,,,,,,,,,,,,,,,,,,,0.6842,19,0.0,0.0,-1.1492,,,,,,0.6111,18,0.0,0.0,-1.8427,,,,,,0.6667,36,-2.0,-2.0,-0.2104,0.6061,33,1.0,1.0,0.238,0.6129,62,-3.0,-2.0,-0.3537,,,,,,,,,,,,,,,,,,,,,,,,,,,,,,,,,,,,0.6604,53,1.0,1.0,-0.3409,0.4455,0.5901
STRD,IWM,10,15,51,,,,,,,,,,,,,,,,,,,,,,,,,,,,,,,,,,,,,,,,,,,,,,,,,,,,,,,,,,,,,,,,,,,,,,,,,,,,,,,,,,,,,,,,,,,,,,,,,,,,,0.8333,12,0.0,0.0,0.449,,,,,,,,,,,0.6,10,-1.0,-1.0,-0.235,0.4371,0.4976
STRK,IWM,11,14,58,,,,,,,,,,,,,,,,,,,,,,,,,,,,,,,,,,,,,,,,,,,,,,,,,,,,,,,,,,,,,,,,,,,,,,,,,,,,0.6,10,0.0,0.0,-0.3133,,,,,,,,,,,,,,,,,,,,,,,,,,0.6667,15,0.0,0.0,-0.243,0.7143,14,0.0,0.0,0.354,,,,,,0.4631,0.7228
STRL,XLI,29,29,228,,,,,,,,,,,,,,,,,,,,,,,,,,,,,,,,,,,,,,,,,,,,,,,,,,,,,,,,,,,,,0.6897,29,-4.0,-3.0,0.546,0.8,15,0.0,0.0,-0.4883,0.6,20,1.0,1.0,0.73,0.6667,18,0.0,0.0,-0.8617,,,,,,,,,,,,,,,,,,,,,0.625,24,-2.0,-2.0,0.686,,,,,,0.6538,26,-2.0,-2.0,0.8041,,,,,,0.7775,3.2793
STTK,XBI,12,15,179,,,,,,,,,,,,,,,,,,,,,,,,,,,,,,,,,,,,,,,,,,,,,,,,,,,,,,,,,,,,,,,,,,0.7273,11,-3.0,-3.0,-0.8175,0.6,15,0.0,0.0,1.1078,0.675,40,-3.0,-1.0,-0.7419,,,,,,,,,,,,,,,,,,,,,,,,,,0.66,50,1.0,2.0,-0.8133,,,,,,0.6087,46,1.0,2.0,-1.0407,0.4787,0.7731
STUB,IWM,27,27,233,,,,,,,,,,,0.8,10,-1.0,-1.0,1.1613,,,,,,,,,,,,,,,,,,,,,,,,,,,,,,,0.6667,12,0.0,0.0,-0.8225,0.6667,12,0.0,0.0,1.5012,,,,,,,,,,,0.6667,33,0.0,0.0,-0.4414,,,,,,0.6176,34,0.0,0.0,-0.8086,,,,,,,,,,,,,,,,,,,,,0.75,16,-2.0,-2.0,0.3167,0.6304,46,1.0,1.0,-0.4641,0.75,16,-2.0,-2.0,0.4633,0.6047,43,1.0,1.0,-0.9312,0.3489,0.4653
STWD,XLF,33,33,238,0.6,25,0.0,0.0,0.4027,,,,,,0.68,25,0.0,0.0,0.4412,,,,,,,,,,,,,,,,,,,,,,,,,,,,,,,,,,,,,,,,,,,,,,,,,,,0.6414,198,-3.0,0.0,-0.0957,,,,,,0.6622,74,-1.0,-1.0,-0.178,,,,,,,,,,,,,,,,,,,,,,,,,,0.6482,199,-1.0,1.0,-0.0959,,,,,,0.6139,202,-1.0,1.0,-0.169,0.544,0.3574
STX,SOXX,39,39,463,,,,,,,,,,,,,,,,,,,,,,,,,,,,,,,,,,,,,,,,,,,,,,,,,,,,,,,,,,,,,0.6087,23,5.0,5.0,0.675,0.6892,74,-5.0,-1.0,-0.5453,0.6842,38,1.0,1.0,0.8231,0.6552,29,-5.0,-4.0,-1.26,,,,,,,,,,,,,,,,,,,,,0.6842,38,4.0,4.0,0.5827,0.7826,23,-2.0,-2.0,-0.3556,0.65,40,4.0,4.0,0.8719,0.6,20,5.0,5.0,-0.5175,0.909,1.1379
STXL,QQQ,31,36,91,,,,,,,,,,,,,,,,,,,,,,,,,,,,,,,,,,,,,,,,,,,,,,,,,,,,,,,,,,,,,,,,,,,,,,,,,,,,,,,,,,,,,,,,,,,,,,,,,,,,,,,,,,,,,,,,,,,,,,,,,0.8494,7.0304
STXU,QQQ,12,22,23,,,,,,,,,,,,,,,,,,,,,,,,,,,,,,,,,,,,,,,,,,,,,,,,,,,,,,,,,,,,,,,,,,,,,,,,,,,,,,,,,,,,,,,,,,,,,,,,,,,,,,,,,,,,,,,,,,,,,,,,,0.8327,6.7391
STXX,QQQ,14,25,42,,,,,,,,,,,,,,,,,,,,,,,,,,,,,,,,,,,,,,,,,,,,,,,,,,,,,,,,,,,,,,,,,,,,,,,,,,,,,,,,,,,,,,,,,,,,,,,,,,,,,,,,,,,,,,,,,,,,,,,,,0.7543,4.9468
STZ,XLP,17,17,225,,,,,,,,,,,,,,,,,,,,,,,,,,,,,,,,,,,,,,,,,,,,,,,,,,,,,,,,,,,,,0.625,24,-3.0,-3.0,0.2207,0.6,35,-1.0,-1.0,-0.2633,0.6087,23,-3.0,-3.0,0.2736,0.6029,68,-2.0,-1.0,-0.3202,,,,,,,,,,,,,,,,,,,,,0.7,10,2.0,2.0,0.1729,,,,,,0.7,10,2.0,2.0,0.1843,0.6833,60,0.0,0.0,-0.2012,0.523,0.6425
SU,XLE,29,29,236,0.6,10,0.0,0.0,0.6717,,,,,,,,,,,,,,,,,,,,,,,,,,,,,,,,,,,,,,,,,,,,,,,,,,,,,,,,0.6,15,2.0,2.0,0.1467,0.875,16,3.0,3.0,-0.1157,0.6579,38,1.0,1.0,0.2452,0.6296,27,-2.0,-2.0,-0.4312,,,,,,,,,,,,,,,,,,,,,0.6,10,-3.0,-3.0,0.2233,0.6667,33,-2.0,-2.0,-0.2023,,,,,,,,,,,0.905,1.2958
SUGP,XLI,31,39,248,,,,,,,,,,,,,,,,,,,,,,,,,,,,,,,,,,,,,,,,,,,,,,,,,,,,,,,,,,,,,,,,,,0.7037,27,-15.0,-15.0,-1.3774,,,,,,0.7059,34,15.0,15.0,-11.3283,,,,,,,,,,,,,,,,,,,,,,,,,,0.6538,26,-1.0,-1.0,-1.06,,,,,,0.6111,18,1.0,1.0,-7.6373,-0.0073,-0.0603
SUIG,SPY,14,24,52,,,,,,,,,,,,,,,,,,,,,,,,,,,,,,,,,,,,,,,,,,,,,,,,,,,,,,,,,,,,,,,,,,,,,,,,,,,,,,,,,,,,,,,,,,,,,,,,,,,,,,,,,,0.6316,19,0.0,0.0,-1.6192,,,,,,0.6667,18,0.0,0.0,-0.61,0.4583,1.4006
SUNB,XLI,32,32,231,,,,,,,,,,,,,,,,,,,,,,,,,,,,,,,,,,,,,,,,,,,,,,,,,,,,,,,,,,,,,0.625,40,0.0,0.0,0.1704,0.7368,19,-3.0,-3.0,-0.21,0.6154,39,0.0,0.0,0.3875,0.6154,13,2.0,2.0,-0.2625,,,,,,,,,,,,,,,,,,,,,,,,,,,,,,,,,,,,,,,,,0.502,0.963
SUNE,ICLN,21,34,160,,,,,,,,,,,,,,,,,,,,,,,,,,,,,,,,,,,,,,,,,,,,,,,,,,,,,,,,,,,,,,,,,,0.7576,33,15.0,15.0,-2.5744,,,,,,0.6154,13,-15.0,-15.0,-0.7825,,,,,,,,,,,,,,,,,,,,,0.7,10,-2.0,-2.0,2.1571,0.75,16,-1.0,-1.0,-3.0325,,,,,,0.625,32,0.0,1.0,-2.0965,0.3604,0.7057
SUPN,IBB,10,10,149,,,,,,,,,,,,,,,,,,,,,,,,,,,,,,,,,,,,,,,,,,,,,,,,,,,,,,,,,,,,,,,,,,,,,,,0.6364,11,1.0,1.0,0.4271,0.67,100,-3.0,0.0,-0.3646,,,,,,,,,,,,,,,,,,,,,,,,,,0.6522,23,1.0,1.0,-0.168,,,,,,0.6667,105,-2.0,1.0,-0.3909,0.429,0.4903
SUPV,SPY,10,13,136,,,,,,,,,,,,,,,,,,,,,,,,,,,,,,,,,,,,,,,,,,,,,,,,,,,,,,,,,,,,,,,,,,0.7857,14,-3.0,-3.0,-0.2382,0.6364,11,-1.0,-1.0,0.8543,0.8,10,-2.0,-2.0,-0.475,,,,,,,,,,,,,,,,,,,,,,,,,,,,,,,,,,,,,,,,,0.4679,1.1016
SURG,XLF,16,23,113,,,,,,,,,,,,,,,,,,,,,,,,,,,,,,,,,,,,,,,,,,,,,,,,,,,,,,,,,,,,,0.7273,11,-15.0,-15.0,2.0063,0.6,20,15.0,15.0,-4.1825,0.7,10,-15.0,-15.0,2.4171,0.65,20,15.0,15.0,-4.9846,,,,,,,,,,,,,,,,,,,,,,,,,,,,,,,,,,,,,,,,,0.3714,1.9921
SUZ,XLB,37,37,216,0.6429,14,-1.0,-1.0,0.4844,,,,,,,,,,,,,,,,,,,,,,,,,,,,,,,,,,,,,,,,,,,,,,,,,,,,,,,,0.8,10,-3.0,-3.0,0.2775,0.6,55,-1.0,-1.0,-0.1482,0.7,10,-3.0,-3.0,0.4729,0.6364,110,0.0,2.0,-0.2461,,,,,,,,,,,,,,,,,,,,,0.8,10,-3.0,-3.0,0.1375,0.6462,65,0.0,0.0,-0.1288,0.6,10,-3.0,-3.0,0.1717,0.6545,55,-1.0,-1.0,-0.2336,0.1483,0.2208
SVCO,QQQ,19,23,139,,,,,,,,,,,,,,,,,,,,,,,,,,,,,,,,,,,,,,,,,,,,,,,,,,,,,,,,,,,,,,,,,,,,,,,0.6364,11,2.0,2.0,1.6257,,,,,,,,,,,,,,,,,,,,,,,,,,0.6154,13,1.0,1.0,0.5462,,,,,,0.6471,17,1.0,1.0,1.0673,0.6471,17,-2.0,-2.0,-1.3709,0.7235,1.4795
SVIX,SPY,38,38,268,,,,,,,,,,,,,,,,,,,,,,,,,,,,,,,,,,,,,,,,,0.6429,14,-1.0,-1.0,0.2856,,,,,,0.6471,34,-1.0,0.0,0.5641,,,,,,0.619,42,1.0,1.0,0.2058,0.6,25,-2.0,-2.0,-0.2587,0.7043,115,0.0,2.0,0.3591,,,,,,,,,,,,,,,,,,,,,,,,,,,,,,,,,,,,0.6493,134,0.0,1.0,0.3771,,,,,,0.9182,3.2416
SVM,GDX,36,36,247,,,,,,,,,,,,,,,,,,,,,,,,,,,,,,,,,,,,,,,,,,,,,,,,,,,,,,,,,,,,,0.6842,19,-4.0,-4.0,0.7323,0.65,40,-3.0,-2.0,-0.3419,0.65,40,-1.0,0.0,0.6954,0.6,15,-5.0,-5.0,-0.6011,,,,,,,,,,,,,,,,,,,,,0.6207,29,-4.0,-4.0,0.2711,0.6364,33,-3.0,-3.0,-0.321,0.66,50,0.0,1.0,0.8406,0.6111,18,3.0,3.0,-0.6091,0.8996,1.0739
SVOL,QQQ,10,17,60,,,,,,,,,,,,,,,,,,,,,,,,,,,,,,,,,,,,,,,,,,,,,,,,,,,,,,,,,,,,,0.6667,12,-1.0,-1.0,0.135,0.6111,18,0.0,0.0,-0.0591,,,,,,,,,,,,,,,,,,,,,,,,,,,,,,,,,,,,,,,,,,,,,,0.7143,14,0.0,0.0,-0.106,0.7169,0.2595
SVRA,XBI,11,11,198,,,,,,,,,,,,,,,,,,,,,,,,,,,,,,,,,,,,,,,,,,,,,,,,,,,,,,,,,,,,,0.6364,11,-3.0,-3.0,0.4557,0.6094,64,1.0,3.0,-0.3631,0.6571,35,0.0,0.0,0.6491,0.6182,55,1.0,2.0,-0.54,,,,,,,,,,,,,,,,,,,,,0.6,10,-4.0,-4.0,0.1967,0.6818,22,-2.0,-2.0,-0.506,0.6,25,-1.0,-1.0,0.4313,0.6818,22,-2.0,-2.0,-0.4447,0.7032,0.6702
SVXY,SPY,31,31,239,0.7273,11,-1.0,-1.0,0.195,,,,,,0.7,10,0.0,0.0,0.2486,,,,,,,,,,,,,,,,,,,,,,,,,,0.6923,13,-1.0,-1.0,0.1656,,,,,,0.6296,27,-1.0,0.0,0.3606,,,,,,0.6351,74,0.0,0.0,0.1426,,,,,,0.6371,124,0.0,1.0,0.1684,0.6,20,-2.0,-2.0,-0.2992,,,,,,,,,,,,,,,,,,,,,,,,,,0.6429,14,1.0,1.0,-0.0922,0.8,15,1.0,1.0,0.1467,,,,,,0.9107,1.6372
SW,IWM,15,15,230,,,,,,,,,,,,,,,,,,,,,,,,,,,,,,,,,,,,,,,,,,,,,,,,,,,,,,,,,,,,,0.6429,14,-3.0,-3.0,0.2267,0.6207,29,2.0,2.0,-0.2139,0.6129,31,1.0,1.0,0.3474,0.6857,35,0.0,0.0,-0.3083,,,,,,,,,,,,,,,,,,,,,,,,,,0.6167,120,0.0,1.0,-0.2128,,,,,,,,,,,0.5583,0.8008
SWKS,SMH,24,24,243,,,,,,,,,,,,,,,,,,,,,,,,,,,,,,,,,,,,,,,,,,,,,,,,,,,,,,,,,,,,,0.6604,53,0.0,1.0,0.2529,0.7143,21,-4.0,-4.0,-0.288,0.6129,31,0.0,0.0,0.5389,0.6512,43,-4.0,-3.0,-0.5057,,,,,,,,,,,,,,,,,,,,,0.6154,39,3.0,3.0,0.2796,0.8333,12,-5.0,-5.0,-0.598,0.6667,21,-1.0,-1.0,0.8257,0.625,40,-3.0,-2.0,-0.4,0.9374,0.5506
SWMR,QQQ,32,35,177,,,,,,,,,,,,,,,,,,,,,,,,,,,,,,,,,,,,,,,,,,,,,,,,,,,,,,,,0.8,10,-1.0,-1.0,-5.46,0.8,15,15.0,15.0,1.2292,,,,,,,,,,,0.6,10,-5.0,-5.0,-1.1133,,,,,,,,,,,,,,,,,,,,,0.7333,15,-2.0,-2.0,1.0418,,,,,,0.7,10,2.0,2.0,1.0457,0.625,16,-2.0,-2.0,-1.335,0.4605,0.8444
SY,SPY,11,12,94,,,,,,,,,,,,,,,,,,,,,,,,,,,,,,,,,,,,,,,,,,,,,,,,,,,,,,,,,,,,,,,,,,,,,,,,,,,,,,,,,,,,,,,,,,,,,,,,,,,,,,,,,,0.619,63,-1.0,0.0,-0.5679,,,,,,0.6111,36,0.0,0.0,-1.22,0.3767,0.8926
SYK,IHI,14,14,232,,,,,,,,,,,,,,,,,,,,,,,,,,,,,,,,,,,,,,,,,,,,,,,,,,,,,,,,,,,,,,,,,,0.6757,37,0.0,0.0,-0.1504,,,,,,,,,,,,,,,,,,,,,,,,,,,,,,,,,,,,0.8,10,2.0,2.0,-0.2238,,,,,,0.6977,43,-3.0,-2.0,-0.237,0.7553,0.885
SYM,SPY,38,38,267,,,,,,0.7,10,0.0,0.0,-0.9871,0.6,10,0.0,0.0,0.8967,,,,,,,,,,,,,,,,,,,,,,,,,,,,,,,0.6176,34,-1.0,0.0,-1.3481,,,,,,,,,,,0.6508,63,0.0,1.0,0.3237,0.6786,28,-1.0,-1.0,-0.4179,,,,,,0.6571,35,-6.0,-4.0,-0.6726,,,,,,,,,,,,,,,,,,,,,,,,,,,,,,,,,,,,0.7333,15,-2.0,-2.0,-0.7345,0.8437,1.9986
SYNA,SMH,15,16,197,,,,,,,,,,,,,,,,,,,,,,,,,,,,,,,,,,,,,,,,,,,,,,,,,,,,,,,,,,,,,0.7,10,3.0,3.0,0.3743,0.7333,15,1.0,1.0,-0.3218,0.6429,28,-5.0,-4.0,0.7339,0.6957,23,1.0,2.0,-0.9313,,,,,,,,,,,,,,,,,,,,,0.7059,17,-1.0,-1.0,0.6325,0.8824,17,-2.0,-2.0,-0.2947,,,,,,,,,,,0.9291,0.9914
SYRE,IWM,13,13,204,,,,,,,,,,,,,,,,,,,,,,,,,,,,,,,,,,,,,,,,,,,,,,,,,,,,,,,,,,,,,0.75,16,2.0,2.0,0.2975,0.6667,12,5.0,5.0,-0.1338,0.7917,24,-1.0,-1.0,0.5432,0.619,21,0.0,0.0,-0.7,,,,,,,,,,,,,,,,,,,,,0.6271,59,-1.0,-1.0,0.3727,,,,,,,,,,,,,,,,0.7047,1.213
T,KWEB,39,39,358,,,,,,,,,,,0.6,15,0.0,0.0,1.0256,0.6471,17,-1.0,-1.0,-1.04,,,,,,,,,,,,,,,,,,,,,,,,,,,,,,,,,,,,,,,,,,,,,,0.6479,71,1.0,3.0,-0.1502,,,,,,0.7273,33,1.0,1.0,-0.2812,,,,,,,,,,,,,,,,,,,,,,,,,,0.6,55,0.0,0.0,-0.1836,,,,,,0.6045,134,-1.0,0.0,-0.2238,-0.1193,-0.0573
TAC,SPY,15,15,207,,,,,,,,,,,,,,,,,,,,,,,,,,,,,,,,,,,,,,,,,,,,,,,,,,,,,,,,,,,,,,,,,,0.8,10,-3.0,-3.0,-0.225,0.6957,23,-1.0,-1.0,0.4288,0.6562,32,-2.0,-2.0,-0.4229,,,,,,,,,,,,,,,,,,,,,,,,,,,,,,,,,,,,0.6154,13,1.0,1.0,-0.4113,0.5457,0.7489
TAK,IBB,12,12,219,,,,,,,,,,,,,,,,,,,,,,,,,,,,,,,,,,,,,,,,,,,,,,,,,,,,,,,,,,,,,,,,,,0.6087,46,1.0,2.0,-0.0893,,,,,,0.6364,33,-2.0,-2.0,-0.11,,,,,,,,,,,,,,,,,,,,,,,,,,0.7,20,-2.0,-2.0,-0.0807,,,,,,,,,,,0.1275,0.2294
TAL,XLY,24,24,222,,,,,,,,,,,,,,,,0.6,10,-1.0,-1.0,-0.685,,,,,,,,,,,,,,,,,,,,,,,,,,,,,,,,,,,,,,,,,,,,,,0.6701,97,0.0,2.0,-0.1712,,,,,,0.7292,48,0.0,0.0,-0.2163,,,,,,,,,,,,,,,,,,,,,,,,,,0.6629,175,-2.0,1.0,-0.1567,,,,,,0.7667,30,1.0,1.0,-0.3196,0.3178,0.3495
TALK,QQQ,10,12,194,,,,,,,,,,,,,,,,,,,,,,,,,,,,,,,,,,,,,,,,,,,,,,,,,,,,,,,,,,,,,,,,,,0.8229,175,-1.0,0.0,-0.026,,,,,,0.8187,182,-1.0,0.0,-0.0292,,,,,,,,,,,,,,,,,,,,,,,,,,0.8302,159,-2.0,2.0,-0.0261,,,,,,0.8293,164,-2.0,2.0,-0.029,0.2038,0.0184
TAN,QQQ,22,22,216,,,,,,,,,,,,,,,,,,,,,,,,,,,,,,,,,,,,,,,,,,,,,,,,,,,,,,,,,,,,,,,,,,0.7,20,-2.0,-2.0,-0.2307,0.65,20,0.0,0.0,0.3631,,,,,,,,,,,,,,,,,,,,,,,,,,,,,,,0.6667,12,-3.0,-3.0,-0.2288,,,,,,0.7273,11,-3.0,-3.0,-0.4525,0.8056,1.1332
TAP,XLP,15,15,232,,,,,,,,,,,,,,,,,,,,,,,,,,,,,,,,,,,,,,,,,,,,,,,,,,,,,,,,,,,,,0.6667,24,-3.0,-3.0,0.2144,0.7143,28,-2.0,-2.0,-0.193,0.625,24,-3.0,-3.0,0.1867,0.6957,23,2.0,2.0,-0.3275,,,,,,,,,,,,,,,,,,,,,0.6,10,2.0,2.0,0.1083,0.6094,64,0.0,0.0,-0.1708,,,,,,0.6094,64,0.0,0.0,-0.25,0.7422,0.9722
TBIL,IWM,30,31,221,,,,,,0.6429,28,0.0,0.0,-0.0028,,,,,,,,,,,,,,,,,,,,,,,,,,,,,,,,,,,,0.6667,12,0.0,0.0,-0.005,0.9091,11,-1.0,-1.0,0.013,0.8182,11,0.0,0.0,0.0,,,,,,0.6965,201,-1.0,0.0,-0.0066,,,,,,0.7172,198,-1.0,0.0,-0.0063,,,,,,,,,,,,,,,,,,,,,,,,,,0.7238,181,-1.0,1.0,-0.0067,,,,,,0.7173,191,-2.0,1.0,-0.0064,-0.1891,-0.0036
TBLA,SPY,24,24,224,,,,,,,,,,,,,,,,,,,,,,,,,,,,,,,,,,,,,,,,,,,,,,0.6364,22,-1.0,0.0,-1.695,,,,,,0.8333,12,0.0,0.0,-1.739,,,,,,0.6279,43,2.0,4.0,-0.223,0.6154,13,3.0,3.0,0.3625,0.6,10,4.0,4.0,-0.2533,,,,,,,,,,,,,,,,,,,,,,,,,,0.6154,78,-1.0,-1.0,-0.2508,0.6429,14,-2.0,-2.0,0.2444,,,,,,0.2221,0.3089
TBT,SPY,24,25,170,0.7273,11,-1.0,-1.0,0.26,,,,,,,,,,,,,,,,,,,,,,,,,,,,,,,,,,,,,,,,,0.6429,14,0.0,0.0,-0.1078,,,,,,,,,,,0.6136,44,-1.0,-1.0,0.0726,,,,,,,,,,,0.6275,51,0.0,0.0,-0.1184,,,,,,,,,,,,,,,,,,,,,0.6,10,-2.0,-2.0,0.08,,,,,,0.6,10,-2.0,-2.0,0.1417,,,,,,-0.2473,-0.2803
TC,QQQ,13,19,125,,,,,,,,,,,,,,,,,,,,,,,,,,,,,,,,,,,,,,,,,,,,,,,,,,,,,,,,,,,,,,,,,,0.7,20,-15.0,-15.0,-1.7857,,,,,,0.6429,28,-15.0,-15.0,-3.8811,,,,,,,,,,,,,,,,,,,,,,,,,,0.9412,17,1.0,1.0,-1.5763,,,,,,0.6923,26,1.0,1.0,-3.975,0.0711,0.336
TCAI,QQQ,10,15,44,,,,,,,,,,,,,,,,,,,,,,,,,,,,,,,,,,,,,,,,,,,,,,,,,,,,,,,,,,,,,,,,,,,,,,,,,,,,,,,,,,,,,,,,,,,,,,,,,,,,,,,,,,,,,,,,,,,,0.6667,12,-1.0,-1.0,-0.6012,0.8445,1.8278
TCOM,KWEB,32,32,262,,,,,,,,,,,,,,,,,,,,,,,,,,,,,,,,,,,,,,,,,,,,,,,,,,,,,,,,,,,,,,,,,,0.65,40,2.0,2.0,-0.1354,,,,,,0.6829,41,2.0,2.0,-0.2261,,,,,,,,,,,,,,,,,,,,,,,,,,0.6364,55,-3.0,-2.0,-0.16,,,,,,0.6032,63,-1.0,-1.0,-0.3261,0.7383,0.5998
TCPC,SPY,20,22,165,,,,,,0.7692,13,0.0,0.0,-0.591,,,,,,0.6667,12,0.0,0.0,-0.7988,,,,,,,,,,,,,,,,,,,,,,,,,,,,,,,,,,,,0.6,10,-1.0,-1.0,-1.125,,,,,,0.7342,79,-2.0,1.0,-0.2009,,,,,,0.6226,53,0.0,1.0,-0.4039,,,,,,,,,,,,,,,,,,,,,,,,,,0.6667,123,-1.0,1.0,-0.2377,,,,,,0.7037,54,-1.0,-1.0,-0.3803,0.4027,0.3143
TCRX,XBI,12,18,95,,,,,,,,,,,,,,,,,,,,,,,,,,,,,,,,,,,,,,,,,,,,,,,,,,,,,,,,,,,,,,,,,,,,,,,,,,,,0.8,10,0.0,0.0,-1.465,,,,,,,,,,,,,,,,,,,,,,,,,,0.6,15,0.0,0.0,-0.29,,,,,,0.8,20,-2.0,-1.0,-1.4688,0.3935,0.4941
TD,SPY,11,11,233,,,,,,,,,,,,,,,,,,,,,,,,,,,,,,,,,,,,,,,,,,,,,,,,,,,,,,,,,,,,,0.6,65,-1.0,-1.0,0.1328,0.8065,31,1.0,1.0,-0.0992,,,,,,,,,,,,,,,,,,,,,,,,,,,,,,,0.6,85,-1.0,-1.0,0.1437,0.6195,113,0.0,0.0,-0.1111,,,,,,0.6,15,-2.0,-2.0,-0.19,0.6971,0.548
TDAQ,QQQ,11,12,64,,,,,,,,,,,,,,,,,,,,,,,,,,,,,,,,,,,,,,,,,,,,,,,,,,,,,,,,,,,,,0.6154,13,-1.0,-1.0,0.1063,,,,,,0.6154,13,-1.0,-1.0,0.2425,,,,,,,,,,,,,,,,,,,,,,,,,,0.7,10,-1.0,-1.0,0.0886,,,,,,0.6667,12,-1.0,-1.0,0.2238,,,,,,0.879,0.6784
TDC,IGV,20,20,232,,,,,,,,,,,,,,,,,,,,,,,,,,,,,,,,,,,,,,,,,,,,,,,,,,,,,,,,,,,,,0.6316,19,0.0,0.0,0.2025,0.6,25,-3.0,-3.0,-0.2447,0.6429,14,3.0,3.0,0.5367,0.6154,26,1.0,1.0,-0.5413,,,,,,,,,,,,,,,,,,,,,0.6111,36,-2.0,-2.0,0.28,0.6667,12,3.0,3.0,-0.1888,0.75,16,2.0,2.0,0.3917,0.6087,46,-1.0,-1.0,-0.4454,0.8432,0.8301
TDG,ITA,12,12,232,,,,,,,,,,,,,,,,,,,,,,,,,,,,,,,,,,,,,,,,,,,,,,,,,,,,,,,,,,,,,,,,,,0.8333,12,-3.0,-3.0,-0.122,0.6212,66,-1.0,-1.0,0.2554,0.6111,54,0.0,0.0,-0.2255,,,,,,,,,,,,,,,,,,,,,,,,,,0.6154,13,-3.0,-3.0,-0.14,0.625,32,1.0,1.0,0.261,0.6364,44,-1.0,-1.0,-0.2314,0.5623,0.6479
TDIC,SPY,31,37,352,,,,,,,,,,,,,,,,,,,,,,,,,,,,,,,,,,,,,,,,,,,,,,0.7586,29,-1.0,0.0,-2.7886,,,,,,0.68,25,-1.0,0.0,-3.8959,,,,,,0.6667,33,-7.0,-6.0,-0.7845,0.6452,31,-7.0,-6.0,0.696,0.6,10,-8.0,-8.0,-1.8667,,,,,,,,,,,,,,,,,,,,,,,,,,0.6364,11,-2.0,-2.0,-0.5029,0.6,10,1.0,1.0,53.8317,0.6667,15,-2.0,-2.0,-1.56,0.1151,1.5723
TDOC,XLV,38,38,245,,,,,,0.6667,12,0.0,0.0,-1.0775,0.6429,14,-1.0,-1.0,2.0211,,,,,,,,,,,,,,,,,,,,,,,,,,,,,,,,,,,,,,,,,,,,,,0.6923,13,-5.0,-5.0,0.1956,0.6444,45,1.0,1.0,-0.3452,0.6111,36,0.0,0.0,0.8091,0.6857,35,-5.0,-3.0,-0.5888,,,,,,,,,,,,,,,,,,,,,0.6538,26,-2.0,-2.0,0.3253,0.622,82,-1.0,-1.0,-0.2759,,,,,,,,,,,0.4114,0.7183
TDTH,IWM,11,21,99,,,,,,,,,,,,,,,,,,,,,,,,,,,,,,,,,,,,,,,,,,,,,,,,,,,,,,,,,,,,,0.6,45,15.0,15.0,3.3448,,,,,,,,,,,,,,,,,,,,,,,,,,,,,,,,,,,,,,,,,,,,,,0.7917,24,0.0,0.0,6.1674,0.6429,28,-1.0,-1.0,-5.7661,0.1377,0.7559
TDUP,IWM,10,10,212,,,,,,,,,,,,,,,,,,,,,,,,,,,,,,,,,,,,,,,,,,,,,,,,,,,,,,,,,,,,,0.6154,13,-4.0,-4.0,0.5862,0.7273,44,-3.0,-1.0,-0.3422,0.6429,14,-4.0,-4.0,1.1967,0.6667,33,0.0,0.0,-0.5673,,,,,,,,,,,,,,,,,,,,,,,,,,0.6449,138,-1.0,0.0,-0.3773,0.6875,16,-2.0,-2.0,0.7609,0.68,75,-1.0,-1.0,-0.5667,0.7704,1.3268
TE,ICLN,39,39,514,,,,,,,,,,,,,,,,,,,,,,,,,,,,,,,,,,,,,,,,,,,,,,,,,,,,,,,,,,,,,0.68,25,2.0,2.0,0.6012,0.6714,70,-2.0,-1.0,-0.5889,0.7273,22,3.0,3.0,1.0506,0.6786,28,2.0,2.0,-0.7389,,,,,,,,,,,,,,,,,,,,,,,,,,,,,,,0.6122,49,0.0,0.0,1.4157,0.6562,32,-3.0,-3.0,-1.4033,0.8144,1.4375
TEAM,IGV,39,39,268,,,,,,,,,,,,,,,,,,,,,,,,,,,,,,,,,,,,,,,,,,,,,,,,,,,,,,,,,,,,,0.64,25,4.0,4.0,0.3394,0.6429,14,0.0,0.0,-0.3267,0.623,61,0.0,3.0,0.7663,0.64,25,-7.0,-6.0,-0.4662,,,,,,,,,,,,,,,,,,,,,0.6471,34,-4.0,-3.0,0.3491,,,,,,0.6774,31,2.0,3.0,0.501,,,,,,0.8136,1.8807
TECH,IWM,14,14,228,,,,,,,,,,,,,,,,,,,,,,,,,,,,,,,,,,,,,,,,,,,,,,,,,,,,,,,,,,,,,,,,,,0.7619,21,-3.0,-2.0,-0.1512,0.7857,14,1.0,1.0,0.23,0.6184,76,0.0,0.0,-0.1479,,,,,,,,,,,,,,,,,,,,,,,,,,0.625,16,-2.0,-2.0,-0.097,,,,,,,,,,,0.3541,0.2811
TECK,GDX,37,37,260,,,,,,,,,,,,,,,,,,,,,,,,,,,,,,,,,,,,,,,,,,,,,,,,,,,,,,,,,,,,,0.625,24,-2.0,-2.0,0.228,0.6667,24,0.0,0.0,-0.1937,0.6286,35,2.0,2.0,0.2486,0.625,24,-3.0,-3.0,-0.3633,,,,,,,,,,,,,,,,,,,,,0.6207,29,-4.0,-4.0,0.2356,0.6897,29,3.0,4.0,-0.2315,0.6596,47,0.0,1.0,0.449,0.6286,35,-3.0,-3.0,-0.3673,0.6814,0.6933
TECL,QQQ,38,39,284,,,,,,,,,,,,,,,,,,,,,,,,,,,,,,,,,,,,,,,,,,,,,,0.6364,11,0.0,0.0,-1.46,,,,,,,,,,,0.7143,84,0.0,5.0,0.411,,,,,,0.8182,11,5.0,5.0,0.6622,,,,,,,,,,,,,,,,,,,,,,,,,,0.6757,111,0.0,2.0,0.4281,0.6154,13,-3.0,-3.0,-0.995,0.75,12,2.0,2.0,0.6422,0.6486,37,-2.0,-2.0,-0.6563,0.9552,4.0375
TECS,IWM,37,37,300,,,,,,,,,,,,,,,,,,,,,,,,,,,,,,,,,,,,,,,,,0.7222,18,0.0,0.0,4.1538,0.6154,13,-1.0,-1.0,-1.8637,,,,,,0.6923,13,-1.0,-1.0,-2.8144,0.6,10,15.0,15.0,2.8083,0.7465,71,-5.0,-1.0,-0.4591,0.7273,11,5.0,5.0,1.075,0.8462,13,-7.0,-7.0,-0.6964,,,,,,,,,,,,,,,,,,,,,0.6087,23,-2.0,-2.0,0.4571,0.6547,223,-1.0,1.0,-0.6854,,,,,,0.6122,49,1.0,1.0,-0.8577,-0.6702,-4.378
TEL,QQQ,10,10,225,,,,,,,,,,,,,,,,,,,,,,,,,,,,,,,,,,,,,,,,,,,,,,,,,,,,,,,,,,,,,,,,,,0.6,20,-3.0,-3.0,-0.2242,0.6154,52,1.0,1.0,0.3016,0.6765,34,2.0,3.0,-0.3009,,,,,,,,,,,,,,,,,,,,,,,,,,,,,,,,,,,,0.7,10,2.0,2.0,-0.34,0.7991,0.9698
TEM,SPY,39,39,405,0.6,10,-2.0,-2.0,1.6417,0.6364,11,0.0,0.0,-1.7143,,,,,,,,,,,,,,,,,,,,,,,,,,,,,,,,,,,,0.65,20,0.0,0.0,-2.1385,,,,,,0.6,20,0.0,0.0,-2.2117,0.619,21,-3.0,-3.0,0.4615,0.6571,70,-2.0,-1.0,-0.348,0.6087,23,-3.0,-3.0,0.7807,0.8065,31,3.0,4.0,-0.556,,,,,,,,,,,,,,,,,,,,,,,,,,0.6136,132,-1.0,-1.0,-0.3356,,,,,,0.65,20,-2.0,-2.0,-0.7685,0.7584,1.8645
TEMT,SPY,31,36,119,,,,,,,,,,,,,,,,,,,,,,,,,,,,,,,,,,,,,,,,,,,,,,0.75,16,0.0,0.0,-4.0767,,,,,,0.625,16,0.0,0.0,-4.099,,,,,,,,,,,,,,,,,,,,,,,,,,,,,,,,,,,,,,,,,,,,,,0.6585,41,0.0,0.0,-1.2519,,,,,,,,,,,0.7431,4.0659
TENB,IGV,34,34,238,,,,,,,,,,,,,,,,,,,,,,,,,,,,,,,,,,,,,,,,,,,,,,,,,,,,,,,,,,,,,0.7692,13,4.0,4.0,0.562,0.6667,15,3.0,3.0,-0.245,0.6875,16,2.0,2.0,0.6382,0.64,25,-3.0,-3.0,-0.5294,,,,,,,,,,,,,,,,,,,,,0.6111,36,1.0,2.0,0.4514,0.6667,18,-3.0,-3.0,-0.4558,0.6383,47,1.0,3.0,0.6353,0.6111,18,-3.0,-3.0,-0.6318,0.7602,0.8601
TENX,XBI,21,25,162,,,,,,,,,,,,,,,,,,,,,,,,,,,,,,,,,,,,,,,,,,,,,,,,,,,,,,,,,,,,,0.6,10,3.0,3.0,0.9867,0.7419,31,0.0,1.0,-0.6857,,,,,,0.8,10,1.0,1.0,-2.0738,,,,,,,,,,,,,,,,,,,,,,,,,,0.641,39,1.0,2.0,-0.6256,0.6364,11,2.0,2.0,0.9214,0.697,33,-2.0,-1.0,-0.943,0.6103,0.7941
TER,SOXX,39,39,356,,,,,,,,,,,,,,,,,,,,,,,,,,,,,,,,,,,,,,,,,,,,,,,,,,,,,,,,,,,,,0.6719,64,4.0,6.0,0.4277,0.75,16,-4.0,-4.0,-0.385,0.7619,42,1.0,2.0,0.9394,0.6,15,-2.0,-2.0,-0.7389,,,,,,,,,,,,,,,,,,,,,0.7143,42,4.0,5.0,0.367,0.6522,23,-4.0,-4.0,-0.436,0.7037,27,2.0,2.0,1.0247,0.6129,31,3.0,3.0,-0.7632,0.9634,1.1248
TERG,QQQ,14,23,29,,,,,,,,,,,,,,,,,,,,,,,,,,,,,,,,,,,,,,,,,,,,,,,,,,,,,,,,,,,,,,,,,,,,,,,,,,,,,,,,,,,,,,,,,,,,,,,,,,,,,,,,,,,,,,,,,,,,,,,,,0.8744,5.9598
TETH,IWM,21,22,180,,,,,,,,,,,,,,,,,,,,,,,,,,,,,,,,,,,,,,,,,,,,,,,,,,,,,,,,,,,,,0.6667,12,2.0,2.0,0.1237,0.6591,44,-3.0,-2.0,-0.2062,0.6,10,5.0,5.0,0.185,0.75,12,1.0,1.0,-0.17,,,,,,,,,,,,,,,,,,,,,,,,,,0.64,25,1.0,1.0,-0.2462,,,,,,,,,,,0.6413,2.2865
TEUP,QQQ,10,19,30,,,,,,,,,,,,,,,,,,,,,,,,,,,,,,,,,,,,,,,,,,,,,,,,,,,,,,,,,,,,,,,,,,,,,,,,,,,,,,,,,,,,,,,,,,,,,,,,,,,,,,,,,,,,,,,,,,,,,,,,,0.7847,4.2743
TEVA,SPY,37,37,242,,,,,,,,,,,,,,,,,,,,,,,,,,,,,,,,,,,,,,,,,,,,,,0.6667,12,-1.0,-1.0,-1.0137,,,,,,0.6667,12,-1.0,-1.0,-1.21,,,,,,0.6364,11,-4.0,-4.0,-0.15,0.6053,38,0.0,0.0,0.3865,0.8182,11,-4.0,-4.0,-0.3444,,,,,,,,,,,,,,,,,,,,,0.6,15,1.0,1.0,0.4233,,,,,,0.7143,14,1.0,1.0,0.41,,,,,,0.4382,0.5278
TFC,KRE,18,18,232,,,,,,,,,,,,,,,,,,,,,,,,,,,,,,,,,,,,,,,,,,,,,,,,,,,,,,,,,,,,,0.6,20,-2.0,-2.0,0.0708,0.7,10,3.0,3.0,-0.1114,,,,,,0.7273,22,2.0,3.0,-0.2375,,,,,,,,,,,,,,,,,,,,,,,,,,,,,,,,,,,,0.6346,52,1.0,2.0,-0.1858,0.7407,1.1397
TFLO,IWM,19,22,194,0.6364,11,0.0,0.0,0.0129,,,,,,,,,,,0.625,16,0.0,0.0,-0.004,,,,,,,,,,,,,,,,,,,,,,,,,,,,,,,,,,,,,,,,,,,,,,0.7778,162,-1.0,0.0,-0.0056,,,,,,0.741,166,-1.0,0.0,-0.0056,,,,,,,,,,,,,,,,,,,,,,,,,,0.7742,155,-2.0,1.0,-0.0058,,,,,,0.7405,158,-2.0,1.0,-0.0056,-0.1439,-0.0034
TFPM,GDX,15,17,177,,,,,,,,,,,,,,,,,,,,,,,,,,,,,,,,,,,,,,,,,,,,,,,,,,,,,,,,,,,,,0.6,15,-1.0,-1.0,0.2478,0.75,12,3.0,3.0,-0.2011,0.7143,14,0.0,0.0,0.658,0.6,15,-1.0,-1.0,-0.2022,,,,,,,,,,,,,,,,,,,,,0.6111,18,-1.0,-1.0,0.2582,0.6316,19,-3.0,-3.0,-0.2925,,,,,,0.6842,19,-4.0,-4.0,-0.3354,0.9391,0.8798
TGB,GDX,36,36,240,,,,,,,,,,,,,,,,,,,,,,,,,,,,,,,,,,,,,,,,,,,,,,,,,,,,,,,,,,,,,0.6,15,0.0,0.0,0.6011,0.7143,21,-1.0,-1.0,-0.2733,0.6667,12,2.0,2.0,0.815,0.6667,21,-1.0,-1.0,-0.4379,,,,,,,,,,,,,,,,,,,,,0.76,25,1.0,1.0,0.7605,0.6346,52,-3.0,-2.0,-0.3139,0.6667,27,1.0,1.0,1.1411,0.6667,48,2.0,3.0,-0.5612,0.8156,0.7849
TGEN,QQQ,13,18,90,,,,,,,,,,,,,,,,,,,,,,,,,,,,,,,,,,,,,,,,,,,,,,,,,,,,,,,,,,,,,,,,,,,,,,,,,,,,,,,,,,,,,,,,,,,,,,,,,,,,,,,,,,0.6364,11,1.0,1.0,-0.8186,0.6364,11,0.0,0.0,1.0529,0.6364,11,-2.0,-2.0,-1.2986,0.7571,1.3026
TGHL,IBIT,16,30,160,,,,,,,,,,,,,,,,,,,,,,,,,,,,,,,,,,,,,,,,,,,,,,,,,,,,,,,,,,,,,,,,,,0.6792,53,15.0,15.0,-7.8181,,,,,,,,,,,,,,,,,,,,,,,,,,,,,,,,,,,,0.8462,13,-3.0,-3.0,-8.5018,,,,,,0.6923,13,-3.0,-3.0,-9.6189,0.1216,0.3986
TGT,XLP,27,27,235,,,,,,0.6667,12,0.0,0.0,-0.9363,,,,,,0.6667,12,0.0,0.0,-1.185,,,,,,,,,,,,,,,,,,,,,,,,,,,,,,,,,,,,,,,,,0.6111,18,-2.0,-2.0,0.11,0.6355,107,0.0,2.0,-0.1584,0.6316,19,-2.0,-2.0,0.4033,0.6545,55,0.0,0.0,-0.2494,,,,,,,,,,,,,,,,,,,,,,,,,,0.6452,62,-1.0,-1.0,-0.1675,0.6,10,2.0,2.0,0.1083,0.6667,63,-1.0,-1.0,-0.2405,0.6446,0.7492
TGTX,XBI,28,28,217,,,,,,,,,,,,,,,,,,,,,,,,,,,,,,,,,,,,,,,,,,,,,,,,,,,,,,,,,,,,,0.6176,68,1.0,3.0,0.3488,0.6,35,-1.0,-1.0,-0.2062,0.625,24,2.0,2.0,0.4893,,,,,,,,,,,,,,,,,,,,,,,,,,0.6,45,1.0,1.0,0.3026,0.8182,11,-4.0,-4.0,-0.3944,,,,,,0.9,10,3.0,3.0,-0.6422,0.6128,0.6174
TH,IWM,14,14,183,,,,,,,,,,,,,,,,,,,,,,,,,,,,,,,,,,,,,,,,,,,,,,,,,,,,,,,,,,,,,,,,,,0.6471,17,-2.0,-2.0,-0.3745,0.641,39,-1.0,-1.0,0.4956,0.6471,17,-2.0,-2.0,-0.4682,,,,,,,,,,,,,,,,,,,,,0.6486,37,1.0,1.0,0.3471,,,,,,,,,,,,,,,,0.7444,0.826
THM,GDX,23,25,153,,,,,,,,,,,,,,,,,,,,,,,,,,,,,,,,,,,,,,,,,,,,,,,,,,,,,,,,,,,,,0.7,10,0.0,0.0,0.6243,,,,,,0.6364,11,0.0,0.0,1.08,,,,,,,,,,,,,,,,,,,,,,,,,,0.6923,13,1.0,1.0,1.0744,0.6154,13,-2.0,-2.0,-0.455,0.6,15,1.0,1.0,1.4889,0.7333,15,-4.0,-4.0,-0.7673,0.9189,1.0288
THYP,QQQ,16,25,59,,,,,,,,,,,,,,,,,,,,,,,,,,,,,,,,,,,,,,,,,,,,,,,,,,,,,,,,,,,,,,,,,,,,,,,,,,,,,,,,,,,,,,,,,,,,,,,,,,,,,0.7273,11,0.0,0.0,0.7237,0.75,12,-1.0,-1.0,-0.7511,,,,,,,,,,,0.5501,2.0707
TIGO,IWM,11,11,206,,,,,,,,,,,,,,,,,,,,,,,,,,,,,,,,,,,,,,,,,,,,,,,,,,,,,,,,,,,,,0.625,24,0.0,0.0,0.3293,0.6053,38,2.0,2.0,-0.2757,,,,,,0.65,40,2.0,2.0,-0.3285,,,,,,,,,,,,,,,,,,,,,,,,,,,,,,,,,,,,,,,,,0.4737,0.4841
TIGR,SPY,38,38,254,0.625,16,0.0,0.0,1.272,,,,,,,,,,,,,,,,,,,,,,,,,,,,,,,,,,,,0.6667,18,0.0,0.0,1.525,,,,,,0.6765,34,-1.0,0.0,1.8039,,,,,,,,,,,0.6061,33,0.0,0.0,-0.3945,,,,,,0.6818,66,-1.0,0.0,-0.5498,,,,,,,,,,,,,,,,,,,,,,,,,,0.8462,13,-2.0,-2.0,-0.4055,,,,,,0.6269,134,0.0,1.0,-0.5169,0.6772,1.2009
TII,IWM,15,19,130,,,,,,,,,,,,,,,,,,,,,,,,,,,,,,,,,,,,,,,,,0.7,10,0.0,0.0,2.1157,,,,,,,,,,,,,,,,,,,,,,,,,,,,,,,0.6667,12,15.0,15.0,-6.3638,,,,,,,,,,,,,,,,,,,,,,,,,,0.6875,80,-1.0,0.0,-1.2509,,,,,,0.641,78,-1.0,0.0,-1.8064,0.5912,1.3166
TIMB,IWM,26,31,135,,,,,,,,,,,,,,,,,,,,,,,,,,,,,,,,,,,,,,,,,,,,,,,,,,,,,,,,,,,,,0.625,24,0.0,0.0,0.1927,0.7381,42,-2.0,-1.0,-0.1477,0.6316,19,-2.0,-2.0,0.2492,0.6667,27,-1.0,-1.0,-0.285,,,,,,,,,,,,,,,,,,,,,,,,,,0.6857,70,-1.0,0.0,-0.1317,,,,,,0.625,16,1.0,1.0,-0.293,0.429,0.5774
TIP,IWM,17,17,227,,,,,,,,,,,,,,,,,,,,,,,,,,,,,,,,,,,,,,,,,,,,,,,,,,,,,,,,,,,,,,,,,,0.665,200,-2.0,0.0,-0.0162,,,,,,0.7273,11,-2.0,-2.0,-0.0212,,,,,,,,,,,,,,,,,,,,,,,,,,0.6684,193,-2.0,1.0,-0.0157,,,,,,0.6364,143,-1.0,0.0,-0.0256,0.5293,0.089
TJX,XLY,24,24,232,0.6364,11,-1.0,-1.0,1.1586,0.6,10,0.0,0.0,-0.5067,,,,,,0.7,10,0.0,0.0,-0.8414,,,,,,,,,,,,,,,,,,,,,,,,,,,,,,,,,,,,,,,,,,,,,,0.7222,18,1.0,1.0,-0.1292,,,,,,,,,,,,,,,,,,,,,,,,,,,,,,,,,,,,0.7,10,-3.0,-3.0,-0.0343,,,,,,0.6774,31,1.0,1.0,-0.189,0.323,0.2194
TKC,IWM,16,17,195,,,,,,,,,,,,,,,,,,,,,,,,,,,,,,,,,,,,,,,,,,,,,,,,,,,,,,,,,,,,,,,,,,0.7442,43,-3.0,-2.0,-0.0997,,,,,,0.7273,11,2.0,2.0,-0.3525,,,,,,,,,,,,,,,,,,,,,,,,,,0.642,81,0.0,1.0,-0.1069,,,,,,0.6154,78,-2.0,-1.0,-0.1627,0.5905,1.0321
TLH,IWM,13,13,215,,,,,,,,,,,,,,,,,,,,,,,,,,,,,,,,,,,,,,,,,,,,,,,,,,,,,,,,,,,,,,,,,,,,,,,,,,,,,,,,,,,,,,,,,,,,,,,,,,,,,0.6667,15,-2.0,-2.0,0.039,0.6176,68,-1.0,-1.0,-0.0267,,,,,,,,,,,0.4082,0.1736
TLK,IWM,17,19,203,,,,,,,,,,,,,,,,,,,,,,,,,,,,,,,,,,,,,,,,,,,,,,,,,,,,,,,,,,,,,0.6364,11,-3.0,-3.0,0.1786,0.7083,120,-2.0,2.0,-0.1116,,,,,,0.6709,79,0.0,3.0,-0.1647,,,,,,,,,,,,,,,,,,,,,,,,,,0.6667,132,-2.0,0.0,-0.1053,,,,,,0.6774,31,1.0,1.0,-0.1848,0.3082,0.7659
TLN,SPY,19,19,217,,,,,,,,,,,,,,,,,,,,,,,,,,,,,,,,,,,,,,,,,0.6667,12,0.0,0.0,1.6125,,,,,,0.8182,11,0.0,0.0,1.6211,,,,,,0.7,10,4.0,4.0,0.3486,0.6471,17,-3.0,-3.0,-0.15,0.6923,26,2.0,2.0,0.4617,0.8667,15,3.0,3.0,-0.6423,,,,,,,,,,,,,,,,,,,,,,,,,,,,,,,0.6923,13,1.0,1.0,0.5633,,,,,,0.7547,2.2081
TLPH,IBB,10,11,64,,,,,,,,,,,,,,,,,,,,,,,,,,,,,,,,,,,,,,,,,,,,,,,,,,,,,,,,,,,,,,,,,,,,,,,,,,,,,,,,,,,,,,,,,,,,,,,,,,,,,,,,,,0.75,12,1.0,1.0,-0.6111,,,,,,0.6364,11,2.0,2.0,-1.2771,0.1864,0.4113
TLRY,SPY,39,39,273,,,,,,,,,,,,,,,,,,,,,,,,,,,,,,,,,,,,,,,,,,,,,,0.6,20,0.0,0.0,-1.2867,0.6,15,-1.0,-1.0,1.0656,,,,,,,,,,,0.625,16,2.0,2.0,-0.397,0.7143,14,-4.0,-4.0,0.508,0.7647,17,2.0,2.0,-0.4315,,,,,,,,,,,,,,,,,,,,,,,,,,0.6316,19,-2.0,-2.0,-0.2067,,,,,,0.6316,19,1.0,1.0,-0.7825,0.3723,0.5392
TLS,IWM,11,11,170,,,,,,,,,,,,,,,,,,,,,,,,,,,,,,,,,,,,,,,,,,,,,,,,,,,,,,,,,,,,,,,,,,0.8,20,2.0,3.0,-0.3238,,,,,,0.6429,14,2.0,2.0,-0.8022,,,,,,,,,,,,,,,,,,,,,,,,,,0.6222,45,-1.0,-1.0,-0.2207,,,,,,0.6389,72,0.0,1.0,-0.6017,0.4707,0.602
TLT,IWM,39,39,474,,,,,,,,,,,,,,,,0.6471,17,-1.0,-1.0,-0.1364,,,,,,,,,,,,,,,,,,,,,,,,,,0.6923,13,-1.0,-1.0,-0.0833,,,,,,0.6923,13,-1.0,-1.0,-0.1344,,,,,,,,,,,0.7273,11,1.0,1.0,0.06,,,,,,,,,,,,,,,,,,,,,,,,,,,,,,,,,,,,,,,,,0.6197,142,0.0,0.0,-0.0562,0.3799,0.1805
TLTW,IWM,34,36,196,0.6429,14,0.0,0.0,0.1233,,,,,,0.6667,12,0.0,0.0,0.1025,0.6316,19,-1.0,-1.0,-0.1108,,,,,,,,,,,,,,,,,,,,,,,,,,,,,,,,,,,,0.6364,11,-1.0,-1.0,-0.0829,,,,,,0.7014,144,-1.0,0.0,-0.0344,,,,,,0.6273,161,-1.0,0.0,-0.0438,,,,,,,,,,,,,,,,,,,,,,,,,,0.6736,144,-2.0,1.0,-0.0355,,,,,,0.6414,145,-1.0,1.0,-0.0441,0.4386,0.1435
TM,XLY,21,22,179,,,,,,,,,,,,,,,,,,,,,,,,,,,,,,,,,,,,,,,,,,,,,,,,,,,,,,,,,,,,,,,,,,0.7273,33,0.0,0.0,-0.0933,,,,,,0.625,32,0.0,0.0,-0.1185,,,,,,,,,,,,,,,,,,,,,,,,,,0.7234,47,-1.0,-1.0,-0.1174,,,,,,0.75,20,-2.0,-2.0,-0.1707,0.4741,0.6167
TMC,SPY,39,39,308,,,,,,,,,,,,,,,,,,,,,,,,,,,,,,,,,,,,,,,,,,,,,,,,,,,0.6286,35,-1.0,0.0,1.6614,,,,,,0.7647,17,4.0,4.0,0.4777,0.6321,106,-3.0,-1.0,-0.333,0.6667,18,4.0,4.0,0.965,,,,,,,,,,,,,,,,,,,,,,,,,,,,,,,0.7368,19,-2.0,-2.0,-0.4614,0.7,20,1.0,1.0,0.6729,0.6875,16,-2.0,-2.0,-0.6582,0.7684,2.1206
TMDE,XLE,18,32,113,,,,,,,,,,,,,,,,,,,,,,,,,,,,,,,,,,,,,,,,,,,,,,,,,,,,,,,,,,,,,,,,,,0.7037,27,15.0,15.0,-5.4174,,,,,,0.64,25,15.0,15.0,-6.4787,,,,,,,,,,,,,,,,,,,,,,,,,,0.7755,49,-1.0,1.0,-2.6534,,,,,,0.6429,14,-1.0,-1.0,-3.2389,0.6108,2.1023
TMDX,IHI,26,27,198,,,,,,,,,,,,,,,,,,,,,,,,,,,,,,,,,,,,,,,,,,,,,,,,,,,,,,,,,,,,,0.7778,18,-3.0,-3.0,0.3464,0.6735,49,1.0,3.0,-0.2658,0.619,21,-3.0,-3.0,0.57,0.6471,17,3.0,3.0,-0.7845,,,,,,,,,,,,,,,,,,,,,,,,,,0.6452,31,1.0,1.0,-0.429,,,,,,0.6,15,-3.0,-3.0,-0.3111,0.6138,0.8272
TME,KWEB,36,36,264,0.7,10,0.0,0.0,1.2357,,,,,,0.625,24,-1.0,0.0,1.358,,,,,,,,,,,,,,,,,,,,,,,,,,,,,,,,,,,,,,,,,,,,,,,,,,,0.625,48,-1.0,-1.0,-0.151,,,,,,0.6892,74,1.0,4.0,-0.3004,,,,,,,,,,,,,,,,,,,,,0.6471,17,3.0,3.0,0.2191,0.6731,52,-3.0,-2.0,-0.1823,,,,,,0.6613,62,-1.0,-1.0,-0.2717,0.6877,0.5455
TMF,IWM,39,39,421,,,,,,0.7273,11,-1.0,-1.0,-0.3313,,,,,,0.6364,11,-1.0,-1.0,-0.4929,,,,,,,,,,,,,,,,,,,,,,,,,,0.6923,13,-1.0,-1.0,-0.2556,,,,,,0.6923,13,-1.0,-1.0,-0.4478,,,,,,,,,,,0.6,10,2.0,2.0,0.2867,0.6512,43,1.0,1.0,-0.2229,,,,,,,,,,,,,,,,,,,,,0.6,20,-2.0,-2.0,0.12,,,,,,,,,,,,,,,,0.3628,0.5171
TMO,XLV,18,18,240,,,,,,,,,,,,,,,,,,,,,,,,,,,,,,,,,,,,,,,,,,,,,,,,,,,,,,,,,,,,,0.7222,18,-3.0,-3.0,0.1808,,,,,,0.6304,46,-1.0,-1.0,0.2276,,,,,,,,,,,,,,,,,,,,,,,,,,,,,,,0.6087,23,2.0,2.0,-0.205,0.6173,81,-1.0,-1.0,0.2572,0.6957,23,2.0,2.0,-0.2425,0.7039,0.875
TMQ,SPY,38,38,241,,,,,,0.6,20,-2.0,-1.0,-1.9358,,,,,,0.7,10,-1.0,-1.0,-1.3157,,,,,,,,,,,,,,,,,,,,,,,,,,,,,,,,,,,,0.625,16,-1.0,-1.0,-2.15,,,,,,0.6875,16,-2.0,-2.0,-0.1627,0.7143,21,2.0,2.0,0.5353,,,,,,,,,,,,,,,,,,,,,,,,,,,,,,,0.6,10,1.0,1.0,-0.6033,,,,,,0.6667,15,1.0,1.0,-0.714,0.7239,2.1334
TMUS,KWEB,32,32,246,0.6667,12,0.0,0.0,0.9925,,,,,,0.6667,12,0.0,0.0,0.8938,0.6667,12,-1.0,-1.0,-1.51,,,,,,,,,,,,,,,,,,,,,,,,,,,,,,,,,,,,,,,,,0.7143,14,2.0,2.0,0.177,0.697,33,1.0,1.0,-0.187,0.6429,14,2.0,2.0,0.2756,0.6364,33,1.0,1.0,-0.3071,,,,,,,,,,,,,,,,,,,,,0.6429,28,-2.0,-2.0,0.1739,0.7083,24,-3.0,-3.0,-0.1688,0.6222,45,0.0,0.0,0.3625,0.7049,61,-1.0,-1.0,-0.2716,0.058,0.0388
TMV,SPY,33,33,209,0.7,10,-1.0,-1.0,0.17,,,,,,,,,,,,,,,,,,,,,,,,,,,,,,,,,,,,0.7097,31,-1.0,0.0,0.2218,,,,,,0.7692,13,-1.0,-1.0,0.346,,,,,,,,,,,,,,,,0.6,20,-2.0,-2.0,0.22,0.6047,43,-1.0,-1.0,-0.2365,,,,,,,,,,,,,,,,,,,,,0.75,12,-2.0,-2.0,0.12,,,,,,,,,,,,,,,,-0.2783,-0.475
TNA,IWM,39,39,468,,,,,,,,,,,0.7,10,0.0,0.0,1.1229,,,,,,,,,,,,,,,,,,,,,,,,,,0.6316,19,0.0,0.0,0.9158,,,,,,0.6316,19,0.0,0.0,1.2767,,,,,,0.6667,24,4.0,4.0,0.265,,,,,,0.6364,44,1.0,1.0,0.5657,0.6667,12,-5.0,-5.0,-0.485,,,,,,,,,,,,,,,,,,,,,,,,,,,,,,,,,,,,,,,,,0.9835,2.9014
TNDM,IHI,24,26,221,,,,,,0.7,10,0.0,0.0,-1.49,,,,,,,,,,,,,,,,,,,,,,,,,,,,,,,,,,,,,,,,,,,,,,,,,,,,,,,,0.7,20,-1.0,-1.0,-0.6571,,,,,,0.6842,19,-1.0,-1.0,-1.1785,,,,,,,,,,,,,,,,,,,,,,,,,,0.6533,75,-2.0,-1.0,-0.4741,0.6,10,2.0,2.0,0.975,0.6301,73,-2.0,-1.0,-0.6485,0.5205,0.9457
TNGX,IBB,27,27,231,,,,,,,,,,,0.8,10,0.0,0.0,2.0638,,,,,,,,,,,,,,,,,,,,,,,,,,,,,,,,,,,,,,,,,,,,,,0.75,16,-2.0,-2.0,0.6292,0.6667,39,1.0,1.0,-0.4746,0.7059,17,-2.0,-2.0,0.9742,0.7727,22,2.0,2.0,-0.6324,,,,,,,,,,,,,,,,,,,,,,,,,,0.72,25,2.0,2.0,-0.4233,,,,,,0.6111,72,-2.0,-1.0,-0.7325,0.4094,0.9672
TNMG,QQQ,23,30,114,,,,,,,,,,,,,,,,,,,,,,,,,,,,,,,,,,,,,,,,,,,,,,,,,,,,,,,,,,,,,,,,,,0.6667,15,15.0,15.0,-7.794,,,,,,,,,,,,,,,,,,,,,,,,,,,,,,,,,,,,0.6364,22,1.0,1.0,-2.9821,0.6667,12,-1.0,-1.0,2.635,0.6429,14,-2.0,-2.0,-3.8356,0.1742,0.6081
TNON,XLV,16,27,145,,,,,,,,,,,,,,,,,,,,,,,,,,,,,,,,,,,,,,,,,,,,,,,,,,,,,,,,,,,,,,,,,,0.7647,17,15.0,15.0,-6.8885,,,,,,0.7895,19,15.0,15.0,-9.612,,,,,,,,,,,,,,,,,,,,,,,,,,0.6909,55,0.0,2.0,-3.2789,,,,,,0.7288,59,-1.0,1.0,-4.3523,0.2864,1.2721
TNXP,IWM,26,29,143,,,,,,,,,,,,,,,,,,,,,,,,,,,,,,,,,,,,,,,,,0.6364,11,0.0,0.0,1.8186,0.7,10,-1.0,-1.0,-1.5686,0.7143,21,-1.0,0.0,2.7887,,,,,,,,,,,,,,,,0.7273,11,-2.0,-2.0,0.8438,0.7,10,-1.0,-1.0,-1.2443,,,,,,,,,,,,,,,,,,,,,,,,,,,,,,,0.6176,34,0.0,0.0,0.7362,0.6341,41,-1.0,-1.0,-0.9842,0.5945,0.9518
TNYA,SPY,35,38,227,,,,,,,,,,,0.7273,11,-1.0,-1.0,2.8725,,,,,,,,,,,,,,,,,,,,,,,,,,,,,,,0.7333,15,-1.0,-1.0,-2.1109,0.7059,17,0.0,0.0,2.4625,,,,,,0.6,20,0.0,0.0,0.4567,0.8182,11,-1.0,-1.0,-0.5256,0.8,10,-1.0,-1.0,0.3325,0.7692,13,3.0,3.0,-1.08,,,,,,,,,,,,,,,,,,,,,,,,,,0.8182,11,-2.0,-2.0,-0.4156,,,,,,0.6364,11,-2.0,-2.0,-1.0243,0.2989,0.9625
TOI,SPY,20,20,211,,,,,,,,,,,,,,,,,,,,,,,,,,,,,,,,,,,,,,,,,,,,,,,,,,,,,,,,,,,,,,,,,,0.7179,39,-3.0,-2.0,-0.4046,,,,,,0.65,40,-1.0,0.0,-0.9288,,,,,,,,,,,,,,,,,,,,,,,,,,0.617,94,0.0,0.0,-0.4848,,,,,,0.9,10,1.0,1.0,-1.2567,0.5093,0.8383
TOON,SPY,25,28,146,,,,,,,,,,,,,,,,,,,,,,,,,,,,,,,,,,,,,,,,,,,,,,0.6429,14,0.0,0.0,-5.0956,,,,,,0.6667,12,0.0,0.0,-7.75,0.6364,22,1.0,2.0,1.8536,,,,,,,,,,,0.6923,26,-1.0,0.0,-0.7189,,,,,,,,,,,,,,,,,,,,,,,,,,,,,,,,,,,,0.8333,12,1.0,1.0,-1.135,0.4516,1.4989
TOP,XLF,17,25,58,,,,,,,,,,,,,,,,,,,,,,,,,,,,,,,,,,,,,,,,,,,,,,,,,,,,,,,,,,,,,,,,,,,,,,,,,,,,,,,,,,,,,,,,,,,,,,,,,,,,,,,,,,,,,,,0.619,21,0.0,0.0,3.6277,,,,,,0.0545,0.2135
TOPS,SPY,14,32,74,,,,,,,,,,,,,,,,,,,,,,,,,,,,,,,,,,,,,,,,,,,,,,,,,,,,,,,,,,,,,,,,,,,,,,,,,,,,,,,,,,,,,,,,,,,,,,,,,,,,,,,,,,,,,,,0.6522,23,0.0,0.0,4.9407,,,,,,0.4792,1.447
TOPT,SPY,11,12,144,,,,,,,,,,,,,,,,,,,,,,,,,,,,,,,,,,,,,,,,,,,,,,,,,,,,,,,,,,,,,0.6176,34,-1.0,-1.0,0.1033,,,,,,,,,,,0.6364,11,-2.0,-2.0,-0.2643,,,,,,,,,,,,,,,,,,,,,0.6571,35,-1.0,-1.0,0.1313,,,,,,,,,,,,,,,,0.9552,1.059
TOST,XLF,36,36,249,,,,,,,,,,,,,,,,,,,,,,,,,,,,,,,,,,,,,,,,,,,,,,,,,,,,,,,,,,,,,0.6364,22,3.0,3.0,0.3336,0.68,25,-4.0,-3.0,-0.1935,0.64,25,3.0,3.0,0.575,0.64,25,-4.0,-3.0,-0.3913,,,,,,,,,,,,,,,,,,,,,0.6111,18,1.0,1.0,0.1836,,,,,,0.7368,19,1.0,1.0,0.29,,,,,,0.4838,1.2522
TOVX,QQQ,25,39,147,,,,,,,,,,,,,,,,,,,,,,,,,,,,,,,,,,,,,,,,,,,,,,,,,,,,,,,,,,,,,,,,,,0.9091,11,15.0,15.0,-3.015,,,,,,0.8182,11,15.0,15.0,-7.1133,,,,,,,,,,,,,,,,,,,,,,,,,,0.65,40,-2.0,-1.0,-1.0569,,,,,,,,,,,0.2067,0.4718
TOYO,QQQ,29,32,173,,,,,,,,,,,,,,,,,,,,,,,,,,,,,,,,,,,,,,,,,,,,,,,,,,,,,,,,,,,,,0.7273,11,-2.0,-2.0,0.625,,,,,,0.6667,12,-5.0,-5.0,1.2025,0.6538,26,-4.0,-3.0,-2.2571,,,,,,,,,,,,,,,,,,,,,0.625,40,-1.0,-1.0,0.6364,0.6557,61,0.0,1.0,-0.441,,,,,,0.625,40,-1.0,-1.0,-0.8428,0.6026,0.9926
TPET,XLE,29,38,298,,,,,,,,,,,,,,,,,,,,,,,,,,,,,,,,,,,,,,,,,,,,,,,,,,,,,,,,,,,,,0.697,33,-4.0,-3.0,0.5643,0.6552,29,-2.0,-1.0,-0.9058,0.6364,11,-5.0,-5.0,0.8629,0.8462,13,-7.0,-7.0,-1.0955,,,,,,,,,,,,,,,,,,,,,0.7,10,-3.0,-3.0,1.28,0.625,32,-1.0,-1.0,-1.282,,,,,,0.6134,119,-2.0,0.0,-1.384,0.4493,1.1169
TPST,IBB,10,24,42,,,,,,,,,,,,,,,,,,,,,,,,,,,,,,,,,,,,,,,,,,,,,,,,,,,,,,,,,,,,,,,,,,,,,,,,,,,,,,,,,,,,,,,,,,,,,,,,,,,,,,,,,,,,,,,,,,,,,,,,,0.0579,0.122
TQQQ,QQQ,39,39,799,,,,,,,,,,,,,,,,,,,,,,,,,,,,,,,,,,,,,,,,,0.7,10,-1.0,-1.0,0.9257,0.75,12,0.0,0.0,-0.6478,0.6,10,-1.0,-1.0,1.715,0.6667,12,0.0,0.0,-1.43,0.6196,92,0.0,0.0,0.2244,0.6458,96,-5.0,-4.0,-0.2558,0.623,61,-2.0,-2.0,0.5332,0.6552,29,-6.0,-6.0,-0.3863,,,,,,,,,,,,,,,,,,,,,0.7059,34,2.0,2.0,0.1833,0.64,150,-3.0,-2.0,-0.2967,,,,,,,,,,,0.9992,2.981
TRAW,IWM,11,24,57,,,,,,,,,,,,,,,,,,,,,,,,,,,,,,,,,,,,,,,,,,,,,,,,,,,,,,,,,,,,,,,,,,0.6,10,-15.0,-15.0,-1.1667,,,,,,0.8,10,-15.0,-15.0,-1.1163,,,,,,,,,,,,,,,,,,,,,,,,,,0.7,10,1.0,1.0,-0.6971,,,,,,0.8,15,0.0,0.0,-1.1658,0.4436,1.1661
TRFK,QQQ,16,19,115,,,,,,,,,,,,,,,,,,,,,,,,,,,,,,,,,,,,,,,,,,,,,,,,,,,,,,,,,,,,,0.7,10,1.0,1.0,0.4157,0.6,10,0.0,0.0,-0.2283,0.8,15,1.0,1.0,0.52,,,,,,,,,,,,,,,,,,,,,,,,,,0.641,39,-2.0,-1.0,0.3824,,,,,,0.6458,48,-1.0,0.0,0.5032,,,,,,0.9275,2.0408
TRIB,IWM,14,25,61,,,,,,,,,,,,,,,,,,,,,,,,,,,,,,,,,,,,,,,,,,,,,,,,,,,,,,,,,,,,,,,,,,,,,,,,,,,,,,,,,,,,,,,,,,,,,,,,,,,,,,,,,,0.6667,15,-1.0,-1.0,-1.743,,,,,,,,,,,0.2304,1.1085
TRIN,SPY,25,25,203,,,,,,,,,,,0.7143,14,0.0,0.0,0.777,,,,,,,,,,,,,,,,,,,,,,,,,,,,,,,,,,,,0.6667,12,0.0,0.0,0.8675,,,,,,,,,,,0.614,57,-1.0,-1.0,-0.1331,,,,,,0.6,25,-2.0,-2.0,-0.2473,,,,,,,,,,,,,,,,,,,,,,,,,,0.7,10,-2.0,-2.0,-0.1357,,,,,,,,,,,0.5679,0.3676
TRIP,KWEB,20,20,230,,,,,,,,,,,,,,,,,,,,,,,,,,,,,,,,,,,,,,,,,,,,,,,,,,,,,,,,,,,,,0.6111,36,-1.0,-1.0,0.4309,0.6538,26,-2.0,-2.0,-0.2047,0.6207,58,1.0,3.0,0.9614,0.6316,19,-3.0,-3.0,-0.4633,,,,,,,,,,,,,,,,,,,,,0.6875,16,3.0,3.0,0.4455,0.6304,46,1.0,2.0,-0.2541,0.6087,23,-3.0,-3.0,0.7521,0.6129,31,1.0,1.0,-0.6268,0.202,0.1225
TRLV,IWM,22,24,180,,,,,,,,,,,,,,,,,,,,,,,,,,,,,,,,,,,,,,,,,,,,,,0.6364,11,0.0,0.0,-2.9657,,,,,,,,,,,0.6429,14,0.0,0.0,0.84,0.7619,21,1.0,2.0,-0.4631,0.7,10,-4.0,-4.0,0.6986,0.6667,15,-3.0,-3.0,-0.734,,,,,,,,,,,,,,,,,,,,,,,,,,,,,,,0.6923,13,-2.0,-2.0,0.6489,,,,,,0.5234,1.0998
TRMB,SPY,16,16,232,,,,,,,,,,,,,,,,,,,,,,,,,,,,,,,,,,,,,,,,,,,,,,,,,,,,,,,,,,,,,,,,,,0.65,20,-2.0,-2.0,-0.2485,,,,,,0.6667,18,-2.0,-2.0,-0.4058,,,,,,,,,,,,,,,,,,,,,,,,,,,,,,,0.6429,14,1.0,1.0,0.2633,0.6429,14,-2.0,-2.0,-0.3011,0.1199,0.1644
TRMD,XLI,29,32,205,0.6364,11,0.0,0.0,0.93,,,,,,0.7273,11,0.0,0.0,1.2775,,,,,,,,,,,,,,,,,,,,,,,,,,,,,,,,,,,,,,,,,,,,,,,,,,,0.7209,43,-2.0,-1.0,-0.2381,0.6471,17,-3.0,-3.0,0.4864,0.6486,74,-2.0,0.0,-0.3498,,,,,,,,,,,,,,,,,,,,,,,,,,0.6,100,0.0,1.0,-0.217,,,,,,0.6818,22,-2.0,-2.0,-0.3913,0.1972,0.3036
TRNR,IWM,14,24,60,,,,,,,,,,,,,,,,,,,,,,,,,,,,,,,,,,,,,,,,,,,,,,,,,,,,,,,,,,,,,,,,,,,,,,,,,,,,,,,,,,,,,,,,,,,,,,,,,,,,,,,,,,0.625,16,0.0,0.0,-1.2,,,,,,0.7742,31,-1.0,0.0,-3.61,0.483,1.4538
TRON,SPY,18,19,148,,,,,,,,,,,,,,,,,,,,,,,,,,,,,,,,,,,,,,,,,0.7,10,0.0,0.0,1.95,,,,,,,,,,,,,,,,,,,,,0.7,50,-3.0,0.0,-0.5331,0.6,10,-6.0,-6.0,0.95,0.6923,13,0.0,0.0,-0.7822,,,,,,,,,,,,,,,,,,,,,,,,,,0.6289,97,-1.0,0.0,-0.5436,,,,,,,,,,,0.5804,1.5478
TROX,IWM,21,21,227,,,,,,,,,,,,,,,,,,,,,,,,,,,,,,,,,,,,,,,,,,,,,,,,,,,,,,,,,,,,,0.7857,14,-1.0,-1.0,0.3964,0.7292,48,0.0,1.0,-0.3614,0.8,10,5.0,5.0,0.5963,0.7273,22,1.0,1.0,-0.6594,,,,,,,,,,,,,,,,,,,,,,,,,,,,,,,,,,,,0.625,16,-2.0,-2.0,-0.642,0.59,1.2892
TRT,QQQ,30,36,160,,,,,,,,,,,,,,,,,,,,,,,,,,,,,,,,,,,,,,,,,,,,,,0.7,10,0.0,0.0,-3.9429,,,,,,,,,,,,,,,,0.6154,13,15.0,15.0,-0.9137,0.6364,11,5.0,5.0,3.6129,0.6154,13,15.0,15.0,-2.5575,,,,,,,,,,,,,,,,,,,,,0.6087,23,1.0,1.0,2.4786,,,,,,,,,,,0.6667,15,-2.0,-2.0,-1.725,0.7451,2.1791
TRV,XLF,18,18,234,,,,,,,,,,,,,,,,,,,,,,,,,,,,,,,,,,,,,,,,,,,,,,,,,,,,,,,,,,,,,0.6842,19,2.0,2.0,0.1415,,,,,,0.7778,18,2.0,2.0,0.2221,0.6515,66,-1.0,-1.0,-0.1791,,,,,,,,,,,,,,,,,,,,,0.6143,70,-1.0,-1.0,0.134,0.6111,18,1.0,1.0,-0.1418,,,,,,0.6111,18,1.0,1.0,-0.1618,0.3982,0.5033
TRX,GDX,38,38,212,,,,,,,,,,,,,,,,,,,,,,,,,,,,,,,,,,,,,,,,,,,,,,,,,,,,,,,,,,,,,0.6875,16,-4.0,-4.0,0.2282,0.7429,35,-3.0,-2.0,-0.4346,,,,,,0.6562,32,-3.0,-2.0,-0.9243,,,,,,,,,,,,,,,,,,,,,0.7857,14,-1.0,-1.0,0.3045,0.6939,49,2.0,4.0,-0.6376,,,,,,0.7105,38,-3.0,-2.0,-0.8348,0.6063,0.5426
TS,SLX,38,38,226,,,,,,,,,,,,,,,,,,,,,,,,,,,,,,,,,,,,,,,,,,,,,,,,,,,,,,,,,,,,,0.6429,14,-3.0,-3.0,0.0656,0.6818,22,2.0,2.0,-0.1673,,,,,,0.68,25,-2.0,-2.0,-0.2194,,,,,,,,,,,,,,,,,,,,,,,,,,,,,,,0.6429,14,-1.0,-1.0,0.2356,,,,,,0.2854,0.2883
TSCO,XLY,32,32,258,0.75,12,0.0,0.0,0.9622,0.7333,15,-1.0,-1.0,-1.4818,0.6667,12,0.0,0.0,1.0412,,,,,,,,,,,,,,,,,,,,,,,,,,,,,,,,,,,,,,,,,,,,,,,,,,,0.6327,49,-2.0,-1.0,-0.141,0.7059,17,-3.0,-3.0,0.2475,0.6364,11,-4.0,-4.0,-0.6129,,,,,,,,,,,,,,,,,,,,,,,,,,0.6329,79,-1.0,-1.0,-0.2318,0.6829,41,-3.0,-2.0,0.3993,,,,,,0.208,0.2749
TSDD,IWM,39,39,398,,,,,,,,,,,,,,,,,,,,,,,,,,,,,,,,,,,,,,,,,,,,,,,,,,,0.6154,13,-1.0,-1.0,2.625,0.6316,19,0.0,0.0,-1.7258,0.6667,21,-4.0,-4.0,0.3957,0.6269,67,-3.0,-2.0,-0.4526,0.75,16,5.0,5.0,0.5025,0.6321,106,-2.0,0.0,-0.7085,,,,,,,,,,,,,,,,,,,,,,,,,,0.6316,57,1.0,1.0,-0.6514,,,,,,0.7143,56,1.0,1.0,-0.7543,-0.5033,-1.6296
TSEM,SOXX,37,37,275,,,,,,,,,,,,,,,,,,,,,,,,,,,,,,,,,,,,,,,,,,,,,,,,,,,,,,,,,,,,,0.6538,26,-2.0,-2.0,0.7182,0.6364,22,0.0,0.0,-0.4986,0.6957,23,-2.0,-2.0,1.3213,,,,,,,,,,,,,,,,,,,,,,,,,,0.85,20,4.0,4.0,0.4794,0.6429,14,-2.0,-2.0,-0.5778,0.7586,29,-3.0,-2.0,0.6445,0.6364,22,0.0,0.0,-0.7071,0.8711,1.0608
TSHA,XBI,13,13,221,,,,,,,,,,,,,,,,,,,,,,,,,,,,,,,,,,,,,,,,,,,,,,,,,,,,,,,,,,,,,,,,,,0.7045,44,-4.0,-2.0,-0.3571,0.8125,16,2.0,2.0,0.8054,0.7188,32,-1.0,0.0,-0.7022,,,,,,,,,,,,,,,,,,,,,,,,,,0.6905,42,-4.0,-2.0,-0.471,,,,,,0.6,10,-3.0,-3.0,-0.5133,0.7642,0.8827
TSL,SPY,37,37,196,,,,,,,,,,,,,,,,,,,,,,,,,,,,,,,,,,,,,,,,,,,,,,0.6,15,-1.0,-1.0,-1.0033,,,,,,0.6,15,-1.0,-1.0,-1.6133,0.6364,11,-3.0,-3.0,0.5629,0.625,16,-1.0,-1.0,-0.195,0.625,24,0.0,0.0,0.4787,0.6481,54,-5.0,-2.0,-0.6651,,,,,,,,,,,,,,,,,,,,,,,,,,,,,,,0.6154,13,1.0,1.0,0.8488,0.662,71,-2.0,-1.0,-0.5632,0.521,1.4445
TSLA,XLY,39,39,787,0.6,10,-1.0,-1.0,0.5567,,,,,,,,,,,0.7,10,-1.0,-1.0,-0.7857,,,,,,,,,,,,,,,,,,,,,,,,,,,,,,,,,,,,,,,,,,,,,,0.6667,33,-4.0,-4.0,-0.1941,,,,,,0.6204,108,1.0,1.0,-0.2172,,,,,,,,,,,,,,,,,,,,,,,,,,0.697,33,-2.0,-2.0,-0.1978,0.7273,11,2.0,2.0,0.3925,0.6364,33,-2.0,-2.0,-0.3229,0.6206,1.026
TSLG,SPY,39,39,304,,,,,,,,,,,,,,,,,,,,,,,,,,,,,,,,,,,,,,,,,,,,,,,,,,,,,,,,,,,,,0.6364,22,1.0,1.0,0.5543,0.7333,15,3.0,3.0,-0.4373,0.7333,15,-2.0,-2.0,0.9318,0.6471,17,-6.0,-6.0,-0.6391,,,,,,,,,,,,,,,,,,,,,,,,,,0.61,100,-1.0,-1.0,-0.5051,0.6667,15,1.0,1.0,1.113,0.6667,18,-2.0,-2.0,-0.8817,0.5608,2.36
TSLL,SPY,39,39,790,,,,,,,,,,,,,,,,,,,,,,,,,,,,,,,,,,,,,,,,,,,,,,0.6,15,-1.0,-1.0,-1.6844,,,,,,0.6667,15,-1.0,-1.0,-2.397,0.6154,13,4.0,4.0,0.4925,0.6757,37,3.0,3.0,-0.3364,0.6154,13,-9.0,-9.0,0.3487,0.6667,51,3.0,4.0,-0.5841,,,,,,,,,,,,,,,,,,,,,,,,,,,,,,,,,,,,,,,,,0.5535,2.3543
TSLQ,IWM,39,39,518,,,,,,,,,,,,,,,,,,,,,,,,,,,,,,,,,,,,,,,,,,,,,,,,,,,0.6154,13,-1.0,-1.0,2.6087,,,,,,0.6667,24,-4.0,-4.0,0.4244,0.6585,41,-2.0,-2.0,-0.3978,0.6176,34,-5.0,-4.0,0.6857,0.65,40,-1.0,-1.0,-0.4962,,,,,,,,,,,,,,,,,,,,,,,,,,0.6176,68,1.0,1.0,-0.5817,0.6,25,-2.0,-2.0,0.602,0.7049,61,1.0,1.0,-0.6428,-0.5008,-1.6253
TSLR,SPY,39,39,272,0.8,10,-2.0,-2.0,0.99,,,,,,,,,,,,,,,,,,,,,,,,,,,,,,,,,,,,,,,,,,,,,,0.6,20,0.0,0.0,1.4258,0.6429,14,-1.0,-1.0,-2.6356,0.6977,43,1.0,2.0,0.5903,0.6216,37,-2.0,-1.0,-0.3148,0.6429,14,-2.0,-2.0,0.8844,0.8,15,3.0,3.0,-0.5558,,,,,,,,,,,,,,,,,,,,,0.625,16,1.0,1.0,0.327,,,,,,0.6111,18,1.0,1.0,1.0282,0.75,12,-2.0,-2.0,-0.9756,0.5483,2.3787
TSLS,QQQ,28,30,193,,,,,,,,,,,,,,,,,,,,,,,,,,,,,,,,,,,,,,,,,0.7,10,-1.0,-1.0,0.8329,,,,,,,,,,,,,,,,0.8,10,3.0,3.0,0.215,0.6286,35,1.0,2.0,-0.2086,,,,,,0.6296,54,-1.0,0.0,-0.4591,,,,,,,,,,,,,,,,,,,,,,,,,,0.6667,27,1.0,1.0,-0.2378,0.619,21,-2.0,-2.0,0.5008,0.6866,67,0.0,2.0,-0.4485,-0.5103,-0.509
TSLT,SPY,39,39,333,,,,,,,,,,,,,,,,,,,,,,,,,,,,,,,,,,,,,,,,,,,,,,,,,,,,,,,,0.6667,15,-1.0,-1.0,-2.449,0.64,25,1.0,1.0,0.645,0.7059,34,-8.0,-6.0,-0.4779,0.6,25,0.0,0.0,0.7147,0.7143,14,-6.0,-6.0,-0.722,,,,,,,,,,,,,,,,,,,,,,,,,,0.6126,111,-1.0,-1.0,-0.5093,0.625,16,1.0,1.0,1.1,0.7778,18,-2.0,-2.0,-0.8829,0.591,2.4897
TSLY,SPY,39,39,223,,,,,,0.6154,13,0.0,0.0,-0.8375,,,,,,,,,,,,,,,,,,,,,,,,,,,,,,,,,,,,0.6,35,-1.0,0.0,-0.7833,0.6471,17,0.0,0.0,0.6109,0.6,15,-1.0,-1.0,-1.2222,,,,,,0.6667,66,-2.0,-1.0,-0.1605,,,,,,0.6,25,-2.0,-2.0,-0.3027,,,,,,,,,,,,,,,,,,,,,,,,,,0.6389,72,-2.0,-1.0,-0.1822,0.6,10,1.0,1.0,0.42,0.6265,83,-2.0,-1.0,-0.3808,0.5563,0.9343
TSLZ,IWM,39,39,390,,,,,,,,,,,,,,,,,,,,,,,,,,,,,,,,,,,,,,,,,,,,,,0.6111,18,0.0,0.0,-1.4464,0.6154,13,-1.0,-1.0,2.6462,,,,,,0.625,24,-4.0,-4.0,0.354,0.6111,36,-2.0,-2.0,-0.5195,0.7143,21,-4.0,-4.0,0.5193,0.6271,59,-2.0,-1.0,-0.733,,,,,,,,,,,,,,,,,,,,,,,,,,0.6275,51,1.0,1.0,-0.6503,,,,,,0.6667,48,1.0,1.0,-0.7787,-0.5132,-1.7109
TSM,SMH,39,39,710,,,,,,,,,,,,,,,,,,,,,,,,,,,,,,,,,,,,,,,,,,,,,,,,,,,,,,,,,,,,,0.6122,98,-1.0,-1.0,0.2007,0.8462,13,-6.0,-6.0,-0.3473,0.6364,88,-1.0,-1.0,0.3237,0.6111,18,-5.0,-5.0,-0.3364,,,,,,,,,,,,,,,,,,,,,0.6353,85,0.0,0.0,0.1919,0.6,60,-3.0,-3.0,-0.2036,0.6111,54,-1.0,-1.0,0.473,0.6364,11,-7.0,-7.0,-0.5329,0.8736,0.6945
TSMG,QQQ,19,32,44,,,,,,,,,,,,,,,,,,,,,,,,,,,,,,,,,,,,,,,,,,,,,,,,,,,,,,,,,,,,,,,,,,,,,,,,,,,,,,,,,,,,,,,,,,,,,,,,,,,,,,,,,,,,,,,,,,,,,,,,,0.8461,3.5777
TSMU,QQQ,20,29,37,,,,,,,,,,,,,,,,,,,,,,,,,,,,,,,,,,,,,,,,,,,,,,,,,,,,,,,,,,,,,,,,,,,,,,,,,,,,,,,,,,,,,,,,,,,,,,,,,,,,,,,,,,,,,,,,,,,,,,,,,0.8204,3.2122
TSMX,QQQ,39,39,326,,,,,,,,,,,,,,,,,,,,,,,,,,,,,,,,,,,,,,,,,0.8182,11,-1.0,-1.0,1.5067,0.6364,11,0.0,0.0,-1.1614,0.6364,11,-1.0,-1.0,2.5114,,,,,,0.7442,43,-3.0,-1.0,0.6612,0.6,10,-6.0,-6.0,-0.5117,0.6486,37,3.0,4.0,0.8079,0.6667,12,0.0,0.0,-0.905,,,,,,,,,,,,,,,,,,,,,0.6114,175,-1.0,2.0,0.6007,0.75,12,-3.0,-3.0,-0.6011,,,,,,0.7273,11,-3.0,-3.0,-0.9912,0.827,3.2022
TSMY,QQQ,20,28,58,,,,,,,,,,,,,,,,,,,,,,,,,,,,,,,,,,,,,,,,,,,,,,,,,,,,,,,,,,,,,,,,,,,,,,,,,,,,,,,,,,,,,,,,,,,,,,,,,,,,,,,,,,,,,,,,,,,,,,,,,0.8379,1.3021
TSN,XLP,13,13,227,,,,,,,,,,,,,,,,,,,,,,,,,,,,,,,,,,,,,,,,,,,,,,,,,,,,,,,,,,,,,0.7778,18,2.0,2.0,0.0771,0.6207,29,-2.0,-2.0,-0.1767,0.6111,18,2.0,2.0,0.25,0.6897,29,-2.0,-2.0,-0.271,,,,,,,,,,,,,,,,,,,,,0.7059,51,1.0,2.0,0.0925,,,,,,,,,,,0.7,10,2.0,2.0,-0.3243,0.8012,0.7947
TSPY,SPY,10,12,80,,,,,,,,,,,,,,,,,,,,,,,,,,,,,,,,,,,,,,,,,,,,,,,,,,,,,,,,,,,,,,,,,,,,,,,0.6154,13,-1.0,-1.0,0.2175,,,,,,,,,,,,,,,,,,,,,,,,,,,,,,,,,,,,0.6,15,-1.0,-1.0,0.2044,,,,,,0.7494,0.7082
TSSI,SPY,25,25,215,,,,,,,,,,,,,,,,,,,,,,,,,,,,,,,,,,,,,,,,,,,,,,0.6667,12,0.0,0.0,-1.3775,0.75,12,0.0,0.0,2.9167,,,,,,0.6429,14,-4.0,-4.0,0.6389,0.8667,15,-3.0,-3.0,-0.8623,,,,,,0.7742,31,-3.0,-2.0,-0.8462,,,,,,,,,,,,,,,,,,,,,,,,,,0.8,10,-2.0,-2.0,-0.8588,,,,,,0.7273,11,-2.0,-2.0,-0.6238,0.8718,2.8831
TSYY,SPY,11,21,48,,,,,,,,,,,,,,,,,,,,,,,,,,,,,,,,,,,,,,,,,,,,,,,,,,,,,,,,,,,,,,,,,,,,,,,,,,,,,,,,,,,,,,,,,,,,,,,,,,,,,0.6364,11,-1.0,-1.0,0.3743,0.7647,17,0.0,0.0,-0.0969,,,,,,0.7419,31,-1.0,0.0,-0.137,0.7268,0.5466
TT,XLI,13,13,222,,,,,,,,,,,,,,,,,,,,,,,,,,,,,,,,,,,,,,,,,,,,,,,,,,,,,,,,,,,,,0.6923,26,-2.0,-2.0,0.3183,0.6154,39,1.0,1.0,-0.1417,,,,,,0.625,56,0.0,0.0,-0.2857,,,,,,,,,,,,,,,,,,,,,0.64,25,-2.0,-2.0,0.27,,,,,,,,,,,0.6667,45,-1.0,-1.0,-0.2837,0.8822,1.2957
TTAN,IGV,22,22,211,,,,,,,,,,,,,,,,,,,,,,,,,,,,,,,,,,,,,,,,,,,,,,,,,,,,,,,,,,,,,0.625,16,-1.0,-1.0,0.341,0.8235,17,-2.0,-2.0,-0.3786,0.6579,38,-4.0,-3.0,0.4376,0.6471,17,-2.0,-2.0,-0.5582,,,,,,,,,,,,,,,,,,,,,0.6875,16,1.0,1.0,0.2309,0.6047,43,-1.0,-1.0,-0.4019,0.6667,45,-3.0,-2.0,0.471,0.6353,85,-1.0,0.0,-0.5933,0.8493,1.3022
TTD,KWEB,39,39,350,,,,,,0.8,15,-1.0,-1.0,-1.9933,,,,,,0.8,15,-1.0,-1.0,-1.9242,,,,,,,,,,,,,,,,,,,,,,,,,,,,,,,,,,,,,,,,,0.7,20,-5.0,-5.0,0.3386,0.675,40,0.0,0.0,-0.3107,0.6,45,-2.0,-2.0,0.4519,0.6429,42,0.0,0.0,-0.5611,,,,,,,,,,,,,,,,,,,,,0.6842,19,3.0,3.0,0.33,0.65,20,2.0,2.0,-0.3554,0.6275,51,0.0,0.0,0.4819,0.7059,17,2.0,2.0,-0.2058,0.086,0.0866
TTDU,SPY,33,34,143,,,,,,,,,,,,,,,,,,,,,,,,,,,,,,,,,,,,,,,,,,,,,,,,,,,,,,,,,,,,,,,,,,0.8,10,0.0,0.0,-0.4213,0.6,10,-4.0,-4.0,1.2033,0.6,10,0.0,0.0,-2.385,,,,,,,,,,,,,,,,,,,,,,,,,,,,,,,,,,,,,,,,,0.0526,0.2821
TTE,XLE,36,36,240,,,,,,,,,,,,,,,,0.6667,12,0.0,0.0,-0.3762,,,,,,,,,,,,,,,,,,,,,,,,,,,,,,,,,,,,,,,,,,,,,,,,,,,0.75,20,2.0,2.0,0.2273,0.6562,32,-2.0,-2.0,-0.1929,,,,,,,,,,,,,,,,,,,,,,,,,,0.7222,18,2.0,2.0,-0.1508,,,,,,0.6129,31,-2.0,-2.0,-0.1621,0.7361,1.0825
TTEC,IGV,11,15,121,,,,,,,,,,,,,,,,,,,,,,,,,,,,,,,,,,,,,,,,,,,,,,,,,,,,,,,,,,,,,,,,,,0.7273,11,-2.0,-2.0,-0.4,,,,,,,,,,,,,,,,,,,,,,,,,,,,,,,,,,,,0.6562,32,-2.0,-1.0,-0.5533,,,,,,0.8,20,-1.0,-1.0,-0.6663,0.4502,0.3497
TTI,SPY,24,25,205,0.6364,11,0.0,0.0,1.3314,,,,,,,,,,,,,,,,,,,,,,,,,,,,,,,,,,,,0.6,10,-1.0,-1.0,1.2583,,,,,,,,,,,0.6667,12,0.0,0.0,-1.7837,,,,,,0.625,16,2.0,2.0,-0.367,0.65,20,-2.0,-2.0,0.4477,0.6154,26,-4.0,-3.0,-0.4038,,,,,,,,,,,,,,,,,,,,,,,,,,0.6923,13,1.0,1.0,-0.2522,,,,,,0.6364,11,-2.0,-2.0,-0.5971,0.5433,1.0681
TTMI,SOXX,33,33,249,,,,,,,,,,,,,,,,,,,,,,,,,,,,,,,,,,,,,,,,,,,,,,,,,,,,,,,,,,,,,0.7429,35,-3.0,-2.0,0.6,0.6364,11,1.0,1.0,-0.41,0.75,16,-7.0,-7.0,0.8625,0.7143,21,0.0,0.0,-0.9673,,,,,,,,,,,,,,,,,,,,,0.6667,24,-1.0,-1.0,0.6238,,,,,,0.6111,18,0.0,0.0,1.1409,0.7308,26,3.0,3.0,-0.6553,0.9221,0.9256
TTWO,SPY,31,31,272,,,,,,0.6364,11,0.0,0.0,-1.7971,,,,,,0.6364,11,0.0,0.0,-1.4514,,,,,,,,,,,,,,,,,,,,,,,,,,0.7,10,-1.0,-1.0,-1.2286,,,,,,0.8,10,-1.0,-1.0,-1.47,0.6304,46,-3.0,-2.0,0.2145,0.6939,49,0.0,0.0,-0.1862,0.6042,48,-3.0,-2.0,0.2738,,,,,,,,,,,,,,,,,,,,,,,,,,,,,,,,,,,,,,,,,0.6471,17,-2.0,-2.0,-0.1745,0.119,0.1993
TU,SPY,16,16,229,,,,,,,,,,,,,,,,,,,,,,,,,,,,,,,,,,,,,,,,,,,,,,,,,,,,,,,,,,,,,,,,,,0.6296,27,1.0,1.0,-0.1006,,,,,,0.6082,97,-2.0,-1.0,-0.1815,,,,,,,,,,,,,,,,,,,,,,,,,,0.6429,14,1.0,1.0,-0.1556,,,,,,0.8571,14,1.0,1.0,-0.155,-0.016,-0.0123
TURB,QQQ,19,26,77,,,,,,,,,,,,,,,,,,,,,,,,,,,,,,,,,,,,,,,,,,,,,,,,,,,,,,,,,,,,,,,,,,,,,,,,,,,,0.6,10,15.0,15.0,-4.0117,,,,,,,,,,,,,,,,,,,,,0.6667,15,-1.0,-1.0,2.526,0.6923,13,-2.0,-2.0,-0.9767,0.6364,11,0.0,0.0,1.9771,,,,,,-0.0257,-0.0487
TUYA,SPY,14,16,150,,,,,,,,,,,,,,,,,,,,,,,,,,,,,,,,,,,,,,,,,,,,,,,,,,,,,,,,,,,,,0.6154,13,-3.0,-3.0,0.3675,0.6944,72,-2.0,1.0,-0.1862,,,,,,0.7037,81,-2.0,1.0,-0.2309,,,,,,,,,,,,,,,,,,,,,0.6,10,-2.0,-2.0,0.3183,0.7719,57,0.0,0.0,-0.2161,0.6364,11,-2.0,-2.0,0.3329,0.6719,64,0.0,0.0,-0.343,0.2218,0.2874
TVRD,XBI,13,17,107,,,,,,,,,,,,,,,,,,,,,,,,,,,,,,,,,,,,,,,,,,,,,,,,,,,,,,,,,,,,,,,,,,,,,,,,,,,,,,,,,,,,,,,,,,,,,,,,,,,,,,,,,,,,,,,,,,,,,,,,,0.3184,0.6618
TVTX,XBI,15,16,211,,,,,,,,,,,,,,,,,,,,,,,,,,,,,,,,,,,,,,,,,,,,,,,,,,,,,,,,,,,,,0.6061,33,0.0,0.0,0.3055,0.6111,36,1.0,1.0,-0.3118,0.6418,67,-1.0,0.0,0.4321,0.7273,55,1.0,2.0,-0.4262,,,,,,,,,,,,,,,,,,,,,0.6098,41,1.0,1.0,0.316,0.7,20,-2.0,-2.0,-0.3164,0.6667,24,-1.0,-1.0,0.6713,,,,,,0.7412,0.8512
TWAV,SPY,12,30,63,,,,,,,,,,,,,,,,,,,,,,,,,,,,,,,,,,,,,,,,,,,,,,,,,,,,,,,,,,,,,,,,,,,,,,,,,,,,,,,,,,,,,,,,,,,,,,,,,,,,,,,,,,,,,,,,,,,,,,,,,0.2823,1.0198
TWLO,IGV,28,28,231,,,,,,,,,,,,,,,,,,,,,,,,,,,,,,,,,,,,,,,,,,,,,,,,,,,,,,,,,,,,,0.6364,22,2.0,2.0,0.2807,,,,,,0.6923,13,3.0,3.0,0.4489,0.6061,33,-2.0,-2.0,-0.3,,,,,,,,,,,,,,,,,,,,,0.6667,12,3.0,3.0,0.4387,0.625,16,1.0,1.0,-0.334,0.617,47,0.0,0.0,0.4383,0.6111,18,1.0,1.0,-0.5609,0.7284,0.9235
TWM,QQQ,29,29,202,,,,,,,,,,,,,,,,,,,,,,,,,,,,,,,,,,,,,,,,,,,,,,,,,,,,,,,,,,,,,,,,,,0.6329,79,-3.0,-1.0,-0.258,,,,,,0.6522,23,-2.0,-2.0,-0.5913,,,,,,,,,,,,,,,,,,,,,,,,,,0.6557,61,0.0,1.0,-0.2018,0.6774,31,-2.0,-2.0,0.35,0.6316,38,0.0,0.0,-0.5083,-0.7712,-0.9518
TWO,SPY,13,13,185,,,,,,,,,,,,,,,,,,,,,,,,,,,,,,,,,,,,,,,,,,,,,,,,,,,,,,,,,,,,,,,,,,0.7308,156,-1.0,0.0,-0.0295,,,,,,0.6908,152,-1.0,0.0,-0.045,,,,,,,,,,,,,,,,,,,,,,,,,,0.7317,164,-2.0,1.0,-0.0327,0.6,10,1.0,1.0,0.1033,0.702,151,-2.0,0.0,-0.0475,0.4,0.1438
TWST,IWM,17,17,224,,,,,,,,,,,,,,,,,,,,,,,,,,,,,,,,,,,,,,,,,,,,,,,,,,,,,,,,,,,,,0.65,40,1.0,2.0,0.5354,0.6471,17,-1.0,-1.0,-0.2618,0.6471,17,1.0,1.0,0.6255,,,,,,,,,,,,,,,,,,,,,,,,,,0.6,15,-2.0,-2.0,0.6289,,,,,,0.6429,14,-2.0,-2.0,1.17,,,,,,0.8274,1.7589
TXG,IWM,28,28,234,,,,,,,,,,,,,,,,,,,,,,,,,,,,,,,,,,,,,,,,,,,,,,,,,,,,,,,,,,,,,0.6296,27,0.0,0.0,0.5812,0.7143,14,2.0,2.0,-0.398,0.6,25,-2.0,-2.0,1.042,0.7143,14,2.0,2.0,-0.665,,,,,,,,,,,,,,,,,,,,,0.625,16,-2.0,-2.0,0.534,,,,,,0.6026,78,0.0,0.0,0.8917,,,,,,0.6501,1.3007
TXN,SOXX,34,34,302,,,,,,,,,,,,,,,,,,,,,,,,,,,,,,,,,,,,,,,,,,,,,,,,,,,,,,,,,,,,,0.6286,35,3.0,3.0,0.2418,0.6471,34,-5.0,-4.0,-0.3045,0.6071,28,2.0,2.0,0.6618,,,,,,,,,,,,,,,,,,,,,,,,,,0.75,24,4.0,4.0,0.2422,0.7143,28,0.0,0.0,-0.433,,,,,,0.6471,17,-5.0,-5.0,-0.3418,0.9088,0.6433
TYGO,SPY,12,14,167,,,,,,,,,,,,,,,,,,,,,,,,,,,,,,,,,,,,,,,,,,,,,,,,,,,,,,,,,,,,,0.6667,15,-2.0,-2.0,0.746,0.6,10,-4.0,-4.0,-0.5433,,,,,,0.9091,11,0.0,0.0,-0.746,,,,,,,,,,,,,,,,,,,,,,,,,,0.7,10,-2.0,-2.0,-0.5643,,,,,,0.6889,135,-2.0,1.0,-0.8478,0.6472,1.22
TYL,IGV,18,18,219,,,,,,,,,,,,,,,,,,,,,,,,,,,,,,,,,,,,,,,,,,,,,,,,,,,,,,,,,,,,,0.6111,18,-1.0,-1.0,0.2845,0.6623,77,0.0,2.0,-0.2624,0.6842,19,-1.0,-1.0,0.5154,0.6786,28,1.0,1.0,-0.4226,,,,,,,,,,,,,,,,,,,,,0.7273,11,-4.0,-4.0,0.3638,0.6383,47,0.0,0.0,-0.275,,,,,,0.6,45,-1.0,-1.0,-0.5237,0.636,0.8183
TZA,QQQ,39,39,405,,,,,,,,,,,,,,,,0.6364,11,-1.0,-1.0,-1.1643,,,,,,,,,,,,,,,,,,,,,,,,,,0.7,10,-1.0,-1.0,-1.2314,,,,,,0.8,10,-1.0,-1.0,-1.1275,,,,,,0.6604,106,-4.0,-2.0,-0.2186,0.6,40,1.0,1.0,0.6096,0.7097,31,-4.0,-4.0,-0.3486,,,,,,,,,,,,,,,,,,,,,,,,,,0.6477,88,0.0,0.0,-0.2875,0.6,60,-2.0,-2.0,0.4764,0.6098,82,0.0,0.0,-0.5808,-0.811,-1.4646
U,IGV,38,38,273,,,,,,,,,,,0.7692,13,-1.0,-1.0,1.624,,,,,,,,,,,,,,,,,,,,,,,,,,,,,,,,,,,,,,,,,,,,,,0.6538,26,-1.0,-1.0,0.5224,0.6176,34,-2.0,-2.0,-0.2929,0.6923,13,3.0,3.0,0.6722,0.7059,34,2.0,2.0,-0.5233,,,,,,,,,,,,,,,,,,,,,,,,,,0.6481,54,-1.0,-1.0,-0.3449,0.625,56,-3.0,-2.0,0.6094,0.6481,54,-1.0,-1.0,-0.6614,0.7236,0.9636
UA,XLY,15,15,226,,,,,,,,,,,,,,,,,,,,,,,,,,,,,,,,,,,,,,,,,,,,,,,,,,,,,,,,,,,,,,,,,,0.678,59,-2.0,-1.0,-0.301,0.6667,15,4.0,4.0,0.381,0.6629,89,-2.0,0.0,-0.5739,,,,,,,,,,,,,,,,,,,,,0.8,10,-3.0,-3.0,0.4662,0.6667,99,-2.0,-1.0,-0.2889,,,,,,0.6526,95,-2.0,-1.0,-0.5097,0.5991,0.7063
UAA,XLY,25,25,236,0.8,10,-1.0,-1.0,1.1938,,,,,,0.8,10,-1.0,-1.0,1.4225,,,,,,,,,,,,,,,,,,,,,,,,,,,,,,,,,,,,,,,,,,,,,,0.6,20,0.0,0.0,0.2567,0.6986,73,-2.0,-1.0,-0.25,0.6111,18,4.0,4.0,0.4145,0.6711,76,-2.0,-1.0,-0.5961,,,,,,,,,,,,,,,,,,,,,0.8,10,-3.0,-3.0,0.425,0.7019,104,-2.0,-1.0,-0.2789,,,,,,0.6408,103,-2.0,-1.0,-0.5318,0.6537,0.9899
UAL,XTN,36,36,258,0.8182,11,0.0,0.0,0.9367,,,,,,0.8182,11,0.0,0.0,1.0222,,,,,,,,,,,,,,,,,,,,,,,,,,,,,,,,,,,,,,,,,,,,,,0.6364,22,2.0,2.0,0.2,0.6667,27,-2.0,-2.0,-0.3294,,,,,,0.6714,70,-2.0,-1.0,-0.3415,,,,,,,,,,,,,,,,,,,,,,,,,,0.6667,21,0.0,1.0,-0.1636,0.7273,11,0.0,0.0,0.5012,0.7692,13,-1.0,-1.0,-0.392,0.8554,1.9127
UAMY,IWM,39,39,322,,,,,,,,,,,,,,,,,,,,,,,,,,,,,,,,,,,,,,,,,,,,,,0.7097,31,-1.0,0.0,-2.0286,,,,,,0.7222,18,0.0,0.0,-3.1508,0.7333,15,0.0,0.0,0.4427,0.6818,22,-1.0,-1.0,-0.62,0.68,25,-4.0,-4.0,0.9188,0.6429,28,-1.0,-1.0,-1.1789,,,,,,,,,,,,,,,,,,,,,,,,,,0.6224,98,0.0,0.0,-0.4315,,,,,,,,,,,0.723,2.0462
UAVS,IWM,37,39,216,,,,,,,,,,,,,,,,,,,,,,,,,,,,,,,,,,,,,,,,,,,,,,0.8462,13,-1.0,-1.0,-2.2809,,,,,,0.6786,28,-1.0,0.0,-2.8653,,,,,,0.6,15,-2.0,-2.0,-0.5867,0.6154,13,-2.0,-2.0,0.8113,0.6667,27,1.0,2.0,-1.2061,,,,,,,,,,,,,,,,,,,,,,,,,,0.6061,33,1.0,1.0,-0.5385,,,,,,,,,,,0.5327,1.0664
UBER,SPY,39,39,382,,,,,,0.65,20,0.0,0.0,-1.0577,,,,,,0.6,20,0.0,0.0,-1.2375,,,,,,,,,,,,,,,,,,,,,0.7333,15,-1.0,-1.0,0.9609,0.7,20,0.0,0.0,-0.9543,,,,,,0.6,20,0.0,0.0,-1.2158,,,,,,0.6311,103,-2.0,-1.0,-0.1502,0.6571,35,-3.0,-3.0,0.23,0.713,115,-2.0,-1.0,-0.2834,,,,,,,,,,,,,,,,,,,,,,,,,,0.6541,133,-2.0,-1.0,-0.158,,,,,,,,,,,0.2019,0.2711
UBRL,SPY,20,32,55,,,,,,,,,,,,,,,,,,,,,,,,,,,,,,,,,,,,,,,,,,,,,,,,,,,,,,,,,,,,,,,,,,,,,,,,,,,,,,,,,,,,,,,,,,,,,,,,,,,,,,,,,,0.6452,31,-1.0,0.0,-0.4445,,,,,,0.6364,22,0.0,0.0,-0.9279,0.1666,0.4146
UBS,SPY,35,35,245,,,,,,,,,,,0.6471,17,0.0,0.0,0.2336,,,,,,,,,,,,,,,,,,,,,,,,,,,,,,,0.6364,11,-1.0,-1.0,-0.3586,0.65,20,0.0,0.0,0.4008,0.6364,11,-1.0,-1.0,-0.4529,,,,,,0.6184,76,1.0,2.0,-0.1094,,,,,,0.6071,28,-1.0,-1.0,-0.2459,,,,,,,,,,,,,,,,,,,,,,,,,,0.6667,15,-2.0,-2.0,-0.099,0.625,16,1.0,1.0,0.177,0.6,90,-1.0,-1.0,-0.1815,0.7238,1.3796
UBXG,IWM,13,19,77,,,,,,,,,,,,,,,,,,,,,,,,,,,,,,,,,,,,,,,,,,,,,,,,,,,,,,,,,,,,,,,,,,,,,,,,,,,,,,,,,,,,,,,,,,,,,,,,,,,,,,,,,,,,,,,,,,,,,,,,,0.1223,0.8026
UCAR,SPY,14,29,65,,,,,,,,,,,,,,,,,,,,,,,,,,,,,,,,,,,,,,,,,,,,,,0.6364,11,0.0,0.0,-1.1543,,,,,,,,,,,,,,,,,,,,,,,,,,,,,,,,,,,,,,,,,,,,,,,,,,,0.6875,16,-1.0,-1.0,2.0564,0.7407,27,0.0,0.0,-2.2525,,,,,,,,,,,0.1481,0.364
UCO,QQQ,39,39,441,,,,,,,,,,,,,,,,,,,,,,,,,,,,,,,,,,,,,,,,,,,,,,0.6,10,-1.0,-1.0,-0.565,0.6,10,-1.0,-1.0,0.8517,,,,,,0.6061,33,0.0,0.0,0.287,0.6333,30,-3.0,-3.0,-0.4926,0.6857,35,0.0,0.0,0.535,0.625,16,5.0,5.0,-0.893,,,,,,,,,,,,,,,,,,,,,0.6,60,-2.0,-2.0,0.2694,,,,,,0.6176,68,-2.0,-2.0,0.4617,,,,,,-0.0755,-0.1721
UCTT,SOXX,29,29,217,,,,,,,,,,,,,,,,,,,,,,,,,,,,,,,,,,,,,,,,,,,,,,,,,,,,,,,,,,,,,0.7,10,-4.0,-4.0,0.8157,0.6296,27,-1.0,0.0,-0.4476,0.6923,13,-2.0,-2.0,0.6811,0.6538,26,4.0,5.0,-0.6206,,,,,,,,,,,,,,,,,,,,,0.6842,19,4.0,4.0,0.42,0.6333,30,-5.0,-4.0,-0.4221,0.75,12,-2.0,-2.0,0.6911,0.6667,15,-5.0,-5.0,-0.585,0.9542,1.3474
UDOW,SPY,39,39,331,,,,,,,,,,,,,,,,,,,,,,,,,,,,,,,,,,,,,,,,,0.6,15,-1.0,-1.0,0.6133,,,,,,,,,,,,,,,,,,,,,0.6667,27,2.0,2.0,-0.18,0.6237,93,0.0,0.0,0.3805,0.6875,16,-3.0,-3.0,-0.2845,,,,,,,,,,,,,,,,,,,,,,,,,,,,,,,,,,,,,,,,,0.7516,1.6937
UEC,IWM,39,39,318,,,,,,,,,,,,,,,,,,,,,,,,,,,,,,,,,,,,,,,,,,,,,,0.6923,13,-1.0,-1.0,-2.2444,,,,,,0.6154,13,-1.0,-1.0,-2.635,0.6087,23,-1.0,-1.0,0.3664,0.6522,23,-3.0,-3.0,-0.2687,0.6296,27,-1.0,-1.0,0.64,0.6154,13,3.0,3.0,-0.5688,,,,,,,,,,,,,,,,,,,,,0.6607,56,1.0,1.0,0.4524,0.6364,22,-2.0,-2.0,-0.2879,0.6316,19,-2.0,-2.0,0.6792,,,,,,0.7582,2.3364
UFO,IWM,33,33,271,,,,,,,,,,,,,,,,,,,,,,,,,,,,,,,,,,,,,,,,,,,,,,0.6667,15,0.0,0.0,-1.289,,,,,,,,,,,0.625,24,1.0,1.0,0.2747,0.6053,38,-1.0,-1.0,-0.1626,0.8,25,1.0,1.0,0.588,0.6471,17,-4.0,-4.0,-0.3964,,,,,,,,,,,,,,,,,,,,,,,,,,,,,,,,,,,,,,,,,0.7829,1.3935
UGL,IWM,39,39,395,,,,,,,,,,,,,,,,,,,,,,,,,,,,,,,,,,,,,,,,,0.6111,18,0.0,0.0,0.4536,,,,,,,,,,,0.7143,14,-1.0,-1.0,-0.636,,,,,,0.6,30,-4.0,-4.0,-0.46,0.6,30,-2.0,-2.0,0.2956,0.6316,38,-1.0,-1.0,-0.2942,,,,,,,,,,,,,,,,,,,,,,,,,,,,,,,,,,,,,,,,,0.4999,1.4731
UGP,SPY,37,37,215,,,,,,0.7273,11,0.0,0.0,-0.395,,,,,,,,,,,,,,,,,,,,,,,,,,,,,,,,,,,,,,,,,0.7143,14,-1.0,-1.0,0.803,0.6316,19,0.0,0.0,-1.1575,,,,,,0.6875,80,-3.0,-1.0,-0.1762,,,,,,0.6154,39,-1.0,-1.0,-0.3083,,,,,,,,,,,,,,,,,,,,,,,,,,0.631,84,-2.0,-1.0,-0.1942,,,,,,0.6154,13,-2.0,-2.0,-0.0987,0.3151,0.7232
UIS,SPY,15,16,179,,,,,,,,,,,,,,,,,,,,,,,,,,,,,,,,,,,,,,,,,,,,,,,,,,,,,,,,,,,,,0.7,10,-5.0,-5.0,0.5071,0.6429,14,1.0,1.0,-0.7289,,,,,,0.6875,16,1.0,1.0,-1.1309,,,,,,,,,,,,,,,,,,,,,,,,,,0.6,10,-2.0,-2.0,-0.3483,,,,,,,,,,,0.4964,1.124
UL,XLP,39,39,277,0.6296,27,-1.0,0.0,0.2794,,,,,,,,,,,,,,,,,,,,,,,,,,,,,,,,,,,,,,,,,,,,,,,,,,,,,,,,,,,,,0.65,40,-2.0,-2.0,-0.0781,,,,,,0.6098,82,-1.0,-1.0,-0.157,,,,,,,,,,,,,,,,,,,,,,,,,,0.6029,68,0.0,0.0,-0.0771,,,,,,0.66,50,-2.0,-2.0,-0.1185,0.5944,0.9049
ULCC,XTN,32,32,238,,,,,,,,,,,,,,,,,,,,,,,,,,,,,,,,,,,,,,,,,,,,,,,,,,,,,,,,,,,,,0.7222,36,3.0,4.0,0.4808,0.6667,18,6.0,6.0,-0.2933,0.6667,27,4.0,5.0,0.7044,0.7586,29,-4.0,-3.0,-0.5986,,,,,,,,,,,,,,,,,,,,,,,,,,0.619,21,-1.0,0.0,-0.4185,0.6,20,0.0,1.0,0.6,,,,,,0.7421,1.9929
ULTA,XRT,14,14,219,,,,,,,,,,,,,,,,,,,,,,,,,,,,,,,,,,,,,,,,,,,,,,,,,,,,,,,,,,,,,,,,,,0.6154,13,-3.0,-3.0,-0.1425,,,,,,0.625,80,-2.0,-1.0,-0.2704,,,,,,,,,,,,,,,,,,,,,,,,,,,,,,,,,,,,0.6489,94,0.0,1.0,-0.3034,0.4743,0.6845
ULTY,QQQ,35,36,203,,,,,,,,,,,0.9167,12,0.0,0.0,0.4927,,,,,,,,,,,,,,,,,,,,,,,,,,,,,,,,,,,,0.6667,12,-1.0,-1.0,0.3087,,,,,,,,,,,0.625,32,-2.0,-2.0,-0.128,,,,,,,,,,,,,,,,,,,,,,,,,,,,,,,0.7273,11,2.0,2.0,0.1113,0.6176,34,0.0,0.0,-0.0924,0.6,30,1.0,1.0,0.15,,,,,,0.9315,0.6638
UMAC,SPY,39,39,347,,,,,,,,,,,,,,,,,,,,,,,,,,,,,,,,,,,,,,,,,0.6,15,-1.0,-1.0,3.9033,0.65,20,0.0,0.0,-4.1308,,,,,,0.6,20,0.0,0.0,-5.4117,0.6842,19,15.0,15.0,3.5269,0.6939,49,0.0,2.0,-0.7418,0.7647,17,15.0,15.0,3.3138,0.6667,21,-1.0,-1.0,-0.8114,,,,,,,,,,,,,,,,,,,,,,,,,,,,,,,0.6316,19,1.0,1.0,0.78,,,,,,0.6383,2.9891
UMC,QQQ,39,39,407,,,,,,,,,,,,,,,,,,,,,,,,,,,,,,,,,,,,,,,,,,,,,,,,,,,,,,,,,,,,,0.7143,14,-1.0,-1.0,0.599,0.6778,90,-7.0,-3.0,-0.3925,0.7083,24,-1.0,0.0,0.6388,0.6667,24,1.0,1.0,-0.4994,,,,,,,,,,,,,,,,,,,,,,,,,,0.6438,73,-3.0,-2.0,-0.363,,,,,,,,,,,0.7227,2.6611
UNCY,XBI,31,31,211,,,,,,,,,,,,,,,,,,,,,,,,,,,,,,,,,,,,,,,,,,,,,,,,,,,,,,,,,,,,,,,,,,0.6935,62,-2.0,0.0,-0.5263,0.6154,13,-15.0,-15.0,1.08,0.7273,11,1.0,1.0,-0.7562,,,,,,,,,,,,,,,,,,,,,,,,,,0.6463,147,-2.0,2.0,-0.5841,,,,,,0.6087,23,-1.0,-1.0,-1.5114,0.6706,0.9138
UNG,IWM,39,39,380,,,,,,0.7,10,0.0,0.0,-0.4471,0.6,10,0.0,0.0,0.72,,,,,,,,,,,,,,,,,,,,,,,,,,,,,,,,,,,,,,,,,,,,,,,,,,,0.6667,96,-3.0,-1.0,-0.2144,0.7083,24,-4.0,-4.0,0.2918,0.625,32,-3.0,-3.0,-0.23,,,,,,,,,,,,,,,,,,,,,,,,,,0.6078,51,1.0,1.0,-0.169,,,,,,0.6226,53,1.0,1.0,-0.3358,-0.0853,-0.1755
UNH,IHF,39,39,324,,,,,,0.6111,18,0.0,0.0,-0.6745,,,,,,,,,,,,,,,,,,,,,,,,,,,,,,,,,,,,,,,,,,,,,,,,,,,,,,,,0.6585,41,-2.0,-2.0,-0.177,,,,,,0.625,24,2.0,2.0,-0.2353,,,,,,,,,,,,,,,,,,,,,,,,,,0.619,21,-2.0,-2.0,-0.1285,,,,,,0.6786,28,1.0,1.0,-0.2679,0.6839,0.8627
UNHG,IWM,39,39,203,,,,,,,,,,,,,,,,,,,,,,,,,,,,,,,,,,,,,,,,,,,,,,,,,,,0.7333,15,0.0,0.0,2.3309,,,,,,,,,,,0.7692,13,2.0,2.0,-0.343,,,,,,0.619,42,-1.0,0.0,-0.5273,,,,,,,,,,,,,,,,,,,,,0.6452,31,1.0,1.0,0.318,0.6182,55,0.0,0.0,-0.4179,,,,,,0.6102,59,0.0,0.0,-0.7925,-0.0412,-0.0526
UNP,XTN,11,11,231,,,,,,,,,,,,,,,,,,,,,,,,,,,,,,,,,,,,,,,,,,,,,,,,,,,,,,,,,,,,,0.75,16,-2.0,-2.0,0.1092,0.6296,54,-1.0,-1.0,-0.1009,,,,,,,,,,,,,,,,,,,,,,,,,,,,,,,0.7,10,0.0,0.0,0.16,0.8182,11,-1.0,-1.0,-0.1844,0.7,20,0.0,1.0,0.3321,0.7,10,-1.0,-1.0,-0.31,0.2405,0.1426
UPRO,SPY,39,39,490,0.6923,13,0.0,0.0,0.4067,,,,,,0.6923,13,0.0,0.0,0.6633,,,,,,,,,,,,,,,,,,,,,,,,,,0.6,15,-1.0,-1.0,0.2589,,,,,,,,,,,,,,,,0.6087,23,3.0,4.0,0.1364,0.6346,52,-2.0,-2.0,-0.1718,0.6212,66,1.0,1.0,0.2698,0.6118,85,-3.0,-2.0,-0.3446,,,,,,,,,,,,,,,,,,,,,0.6154,26,1.0,1.0,0.1475,,,,,,,,,,,0.6129,31,-2.0,-2.0,-0.3395,0.9983,2.9535
UPS,XTN,31,31,239,0.6,15,0.0,0.0,0.77,,,,,,0.6667,15,0.0,0.0,0.974,,,,,,,,,,,,,,,,,,,,,,,,,,,,,,,,,,,,,,,,,,,,,,0.7222,18,-2.0,-2.0,0.1292,0.625,32,2.0,2.0,-0.1455,0.7778,18,-2.0,-2.0,0.2014,,,,,,,,,,,,,,,,,,,,,,,,,,,,,,,0.6,10,1.0,1.0,-0.1967,0.7,10,0.0,0.0,0.28,,,,,,0.5868,0.3537
UPST,SPY,39,39,280,,,,,,,,,,,,,,,,,,,,,,,,,,,,,,,,,,,,,,,,,,,,,,,,,,,,,,,,0.625,16,-1.0,-1.0,-1.972,0.7647,17,-4.0,-4.0,0.2754,0.6765,34,1.0,2.0,-0.5587,0.6129,31,-1.0,-1.0,0.7779,0.6842,19,-4.0,-4.0,-0.2885,,,,,,,,,,,,,,,,,,,,,0.6429,14,1.0,1.0,0.5156,0.6316,19,-2.0,-2.0,-0.1892,0.6471,17,1.0,1.0,0.7209,,,,,,0.5886,1.7475
UPSX,SPY,12,19,21,,,,,,,,,,,,,,,,,,,,,,,,,,,,,,,,,,,,,,,,,,,,,,,,,,,,,,,,,,,,,,,,,,,,,,,,,,,,,,,,,,,,,,,,,,,,,,,,,,,,,,,,,,,,,,,,,,,,,,,,,0.6081,3.5568
UPWK,IWM,24,24,224,,,,,,,,,,,,,,,,,,,,,,,,,,,,,,,,,,,,,,,,,,,,,,0.8,10,0.0,0.0,-1.2037,,,,,,0.6,10,0.0,0.0,-0.9667,0.6154,13,-4.0,-4.0,0.3438,0.6729,107,-2.0,1.0,-0.2939,0.6744,43,-4.0,-3.0,0.3614,0.6957,46,-1.0,0.0,-0.4025,,,,,,,,,,,,,,,,,,,,,,,,,,0.6706,85,-1.0,-1.0,-0.2342,,,,,,,,,,,-0.1379,-0.2382
UPXI,QQQ,33,35,188,,,,,,,,,,,,,,,,,,,,,,,,,,,,,,,,,,,,,,,,,,,,,,,,,,,,,,,,0.6,10,0.0,0.0,-2.4783,0.7143,14,-5.0,-5.0,0.605,0.6923,26,-3.0,-2.0,-0.5756,0.6,15,-6.0,-6.0,1.0933,0.7391,23,-4.0,-3.0,-0.9312,,,,,,,,,,,,,,,,,,,,,0.6471,17,-2.0,-2.0,0.6336,0.7353,34,0.0,0.0,-0.5276,,,,,,,,,,,0.6787,1.6118
URA,SPY,38,38,274,,,,,,,,,,,,,,,,,,,,,,,,,,,,,,,,,,,,,,,,,,,,,,0.6,20,0.0,0.0,-0.7017,,,,,,0.6176,34,-1.0,0.0,-1.3319,0.8182,11,3.0,3.0,0.2356,0.8333,12,-4.0,-4.0,-0.342,0.7143,14,3.0,3.0,0.333,0.6923,13,2.0,2.0,-0.5178,,,,,,,,,,,,,,,,,,,,,,,,,,0.625,16,-2.0,-2.0,-0.395,0.6875,16,1.0,1.0,0.2664,,,,,,0.7157,1.8259
URG,SPY,39,39,305,,,,,,,,,,,,,,,,,,,,,,,,,,,,,,,,,,,,,,,,,,,,,,0.6571,35,-1.0,0.0,-2.4878,,,,,,0.65,20,0.0,0.0,-2.38,,,,,,0.7917,48,-3.0,-2.0,-0.2137,,,,,,0.6667,48,-3.0,-2.0,-0.4166,,,,,,,,,,,,,,,,,,,,,,,,,,0.6699,103,-1.0,-1.0,-0.4436,,,,,,0.6111,18,-2.0,-2.0,-0.8045,0.7936,2.1403
URGN,XBI,13,17,140,,,,,,,,,,,,,,,,,,,,,,,,,,,,,,,,,,,,,,,,,,,,,,,,,,,,,,,,,,,,,,,,,,0.8095,21,2.0,2.0,-0.3276,,,,,,0.6471,34,1.0,2.0,-0.7809,,,,,,,,,,,,,,,,,,,,,,,,,,0.617,47,-1.0,0.0,-0.3534,,,,,,0.6667,27,1.0,1.0,-0.5428,0.5939,0.6113
URNM,QQQ,20,20,169,,,,,,,,,,,,,,,,,,,,,,,,,,,,,,,,,,,,,,,,,,,,,,,,,,,,,,,,,,,,,0.6,10,2.0,2.0,0.4117,0.8,15,1.0,1.0,-0.3408,0.7143,42,0.0,2.0,0.4457,,,,,,,,,,,,,,,,,,,,,,,,,,,,,,,0.6667,24,-2.0,-2.0,-0.1712,0.717,53,0.0,1.0,0.4353,0.64,25,-2.0,-2.0,-0.4181,0.7147,0.8254
UROY,SPY,35,35,218,,,,,,,,,,,,,,,,,,,,,,,,,,,,,,,,,,,,,,,,,,,,,,0.7222,18,0.0,0.0,-1.8423,,,,,,0.7368,19,0.0,0.0,-1.8386,0.619,21,-1.0,-1.0,0.5623,0.6167,60,1.0,3.0,-0.3065,,,,,,0.7,20,3.0,3.0,-0.535,,,,,,,,,,,,,,,,,,,,,,,,,,0.6355,107,0.0,1.0,-0.3138,,,,,,,,,,,0.7261,1.5953
URTY,IWM,35,35,204,,,,,,,,,,,0.7273,11,0.0,0.0,1.0762,,,,,,,,,,,,,,,,,,,,,,,,,,0.6316,19,0.0,0.0,1.0125,,,,,,0.6842,19,0.0,0.0,1.2131,,,,,,0.6,15,4.0,4.0,0.2544,0.7273,22,-2.0,-2.0,-0.33,0.6774,31,1.0,1.0,0.6171,0.6818,22,-2.0,-2.0,-0.69,,,,,,,,,,,,,,,,,,,,,0.7273,11,-2.0,-2.0,0.6825,,,,,,0.6,15,-2.0,-2.0,0.8178,,,,,,0.9756,2.8381
USA,QQQ,12,13,169,,,,,,0.6,10,0.0,0.0,-0.1583,,,,,,,,,,,,,,,,,,,,,,,,,,,,,,,,,,,,,,,,,,,,,,,,,,,,,,,,0.6735,98,0.0,1.0,-0.0691,,,,,,0.641,39,-1.0,-1.0,-0.1204,,,,,,,,,,,,,,,,,,,,,,,,,,0.6522,23,1.0,1.0,-0.0513,,,,,,0.6269,67,-2.0,-1.0,-0.1136,0.7092,0.2579
USAR,SPY,39,39,467,,,,,,,,,,,,,,,,,,,,,,,,,,,,,,,,,,,,,,,,,,,,,,0.6286,35,-1.0,0.0,-2.3786,,,,,,,,,,,0.6667,21,-6.0,-6.0,0.565,0.7273,22,-1.0,-1.0,-0.4156,0.6364,33,2.0,2.0,0.7833,0.7,20,-1.0,-1.0,-0.7593,,,,,,,,,,,,,,,,,,,,,,,,,,,,,,,0.6786,28,1.0,1.0,0.4774,0.6552,29,-2.0,-2.0,-0.7553,0.6305,2.4702
USAS,GDX,39,39,270,,,,,,,,,,,,,,,,,,,,,,,,,,,,,,,,,,,,,,,,,,,,,,,,,,,,,,,,,,,,,,,,,,0.8235,17,-2.0,-2.0,-0.5164,,,,,,0.6875,48,2.0,3.0,-0.7318,,,,,,,,,,,,,,,,,,,,,0.6562,32,-4.0,-4.0,0.4029,0.6852,54,-3.0,-2.0,-0.4295,,,,,,0.6667,51,2.0,3.0,-0.775,0.9349,1.2266
USAU,GDX,11,18,96,,,,,,,,,,,,,,,,,,,,,,,,,,,,,,,,,,,,,,,,,,,,,,,,,,,,,,,,,,,,,0.8182,11,0.0,0.0,0.28,,,,,,0.6364,11,0.0,0.0,0.7329,,,,,,,,,,,,,,,,,,,,,,,,,,,,,,,,,,,,,,,,,,,,,,0.8317,0.5168
USAX,QQQ,19,27,63,,,,,,,,,,,,,,,,,,,,,,,,,,,,,,,,,,,,,,,,,,,,,,,,,,,,,,,,,,,,,,,,,,,,,,,,,,,,,,,,,,,,,,,,,,,,,,,,,,,,,,,,,,,,,,,0.6154,13,0.0,0.0,3.04,,,,,,0.7838,3.4818
USB,XLF,22,22,233,,,,,,,,,,,,,,,,,,,,,,,,,,,,,,,,,,,,,,,,,,,,,,,,,,,,,,,,,,,,,,,,,,0.6056,71,0.0,0.0,-0.1433,,,,,,0.8235,17,-2.0,-2.0,-0.2714,,,,,,,,,,,,,,,,,,,,,,,,,,0.6165,133,0.0,1.0,-0.126,,,,,,,,,,,0.8118,0.9234
USBC,SPY,13,28,37,,,,,,,,,,,,,,,,,,,,,,,,,,,,,,,,,,,,,,,,,,,,,,,,,,,,,,,,,,,,,,,,,,,,,,,,,,,,,,,,,,,,,,,,,,,,,,,,,,,,,,,,,,0.7143,14,0.0,0.0,-0.539,,,,,,0.7143,14,0.0,0.0,-2.622,0.2501,0.8433
USD,QQQ,38,38,355,,,,,,,,,,,,,,,,,,,,,,,,,,,,,,,,,,,,,,,,,0.8182,11,-1.0,-1.0,1.5078,0.7,10,0.0,0.0,-1.6514,0.6364,11,-1.0,-1.0,2.6714,0.8,10,0.0,0.0,-2.3375,0.7465,71,0.0,3.0,0.4449,0.6111,36,-3.0,-2.0,-0.4782,0.7778,18,1.0,1.0,0.7171,0.7692,13,-9.0,-9.0,-1.003,,,,,,,,,,,,,,,,,,,,,0.6541,133,0.0,2.0,0.3844,0.6,15,-3.0,-3.0,-0.77,0.7333,15,2.0,2.0,0.6027,0.6226,53,-2.0,-2.0,-0.5976,0.9348,3.9483
USDE,IWM,13,17,125,,,,,,,,,,,,,,,,,,,,,,,,,,,,,,,,,,,,,,,,,,,,,,,,,,,,,,,,,,,,,,,,,,0.6429,14,15.0,15.0,-13.7367,,,,,,0.6429,14,15.0,15.0,-17.4222,,,,,,,,,,,,,,,,,,,,,,,,,,0.6,40,-1.0,-1.0,-4.7358,,,,,,0.6585,41,-1.0,-1.0,-5.883,0.2935,2.662
USFR,SPY,36,36,262,,,,,,,,,,,,,,,,0.6129,31,0.0,0.0,-0.0037,,,,,,,,,,,,,,,,,,,,,,,,,,,,,,,,,,,,,,,,,,,,,,0.75,244,-1.0,0.0,-0.0038,,,,,,0.7303,241,-1.0,0.0,-0.0037,,,,,,,,,,,,,,,,,,,,,,,,,,0.7479,242,-2.0,1.0,-0.0037,,,,,,0.7292,240,-2.0,1.0,-0.0037,-0.3557,-0.0094
USGG,QQQ,28,32,69,,,,,,,,,,,,,,,,,,,,,,,,,,,,,,,,,,,,,,,,,,,,,,,,,,,,,,,,,,,,,,,,,,,,,,,,,,,,,,,,,,,,,,,,,,,,,,,,,,,,,,,,,,0.625,16,0.0,0.0,-0.776,,,,,,,,,,,0.8005,3.3564
USHY,SPY,15,15,224,,,,,,,,,,,,,,,,,,,,,,,,,,,,,,,,,,,,,,,,,,,,,,,,,,,,,,,,,,,,,,,,,,0.6376,218,-1.0,0.0,-0.015,,,,,,0.6117,103,-1.0,-1.0,-0.0297,,,,,,,,,,,,,,,,,,,,,,,,,,0.6694,121,0.0,1.0,-0.0142,,,,,,0.6033,121,0.0,1.0,-0.0255,0.7156,0.153
USO,QQQ,39,39,609,,,,,,,,,,,,,,,,,,,,,,,,,,,,,,,,,,,,,,,,,,,,,,0.6,10,-1.0,-1.0,-0.3483,0.6,10,-1.0,-1.0,0.91,0.6667,12,0.0,0.0,-0.5637,0.6833,60,2.0,2.0,0.2378,0.6667,15,5.0,5.0,-0.196,0.6316,38,1.0,1.0,0.5404,,,,,,,,,,,,,,,,,,,,,,,,,,,,,,,,,,,,0.6771,96,-2.0,-2.0,0.3158,0.7,20,-3.0,-3.0,-0.4686,-0.0994,-0.1765
USOY,QQQ,23,27,123,,,,,,,,,,,,,,,,,,,,,,,,,,,,,,,,,,,,,,,,,,,,,,,,,,,,,,,,,,,,,,,,,,0.8182,11,-4.0,-4.0,-0.2122,0.6296,27,0.0,1.0,0.2571,0.6667,12,-1.0,-1.0,-0.4525,,,,,,,,,,,,,,,,,,,,,,,,,,0.8182,11,1.0,1.0,-0.3333,0.6667,12,-2.0,-2.0,0.4837,,,,,,0.0396,0.0535
UTF,IWM,10,12,105,,,,,,,,,,,,,,,,,,,,,,,,,,,,,,,,,,,,,,,,,,,,,,,,,,,,,,,,,,,,,,,,,,0.6761,71,-1.0,0.0,-0.126,,,,,,0.7073,41,0.0,0.0,-0.1334,,,,,,,,,,,,,,,,,,,,,,,,,,0.6481,54,-1.0,0.0,-0.1194,,,,,,0.6786,56,-1.0,0.0,-0.1242,0.3058,0.0917
UTG,SPY,15,17,112,,,,,,,,,,,,,,,,,,,,,,,,,,,,,,,,,,,,,,,,,,,,,,,,,,,,,,,,,,,,,,,,,,0.6316,19,0.0,0.0,-0.185,0.6875,16,1.0,1.0,0.1936,,,,,,,,,,,,,,,,,,,,,,,,,,,,,,,0.7097,31,0.0,0.0,-0.1727,,,,,,,,,,,0.6166,0.5196
UTZ,XLP,20,20,212,0.8462,13,0.0,0.0,0.8464,,,,,,0.6923,13,0.0,0.0,0.9378,,,,,,,,,,,,,,,,,,,,,,,,,,,,,,,,,,,,,,,,,,,,,,0.6364,11,2.0,2.0,0.2286,0.6642,137,-2.0,1.0,-0.2771,0.6667,18,-3.0,-3.0,0.54,0.6184,76,0.0,1.0,-0.3979,,,,,,,,,,,,,,,,,,,,,,,,,,0.6947,95,0.0,1.0,-0.2742,,,,,,0.6667,60,0.0,0.0,-0.3107,0.6828,0.832
UUP,QQQ,25,29,142,0.6364,11,-1.0,-1.0,0.0729,0.8462,13,0.0,0.0,-0.07,,,,,,,,,,,,,,,,,,,,,,,,,,,,,,,,,,,,,,,,,,,,,,,,,,,,,,,,0.7021,47,-1.0,-1.0,-0.0206,,,,,,,,,,,,,,,,,,,,,,,,,,,,,,,,,,,,0.7042,71,-1.0,1.0,-0.021,0.6316,19,-2.0,-2.0,0.0408,0.7407,27,0.0,0.0,-0.0345,-0.2163,-0.0313
UUUG,IWM,30,36,106,,,,,,,,,,,,,,,,,,,,,,,,,,,,,,,,,,,,,,,,,,,,,,,,,,,,,,,,0.7083,24,-1.0,0.0,-5.2094,,,,,,,,,,,,,,,,,,,,,,,,,,,,,,,,,,,,,,,,,,,,,,0.6111,18,-1.0,-1.0,-1.2709,,,,,,0.641,39,0.0,1.0,-1.604,0.6987,3.6386
UUUU,IWM,39,39,363,,,,,,0.6,10,0.0,0.0,-2.0317,,,,,,0.6,10,0.0,0.0,-3.2617,,,,,,,,,,,,,,,,,,,,,,,,,,0.6429,14,-1.0,-1.0,-2.3822,,,,,,0.6316,19,0.0,0.0,-2.9883,,,,,,0.6286,35,-3.0,-3.0,-0.3832,0.7143,21,-4.0,-4.0,0.5447,,,,,,,,,,,,,,,,,,,,,,,,,,,,,,,,,,,,,,,,,,,,,,0.8239,2.3228
UVIX,IWM,39,39,519,,,,,,,,,,,,,,,,,,,,,,,,,,,,,,,,,,,,,,,,,,,,,,0.6897,29,-1.0,0.0,-0.6395,,,,,,0.6429,28,-1.0,0.0,-1.1372,0.6,10,9.0,9.0,0.7367,0.6667,165,-5.0,-1.0,-0.4444,0.7143,14,7.0,7.0,1.42,0.6771,223,-7.0,-1.0,-0.6406,,,,,,,,,,,,,,,,,,,,,,,,,,0.6268,209,0.0,1.0,-0.4746,,,,,,0.6471,153,0.0,0.0,-0.8736,-0.7709,-4.215
UVXY,IWM,39,39,402,,,,,,0.6,10,-2.0,-2.0,-0.49,,,,,,0.6,10,-2.0,-2.0,-0.58,,,,,,,,,,,,,,,,,,,,,,,,,,0.7097,31,-1.0,0.0,-0.4523,,,,,,0.7097,31,-1.0,0.0,-0.7586,0.6,15,6.0,6.0,0.8389,0.7,30,-1.0,-1.0,-0.5714,0.7,10,5.0,5.0,0.7914,0.6667,168,-5.0,-1.0,-0.5012,,,,,,,,,,,,,,,,,,,,,0.6071,28,-2.0,-2.0,0.6035,0.661,59,1.0,1.0,-0.3177,,,,,,0.6724,116,0.0,0.0,-0.5467,-0.7576,-3.1811
UWM,IWM,18,19,124,,,,,,,,,,,,,,,,,,,,,,,,,,,,,,,,,,,,,,,,,,,,,,,,,,,,,,,,,,,,,,,,,,0.6667,30,0.0,1.0,-0.1975,0.6842,19,1.0,1.0,0.3823,0.6667,15,2.0,2.0,-0.662,,,,,,,,,,,,,,,,,,,,,,,,,,0.6923,26,0.0,0.0,-0.2078,,,,,,0.6957,23,1.0,1.0,-0.5456,0.9827,1.9024
UWMC,SPY,38,38,267,,,,,,0.6111,18,0.0,0.0,-1.8555,,,,,,,,,,,,,,,,,,,,,,,,,,,,,,,,,,,,0.7333,15,-1.0,-1.0,-1.77,,,,,,0.6,15,-1.0,-1.0,-2.32,,,,,,0.8056,36,-6.0,-4.0,-0.2369,,,,,,0.6545,110,-1.0,1.0,-0.5242,,,,,,,,,,,,,,,,,,,,,,,,,,0.6255,251,-2.0,1.0,-0.34,,,,,,0.8667,15,-2.0,-2.0,-0.3554,0.6298,1.1287
UXRP,QQQ,15,30,37,,,,,,,,,,,,,,,,,,,,,,,,,,,,,,,,,,,,,,,,,,,,,,,,,,,,,,,,,,,,,,,,,,,,,,,,,,,,,,,,,,,,,,,,,,,,,,,,,,,,,,,,,,,,,,,,,,,,,,,,,0.6142,2.1617
UZX,QQQ,19,28,109,,,,,,,,,,,,,,,,,,,,,,,,,,,,,,,,,,,,,,,,,,,,,,,,,,,,,,,,,,,,,,,,,,0.65,20,15.0,15.0,-8.3192,,,,,,0.6,20,15.0,15.0,-13.1733,,,,,,,,,,,,,,,,,,,,,,,,,,,,,,,,,,,,0.619,21,1.0,1.0,-10.5677,0.1717,0.8317
V,XLF,39,39,274,0.6,20,0.0,0.0,0.6333,,,,,,0.65,20,0.0,0.0,0.8562,,,,,,,,,,,,,,,,,,,,,,,,,,0.7273,11,0.0,0.0,0.6925,,,,,,0.7273,11,0.0,0.0,0.91,,,,,,,,,,,0.6667,42,1.0,1.0,-0.1368,0.6667,42,-2.0,-2.0,0.1754,0.6618,68,1.0,2.0,-0.2069,,,,,,,,,,,,,,,,,,,,,0.6667,15,-2.0,-2.0,0.14,,,,,,,,,,,,,,,,0.5088,0.5261
VALE,GDX,39,39,255,0.8,10,0.0,0.0,0.5825,0.6923,13,-1.0,-1.0,-0.4744,0.6,10,0.0,0.0,0.6233,0.7692,13,-1.0,-1.0,-0.535,,,,,,,,,,,,,,,,,,,,,,,,,,,,,,,,,,,,,,,,,,,,,,0.65,60,1.0,3.0,-0.1346,0.6154,13,-4.0,-4.0,0.215,0.68,25,-3.0,-3.0,-0.2712,,,,,,,,,,,,,,,,,,,,,0.6,25,1.0,1.0,0.1507,0.6667,27,3.0,4.0,-0.1528,0.619,21,0.0,0.0,0.3923,0.6786,28,3.0,4.0,-0.1932,0.6781,0.3963
VB,IWM,11,11,224,,,,,,,,,,,,,,,,,,,,,,,,,,,,,,,,,,,,,,,,,,,,,,,,,,,,,,,,,,,,,,,,,,,,,,,,,,,,,,,,,,,,,,,,,,,,,,,,,,,,,,,,,,,,,,,,,,,,,,,,,0.9447,0.722
VBIL,IWM,33,33,231,,,,,,,,,,,,,,,,,,,,,,,,,,,,,,,,,,,,,,,,,,,,,,,,,,,,,,,,0.625,16,0.0,0.0,-0.001,,,,,,0.8152,184,0.0,0.0,-0.0025,,,,,,0.8495,206,-1.0,0.0,-0.0022,,,,,,,,,,,,,,,,,,,,,,,,,,0.7908,196,-2.0,1.0,-0.0024,,,,,,0.85,200,-2.0,1.0,-0.0021,-0.0675,-0.0012
VBIO,IBB,12,20,38,,,,,,,,,,,,,,,,,,,,,,,,,,,,,,,,,,,,,,,,,,,,,,,,,,,,,,,,,,,,,,,,,,,,,,,,,,,,,,,,,,,,,,,,,,,,,,,,,,,,,,,,,,,,,,,,,,,,,,,,,0.2085,1.1315
VCIG,IWM,22,30,169,,,,,,,,,,,,,,,,,,,,,,,,,,,,,,,,,,,,,,,,,,,,,,0.8,10,-1.0,-1.0,-2.42,,,,,,,,,,,,,,,,0.6222,45,15.0,15.0,-4.2189,,,,,,,,,,,,,,,,,,,,,,,,,,,,,,,0.6,45,0.0,0.0,3.5607,0.6786,28,1.0,1.0,-3.7353,,,,,,,,,,,0.0136,0.1315
VCIT,IWM,14,14,231,,,,,,,,,,,,,,,,,,,,,,,,,,,,,,,,,,,,,,,,,,,,,,,,,,,,,,,,,,,,,,,,,,0.613,230,-1.0,0.0,-0.0177,,,,,,,,,,,,,,,,,,,,,,,,,,,,,,,0.6667,15,-2.0,-2.0,0.027,0.6564,163,-1.0,0.0,-0.0158,0.6667,15,-2.0,-2.0,0.044,,,,,,0.5081,0.1281
VCSH,IWM,16,16,229,,,,,,,,,,,,,,,,,,,,,,,,,,,,,,,,,,,,,,,,,,,,,,,,,,,,,,,,,,,,,,,,,,0.6743,218,-1.0,0.0,-0.0092,,,,,,0.6545,110,0.0,0.0,-0.0128,,,,,,,,,,,,,,,,,,,,,,,,,,0.6818,198,-1.0,1.0,-0.0091,0.6471,17,-2.0,-2.0,0.0473,0.6471,204,-1.0,1.0,-0.0128,0.5074,0.0574
VCX,SPY,25,33,95,,,,,,,,,,,,,,,,,,,,,,,,,,,,,,,,,,,,,,,,,,,,,,0.6923,13,0.0,0.0,-2.3633,,,,,,0.6667,21,-1.0,0.0,-5.7321,0.6364,11,-15.0,-15.0,1.1129,,,,,,,,,,,,,,,,,,,,,,,,,,,,,,,,,,,,,,,,,0.7097,31,0.0,0.0,-0.8545,,,,,,0.7188,32,0.0,0.0,-1.383,0.4168,2.2233
VCYT,IWM,17,18,193,,,,,,,,,,,,,,,,0.7,10,0.0,0.0,-1.3186,,,,,,,,,,,,,,,,,,,,,,,,,,,,,,,,,,,,,,,,,0.6071,28,-2.0,-2.0,0.2865,0.619,21,-3.0,-3.0,-0.8692,0.6667,18,2.0,2.0,0.6142,0.6296,27,-1.0,-1.0,-0.4541,,,,,,,,,,,,,,,,,,,,,,,,,,0.7143,28,1.0,1.0,-0.3515,0.8571,14,-2.0,-2.0,0.7658,0.6452,31,1.0,1.0,-0.5435,0.5754,0.7005
VEA,QQQ,30,30,236,,,,,,0.7273,11,0.0,0.0,-0.2437,,,,,,,,,,,,,,,,,,,,,,,,,,,,,,,,,,,,,,,,,,,,,,,,,,,,,,,,,,,,,,,,,,,,,,,,,,,,,,,,,,,,,,,,,,,0.6471,51,0.0,0.0,0.0676,0.6739,46,-3.0,-2.0,-0.0942,0.6111,54,1.0,2.0,0.1036,0.6522,46,-3.0,-2.0,-0.168,0.8674,0.7298
VECO,SOXX,33,33,221,,,,,,,,,,,,,,,,,,,,,,,,,,,,,,,,,,,,,,,,,,,,,,,,,,,,,,,,,,,,,,,,,,0.6667,24,0.0,1.0,-0.36,0.6087,23,-5.0,-5.0,0.755,0.7647,17,-1.0,-1.0,-0.6546,,,,,,,,,,,,,,,,,,,,,0.6471,17,4.0,4.0,0.6473,0.75,12,-5.0,-5.0,-0.7344,0.7333,15,2.0,2.0,1.0727,0.8462,13,5.0,5.0,-0.5436,0.9103,0.902
VEEA,IWM,14,22,102,,,,,,,,,,,,,,,,,,,,,,,,,,,,,,,,,,,,,,,,,,,,,,,,,,,,,,,,,,,,,0.8333,12,-15.0,-15.0,2.026,,,,,,0.7692,13,-15.0,-15.0,3.122,,,,,,,,,,,,,,,,,,,,,,,,,,0.6071,28,0.0,0.0,1.75,,,,,,0.6071,56,-1.0,0.0,1.9565,,,,,,0.1912,0.7265
VEEE,XLY,13,20,145,,,,,,,,,,,,,,,,,,,,,,,,,,,,,,,,,,,,,,,,,,,,,,,,,,,,,,,,,,,,,,,,,,,,,,,,,,,,,,,,,,,,,,,,,,,,,,,,,,,,,,,,,,,,,,,,,,,,0.6875,16,0.0,0.0,-3.6836,0.1071,0.599
VEEV,IGV,30,30,239,,,,,,,,,,,,,,,,,,,,,,,,,,,,,,,,,,,,,,,,,,,,,,,,,,,,,,,,,,,,,0.7,30,-4.0,-3.0,0.209,0.62,50,0.0,1.0,-0.2687,0.6216,37,-2.0,-2.0,0.4522,0.7,20,1.0,1.0,-0.5436,,,,,,,,,,,,,,,,,,,,,0.7931,29,-4.0,-3.0,0.2274,,,,,,0.75,16,-3.0,-3.0,0.3708,0.6154,52,-1.0,-1.0,-0.46,0.7682,0.9124
VELO,IWM,39,39,329,,,,,,,,,,,,,,,,,,,,,,,,,,,,,,,,,,,,,,,,,,,,,,,,,,,,,,,,0.6429,14,-1.0,-1.0,-4.3533,0.7273,11,-8.0,-8.0,0.8825,0.6857,35,-4.0,-3.0,-0.7429,0.8333,12,-4.0,-4.0,0.939,0.7333,15,-9.0,-9.0,-0.7773,,,,,,,,,,,,,,,,,,,,,,,,,,,,,,,,,,,,,,,,,0.8123,3.8092
VENU,SPY,12,18,155,,,,,,,,,,,,,,,,,,,,,,,,,,,,,,,,,,,,,,,,,,,,,,,,,,,,,,,,,,,,,,,,,,0.6667,27,-2.0,-1.0,-0.5406,,,,,,0.7,50,-2.0,1.0,-0.9274,,,,,,,,,,,,,,,,,,,,,,,,,,0.6466,116,-1.0,1.0,-0.6028,,,,,,0.6296,108,-1.0,0.0,-0.9326,0.2706,0.5424
VERA,XBI,18,20,217,,,,,,,,,,,,,,,,,,,,,,,,,,,,,,,,,,,,,,,,,,,,,,,,,,,,,,,,,,,,,0.7143,14,-3.0,-3.0,0.635,0.6,10,4.0,4.0,-0.3683,,,,,,0.72,25,-1.0,-1.0,-0.7206,,,,,,,,,,,,,,,,,,,,,0.625,16,2.0,2.0,0.658,0.6,15,-2.0,-2.0,-0.49,,,,,,0.6429,42,-2.0,-1.0,-0.6856,0.6127,0.8388
VERI,SPY,37,37,240,,,,,,,,,,,,,,,,,,,,,,,,,,,,,,,,,,,,,,,,,,,,,,0.7895,19,0.0,0.0,-1.8753,,,,,,0.6316,19,0.0,0.0,-2.4025,,,,,,0.7143,91,-2.0,1.0,-0.3888,,,,,,0.6667,111,-3.0,1.0,-0.6386,,,,,,,,,,,,,,,,,,,,,,,,,,0.632,125,0.0,1.0,-0.4258,,,,,,0.6347,219,-2.0,1.0,-0.763,0.4123,0.8697
VERU,IWM,18,19,110,,,,,,,,,,,,,,,,,,,,,,,,,,,,,,,,,,,,,,,,,,,,,,,,,,,,,,,,,,,,,,,,,,,,,,,,,,,,,,,,,,,,,,,,,,,,,,,,,,,,,,,,,,0.6,30,-1.0,-1.0,-0.7572,0.6111,18,0.0,0.0,1.3164,0.6957,23,1.0,1.0,-5.5969,0.5704,0.7354
VERX,IGV,14,14,206,,,,,,,,,,,,,,,,,,,,,,,,,,,,,,,,,,,,,,,,,,,,,,,,,,,,,,,,,,,,,0.6875,16,-3.0,-3.0,0.4655,0.6818,22,1.0,1.0,-0.4407,0.6316,19,2.0,2.0,0.4775,,,,,,,,,,,,,,,,,,,,,,,,,,0.6923,26,-2.0,-2.0,0.3467,0.6364,11,-4.0,-4.0,-0.2157,0.6207,29,-2.0,-2.0,0.5472,,,,,,0.7775,1.4515
VET,XLE,13,13,209,,,,,,,,,,,,,,,,,,,,,,,,,,,,,,,,,,,,,,,,,,,,,,,,,,,,,,,,,,,,,0.6364,11,-4.0,-4.0,0.16,0.6269,67,-1.0,0.0,-0.2171,,,,,,0.7222,18,-2.0,-2.0,-0.4169,,,,,,,,,,,,,,,,,,,,,,,,,,0.6591,44,1.0,2.0,-0.23,,,,,,0.6591,44,-1.0,-1.0,-0.4207,0.9363,1.9474
VEU,QQQ,20,20,230,,,,,,,,,,,,,,,,,,,,,,,,,,,,,,,,,,,,,,,,,,,,,,,,,,,,,,,,,,,,,,,,,,0.6071,28,-2.0,-2.0,-0.0876,,,,,,0.6667,39,-3.0,-2.0,-0.1592,,,,,,,,,,,,,,,,,,,,,0.6923,39,1.0,1.0,0.0596,0.6383,47,-3.0,-2.0,-0.0867,0.6226,53,1.0,2.0,0.1082,0.6739,46,-3.0,-2.0,-0.1558,0.9067,0.769
VFC,XLY,19,19,236,,,,,,,,,,,,,,,,,,,,,,,,,,,,,,,,,,,,,,,,,,,,,,,,,,,,,,,,,,,,,0.6923,13,-4.0,-4.0,0.1767,0.6,30,-3.0,-3.0,-0.2106,0.6,30,-3.0,-3.0,0.285,0.7143,21,1.0,1.0,-0.4867,,,,,,,,,,,,,,,,,,,,,0.6029,68,0.0,0.0,0.25,0.6234,77,-1.0,-1.0,-0.2229,0.8,10,-3.0,-3.0,0.4813,,,,,,0.7235,1.1271
VFF,IWM,21,22,172,,,,,,,,,,,,,,,,,,,,,,,,,,,,,,,,,,,,,,,,,,,,,,0.6364,11,0.0,0.0,-2.1314,,,,,,,,,,,,,,,,0.7167,60,0.0,2.0,-0.5074,,,,,,0.8261,23,2.0,3.0,-0.6342,,,,,,,,,,,,,,,,,,,,,,,,,,0.7097,93,-1.0,0.0,-0.3412,,,,,,0.6667,111,-2.0,0.0,-0.5112,0.6697,0.9035
VFS,IWM,21,22,115,,,,,,,,,,,,,,,,,,,,,,,,,,,,,,,,,,,,,,,,,,,,,,0.8,10,0.0,0.0,-0.9213,,,,,,0.7273,11,0.0,0.0,-0.7675,,,,,,0.6452,31,0.0,1.0,-0.278,,,,,,0.6579,38,-2.0,-1.0,-0.542,,,,,,,,,,,,,,,,,,,,,,,,,,0.6444,45,0.0,1.0,-0.3062,,,,,,0.6364,33,-1.0,-1.0,-0.429,0.549,0.8042
VG,XLE,39,39,322,,,,,,,,,,,,,,,,,,,,,,,,,,,,,,,,,,,,,,,,,,,,,,,,,,,,,,,,,,,,,0.6522,23,1.0,1.0,0.2727,0.6739,46,-4.0,-3.0,-0.2197,0.6,25,1.0,1.0,0.4933,0.6552,29,-2.0,-2.0,-0.6016,,,,,,,,,,,,,,,,,,,,,,,,,,0.6174,115,-3.0,-1.0,-0.267,0.6087,23,2.0,2.0,0.6714,,,,,,0.7718,1.8239
VGIT,IWM,25,26,228,,,,,,,,,,,,,,,,,,,,,,,,,,,,,,,,,,,,,,,,,,,,,,0.6,10,0.0,0.0,-0.0283,,,,,,,,,,,,,,,,0.6621,219,-1.0,0.0,-0.0131,,,,,,,,,,,,,,,,,,,,,,,,,,,,,,,,,,,,0.6899,158,-1.0,0.0,-0.0121,,,,,,0.6,40,1.0,1.0,-0.0217,0.3937,0.079
VGK,IWM,17,17,227,,,,,,,,,,,,,,,,,,,,,,,,,,,,,,,,,,,,,,,,,,,,,,,,,,,,,,,,,,,,,,,,,,0.7391,23,1.0,1.0,-0.0494,,,,,,0.6957,23,1.0,1.0,-0.1106,,,,,,,,,,,,,,,,,,,,,,,,,,0.631,84,-1.0,-1.0,-0.0502,,,,,,,,,,,0.6705,0.6399
VGLT,IWM,30,30,231,,,,,,,,,,,,,,,,0.7273,11,-1.0,-1.0,-0.1075,,,,,,,,,,,,,,,,,,,,,,,,,,,,,,,,,,,,,,,,,,,,,,,,,,,,,,,,,,,,,,,,,,,,,,,,,,,,,,,,,0.6875,16,-2.0,-2.0,0.0755,,,,,,0.6,40,1.0,1.0,0.0492,,,,,,0.4072,0.1828
VGSH,IWM,30,30,230,,,,,,0.6923,13,-1.0,-1.0,-0.01,,,,,,0.8462,13,-1.0,-1.0,-0.0155,,,,,,,,,,,,,,,,,,,,,,,,,,0.6429,14,0.0,0.0,-0.0111,,,,,,,,,,,,,,,,0.7361,216,-1.0,0.0,-0.0066,,,,,,0.704,223,-1.0,0.0,-0.0084,,,,,,,,,,,,,,,,,,,,,,,,,,0.7462,197,-1.0,1.0,-0.0065,,,,,,0.7277,202,-1.0,1.0,-0.0083,0.2871,0.0214
VGT,QQQ,39,39,393,,,,,,0.7,10,-2.0,-2.0,-0.4486,,,,,,,,,,,,,,,,,,,,,,,,,,,,,,,0.8,10,-1.0,-1.0,0.4725,0.75,12,0.0,0.0,-0.4022,0.8,10,-1.0,-1.0,0.7087,0.6667,12,0.0,0.0,-0.68,0.6311,122,0.0,1.0,0.1349,0.6364,22,-3.0,-3.0,-0.21,0.6188,181,0.0,2.0,0.214,,,,,,,,,,,,,,,,,,,,,,,,,,0.6107,131,0.0,1.0,0.1351,0.6471,17,-3.0,-3.0,-0.2582,0.6829,82,1.0,2.0,0.1911,0.6486,74,-3.0,-2.0,-0.2408,0.9596,1.1592
VGZ,GDX,20,20,190,,,,,,,,,,,,,,,,,,,,,,,,,,,,,,,,,,,,,,,,,,,,,,,,,,,,,,,,,,,,,0.6364,11,3.0,3.0,0.73,0.7241,29,-2.0,-1.0,-0.2652,0.7143,14,0.0,0.0,0.894,0.6667,33,1.0,2.0,-0.6123,,,,,,,,,,,,,,,,,,,,,0.6842,19,1.0,1.0,0.4969,0.675,40,2.0,3.0,-0.317,0.6471,17,0.0,0.0,1.0964,0.6905,42,2.0,3.0,-0.6034,0.8632,0.684
VHT,IWM,13,13,204,,,,,,,,,,,,,,,,,,,,,,,,,,,,,,,,,,,,,,,,,,,,,,,,,,,,,,,,,,,,,,,,,,0.6667,33,1.0,1.0,-0.0709,,,,,,0.6129,62,-1.0,-1.0,-0.1566,,,,,,,,,,,,,,,,,,,,,,,,,,,,,,,0.6364,11,-2.0,-2.0,0.12,,,,,,0.0921,0.0513
VIA,IGV,13,14,182,,,,,,,,,,,,,,,,,,,,,,,,,,,,,,,,,,,,,,,,,,,,,,,,,,,,,,,,,,,,,0.6,10,4.0,4.0,0.4633,0.6667,81,-2.0,2.0,-0.4585,0.6364,11,-4.0,-4.0,0.6343,0.8125,16,1.0,1.0,-0.9477,,,,,,,,,,,,,,,,,,,,,,,,,,0.75,36,-1.0,-1.0,-0.4867,0.65,20,-2.0,-2.0,0.8877,0.6842,38,-1.0,-1.0,-0.9315,0.6652,0.8825
VIAV,SOXX,38,38,277,,,,,,,,,,,,,,,,,,,,,,,,,,,,,,,,,,,,,,,,,,,,,,,,,,,,,,,,,,,,,0.7111,45,-7.0,-5.0,0.5363,,,,,,0.7,20,-3.0,-3.0,0.8507,,,,,,,,,,,,,,,,,,,,,,,,,,0.72,25,4.0,4.0,0.4711,0.6,15,5.0,5.0,-0.4844,0.6341,41,-2.0,-1.0,1.0569,0.7059,17,-5.0,-5.0,-0.7192,0.8943,0.798
VICI,VNQ,35,35,246,,,,,,0.6,10,-1.0,-1.0,-0.33,,,,,,0.7,10,-1.0,-1.0,-0.5643,,,,,,,,,,,,,,,,,,,,,,,,,,,,,,,,,,,,,,,,,,,,,,0.6506,83,-1.0,-1.0,-0.1046,0.6053,38,1.0,1.0,0.213,0.6154,13,2.0,2.0,-0.2575,,,,,,,,,,,,,,,,,,,,,,,,,,0.626,131,0.0,1.0,-0.1227,,,,,,0.6087,92,0.0,0.0,-0.2168,0.6284,0.7534
VICR,SOXX,32,35,194,,,,,,,,,,,,,,,,,,,,,,,,,,,,,,,,,,,,,,,,,,,,,,,,,,,,,,,,,,,,,0.6522,46,1.0,3.0,0.6393,,,,,,0.6667,27,2.0,3.0,1.0022,0.6,15,-6.0,-6.0,-0.9156,,,,,,,,,,,,,,,,,,,,,0.6429,28,4.0,5.0,0.6056,0.6,10,-5.0,-5.0,-0.3683,0.7273,11,-2.0,-2.0,0.7412,0.7273,11,-4.0,-4.0,-1.0513,0.9395,1.1167
VIDA,QQQ,11,22,54,,,,,,,,,,,,,,,,,,,,,,,,,,,,,,,,,,,,,,,,,,,,,,,,,,,,,,,,,,,,,,,,,,,,,,,,,,,,,,,,,,,,,,,,,,,,,,,,,,,,,,,,,,0.6471,17,0.0,0.0,-1.9491,,,,,,,,,,,0.5957,1.644
VIG,SPY,12,12,218,,,,,,0.7,10,0.0,0.0,-0.2557,,,,,,0.7,10,0.0,0.0,-0.2814,,,,,,,,,,,,,,,,,,,,,,,,,,,,,,,,,,,,,,,,,,,,,,,,,,,,,,,,,,,,,,,,,,,,,,,,,,,,,,,,,,,,,,,,,,,,,,,,0.6154,13,1.0,1.0,-0.0537,0.8858,0.4817
VIK,XLY,14,14,225,,,,,,,,,,,,,,,,,,,,,,,,,,,,,,,,,,,,,,,,,,,,,,,,,,,,,,,,,,,,,0.6667,12,3.0,3.0,0.21,0.6364,11,-3.0,-3.0,-0.1429,0.6667,12,3.0,3.0,0.27,,,,,,,,,,,,,,,,,,,,,,,,,,0.623,61,0.0,0.0,0.2632,,,,,,,,,,,,,,,,0.6213,0.8107
VIP,SPY,13,22,87,,,,,,,,,,,,,,,,,,,,,,,,,,,,,,,,,,,,,,,,,,,,,,,,,,,,,,,,,,,,,0.6154,13,15.0,15.0,2.2775,,,,,,0.7,10,15.0,15.0,2.68,,,,,,,,,,,,,,,,,,,,,,,,,,0.6216,37,0.0,0.0,1.3809,,,,,,,,,,,0.625,32,0.0,0.0,-1.807,0.5826,1.9397
VIR,XBI,13,13,207,,,,,,,,,,,,,,,,,,,,,,,,,,,,,,,,,,,,,,,,,,,,,,,,,,,,,,,,,,,,,0.6452,31,-1.0,-1.0,0.3075,0.6667,27,0.0,0.0,-0.3878,0.9,10,4.0,4.0,0.8533,0.675,40,-3.0,-2.0,-0.6556,,,,,,,,,,,,,,,,,,,,,,,,,,0.7895,19,2.0,2.0,-0.2787,0.6364,11,-4.0,-4.0,0.3229,0.6296,27,-1.0,-1.0,-0.6512,0.7913,0.9015
VIRT,SPY,10,10,194,,,,,,,,,,,,,,,,,,,,,,,,,,,,,,,,,,,,,,,,,,,,,,,,,,,,,,,,,,,,,0.6667,15,0.0,0.0,0.377,0.6579,38,2.0,3.0,-0.2088,0.6275,51,0.0,1.0,0.3866,0.8333,12,3.0,3.0,-0.432,,,,,,,,,,,,,,,,,,,,,,,,,,0.641,78,0.0,0.0,-0.2154,0.7273,11,-2.0,-2.0,0.2925,,,,,,0.2904,0.4501
VISN,QQQ,20,20,231,,,,,,,,,,,,,,,,,,,,,,,,,,,,,,,,,,,,,,,,,,,,,,,,,,,,,,,,,,,,,0.6316,57,0.0,0.0,0.2511,0.6226,53,-1.0,-1.0,-0.1612,,,,,,,,,,,,,,,,,,,,,,,,,,,,,,,,,,,,0.6667,12,-3.0,-3.0,-0.2262,0.6,50,0.0,0.0,0.3407,,,,,,0.8031,0.8685
VIST,XLE,15,15,197,,,,,,,,,,,,,,,,,,,,,,,,,,,,,,,,,,,,,,,,,,,,,,,,,,,,,,,,,,,,,,,,,,,,,,,0.6429,14,-2.0,-2.0,0.4767,0.6,10,-3.0,-3.0,-0.48,,,,,,,,,,,,,,,,,,,,,,,,,,0.6,40,-1.0,-1.0,-0.3021,,,,,,0.6111,18,2.0,2.0,-0.5255,0.8908,1.5448
VITL,XLP,25,25,216,,,,,,,,,,,,,,,,0.6364,11,-1.0,-1.0,-1.5029,,,,,,,,,,,,,,,,,,,,,,,,,,,,,,,,,,,,,,,,,,,,,,0.7,10,-4.0,-4.0,-0.2729,,,,,,0.6333,30,0.0,0.0,-0.5468,,,,,,,,,,,,,,,,,,,,,,,,,,,,,,,,,,,,0.7,10,2.0,2.0,-0.3629,0.3967,0.4906
VIV,SPY,33,33,206,,,,,,,,,,,,,,,,0.6667,12,-1.0,-1.0,-0.3125,,,,,,,,,,,,,,,,,,,,,0.6,15,0.0,0.0,0.4444,,,,,,,,,,,0.6111,18,0.0,0.0,-0.47,,,,,,0.6552,87,-3.0,-1.0,-0.1542,,,,,,0.6486,37,-3.0,-2.0,-0.2017,,,,,,,,,,,,,,,,,,,,,,,,,,0.6311,103,0.0,1.0,-0.1508,,,,,,0.6667,15,-2.0,-2.0,-0.318,0.3485,0.5005
VIVK,IWM,27,35,281,,,,,,,,,,,,,,,,,,,,,,,,,,,,,,,,,,,,,,,,,,,,,,0.7826,23,-1.0,0.0,-8.475,,,,,,0.6667,15,0.0,0.0,-8.463,,,,,,0.7255,51,15.0,15.0,-12.2257,0.7,10,-3.0,-3.0,2.8186,0.7083,48,15.0,15.0,-16.4365,,,,,,,,,,,,,,,,,,,,,,,,,,0.6275,102,-2.0,-1.0,-4.1094,,,,,,0.6389,36,1.0,1.0,-7.3243,0.1343,1.6473
VIVO,IWM,37,37,213,,,,,,,,,,,,,,,,,,,,,,,,,,,,,,,,,,,,,,,,,0.6154,13,-1.0,-1.0,3.2462,,,,,,,,,,,,,,,,0.6111,36,-5.0,-3.0,1.0409,0.7,10,2.0,2.0,-0.5657,0.6,20,-2.0,-2.0,1.5408,0.7273,11,-3.0,-3.0,-1.685,,,,,,,,,,,,,,,,,,,,,,,,,,0.6667,33,1.0,1.0,-0.8464,0.6032,63,0.0,0.0,1.5621,,,,,,0.8046,3.1243
VIVS,SPY,11,19,96,,,,,,,,,,,,,,,,,,,,,,,,,,,,,,,,,,,,,,,,,,,,,,,,,,,,,,,,,,,,,,,,,,,,,,,,,,,,0.6154,13,-15.0,-15.0,-0.69,,,,,,,,,,,,,,,,,,,,,,,,,,0.6739,46,0.0,0.0,-2.7565,,,,,,0.6761,71,-1.0,0.0,-2.4033,0.5138,2.619
VIXY,IWM,39,39,292,,,,,,,,,,,,,,,,,,,,,,,,,,,,,,,,,,,,,,,,,,,,,,0.6774,31,-1.0,0.0,-0.3157,,,,,,0.7692,13,-1.0,-1.0,-0.607,,,,,,0.6506,83,-3.0,-2.0,-0.1835,,,,,,0.6774,124,-3.0,-1.0,-0.3502,,,,,,,,,,,,,,,,,,,,,,,,,,0.6667,48,1.0,1.0,-0.2094,,,,,,0.6374,91,0.0,0.0,-0.3474,-0.7699,-2.1292
VKTX,XBI,35,35,246,,,,,,,,,,,,,,,,,,,,,,,,,,,,,,,,,,,,,,,,,,,,,,,,,,,,,,,,,,,,,0.6429,28,-1.0,-1.0,0.2433,0.64,25,-4.0,-3.0,-0.3688,0.6296,54,-1.0,0.0,0.5288,0.6579,38,-6.0,-4.0,-0.47,,,,,,,,,,,,,,,,,,,,,0.6,10,3.0,3.0,0.1683,0.8333,12,-4.0,-4.0,-0.153,0.6087,23,2.0,2.0,0.885,0.6522,23,-4.0,-3.0,-0.3767,0.771,0.8432
VLN,SOXX,37,38,235,,,,,,,,,,,,,,,,,,,,,,,,,,,,,,,,,,,,,,,,,,,,,,,,,,,,,,,,,,,,,0.65,20,-3.0,-3.0,1.0431,0.7037,27,2.0,3.0,-0.6421,0.6154,13,1.0,1.0,1.2663,0.7222,18,-4.0,-4.0,-0.6838,,,,,,,,,,,,,,,,,,,,,0.6364,11,-3.0,-3.0,0.5686,,,,,,0.6667,21,4.0,4.0,1.1243,0.6522,23,-1.0,-1.0,-1.416,0.8897,0.7665
VLO,XLE,26,26,238,,,,,,,,,,,,,,,,,,,,,,,,,,,,,,,,,,,,,,,,,,,,,,,,,,,,,,,,,,,,,0.6279,43,-3.0,-2.0,0.2685,0.6857,35,3.0,4.0,-0.2279,0.6585,41,2.0,3.0,0.37,,,,,,,,,,,,,,,,,,,,,,,,,,0.8,10,-3.0,-3.0,0.295,0.6216,37,1.0,1.0,-0.1709,0.619,21,2.0,2.0,0.3631,,,,,,0.8474,1.2588
VLUE,QQQ,10,10,223,,,,,,,,,,,,,,,,,,,,,,,,,,,,,,,,,,,,,,,,,,,,,,,,,,,,,,,,,,,,,0.6667,12,3.0,3.0,0.2812,,,,,,,,,,,,,,,,,,,,,,,,,,,,,,,,,,,,0.6216,37,1.0,1.0,0.2074,,,,,,0.6,10,2.0,2.0,0.185,0.6364,11,-3.0,-3.0,-0.2071,0.8531,0.9481
VLY,KRE,20,20,228,,,,,,,,,,,0.7273,11,-1.0,-1.0,0.7225,,,,,,,,,,,,,,,,,,,,,,,,,,,,,,,,,,,,,,,,,,,,,,,,,,,,,,,,,,,,,0.7037,27,-2.0,-2.0,-0.1995,,,,,,,,,,,,,,,,,,,,,0.6667,12,-3.0,-3.0,0.1763,0.6136,88,0.0,0.0,-0.1452,,,,,,0.7083,24,-2.0,-2.0,-0.2953,0.6232,0.7576
VMAR,SPY,27,37,258,,,,,,,,,,,,,,,,,,,,,,,,,,,,,,,,,,,,,,,,,0.6,15,0.0,0.0,24.7122,0.7,10,-1.0,-1.0,-2.7014,,,,,,,,,,,0.6,20,-15.0,-15.0,1.225,0.8462,13,0.0,0.0,-1.3391,,,,,,0.8462,13,0.0,0.0,-2.14,,,,,,,,,,,,,,,,,,,,,0.6,10,1.0,1.0,1.84,0.6066,183,-1.0,0.0,-2.4297,,,,,,0.6667,12,-2.0,-2.0,-1.875,0.0299,0.251
VMET,SPY,11,16,78,,,,,,,,,,,,,,,,,,,,,,,,,,,,,,,,,,,,,,,,,,,,,,,,,,,,,,,,,,,,,,,,,,,,,,,,,,,,,,,,,,,,,,,,,,,,,,,,,,,,,0.6429,28,-1.0,-1.0,0.4589,,,,,,0.6,20,0.0,0.0,0.7367,0.75,24,-1.0,-1.0,-0.3733,0.588,1.3858
VNDA,XBI,20,21,181,,,,,,,,,,,,,,,,0.8,10,0.0,0.0,-1.3925,,,,,,,,,,,,,,,,,,,,,,,,,,,,,,,,,,,,,,,,,,,,,,0.6977,43,-2.0,-1.0,-0.2737,0.8182,11,2.0,2.0,0.4178,0.6316,19,-2.0,-2.0,-0.5083,,,,,,,,,,,,,,,,,,,,,,,,,,0.6739,92,0.0,2.0,-0.2424,0.6,20,-1.0,-1.0,0.2842,0.6129,31,1.0,1.0,-0.4174,0.6375,0.5387
VNET,KWEB,30,30,235,,,,,,,,,,,,,,,,,,,,,,,,,,,,,,,,,,,,,,,,,,,,,,,,,,,,,,,,,,,,,,,,,,0.7385,65,-1.0,1.0,-0.3625,0.6,30,-2.0,-2.0,0.4611,0.6613,62,-5.0,-3.0,-0.4902,,,,,,,,,,,,,,,,,,,,,,,,,,0.6667,60,-1.0,-1.0,-0.3302,0.6818,22,-3.0,-3.0,0.454,0.6571,105,0.0,3.0,-0.5239,0.7205,0.8892
VNM,IWM,17,19,145,,,,,,,,,,,,,,,,,,,,,,,,,,,,,,,,,,,,,,,,,,,,,,,,,,,,,,,,,,,,,,,,,,0.6452,62,-1.0,0.0,-0.055,,,,,,,,,,,,,,,,,,,,,,,,,,,,,,,,,,,,0.6386,83,-1.0,0.0,-0.0609,,,,,,,,,,,0.3396,0.386
VNOM,XLE,15,15,226,,,,,,,,,,,,,,,,,,,,,,,,,,,,,,,,,,,,,,,,,,,,,,,,,,,,,,,,,,,,,0.6,15,2.0,2.0,0.1156,,,,,,0.6364,22,-2.0,-2.0,0.1643,,,,,,,,,,,,,,,,,,,,,,,,,,0.6,10,-3.0,-3.0,0.1583,0.6,20,2.0,2.0,-0.1342,0.6,10,-3.0,-3.0,0.2133,,,,,,0.8579,0.8369
VNQ,IWM,17,17,233,,,,,,,,,,,,,,,,,,,,,,,,,,,,,,,,,,,,,,,,,,,,,,,,,,,,,,,,,,,,,,,,,,0.6486,37,1.0,1.0,-0.0725,,,,,,,,,,,,,,,,,,,,,,,,,,,,,,,,,,,,0.6118,85,-1.0,-1.0,-0.08,,,,,,,,,,,0.3923,0.1752
VNRX,SPY,15,23,61,,,,,,,,,,,,,,,,,,,,,,,,,,,,,,,,,,,,,,,,,,,,,,,,,,,,,,,,,,,,,,,,,,,,,,,,,,,,,,,,,,,,,,,,,,,,,,,,,,,,,,,,,,0.6923,39,-1.0,0.0,-0.9219,,,,,,0.7097,31,-1.0,0.0,-1.8205,0.2141,0.6761
VO,IWM,15,15,231,,,,,,,,,,,,,,,,,,,,,,,,,,,,,,,,,,,,,,,,,,,,,,,,,,,,,,,,,,,,,,,,,,0.7368,19,1.0,1.0,-0.0779,,,,,,,,,,,,,,,,,,,,,,,,,,,,,,,,,,,,,,,,,,,,,,,,,,,0.8734,0.5659
VOD,IWM,33,33,244,0.6,10,-1.0,-1.0,0.3533,,,,,,,,,,,,,,,,,,,,,,,,,,,,,,,,,,,,,,,,,0.6667,12,-1.0,-1.0,-0.3688,,,,,,,,,,,,,,,,0.875,16,-3.0,-3.0,-0.0664,,,,,,0.6875,16,1.0,1.0,-0.1545,,,,,,,,,,,,,,,,,,,,,,,,,,0.6585,41,1.0,1.0,-0.1093,,,,,,0.8,15,-2.0,-2.0,-0.0742,-0.0873,-0.146
VOLT,QQQ,13,15,135,,,,,,,,,,,,,,,,,,,,,,,,,,,,,,,,,,,,,,,,,,,,,,,,,,,,,,,,,,,,,,,,,,0.6667,12,-3.0,-3.0,-0.1538,0.8667,15,-2.0,-2.0,0.4477,0.75,16,-1.0,-1.0,-0.41,,,,,,,,,,,,,,,,,,,,,,,,,,0.6,20,0.0,0.0,-0.2133,,,,,,,,,,,0.9138,0.9729
VONG,QQQ,13,13,218,,,,,,,,,,,,,,,,,,,,,,,,,,,,,,,,,,,,,,,,,,,,,,,,,,,,,,,,,,,,,0.6207,58,0.0,0.0,0.0978,,,,,,0.625,56,0.0,0.0,0.1434,,,,,,,,,,,,,,,,,,,,,,,,,,0.642,81,0.0,1.0,0.0887,0.6,30,-2.0,-2.0,-0.1061,0.6522,46,0.0,0.0,0.1563,0.6364,33,-2.0,-2.0,-0.1681,0.8952,0.5282
VOO,SPY,39,39,618,0.6,15,-1.0,-1.0,0.0933,,,,,,,,,,,,,,,,,,,,,,,,,,,,,,,,,,,,0.6,15,-1.0,-1.0,0.0933,,,,,,,,,,,,,,,,,,,,,,,,,,,,,,,,,,,,,,,,,,,,,,,,,,,,,,,,,,,,,0.6,35,-2.0,-2.0,-0.0757,,,,,,,,,,,0.9979,0.9839
VOOG,QQQ,38,38,260,,,,,,0.6429,14,0.0,0.0,-0.2333,,,,,,0.7143,14,0.0,0.0,-0.277,,,,,,,,,,,,,,,,,,,,,,,,,,,,,,,,,,,,0.6667,12,0.0,0.0,-0.3725,,,,,,0.6667,33,-2.0,-2.0,-0.1095,0.6024,83,0.0,0.0,0.1762,,,,,,,,,,,,,,,,,,,,,,,,,,0.6429,14,2.0,2.0,0.0644,0.6531,49,-3.0,-2.0,-0.1141,0.6429,56,0.0,0.0,0.1867,0.6111,36,-2.0,-2.0,-0.165,0.956,0.7125
VOR,XBI,21,21,191,,,,,,,,,,,,,,,,,,,,,,,,,,,,,,,,,,,,,,,,,,,,,,,,,,,,,,,,,,,,,0.7083,24,2.0,3.0,0.5335,0.6562,32,-1.0,0.0,-0.5043,0.6667,12,-6.0,-6.0,0.8025,0.6444,45,-3.0,-1.0,-0.8369,,,,,,,,,,,,,,,,,,,,,,,,,,0.6364,22,-1.0,-1.0,-0.3371,0.6667,36,1.0,1.0,1.3825,0.68,25,-1.0,-1.0,-0.7194,0.7335,0.7856
VOXR,GDX,11,13,138,,,,,,,,,,,,,,,,,,,,,,,,,,,,,,,,,,,,,,,,,,,,,,,,,,,,,,,,,,,,,0.7,10,-1.0,-1.0,0.52,0.6154,26,1.0,2.0,-0.4975,,,,,,0.6,15,-3.0,-3.0,-0.22,,,,,,,,,,,,,,,,,,,,,0.8333,12,1.0,1.0,0.343,0.7647,17,2.0,2.0,-0.5892,0.6429,14,1.0,1.0,0.4933,,,,,,0.8291,0.5642
VOYG,ITA,35,35,263,,,,,,,,,,,,,,,,,,,,,,,,,,,,,,,,,,,,,,,,,,,,,,,,,,,,,,,,,,,,,0.6522,23,-7.0,-6.0,0.3847,0.7273,11,-8.0,-8.0,-0.6512,0.7647,17,3.0,3.0,0.7985,0.7273,11,-8.0,-8.0,-0.9313,,,,,,,,,,,,,,,,,,,,,0.6452,31,1.0,1.0,0.933,0.6667,21,2.0,2.0,-0.5643,0.7097,31,1.0,1.0,1.085,0.6591,44,-1.0,-1.0,-0.71,0.6324,1.9204
VPG,SMH,21,24,157,,,,,,,,,,,,,,,,,,,,,,,,,,,,,,,,,,,,,,,,,,,,,,,,,,,,,,,,,,,,,0.75,12,-3.0,-3.0,1.1122,,,,,,0.7,10,-2.0,-2.0,1.4529,,,,,,,,,,,,,,,,,,,,,,,,,,0.6957,23,-1.0,0.0,0.735,0.6364,11,1.0,1.0,-0.6986,0.6,10,-2.0,-2.0,0.8583,0.8333,12,-4.0,-4.0,-0.758,0.9206,1.0863
VRAX,SPY,28,36,181,,,,,,,,,,,,,,,,,,,,,,,,,,,,,,,,,,,,,,,,,0.8,10,-1.0,-1.0,2.6587,,,,,,0.6,10,-1.0,-1.0,38.1133,0.7,10,0.0,0.0,-4.2214,,,,,,,,,,,,,,,,,,,,,,,,,,,,,,,,,,,,,,,,,,,,,,,,,,,,,,,,,,,,,0.1497,0.8471
VRDN,XBI,18,18,218,,,,,,,,,,,,,,,,,,,,,,,,,,,,,,,,,,,,,,,,,,,,,,,,,,,,,,,,,,,,,,,,,,0.725,40,-4.0,-2.0,-0.2759,,,,,,0.6087,23,1.0,1.0,-0.7057,,,,,,,,,,,,,,,,,,,,,,,,,,0.6667,45,-2.0,-1.0,-0.257,,,,,,0.6786,28,2.0,3.0,-0.6247,0.9022,1.1477
VRNS,IGV,22,22,220,,,,,,,,,,,,,,,,,,,,,,,,,,,,,,,,,,,,,,,,,,,,,,,,,,,,,,,,,,,,,0.75,24,-2.0,-2.0,0.4661,,,,,,0.6,25,-2.0,-2.0,0.5,0.6,15,-3.0,-3.0,-0.52,,,,,,,,,,,,,,,,,,,,,0.6667,36,1.0,2.0,0.3613,,,,,,0.6286,35,-2.0,-2.0,0.5677,0.6098,41,-1.0,-1.0,-0.47,0.7839,0.9138
VRRM,SPY,32,32,282,,,,,,0.6154,13,0.0,0.0,-1.2725,,,,,,,,,,,,,,,,,,,,,,,,,,,,,,,0.75,12,-1.0,-1.0,2.6522,0.75,16,0.0,0.0,-2.5317,0.8462,13,-1.0,-1.0,3.4264,0.6875,16,0.0,0.0,-2.72,0.7273,11,-5.0,-5.0,0.4587,0.7297,37,1.0,2.0,-0.3041,0.6111,36,0.0,0.0,0.4914,0.7308,26,-15.0,-15.0,-0.8663,,,,,,,,,,,,,,,,,,,,,,,,,,0.6174,149,0.0,1.0,-0.7502,,,,,,0.7143,14,1.0,1.0,-0.36,0.1773,0.3186
VRT,QQQ,39,39,485,,,,,,,,,,,,,,,,,,,,,,,,,,,,,,,,,,,,,,,,,0.8182,11,-1.0,-1.0,1.6,,,,,,,,,,,0.7273,11,0.0,0.0,-1.3025,0.6765,34,-2.0,-2.0,0.3091,0.6765,34,4.0,4.0,-0.2552,0.6234,77,2.0,3.0,0.5031,0.6857,35,-5.0,-4.0,-0.6863,,,,,,,,,,,,,,,,,,,,,0.6186,118,-1.0,-1.0,0.3608,,,,,,0.6667,21,2.0,2.0,0.3093,,,,,,0.8493,2.1708
VRTL,QQQ,22,30,74,,,,,,,,,,,,,,,,,,,,,,,,,,,,,,,,,,,,,,,,,,,,,,,,,,,,,,,,,,,,,,,,,,,,,,,,,,,,,,,,,,,,,,,,,,,,,,,,,,,,,0.7333,15,-1.0,-1.0,1.0136,,,,,,,,,,,0.6154,13,-1.0,-1.0,-1.1525,0.8384,4.477
VRTX,IBB,21,21,234,0.6364,11,0.0,0.0,0.8314,,,,,,,,,,,,,,,,,,,,,,,,,,,,,,,,,,,,,,,,,,,,,,,,,,,,,,,,,,,,,0.6154,39,1.0,1.0,-0.1971,,,,,,0.6429,28,-2.0,-2.0,-0.3039,,,,,,,,,,,,,,,,,,,,,,,,,,0.6667,27,2.0,2.0,-0.22,,,,,,0.6154,26,2.0,2.0,-0.2844,0.3695,0.5015
VRXA,SPY,15,21,94,,,,,,,,,,,,,,,,,,,,,,,,,,,,,,,,,,,,,,,,,,,,,,,,,,,,,,,,,,,,,,,,,,0.7143,14,-15.0,-15.0,-1.379,,,,,,0.7368,19,-15.0,-15.0,-1.9543,,,,,,,,,,,,,,,,,,,,,,,,,,0.7188,64,-1.0,0.0,-1.6413,,,,,,0.6667,63,-1.0,0.0,-3.0252,0.0892,0.6781
VSAT,QQQ,30,30,240,,,,,,,,,,,,,,,,,,,,,,,,,,,,,,,,,,,,,,,,,,,,,,,,,,,,,,,,,,,,,0.6111,18,-3.0,-3.0,0.4545,0.7647,17,0.0,0.0,-0.32,0.75,12,-5.0,-5.0,0.6122,0.6,15,1.0,1.0,-0.91,,,,,,,,,,,,,,,,,,,,,,,,,,,,,,,0.6154,39,1.0,1.0,1.0846,,,,,,0.8527,1.5987
VSEE,QQQ,23,34,152,,,,,,,,,,,,,,,,,,,,,,,,,,,,,,,,,,,,,,,,,,,,,,,,,,,,,,,,,,,,,,,,,,,,,,,0.6,10,-7.0,-7.0,1.8217,,,,,,,,,,,,,,,,,,,,,,,,,,,,,,,0.6471,34,-1.0,-1.0,-1.2555,,,,,,0.8333,12,-2.0,-2.0,-1.201,0.0791,0.1352
VSH,SOXX,37,37,331,,,,,,,,,,,,,,,,,,,,,,,,,,,,,,,,,,,,,,,,,,,,,,,,,,,,,,,,,,,,,0.7308,26,3.0,4.0,0.5337,0.65,20,-4.0,-4.0,-0.5769,0.641,39,0.0,1.0,0.892,0.7143,14,2.0,2.0,-0.822,,,,,,,,,,,,,,,,,,,,,0.7857,28,4.0,4.0,0.5868,0.625,24,0.0,0.0,-0.452,0.8095,21,2.0,2.0,1.0665,0.6667,15,5.0,5.0,-0.691,0.9103,1.1031
VSME,KWEB,11,19,116,,,,,,,,,,,,,,,,,,,,,,,,,,,,,,,,,,,,,,,,,,,,,,,,,,,,,,,,,,,,,,,,,,,,,,,,,,,,0.6111,18,-15.0,-15.0,-2.98,,,,,,,,,,,,,,,,,,,,,,,,,,,,,,,0.6486,37,-1.0,0.0,10.9783,0.8095,21,-3.0,-2.0,-2.8447,0.2364,1.0554
VSNT,KWEB,15,16,215,,,,,,,,,,,,,,,,,,,,,,,,,,,,,,,,,,,,,,,,,,,,,,,,,,,,,,,,,,,,,,,,,,0.6271,59,-3.0,-2.0,-0.2541,,,,,,0.6667,24,-3.0,-3.0,-0.3888,,,,,,,,,,,,,,,,,,,,,,,,,,0.6591,44,-3.0,-2.0,-0.1817,,,,,,0.6038,53,-1.0,-1.0,-0.3116,0.1173,0.0412
VST,SPY,39,39,302,0.9,10,1.0,1.0,1.6422,,,,,,0.9,10,1.0,1.0,2.1278,,,,,,,,,,,,,,,,,,,,,,,,,,0.6571,35,-1.0,0.0,1.2404,,,,,,0.8,20,0.0,0.0,1.4,,,,,,0.6452,31,2.0,2.0,0.353,0.75,24,-3.0,-3.0,-0.1578,0.75,32,2.0,2.0,0.3854,0.6486,37,3.0,4.0,-0.5158,,,,,,,,,,,,,,,,,,,,,,,,,,,,,,,0.6875,16,1.0,1.0,0.3827,0.6667,18,-2.0,-2.0,-0.3183,0.716,1.7466
VSTL,QQQ,10,15,23,,,,,,,,,,,,,,,,,,,,,,,,,,,,,,,,,,,,,,,,,,,,,,,,,,,,,,,,,,,,,,,,,,,,,,,,,,,,,,,,,,,,,,,,,,,,,,,,,,,,,,,,,,,,,,,,,,,,,,,,,0.7905,2.1267
VSTM,XBI,26,26,227,,,,,,0.7,10,0.0,0.0,-1.9214,,,,,,0.6,10,0.0,0.0,-1.29,,,,,,,,,,,,,,,,,,,,,,,,,,,,,,,,,,,,,,,,,,,,,,0.641,39,1.0,2.0,-0.5512,0.6364,11,-5.0,-5.0,2.4514,0.6452,31,3.0,4.0,-1.014,,,,,,,,,,,,,,,,,,,,,0.6818,22,-4.0,-3.0,0.496,0.7619,21,2.0,2.0,-0.7538,0.6667,12,-4.0,-4.0,0.9112,0.6818,22,2.0,2.0,-1.1687,0.5818,0.6011
VSXY,IWM,18,18,220,,,,,,,,,,,,,,,,,,,,,,,,,,,,,,,,,,,,,,,,,,,,,,,,,,,,,,,,,,,,,0.64,25,-2.0,-2.0,0.2619,0.6429,14,4.0,4.0,-0.4411,0.8,10,-4.0,-4.0,0.4088,0.6667,15,4.0,4.0,-0.743,,,,,,,,,,,,,,,,,,,,,0.6,15,-2.0,-2.0,0.6678,,,,,,0.75,16,-2.0,-2.0,0.6833,0.6053,38,1.0,1.0,-0.7274,0.6555,1.4763
VT,SPY,30,30,253,,,,,,0.7333,15,0.0,0.0,-0.2155,,,,,,0.6667,15,0.0,0.0,-0.367,,,,,,,,,,,,,,,,,,,,,,,,,,0.6429,14,0.0,0.0,-0.1978,,,,,,0.6667,12,-1.0,-1.0,-0.3563,,,,,,,,,,,,,,,,0.619,21,-2.0,-2.0,-0.1408,,,,,,,,,,,,,,,,,,,,,,,,,,,,,,,0.6471,17,1.0,1.0,0.0736,0.6,15,-2.0,-2.0,-0.1811,0.9568,1.1635
VTAK,IHI,20,26,249,,,,,,,,,,,,,,,,,,,,,,,,,,,,,,,,,,,,,,,,,,,,,,,,,,,,,,,,,,,,,,,,,,0.6,50,-15.0,-15.0,-1.4007,,,,,,0.6232,69,15.0,15.0,-7.2523,,,,,,,,,,,,,,,,,,,,,0.6667,12,-1.0,-1.0,0.695,0.6429,28,1.0,1.0,-2.605,,,,,,0.6111,18,0.0,0.0,-2.2773,0.0958,1.0637
VTEB,IWM,17,17,231,,,,,,0.7,10,0.0,0.0,-0.2486,,,,,,0.8,10,0.0,0.0,-0.2325,,,,,,,,,,,,,,,,,,,,,,,,,,,,,,,,,,,,,,,,,,,,,,0.7175,223,-1.0,0.0,-0.0118,,,,,,0.6368,223,-1.0,0.0,-0.0163,,,,,,,,,,,,,,,,,,,,,,,,,,0.7222,216,-2.0,1.0,-0.011,,,,,,0.645,200,-1.0,1.0,-0.0157,0.6967,0.0944
VTGN,XBI,22,27,146,,,,,,,,,,,,,,,,,,,,,,,,,,,,,,,,,,,,,,,,,,,,,,,,,,,,,,,,,,,,,,,,,,0.6,10,-15.0,-15.0,-0.4767,,,,,,0.6,15,-2.0,-2.0,-1.0456,,,,,,,,,,,,,,,,,,,,,,,,,,,,,,,,,,,,,,,,,0.267,0.6442
VTI,SPY,39,39,309,0.6,15,-1.0,-1.0,0.12,,,,,,0.6,35,-1.0,0.0,0.1733,,,,,,,,,,,,,,,,,,,,,,,,,,0.625,16,-1.0,-1.0,0.094,,,,,,0.625,16,-1.0,-1.0,0.201,,,,,,0.619,21,1.0,1.0,0.0731,,,,,,0.6,130,0.0,0.0,0.1037,,,,,,,,,,,,,,,,,,,,,,,,,,0.6111,18,1.0,1.0,0.0645,0.6,20,-2.0,-2.0,-0.0858,,,,,,,,,,,0.9905,0.9431
VTIP,QQQ,17,17,226,,,,,,0.6154,13,0.0,0.0,-0.0175,,,,,,0.6667,12,0.0,0.0,-0.0338,,,,,,,,,,,,,,,,,,,,,,,,,,,,,,,,,,,,,,,,,,,,,,0.7317,205,-1.0,0.0,-0.008,,,,,,0.6748,123,0.0,0.0,-0.0112,,,,,,,,,,,,,,,,,,,,,,,,,,0.725,200,-3.0,2.0,-0.0083,,,,,,0.6765,102,-2.0,-1.0,-0.0119,0.3294,0.0134
VTIX,IWM,15,24,70,,,,,,,,,,,,,,,,,,,,,,,,,,,,,,,,,,,,,,,,,,,,,,,,,,,,,,,,,,,,,,,,,,,,,,,,,,,,,,,,,,,,,,,,,,,,,,,,,,,,,0.6111,18,-1.0,-1.0,1.5391,0.6316,19,0.0,0.0,-1.7808,,,,,,0.7222,18,-1.0,-1.0,-1.8708,0.5241,1.1688
VTRS,IBB,24,24,234,0.75,12,0.0,0.0,0.77,,,,,,0.6667,12,0.0,0.0,0.9537,,,,,,,,,,,,,,,,,,,,,,,,,,,,,,,,,,,,,,,,,,,,,,,,,,,0.6364,11,-3.0,-3.0,-0.23,,,,,,,,,,,,,,,,,,,,,,,,,,,,,,,,,,,,,,,,,,,,,,0.6667,21,-2.0,-2.0,-0.2986,0.4677,0.4346
VTV,IWM,18,18,234,,,,,,,,,,,,,,,,,,,,,,,,,,,,,,,,,,,,,,,,,,,,,,,,,,,,,,,,,,,,,,,,,,0.7,10,1.0,1.0,-0.08,0.6364,11,1.0,1.0,0.1757,,,,,,,,,,,,,,,,,,,,,,,,,,,,,,,,,,,,,,,,,,,,,,0.7968,0.3911
VTWO,IWM,33,33,240,0.6875,16,0.0,0.0,0.3273,,,,,,0.625,16,0.0,0.0,0.464,,,,,,,,,,,,,,,,,,,,,,,,,,0.7059,17,0.0,0.0,0.3617,,,,,,0.6471,17,0.0,0.0,0.4582,,,,,,0.625,16,-2.0,-2.0,0.189,,,,,,,,,,,,,,,,,,,,,,,,,,,,,,,,,,,,0.6,15,-2.0,-2.0,0.2022,,,,,,,,,,,,,,,,0.9795,0.9581
VUG,SPY,39,39,269,,,,,,0.7059,17,0.0,0.0,-0.2917,,,,,,,,,,,,,,,,,,,,,,,,,,,,,,,,,,,,0.6,35,-1.0,0.0,-0.3224,,,,,,,,,,,0.6111,108,0.0,1.0,0.092,,,,,,0.6585,82,0.0,0.0,0.1533,,,,,,,,,,,,,,,,,,,,,,,,,,0.6271,118,0.0,0.0,0.0907,,,,,,0.6316,19,1.0,1.0,0.1333,,,,,,0.9532,1.2538
VUSB,IWM,22,25,205,,,,,,,,,,,,,,,,,,,,,,,,,,,,,,,,,,,,,,,,,,,,,,0.7273,11,0.0,0.0,-0.0138,,,,,,,,,,,,,,,,0.7143,182,-1.0,0.0,-0.0053,,,,,,0.7207,179,-1.0,0.0,-0.0057,,,,,,,,,,,,,,,,,,,,,,,,,,0.7102,176,-2.0,1.0,-0.0047,,,,,,0.7184,174,-2.0,1.0,-0.0056,0.2813,0.0106
VUZI,QQQ,35,35,216,,,,,,,,,,,,,,,,,,,,,,,,,,,,,,,,,,,,,,,,,,,,,,0.6667,12,0.0,0.0,-2.3,,,,,,,,,,,0.7273,11,3.0,3.0,0.5437,0.9167,12,-2.0,-2.0,-0.8155,0.6316,19,-5.0,-5.0,0.975,0.7632,38,-2.0,0.0,-1.0024,,,,,,,,,,,,,,,,,,,,,0.6,10,2.0,2.0,0.5617,0.7879,33,-3.0,-2.0,-0.4569,,,,,,0.7895,38,-3.0,-2.0,-0.7827,0.7536,1.1507
VVOS,SPY,13,24,52,,,,,,,,,,,,,,,,,,,,,,,,,,,,,,,,,,,,,,,,,,,,,,,,,,,,,,,,,,,,,,,,,,0.6,10,15.0,15.0,-8.1767,,,,,,0.6,10,15.0,15.0,-16.47,,,,,,,,,,,,,,,,,,,,,0.6111,18,0.0,0.0,1.0009,,,,,,,,,,,0.8182,11,-1.0,-1.0,-1.3156,0.2858,1.4154
VWAV,SPY,35,37,200,,,,,,,,,,,,,,,,,,,,,,,,,,,,,,,,,,,,,,,,,,,,,,0.7419,31,-1.0,0.0,-2.777,,,,,,0.6897,29,-1.0,0.0,-3.327,0.6,20,-5.0,-4.0,1.0708,0.6,10,-6.0,-6.0,-0.7433,0.7,10,-4.0,-4.0,0.6129,0.6429,14,1.0,1.0,-1.3722,,,,,,,,,,,,,,,,,,,,,,,,,,0.8,10,-2.0,-2.0,-0.6262,0.7,10,1.0,1.0,0.81,0.7059,17,-2.0,-2.0,-1.0325,0.5516,1.7978
VWO,QQQ,21,21,239,,,,,,0.6,10,0.0,0.0,-0.3883,,,,,,0.6,10,0.0,0.0,-0.4133,,,,,,,,,,,,,,,,,,,,,,,,,,,,,,,,,,,,,,,,,0.626,123,0.0,1.0,0.0843,,,,,,,,,,,,,,,,,,,,,,,,,,,,,,,,,,,,0.6321,106,0.0,2.0,0.0881,0.6596,47,-3.0,-2.0,-0.0897,,,,,,0.6,35,-2.0,-2.0,-0.1633,0.803,0.7432
VXUS,QQQ,38,38,259,,,,,,0.6296,27,-1.0,0.0,-0.2635,,,,,,0.6667,27,-1.0,0.0,-0.2978,,,,,,,,,,,,,,,,,,,,,,,,,,0.75,12,0.0,0.0,-0.2278,,,,,,0.75,12,0.0,0.0,-0.2367,,,,,,0.6,10,-3.0,-3.0,-0.1183,,,,,,0.6579,38,-3.0,-2.0,-0.1968,,,,,,,,,,,,,,,,,,,,,0.6216,111,0.0,2.0,0.0878,0.75,12,-3.0,-3.0,-0.0844,0.6429,14,2.0,2.0,0.1278,0.6538,52,-3.0,-2.0,-0.1924,0.9015,0.7572
VXX,IWM,39,39,355,,,,,,,,,,,,,,,,,,,,,,,,,,,,,,,,,,,,,,,,,,,,,,0.7,30,-1.0,0.0,-0.3148,,,,,,0.7692,13,-1.0,-1.0,-0.569,0.6429,14,4.0,4.0,0.5867,0.6383,141,-3.0,-1.0,-0.2453,0.72,25,3.0,4.0,0.6867,0.7192,146,-3.0,-1.0,-0.3204,,,,,,,,,,,,,,,,,,,,,,,,,,0.6263,99,0.0,0.0,-0.2634,,,,,,0.6916,107,0.0,0.0,-0.338,-0.7325,-2.076
VYM,SPY,26,26,230,,,,,,,,,,,,,,,,,,,,,,,,,,,,,,,,,,,,,,,,,,,,,,,,,,,0.6,10,-1.0,-1.0,0.2683,,,,,,,,,,,,,,,,,,,,,,,,,,,,,,,,,,,,,,,,,,,,,,,,,,,,,,,,,,,,,0.6,15,-2.0,-2.0,-0.0922,0.75,0.3898
VYMI,IWM,15,15,225,,,,,,,,,,,,,,,,,,,,,,,,,,,,,,,,,,,,,,,,,,,,,,,,,,,,,,,,,,,,,,,,,,0.7143,14,-2.0,-2.0,-0.061,0.6,15,-2.0,-2.0,0.0956,0.7692,13,1.0,1.0,-0.112,,,,,,,,,,,,,,,,,,,,,,,,,,,,,,,,,,,,,,,,,0.7366,0.5972
VYNE,XBI,10,14,62,,,,,,,,,,,,,,,,,,,,,,,,,,,,,,,,,,,,,,,,,,,,,,,,,,,,,,,,,,,,,,,,,,,,,,,,,,,,,,,,,,,,,,,,,,,,,,,,,,,,,,,,,,0.6,10,0.0,0.0,-2.9017,,,,,,,,,,,0.3595,0.6059
VYX,SPY,28,28,228,,,,,,,,,,,,,,,,,,,,,,,,,,,,,,,,,,,,,,,,,,,,,,,,,,,0.6667,15,0.0,0.0,1.169,,,,,,,,,,,0.6471,102,0.0,3.0,-0.4091,0.6136,44,1.0,1.0,0.7326,0.6875,32,2.0,3.0,-0.9523,,,,,,,,,,,,,,,,,,,,,,,,,,0.6494,77,-1.0,-1.0,-0.403,,,,,,0.6667,15,1.0,1.0,-0.929,0.0927,0.2076
VZ,KWEB,39,39,314,0.6176,34,-1.0,0.0,0.8076,,,,,,0.6875,16,0.0,0.0,0.9609,0.6111,18,-1.0,-1.0,-1.08,,,,,,,,,,,,,,,,,,,,,,,,,,,,,,,,,,,,,,,,,0.6552,29,-2.0,-2.0,0.1089,0.6349,63,1.0,2.0,-0.1137,0.6333,30,-2.0,-2.0,0.3295,0.7083,24,2.0,2.0,-0.1788,,,,,,,,,,,,,,,,,,,,,,,,,,0.6842,19,3.0,3.0,-0.1369,,,,,,0.6122,49,0.0,0.0,-0.246,-0.1872,-0.0829
VZLA,GDX,38,38,235,,,,,,,,,,,,,,,,,,,,,,,,,,,,,,,,,,,,,,,,,,,,,,,,,,,,,,,,,,,,,,,,,,0.7407,27,-6.0,-5.0,-0.27,0.6667,21,2.0,2.0,0.8143,0.7333,15,-5.0,-5.0,-0.4891,,,,,,,,,,,,,,,,,,,,,,,,,,0.7647,51,-3.0,-2.0,-0.3672,0.6176,34,2.0,2.0,0.6748,0.66,50,-3.0,-2.0,-0.6176,0.904,0.86
W,IWM,18,18,231,,,,,,,,,,,,,,,,,,,,,,,,,,,,,,,,,,,,,,,,,,,,,,,,,,,,,,,,,,,,,,,,,,0.619,63,-1.0,0.0,-0.2797,0.6,15,3.0,3.0,0.69,0.76,25,-4.0,-3.0,-0.4942,,,,,,,,,,,,,,,,,,,,,,,,,,0.7333,15,-2.0,-2.0,-0.2091,,,,,,0.6163,86,-1.0,-1.0,-0.5013,0.7303,1.6253
WARP,IWM,10,13,61,,,,,,,,,,,,,,,,,,,,,,,,,,,,,,,,,,,,,,,,,,,,,,,,,,,,,,,,,,,,,,,,,,,,,,,0.6,10,1.0,1.0,0.6817,,,,,,,,,,,,,,,,,,,,,,,,,,,,,,,0.6,10,1.0,1.0,-0.46,,,,,,,,,,,0.6836,1.6451
WATT,XLI,12,17,77,,,,,,,,,,,,,,,,,,,,,,,,,,,,,,,,,,,,,,,,,,,,,,,,,,,,,,,,,,,,,,,,,,,,,,,,,,,,,,,,,,,,,,,,,,,,,,,,,,,,,0.6786,28,-1.0,0.0,0.8489,,,,,,,,,,,,,,,,0.6634,1.6855
WAY,IGV,23,23,223,,,,,,,,,,,,,,,,,,,,,,,,,,,,,,,,,,,,,,,,,,,,,,,,,,,,,,,,,,,,,0.64,25,2.0,2.0,0.225,0.6875,32,-3.0,-2.0,-0.3268,0.64,25,2.0,2.0,0.4344,0.7333,30,-3.0,-2.0,-0.5468,,,,,,,,,,,,,,,,,,,,,0.6364,11,-4.0,-4.0,0.2814,0.6471,17,-3.0,-3.0,-0.1909,,,,,,0.7,10,-4.0,-4.0,-0.3386,0.7217,0.7548
WB,KWEB,12,13,177,,,,,,,,,,,,,,,,,,,,,,,,,,,,,,,,,,,,,,,,,,,,,,,,,,,,,,,,,,,,,,,,,,0.6604,53,0.0,0.0,-0.1134,,,,,,0.6364,22,-2.0,-2.0,-0.175,,,,,,,,,,,,,,,,,,,,,0.6154,13,3.0,3.0,0.1837,0.65,60,0.0,2.0,-0.0869,0.6,10,2.0,2.0,0.2,0.6667,36,-3.0,-2.0,-0.1958,0.7905,0.4907
WBD,IWM,38,38,278,,,,,,0.6522,23,0.0,0.0,-0.2907,,,,,,0.6957,23,0.0,0.0,-0.3044,,,,,,,,,,,,,,,,,,,,,,,,,,0.6667,12,-1.0,-1.0,-0.2675,,,,,,0.6667,12,-1.0,-1.0,-0.2775,0.6875,16,-2.0,-2.0,0.15,,,,,,0.6667,12,-2.0,-2.0,0.3088,0.6296,27,1.0,1.0,-0.1659,,,,,,,,,,,,,,,,,,,,,,,,,,0.6667,93,-1.0,-1.0,-0.0989,0.6667,18,-2.0,-2.0,0.1575,,,,,,0.1501,0.0681
WBS,KRE,13,13,222,,,,,,,,,,,,,,,,,,,,,,,,,,,,,,,,,,,,,,,,,,,,,,,,,,,,,,,,,,,,,,,,,,0.6,25,1.0,1.0,-0.0887,,,,,,0.72,25,1.0,1.0,-0.1239,,,,,,,,,,,,,,,,,,,,,,,,,,0.7273,22,-2.0,-2.0,-0.0531,,,,,,0.6667,12,-3.0,-3.0,-0.0663,0.7173,0.6351
WBTN,SPY,10,15,90,,,,,,,,,,,,,,,,,,,,,,,,,,,,,,,,,,,,,,,,,,,,,,,,,,,,,,,,,,,,,,,,,,,,,,,,,,,,,,,,,,,,,,,,,,,,,,,,,,,,,,,,,,,,,,,,,,,,0.6071,28,-1.0,-1.0,-0.7976,0.4101,0.5443
WCT,IGV,16,31,120,,,,,,,,,,,,,,,,,,,,,,,,,,,,,,,,,,,,,,,,,,,,,,,,,,,,,,,,,,,,,,,,,,0.6486,37,15.0,15.0,-7.5954,,,,,,0.7027,37,15.0,15.0,-11.9131,,,,,,,,,,,,,,,,,,,,,,,,,,0.74,50,-2.0,0.0,-4.2038,,,,,,0.7368,38,-1.0,0.0,-6.6068,0.1568,0.6161
WDAY,IGV,35,35,259,,,,,,,,,,,,,,,,,,,,,,,,,,,,,,,,,,,,,,,,,,,,,,,,,,,,,,,,,,,,,0.6087,23,-4.0,-4.0,0.2471,0.6471,17,0.0,0.0,-0.1955,,,,,,0.7647,17,2.0,2.0,-0.6523,,,,,,,,,,,,,,,,,,,,,0.7857,14,-4.0,-4.0,0.3164,,,,,,0.7727,22,1.0,1.0,0.5229,0.6111,54,-1.0,-1.0,-0.6897,0.7528,1.5429
WDC,SOXX,39,39,619,,,,,,,,,,,,,,,,,,,,,,,,,,,,,,,,,,,,,,,,,,,,,,,,,,,,,,,,,,,,,0.6479,71,5.0,6.0,0.4672,0.6481,54,-3.0,-2.0,-0.4154,0.6471,51,-1.0,0.0,0.8667,0.7381,42,-6.0,-5.0,-0.9177,,,,,,,,,,,,,,,,,,,,,0.6866,67,4.0,5.0,0.473,0.6667,18,-6.0,-6.0,-0.3942,0.6,35,-2.0,-2.0,0.8995,0.6471,17,-6.0,-6.0,-1.0755,0.9014,1.2629
WDCX,QQQ,38,38,375,,,,,,,,,,,,,,,,,,,,,,,,,,,,,,,,,,,,,,,,,0.8182,11,-1.0,-1.0,4.6378,0.6,10,0.0,0.0,-5.985,0.7273,11,-1.0,-1.0,6.19,,,,,,0.6,35,15.0,15.0,0.9676,,,,,,0.8,10,0.0,0.0,2.3075,1.0,10,-12.0,-12.0,-2.547,,,,,,,,,,,,,,,,,,,,,0.6066,61,0.0,0.0,1.3078,0.6875,16,-3.0,-3.0,-1.04,0.625,16,2.0,2.0,1.555,,,,,,0.8467,7.5476
WDH,IBIT,10,20,22,,,,,,,,,,,,,,,,,,,,,,,,,,,,,,,,,,,,,,,,,,,,,,,,,,,,,,,,,,,,,,,,,,,,,,,,,,,,,,,,,,,,,,,,,,,,,,,,,,,,,,,,,,,,,,,,,,,,,,,,,0.1307,0.0598
WDS,XLE,14,14,192,,,,,,,,,,,,,,,,,,,,,,,,,,,,,,,,,,,,,,,,,,,,,,,,,,,,,,,,,,,,,0.625,64,-1.0,0.0,0.1322,0.625,24,2.0,2.0,-0.1233,0.7313,67,-1.0,0.0,0.2265,0.6818,22,-4.0,-3.0,-0.3047,,,,,,,,,,,,,,,,,,,,,,,,,,,,,,,0.6667,45,0.0,0.0,0.2303,0.6087,46,-1.0,-1.0,-0.2568,0.6709,0.8659
WEAT,SPY,28,31,163,,,,,,0.8333,12,0.0,0.0,-0.315,,,,,,0.75,12,0.0,0.0,-0.3522,,,,,,,,,,,,,,,,,,,,,,,,,,,,,,,0.6429,14,0.0,0.0,0.6989,,,,,,,,,,,0.6695,118,-2.0,1.0,-0.1161,,,,,,0.6667,48,0.0,1.0,-0.2116,,,,,,,,,,,,,,,,,,,,,,,,,,0.8125,48,-1.0,-1.0,-0.1015,,,,,,0.766,47,-1.0,-1.0,-0.1947,-0.1865,-0.2425
WEAV,IGV,10,10,191,,,,,,,,,,,,,,,,,,,,,,,,,,,,,,,,,,,,,,,,,,,,,,,,,,,,,,,,,,,,,,,,,,0.7222,18,1.0,1.0,-0.6446,0.6,20,-1.0,-1.0,0.5533,0.6667,18,-2.0,-2.0,-0.6708,,,,,,,,,,,,,,,,,,,,,,,,,,0.6579,38,-1.0,-1.0,-0.4896,0.65,20,-2.0,-2.0,0.6246,0.6486,37,0.0,0.0,-0.5208,0.8338,1.018
WEBL,SPY,10,11,90,,,,,,,,,,,,,,,,,,,,,,,,,,,,,,,,,,,,,,,,,,,,,,,,,,,,,,,,,,,,,,,,,,,,,,,,,,,,,,,,,,,,,,,,,,,,,,,,,,,,,,,,,,,,,,,,,,,,,,,,,0.5034,1.868
WEN,XLY,38,38,340,0.6154,13,-1.0,-1.0,2.3025,,,,,,0.6154,13,-1.0,-1.0,2.085,,,,,,,,,,,,,,,,,,,,,,,,,,,,,,,,,,,,,,,,,,,,,,0.619,21,15.0,15.0,1.7392,0.678,59,1.0,3.0,-0.4385,0.7,10,-6.0,-6.0,0.32,0.7297,37,-4.0,-3.0,-0.4081,,,,,,,,,,,,,,,,,,,,,0.75,12,-3.0,-3.0,0.3267,0.6,75,0.0,0.0,-0.416,0.6364,11,-3.0,-3.0,0.4671,0.6757,74,0.0,0.0,-0.4822,0.2882,0.3531
WES,XLE,12,13,191,,,,,,,,,,,,,,,,,,,,,,,,,,,,,,,,,,,,,,,,,,,,,,,,,,,,,,,,,,,,,0.625,24,-2.0,-2.0,0.2147,,,,,,,,,,,,,,,,,,,,,,,,,,,,,,,,,,,,0.6957,23,-2.0,-2.0,0.2031,0.6,45,-1.0,-1.0,-0.233,0.625,16,2.0,2.0,0.23,0.6667,45,-1.0,-1.0,-0.255,0.5953,0.4245
WETO,IWM,10,19,72,,,,,,,,,,,,,,,,,,,,,,,,,,,,,,,,,,,,,,,,,,,,,,,,,,,,,,,,,,,,,,,,,,0.6389,36,-15.0,-15.0,-1.0196,,,,,,,,,,,,,,,,,,,,,,,,,,,,,,,,,,,,0.6667,30,-1.0,-1.0,-1.9465,,,,,,,,,,,-0.1462,-0.9543
WFC,XLF,35,35,242,,,,,,,,,,,0.6111,18,0.0,0.0,0.7473,,,,,,,,,,,,,,,,,,,,,,,,,,,,,,,,,,,,,,,,,,,,,,,,,,,0.6333,60,1.0,2.0,-0.1932,,,,,,0.6364,11,2.0,2.0,-0.21,,,,,,,,,,,,,,,,,,,,,,,,,,0.6293,116,0.0,0.0,-0.1408,,,,,,,,,,,0.856,1.0756
WFRD,OIH,10,10,210,,,,,,,,,,,,,,,,,,,,,,,,,,,,,,,,,,,,,,,,,,,,,,,,,,,,,,,,,,,,,,,,,,,,,,,,,,,,0.6481,54,-3.0,-2.0,-0.384,,,,,,,,,,,,,,,,,,,,,0.6098,41,-1.0,-1.0,0.2364,0.6316,19,2.0,2.0,-0.3425,,,,,,0.7292,48,-4.0,-2.0,-0.4291,0.6553,0.7821
WGMI,QQQ,35,35,209,,,,,,,,,,,,,,,,,,,,,,,,,,,,,,,,,,,,,,,,,0.6,10,-1.0,-1.0,2.75,,,,,,,,,,,0.6,10,0.0,0.0,-1.365,0.7273,11,4.0,4.0,0.5575,0.7143,14,5.0,5.0,-0.281,0.6429,14,-3.0,-3.0,0.4722,0.6667,21,3.0,4.0,-0.6743,,,,,,,,,,,,,,,,,,,,,,,,,,0.6364,11,2.0,2.0,-0.3757,,,,,,0.6,10,-3.0,-3.0,-0.8567,0.9111,2.2582
WGS,IWM,16,21,178,,,,,,,,,,,,,,,,,,,,,,,,,,,,,,,,,,,,,,,,,,,,,,,,,,,,,,,,,,,,,0.7273,11,-4.0,-4.0,0.3625,0.6667,24,1.0,2.0,-0.3412,0.68,25,-1.0,-1.0,0.8888,0.7273,11,-4.0,-4.0,-0.5613,,,,,,,,,,,,,,,,,,,,,0.6154,13,-2.0,-2.0,0.5725,0.6,45,-1.0,-1.0,-0.3596,0.6604,53,0.0,0.0,0.7354,,,,,,0.4439,0.7412
WHLR,SPY,20,35,159,,,,,,,,,,,,,,,,,,,,,,,,,,,,,,,,,,,,,,,,,,,,,,,,,,,,,,,,,,,,,0.6364,11,-4.0,-4.0,2.7557,0.8333,12,15.0,15.0,-8.229,0.7,10,15.0,15.0,21.4186,,,,,,,,,,,,,,,,,,,,,,,,,,,,,,,,,,,,,,,,,,,,,,-0.0236,-0.193
WHR,XLY,30,30,229,0.75,12,0.0,0.0,1.96,0.7333,15,-1.0,-1.0,-0.7836,0.6364,11,0.0,0.0,1.5371,,,,,,,,,,,,,,,,,,,,,,,,,,,,,,,,,,,,,,,,,,,,,,,,,,,0.6429,28,-3.0,-3.0,-0.2428,,,,,,0.6812,69,-2.0,-1.0,-0.5411,,,,,,,,,,,,,,,,,,,,,0.6364,11,-3.0,-3.0,0.43,0.6552,29,1.0,1.0,-0.3711,0.7273,11,-3.0,-3.0,0.3025,0.6765,102,-2.0,-1.0,-0.5488,0.6344,0.8923
WIT,IGV,24,24,231,,,,,,,,,,,,,,,,,,,,,,,,,,,,,,,,,,,,,,,,,,,,,,,,,,,,,,,,,,,,,,,,,,0.7127,181,-3.0,4.0,-0.2246,,,,,,0.6863,51,-3.0,-2.0,-0.4357,,,,,,,,,,,,,,,,,,,,,0.6471,17,2.0,2.0,0.7927,0.7517,149,-2.0,1.0,-0.2507,,,,,,0.6957,46,-1.0,-1.0,-0.5319,0.1917,0.2221
WIX,IGV,27,27,217,,,,,,,,,,,,,,,,,,,,,,,,,,,,,,,,,,,,,,,,,,,,,,,,,,,,,,,,,,,,,0.6522,46,-3.0,-2.0,0.3653,0.8182,11,2.0,2.0,-0.8522,0.6923,13,3.0,3.0,1.1322,0.625,104,-4.0,0.0,-0.6542,,,,,,,,,,,,,,,,,,,,,0.6333,30,-2.0,-2.0,0.3889,0.6316,19,1.0,1.0,-0.4317,,,,,,0.6889,45,-1.0,-1.0,-0.5661,0.8164,1.2232
WKSP,SPY,22,28,156,,,,,,,,,,,,,,,,,,,,,,,,,,,,,,,,,,,,,,,,,0.6364,11,0.0,0.0,2.1443,,,,,,,,,,,0.7,10,0.0,0.0,-6.02,,,,,,0.8,10,-8.0,-8.0,-0.7888,,,,,,,,,,,,,,,,,,,,,,,,,,,,,,,,,,,,,,,,,0.6,10,-2.0,-2.0,2.685,,,,,,0.5031,1.9898
WLDS,IWM,10,21,69,,,,,,,,,,,,,,,,,,,,,,,,,,,,,,,,,,,,,,,,,,,,,,,,,,,,,,,,,,,,,,,,,,0.6364,33,15.0,15.0,-6.701,,,,,,,,,,,,,,,,,,,,,,,,,,,,,,,,,,,,0.7111,45,-1.0,0.0,-4.6891,,,,,,0.7273,22,0.0,0.0,-7.2837,0.3395,1.9802
WLTH,XLF,10,10,200,,,,,,,,,,,,,,,,,,,,,,,,,,,,,,,,,,,,,,,,,,,,,,,,,,,,,,,,,,,,,,,,,,0.6667,39,-3.0,-2.0,-0.2654,,,,,,0.6333,30,0.0,0.0,-0.4716,,,,,,,,,,,,,,,,,,,,,,,,,,0.625,64,-2.0,-1.0,-0.4115,,,,,,,,,,,0.4316,0.9143
WM,XLI,14,14,226,,,,,,,,,,,,,,,,,,,,,,,,,,,,,,,,,,,,,,,,,,,,,,,,,,,,,,,,,,,,,,,,,,0.6207,29,1.0,1.0,-0.1344,,,,,,0.6232,69,-1.0,-1.0,-0.167,,,,,,,,,,,,,,,,,,,,,,,,,,0.6341,82,-3.0,-1.0,-0.1223,,,,,,0.6279,43,1.0,1.0,-0.2215,-0.5115,-0.5335
WMB,XLE,21,21,232,,,,,,,,,,,,,,,,0.6,10,-1.0,-1.0,-1.24,,,,,,,,,,,,,,,,,,,,,,,,,,,,,,,,,,,,,,,,,0.7143,14,-3.0,-3.0,0.291,0.6146,96,-2.0,-1.0,-0.1692,0.6429,14,-3.0,-3.0,0.2978,0.6364,66,-1.0,-1.0,-0.2629,,,,,,,,,,,,,,,,,,,,,,,,,,0.6053,38,1.0,1.0,-0.147,,,,,,0.6129,31,-2.0,-2.0,-0.2268,0.565,0.3594
WMT,XLP,39,39,425,0.6111,18,-1.0,-1.0,0.7491,,,,,,,,,,,,,,,,,,,,,,,,,,,,,,,,,,,,,,,,,,,,,,,,,,,,,,,,,,,,,,,,,,0.75,16,-3.0,-3.0,0.135,,,,,,,,,,,,,,,,,,,,,,,,,,0.6364,11,2.0,2.0,0.1271,0.6143,70,-1.0,-1.0,-0.1316,,,,,,0.6231,130,-2.0,-1.0,-0.216,0.8783,1.2777
WNC,XLI,11,14,186,,,,,,,,,,,,,,,,,,,,,,,,,,,,,,,,,,,,,,,,,,,,,,,,,,,,,,,,,,,,,0.6923,13,-2.0,-2.0,0.2778,0.8,10,2.0,2.0,-0.4013,0.6957,23,1.0,1.0,0.7681,0.65,20,-1.0,-1.0,-0.6746,,,,,,,,,,,,,,,,,,,,,,,,,,0.7241,29,1.0,1.0,-0.6171,0.6304,92,-1.0,0.0,0.7464,,,,,,0.7026,1.1332
WNTR,IWM,17,24,43,,,,,,,,,,,,,,,,,,,,,,,,,,,,,,,,,,,,,,,,,,,,,,,,,,,,,,,,,,,,,,,,,,,,,,,,,,,,,,,,,,,,,,,,,,,,,,,,,,,,,,,,,,,,,,,,,,,,,,,,,-0.3895,-1.0338
WNW,IWM,11,29,66,,,,,,,,,,,,,,,,,,,,,,,,,,,,,,,,,,,,,,,,,,,,,,,,,,,,,,,,,,,,,,,,,,0.7692,13,15.0,15.0,-7.21,,,,,,0.6667,15,15.0,15.0,-5.19,,,,,,,,,,,,,,,,,,,,,,,,,,0.7105,38,-1.0,0.0,-3.3607,,,,,,,,,,,0.0075,0.0546
WOK,IWM,29,38,427,,,,,,,,,,,,,,,,,,,,,,,,,,,,,,,,,,,,,,,,,,,,,,0.75,24,-1.0,0.0,-2.6761,,,,,,0.8,15,0.0,0.0,-4.8283,0.6,25,-15.0,-15.0,1.5213,0.7647,17,-3.0,-3.0,-0.8792,0.7273,11,1.0,1.0,3.6812,0.7391,23,0.0,0.0,-1.8082,,,,,,,,,,,,,,,,,,,,,,,,,,0.6016,123,-1.0,-1.0,-1.3547,,,,,,0.7222,18,-2.0,-2.0,-2.1708,0.5039,4.7642
WOLF,SOXX,39,39,365,,,,,,,,,,,,,,,,,,,,,,,,,,,,,,,,,,,,,,,,,,,,,,,,,,,,,,,,,,,,,0.8235,17,3.0,3.0,0.7129,0.6667,21,-12.0,-11.0,-0.6493,0.6471,17,3.0,3.0,1.5836,0.7209,43,-6.0,-5.0,-0.5445,,,,,,,,,,,,,,,,,,,,,0.6949,59,2.0,3.0,0.8149,0.6786,28,-6.0,-5.0,-0.5995,0.6,20,-2.0,-2.0,1.2183,0.7143,42,-4.0,-3.0,-1.09,0.8855,1.2849
WOOF,XLY,15,15,214,,,,,,,,,,,,,,,,,,,,,,,,,,,,,,,,,,,,,,,,,,,,,,,,,,,,,,,,,,,,,,,,,,0.6512,86,0.0,3.0,-0.507,,,,,,0.7377,61,0.0,1.0,-0.5024,,,,,,,,,,,,,,,,,,,,,,,,,,0.6414,145,-1.0,1.0,-0.3854,,,,,,0.6437,87,-2.0,-1.0,-0.5362,0.2869,0.1949
WPM,GDX,35,35,237,,,,,,,,,,,,,,,,,,,,,,,,,,,,,,,,,,,,,,,,,,,,,,,,,,,,,,,,,,,,,,,,,,0.72,25,-2.0,-2.0,-0.2661,0.6364,22,2.0,2.0,0.42,0.84,25,1.0,1.0,-0.359,,,,,,,,,,,,,,,,,,,,,0.619,21,-1.0,-1.0,0.2246,0.6415,53,-3.0,-2.0,-0.2712,,,,,,0.6863,51,-3.0,-2.0,-0.4626,0.9649,0.8912
WPP,SPY,31,33,152,,,,,,,,,,,,,,,,,,,,,,,,,,,,,,,,,,,,,,,,,0.6,15,-1.0,-1.0,0.9689,0.75,12,0.0,0.0,-0.4444,0.6,15,0.0,0.0,0.9789,,,,,,,,,,,0.625,40,-2.0,0.0,-0.2824,,,,,,0.6765,34,-2.0,-1.0,-0.48,,,,,,,,,,,,,,,,,,,,,,,,,,,,,,,,,,,,0.7091,55,-1.0,-1.0,-0.4649,0.145,0.4588
WPRT,XLY,10,15,45,,,,,,,,,,,,,,,,,,,,,,,,,,,,,,,,,,,,,,,,,,,,,,,,,,,,,,,,,,,,,,,,,,,,,,,,,,,,,,,,,,,,,,,,,,,,,,,,,,,,,,,,,,,,,,,,,,,,,,,,,0.2121,0.2908
WQTM,QQQ,31,33,181,,,,,,,,,,,,,,,,,,,,,,,,,,,,,,,,,,,,,,,,,,,,,,0.7,10,-1.0,-1.0,-0.97,,,,,,0.6364,11,-1.0,-1.0,-1.2643,0.6667,21,2.0,2.0,0.3114,0.8,10,-3.0,-3.0,-0.23,0.7,20,-2.0,-2.0,0.5829,0.6364,11,-3.0,-3.0,-0.4386,,,,,,,,,,,,,,,,,,,,,,,,,,0.65,20,-2.0,-2.0,-0.1838,,,,,,,,,,,0.9364,1.2825
WRAP,QQQ,16,23,103,,,,,,,,,,,,,,,,,,,,,,,,,,,,,,,,,,,,,,,,,,,,,,,,,,,,,,,,,,,,,0.6111,18,15.0,15.0,2.2227,,,,,,,,,,,0.6364,11,0.0,0.0,-0.6771,,,,,,,,,,,,,,,,,,,,,0.6786,28,1.0,1.0,1.7621,0.6667,51,-2.0,0.0,-1.2574,,,,,,0.7576,33,-2.0,-1.0,-2.0536,0.3005,0.3503
WRBY,SPY,24,24,226,,,,,,,,,,,,,,,,,,,,,,,,,,,,,,,,,,,,,,,,,0.6364,11,0.0,0.0,0.7257,0.7,10,-1.0,-1.0,-2.3214,0.7273,11,0.0,0.0,1.5875,0.8,10,-1.0,-1.0,-2.3687,0.75,12,-5.0,-5.0,0.5878,0.6087,23,2.0,2.0,-0.3457,0.6364,22,3.0,3.0,1.2186,0.6818,22,2.0,2.0,-0.5293,,,,,,,,,,,,,,,,,,,,,,,,,,0.7143,14,1.0,1.0,-0.444,,,,,,0.7857,14,1.0,1.0,-0.5155,0.5242,1.2981
WRD,QQQ,38,38,260,,,,,,,,,,,,,,,,,,,,,,,,,,,,,,,,,,,,,,,,,,,,,,0.8182,11,0.0,0.0,-1.1989,0.6364,11,-1.0,-1.0,1.2414,0.8182,11,0.0,0.0,-1.1378,0.6316,19,0.0,0.0,0.4417,0.6486,37,-4.0,-3.0,-0.2138,0.6207,29,-2.0,-2.0,0.7189,0.6857,35,-4.0,-3.0,-0.3987,,,,,,,,,,,,,,,,,,,,,,,,,,0.6735,49,-3.0,-2.0,-0.2215,,,,,,0.8333,12,-3.0,-3.0,-0.393,0.6122,0.8542
WRN,GDX,20,20,202,,,,,,,,,,,,,,,,,,,,,,,,,,,,,,,,,,,,,,,,,,,,,,,,,,,,,,,,,,,,,0.6,10,-4.0,-4.0,0.3917,0.8,25,-2.0,-1.0,-0.2745,0.6333,30,0.0,0.0,1.0074,0.7273,44,-3.0,-1.0,-0.5197,,,,,,,,,,,,,,,,,,,,,0.6,20,1.0,1.0,0.6175,0.7368,38,-3.0,-2.0,-0.3039,0.7895,19,1.0,1.0,0.866,0.6974,76,-4.0,-1.0,-0.4181,0.8677,0.7707
WSE,XLF,29,34,200,,,,,,,,,,,,,,,,,,,,,,,,,,,,,,,,,,,,,,,,,,,,,,,,,,,,,,,,,,,,,,,,,,0.6429,28,0.0,0.0,-0.1661,0.6,15,-3.0,-3.0,0.2744,0.6415,53,-1.0,0.0,-0.6824,,,,,,,,,,,,,,,,,,,,,,,,,,0.6,10,1.0,1.0,-0.1583,,,,,,,,,,,0.6711,2.9358
WTI,XLE,38,38,265,,,,,,,,,,,,,,,,,,,,,,,,,,,,,,,,,,,,,,,,,,,,,,,,,,,,,,,,,,,,,0.6667,12,4.0,4.0,0.585,0.8182,22,-2.0,-2.0,-0.2794,0.6923,26,0.0,0.0,0.705,0.8095,21,-2.0,-2.0,-0.8124,,,,,,,,,,,,,,,,,,,,,,,,,,0.6349,63,-1.0,-1.0,-0.4925,0.6,10,-3.0,-3.0,0.7783,0.6,30,-2.0,-2.0,-0.5161,0.8752,2.7488
WTRG,XLU,11,11,224,,,,,,,,,,,,,,,,,,,,,,,,,,,,,,,,,,,,,,,,,,,,,,,,,,,,,,,,,,,,,,,,,,0.6087,69,-2.0,-1.0,-0.1586,0.6061,33,1.0,1.0,0.183,0.6964,56,-1.0,-1.0,-0.2328,,,,,,,,,,,,,,,,,,,,,0.6364,11,-2.0,-2.0,0.1757,0.6,65,-1.0,-1.0,-0.1744,,,,,,,,,,,0.4916,0.7589
WU,XLF,35,35,241,,,,,,0.75,24,0.0,0.0,-0.7361,,,,,,0.625,24,0.0,0.0,-0.9173,,,,,,,,,,,,,,,,,,,,,,,,,,,,,,,,,,,,,,,,,0.6129,31,-4.0,-3.0,0.1753,0.6632,95,0.0,1.0,-0.2187,0.7,10,2.0,2.0,0.3471,0.6471,34,1.0,1.0,-0.5532,,,,,,,,,,,,,,,,,,,,,,,,,,0.6111,18,1.0,1.0,-0.1391,,,,,,,,,,,0.4365,0.454
WULF,QQQ,39,39,445,,,,,,,,,,,,,,,,,,,,,,,,,,,,,,,,,,,,,,,,,0.6364,11,-1.0,-1.0,3.23,,,,,,,,,,,0.6364,11,0.0,0.0,-1.8771,0.7727,22,3.0,3.0,0.4129,0.6727,55,-5.0,-3.0,-0.51,0.6531,49,3.0,4.0,1.0834,0.6341,41,-7.0,-5.0,-0.8931,,,,,,,,,,,,,,,,,,,,,,,,,,0.6,15,-3.0,-3.0,-0.6222,,,,,,,,,,,0.7826,2.0397
WULX,QQQ,20,27,60,,,,,,,,,,,,,,,,,,,,,,,,,,,,,,,,,,,,,,,,,,,,,,,,,,,,,,,,,,,,,,,,,,,,,,,,,,,,,,,,,,,,,,,,,,,,,,,,,,,,,0.6667,12,-1.0,-1.0,1.0187,0.6364,11,-2.0,-2.0,-2.0643,0.6154,13,-1.0,-1.0,1.7162,,,,,,0.7651,3.8618
WVE,IBB,23,23,233,,,,,,,,,,,,,,,,,,,,,,,,,,,,,,,,,,,,,,,,,,,,,,,,,,,,,,,,,,,,,0.6316,19,-1.0,-1.0,0.2983,0.6154,26,2.0,2.0,-0.3969,,,,,,0.6296,27,2.0,2.0,-0.5147,,,,,,,,,,,,,,,,,,,,,,,,,,0.6508,63,1.0,2.0,-0.3849,,,,,,0.7619,21,-2.0,-2.0,-0.6419,0.6449,0.8081
WWR,XLB,29,32,145,,,,,,,,,,,,,,,,,,,,,,,,,,,,,,,,,,,,,,,,,,,,,,,,,,,,,,,,,,,,,0.6829,41,-1.0,1.0,0.4279,0.6429,14,-2.0,-2.0,-0.2844,0.6154,13,-2.0,-2.0,0.3475,0.6,10,2.0,2.0,-0.5533,,,,,,,,,,,,,,,,,,,,,,,,,,,,,,,,,,,,0.7273,11,-2.0,-2.0,-0.6138,0.3711,0.8752
WY,VNQ,14,14,234,,,,,,,,,,,,,,,,,,,,,,,,,,,,,,,,,,,,,,,,,,,,,,,,,,,,,,,,,,,,,,,,,,0.6436,101,0.0,1.0,-0.1554,,,,,,0.7059,34,-2.0,-2.0,-0.1938,,,,,,,,,,,,,,,,,,,,,,,,,,0.6237,93,0.0,0.0,-0.125,,,,,,0.6111,90,0.0,0.0,-0.2436,0.6138,0.8265
WYFI,QQQ,36,36,266,,,,,,,,,,,,,,,,,,,,,,,,,,,,,,,,,,,,,,,,,0.6364,11,-1.0,-1.0,4.67,,,,,,0.8182,11,-1.0,-1.0,5.7611,,,,,,0.697,33,2.0,4.0,1.1117,0.6486,37,-5.0,-3.0,-0.8762,0.7273,11,-1.0,-1.0,1.0375,0.6842,38,0.0,2.0,-1.5108,,,,,,,,,,,,,,,,,,,,,,,,,,0.6154,13,-3.0,-3.0,-1.0888,0.6154,13,2.0,2.0,2.3025,0.6939,49,-3.0,-2.0,-1.2085,0.8118,2.2898
WYFL,QQQ,10,12,24,,,,,,,,,,,,,,,,,,,,,,,,,,,,,,,,,,,,,,,,,,,,,,,,,,,,,,,,,,,,,,,,,,,,,,,,,,,,,,,,,,,,,,,,,,,,,,,,,,,,,,,,,,,,,,,,,,,,,,,,,0.7325,4.0125
WYNN,XLY,11,11,212,,,,,,,,,,,,,,,,,,,,,,,,,,,,,,,,,,,,,,,,,,,,,,,,,,,,,,,,,,,,,0.7273,11,-3.0,-3.0,0.2263,,,,,,0.7,10,-3.0,-3.0,0.2571,0.7,10,2.0,2.0,-0.6214,,,,,,,,,,,,,,,,,,,,,,,,,,0.6,25,-2.0,-2.0,-0.2027,0.6471,34,-3.0,-2.0,0.2259,,,,,,0.6606,0.6218
WYY,SPY,12,16,60,,,,,,,,,,,,,,,,,,,,,,,,,,,,,,,,,,,,,,,,,,,,,,,,,,,,,,,,,,,,,,,,,,,,,,,,,,,,,,,,,,,,,,,,,,,,,,,,,,,,,,,,,,0.75,20,0.0,0.0,-2.1927,,,,,,,,,,,0.296,0.8634
XAR,IWM,15,15,186,,,,,,,,,,,,,,,,,,,,,,,,,,,,,,,,,,,,,,,,,,,,,,,,,,,,,,,,,,,,,,,,,,0.6316,19,-2.0,-2.0,-0.1858,0.6207,29,1.0,1.0,0.3289,0.619,21,-2.0,-2.0,-0.4131,,,,,,,,,,,,,,,,,,,,,0.6078,51,0.0,0.0,0.2148,0.6176,34,1.0,1.0,-0.1743,,,,,,0.6154,13,-2.0,-2.0,-0.2762,0.7197,0.8162
XBCI,IWM,17,20,95,,,,,,,,,,,,,,,,,,,,,,,,,,,,,,,,,,,,,,,,,,,,,,,,,,,,,,,,,,,,,,,,,,,,,,,,,,,,,,,,,,,,,,,,,,,,,,,,,,,,,0.6,10,1.0,1.0,0.2833,0.6818,44,-1.0,0.0,-0.234,,,,,,,,,,,0.5324,2.1028
XBI,IWM,38,38,280,,,,,,0.6923,13,-1.0,-1.0,-0.9911,,,,,,0.6923,13,-1.0,-1.0,-0.9411,,,,,,,,,,,,,,,,,,,,,,,,,,0.6923,13,-1.0,-1.0,-0.8211,,,,,,0.7692,13,-1.0,-1.0,-0.766,,,,,,0.7273,11,3.0,3.0,-0.1675,0.6,80,0.0,0.0,0.1687,0.7273,11,3.0,3.0,-0.385,,,,,,,,,,,,,,,,,,,,,,,,,,0.6444,45,1.0,1.0,-0.171,,,,,,,,,,,0.7426,0.781
XDTE,SPY,17,24,100,,,,,,,,,,,,,,,,,,,,,,,,,,,,,,,,,,,,,,,,,,,,,,,,,,,,,,,,,,,,,,,,,,,,,,,,,,,,,,,,,,,,,,,,,,,,,,,,,,,,,,,,,,,,,,,0.6,30,0.0,0.0,0.0806,,,,,,0.9586,0.935
XE,SPY,39,39,314,,,,,,,,,,,,,,,,,,,,,,,,,,,,,,,,,,,,,,,,,,,,,,0.7429,35,-1.0,0.0,-2.885,,,,,,0.6286,35,-1.0,0.0,-4.1091,0.6154,26,-2.0,-2.0,0.405,0.6154,26,0.0,0.0,-0.5144,0.6667,15,-3.0,-3.0,1.117,0.6071,28,-10.0,-9.0,-0.6929,,,,,,,,,,,,,,,,,,,,,,,,,,,,,,,,,,,,,,,,,0.6,1.6672
XEL,XLU,10,10,231,,,,,,,,,,,,,,,,,,,,,,,,,,,,,,,,,,,,,,,,,,,,,,,,,,,,,,,,,,,,,,,,,,0.6481,54,1.0,1.0,-0.1523,,,,,,0.6667,54,1.0,1.0,-0.2578,,,,,,,,,,,,,,,,,,,,,0.7273,11,-2.0,-2.0,0.1112,0.6154,26,1.0,1.0,-0.2056,,,,,,0.6131,137,0.0,1.0,-0.2165,0.7963,1.1403
XENE,XBI,15,16,214,,,,,,,,,,,,,,,,,,,,,,,,,,,,,,,,,,,,,,,,,,,,,,,,,,,,,,,,,,,,,0.6364,11,-3.0,-3.0,0.2071,,,,,,0.6304,46,-1.0,-1.0,0.2703,,,,,,,,,,,,,,,,,,,,,,,,,,,,,,,,,,,,,,,,,,,,,,0.5078,0.3474
XERS,XBI,20,20,211,,,,,,,,,,,,,,,,,,,,,,,,,,,,,,,,,,,,,,,,,,,,,,,,,,,,,,,,,,,,,0.6154,26,0.0,0.0,0.2563,0.6786,28,3.0,4.0,-0.2153,0.6,15,2.0,2.0,0.5267,0.6286,35,1.0,1.0,-0.4809,,,,,,,,,,,,,,,,,,,,,,,,,,0.7778,18,-2.0,-2.0,-0.3529,0.6154,26,-1.0,-1.0,0.4994,0.6111,54,0.0,0.0,-0.3388,0.5726,0.4209
XHB,IWM,14,14,233,,,,,,,,,,,,,,,,,,,,,,,,,,,,,,,,,,,,,,,,,,,,,,,,,,,,,,,,,,,,,,,,,,0.6,25,-2.0,-2.0,-0.1367,,,,,,0.6154,52,1.0,1.0,-0.2297,,,,,,,,,,,,,,,,,,,,,,,,,,,,,,,,,,,,,,,,,0.7098,0.7637
XLB,IWM,28,28,239,,,,,,,,,,,0.6154,13,0.0,0.0,0.4075,0.6429,14,-1.0,-1.0,-0.5789,,,,,,,,,,,,,,,,,,,,,,,,,,,,,,,0.625,16,0.0,0.0,0.446,,,,,,,,,,,0.6364,11,-3.0,-3.0,-0.0757,,,,,,,,,,,,,,,,,,,,,,,,,,,,,,,,,,,,0.6,45,1.0,1.0,-0.1107,,,,,,,,,,,0.6446,0.5146
XLC,SPY,22,22,236,,,,,,,,,,,,,,,,,,,,,,,,,,,,,,,,,,,,,,,,,,,,,,,,,,,,,,,,0.6667,12,0.0,0.0,-0.7662,,,,,,0.7,10,-3.0,-3.0,-0.2057,,,,,,0.8,10,-3.0,-3.0,-0.215,,,,,,,,,,,,,,,,,,,,,,,,,,0.6429,14,1.0,1.0,-0.1044,,,,,,0.7333,15,-2.0,-2.0,-0.1982,0.1698,0.175
XLE,QQQ,39,39,427,0.6552,29,-1.0,0.0,0.4553,,,,,,0.6429,14,-1.0,-1.0,0.76,0.6,15,0.0,0.0,-0.3756,,,,,,,,,,,,,,,,,,,,,0.9091,11,-1.0,-1.0,0.321,,,,,,0.7273,11,-1.0,-1.0,0.5837,0.75,12,0.0,0.0,-0.5222,,,,,,0.6154,26,2.0,2.0,-0.1806,,,,,,,,,,,,,,,,,,,,,,,,,,,,,,,,,,,,,,,,,,,,,,,,,,,-0.375,-0.2538
XLF,SPY,39,39,313,0.6,20,0.0,0.0,0.2275,,,,,,,,,,,,,,,,,,,,,,,,,,,,,,,,,,,,0.7,20,0.0,0.0,0.2279,,,,,,,,,,,,,,,,,,,,,0.6211,161,0.0,1.0,-0.0805,,,,,,,,,,,,,,,,,,,,,,,,,,,,,,,,,,,,0.6078,102,-1.0,-1.0,-0.0865,,,,,,0.6429,14,1.0,1.0,-0.0922,0.3823,0.2791
XLG,SPY,10,10,220,,,,,,,,,,,,,,,,,,,,,,,,,,,,,,,,,,,,,,,,,,,,,,,,,,,,,,,,,,,,,,,,,,0.6111,18,1.0,1.0,-0.0445,0.6184,76,0.0,0.0,0.1347,0.625,24,-2.0,-2.0,-0.2007,,,,,,,,,,,,,,,,,,,,,0.6154,13,-2.0,-2.0,0.0725,0.7143,14,1.0,1.0,-0.066,0.6154,13,1.0,1.0,0.1087,0.6429,14,-2.0,-2.0,-0.1778,0.9507,0.9689
XLI,IWM,29,29,243,0.6667,15,0.0,0.0,0.569,0.7273,11,-1.0,-1.0,-0.6138,0.6,15,0.0,0.0,0.6144,,,,,,,,,,,,,,,,,,,,,,,,,,,,,,,,,,,,,,,,,,,,,,,,,,,0.6087,46,1.0,1.0,-0.1461,,,,,,,,,,,,,,,,,,,,,,,,,,,,,,,,,,,,,,,,,,,,,,,,,,,0.7548,0.716
XLK,QQQ,39,39,346,,,,,,,,,,,,,,,,0.6667,12,0.0,0.0,-0.745,,,,,,,,,,,,,,,,,,,,,0.6667,12,-1.0,-1.0,0.5425,,,,,,,,,,,,,,,,0.6667,147,0.0,2.0,0.1423,0.6,10,-4.0,-4.0,-0.2667,0.6467,150,0.0,2.0,0.2577,,,,,,,,,,,,,,,,,,,,,,,,,,0.6835,139,0.0,2.0,0.1567,0.6429,14,-3.0,-3.0,-0.25,0.6475,139,0.0,2.0,0.2519,,,,,,0.9536,1.3747
XLP,IWM,35,35,250,0.8235,17,0.0,0.0,0.5114,0.6,15,-1.0,-1.0,-0.3256,0.7059,17,0.0,0.0,0.6783,0.6,15,-1.0,-1.0,-0.61,,,,,,,,,,,,,,,,,,,,,0.7222,18,0.0,0.0,0.4508,,,,,,0.6111,18,0.0,0.0,0.5164,,,,,,0.7,10,2.0,2.0,0.0943,,,,,,0.6,10,2.0,2.0,0.1383,0.6418,67,-1.0,-1.0,-0.1309,,,,,,,,,,,,,,,,,,,,,,,,,,0.6038,106,-2.0,-1.0,-0.0891,,,,,,0.6333,90,-1.0,-1.0,-0.1502,-0.2747,-0.2096
XLRE,IWM,21,21,236,0.8462,13,0.0,0.0,0.2873,,,,,,0.7692,13,0.0,0.0,0.379,,,,,,,,,,,,,,,,,,,,,,,,,,0.8333,12,0.0,0.0,0.384,,,,,,0.8333,12,0.0,0.0,0.369,,,,,,,,,,,0.6288,132,0.0,1.0,-0.08,,,,,,0.6,35,1.0,1.0,-0.1029,,,,,,,,,,,,,,,,,,,,,,,,,,0.6311,103,-2.0,-1.0,-0.0835,,,,,,0.6875,16,-2.0,-2.0,-0.1082,0.2478,0.1147
XLU,IWM,38,38,262,0.8571,21,0.0,0.0,0.47,,,,,,0.7619,21,0.0,0.0,0.5312,,,,,,,,,,,,,,,,,,,,,,,,,,0.75,32,-1.0,0.0,0.5079,,,,,,0.6875,32,-1.0,0.0,0.5364,,,,,,0.8333,12,-2.0,-2.0,0.115,0.6296,27,1.0,1.0,-0.1394,,,,,,0.6296,27,1.0,1.0,-0.2129,,,,,,,,,,,,,,,,,,,,,,,,,,0.6471,17,-2.0,-2.0,-0.0955,,,,,,0.6875,16,-2.0,-2.0,-0.1682,0.258,0.1123
XLV,IWM,36,36,265,,,,,,,,,,,,,,,,,,,,,,,,,,,,,,,,,,,,,,,,,0.7222,18,0.0,0.0,0.5577,0.6364,11,-1.0,-1.0,-0.4571,0.6111,18,0.0,0.0,0.8936,,,,,,,,,,,,,,,,,,,,,,,,,,,,,,,,,,,,,,,,,,,,,,,,,,,0.6071,84,0.0,0.0,-0.0882,,,,,,,,,,,-0.0681,-0.0454
XLY,SPY,25,25,239,,,,,,,,,,,0.75,12,0.0,0.0,0.5356,,,,,,,,,,,,,,,,,,,,,,,,,,,,,,,0.7333,15,0.0,0.0,-0.4255,0.6,15,0.0,0.0,0.44,,,,,,0.8,10,-3.0,-3.0,0.1112,0.6154,78,-1.0,-1.0,-0.0958,0.7,10,-3.0,-3.0,0.1214,0.6207,29,-2.0,-2.0,-0.2044,,,,,,,,,,,,,,,,,,,,,,,,,,0.6471,17,1.0,1.0,-0.1509,,,,,,0.66,100,-2.0,-1.0,-0.1656,0.4387,0.5104
XME,IWM,20,20,232,,,,,,,,,,,,,,,,,,,,,,,,,,,,,,,,,,,,,,,,,,,,,,0.9,10,0.0,0.0,-0.5756,,,,,,0.8,10,0.0,0.0,-1.0237,,,,,,0.6087,23,-3.0,-3.0,-0.1979,0.6857,70,-1.0,0.0,0.3906,0.6098,41,-2.0,-2.0,-0.3392,,,,,,,,,,,,,,,,,,,,,,,,,,,,,,,0.6875,16,-2.0,-2.0,0.4064,,,,,,0.7392,1.2212
XMTR,IWM,11,12,163,,,,,,,,,,,,,,,,,,,,,,,,,,,,,,,,,,,,,,,,,,,,,,,,,,,,,,,,,,,,,0.6667,15,0.0,0.0,0.448,0.75,12,-1.0,-1.0,-0.3956,0.6471,34,-1.0,0.0,0.6618,0.6471,17,-2.0,-2.0,-0.8245,,,,,,,,,,,,,,,,,,,,,,,,,,,,,,,,,,,,,,,,,0.6929,1.102
XNCR,XBI,15,18,182,,,,,,,,,,,,,,,,,,,,,,,,,,,,,,,,,,,,,,,,,,,,,,,,,,,,,,,,,,,,,0.6,20,-1.0,-1.0,0.3633,0.619,21,0.0,0.0,-0.3854,,,,,,0.6111,18,0.0,0.0,-0.3509,,,,,,,,,,,,,,,,,,,,,0.6053,38,0.0,0.0,0.6035,,,,,,,,,,,,,,,,0.7039,0.8441
XNDU,QQQ,36,36,287,,,,,,,,,,,,,,,,,,,,,,,,,,,,,,,,,,,,,,,,,,,,,,0.9091,11,0.0,0.0,-3.179,,,,,,0.6364,11,0.0,0.0,-4.8171,,,,,,0.7059,17,-5.0,-5.0,-0.2917,0.65,20,-3.0,-3.0,0.5815,0.75,12,2.0,2.0,-1.0756,,,,,,,,,,,,,,,,,,,,,,,,,,0.8333,12,-3.0,-3.0,-0.453,,,,,,0.6154,13,2.0,2.0,-0.455,0.6795,1.2063
XNDX,QQQ,18,19,111,,,,,,,,,,,,,,,,,,,,,,,,,,,,,,,,,,,,,,,,,,,,,,,,,,,,,,,,,,,,,,,,,,,,,,,0.6154,13,15.0,15.0,3.0037,,,,,,,,,,,,,,,,,,,,,,,,,,,,,,,0.6667,15,1.0,1.0,-2.471,0.6875,16,1.0,1.0,2.8191,,,,,,0.742,2.7223
XOM,XLE,39,39,339,0.6897,29,-1.0,0.0,0.3925,,,,,,0.6667,12,-1.0,-1.0,0.5813,,,,,,,,,,,,,,,,,,,,,,,,,,,,,,,,,,,,,,,,,,,,,,,,,,,,,,,,,,,,,0.625,24,2.0,2.0,-0.2707,,,,,,,,,,,,,,,,,,,,,,,,,,,,,,,,,,,,0.6087,23,2.0,2.0,-0.245,0.9537,1.1037
XOM_20260701,QQQ,26,26,232,0.7143,21,-1.0,0.0,0.4047,,,,,,0.6364,11,-1.0,-1.0,0.6,,,,,,,,,,,,,,,,,,,,,,,,,,,,,,,0.6,10,0.0,0.0,-0.415,,,,,,0.7,10,0.0,0.0,-0.5971,0.6667,18,-3.0,-3.0,0.1075,,,,,,,,,,,0.6852,54,0.0,0.0,-0.1984,,,,,,,,,,,,,,,,,,,,,,,,,,,,,,,0.6364,11,-3.0,-3.0,0.1814,0.6132,106,0.0,2.0,-0.2543,-0.3293,-0.2419
XOP,QQQ,33,33,272,0.6923,13,-1.0,-1.0,0.4878,,,,,,0.6154,13,-1.0,-1.0,0.7625,,,,,,,,,,,,,,,,,,,,,,,,,,0.8333,12,-1.0,-1.0,0.496,,,,,,0.75,12,-1.0,-1.0,1.0189,,,,,,,,,,,0.6286,35,2.0,3.0,-0.1664,0.6087,46,1.0,1.0,0.2354,,,,,,,,,,,,,,,,,,,,,,,,,,,,,,,,,,,,0.6154,13,2.0,2.0,0.2712,,,,,,-0.1821,-0.1551
XOS,XLI,16,25,138,,,,,,,,,,,,,,,,,,,,,,,,,,,,,,,,,,,,,,,,,,,,,,,,,,,,,,,,,,,,,,,,,,0.7097,31,15.0,15.0,-5.1573,,,,,,,,,,,,,,,,,,,,,,,,,,,,,,,0.7143,42,0.0,1.0,2.7543,,,,,,0.7333,15,1.0,1.0,11.5591,,,,,,0.1179,0.5444
XOVL,QQQ,19,22,95,,,,,,,,,,,,,,,,,,,,,,,,,,,,,,,,,,,,,,,,,,,,,,,,,,,,,,,,,,,,,0.6,10,0.0,0.0,0.3333,,,,,,,,,,,,,,,,,,,,,,,,,,,,,,,,,,,,0.6,15,-1.0,-1.0,0.6289,0.6087,23,0.0,0.0,-1.2657,0.625,40,0.0,1.0,0.8772,,,,,,0.5398,1.2132
XOVR,SPY,37,37,395,,,,,,0.6154,13,0.0,0.0,-0.6562,,,,,,,,,,,,,,,,,,,,,,,,,,,,,,,,,,,,,,,,,,,,,,,,,,,,,,,,,,,,,,,,,,0.65,20,-3.0,-3.0,-0.3969,,,,,,,,,,,,,,,,,,,,,,,,,,0.7368,19,-2.0,-2.0,-0.1336,0.7241,29,1.0,1.0,0.3414,0.7059,17,-2.0,-2.0,-0.2892,0.7607,1.266
XP,SPY,36,36,233,,,,,,,,,,,,,,,,,,,,,,,,,,,,,,,,,,,,,,,,,0.6154,13,-1.0,-1.0,0.8962,,,,,,,,,,,,,,,,0.7,10,3.0,3.0,0.3971,0.6364,121,-2.0,0.0,-0.1978,0.8,10,3.0,3.0,0.5762,0.6372,113,-4.0,-1.0,-0.3418,,,,,,,,,,,,,,,,,,,,,,,,,,0.7143,14,1.0,1.0,-0.266,,,,,,0.6667,15,-2.0,-2.0,-0.339,0.6885,1.4583
XPEV,SPY,39,39,405,,,,,,,,,,,,,,,,,,,,,,,,,,,,,,,,,,,,,,,,,0.6667,15,-1.0,-1.0,0.69,,,,,,,,,,,0.6,20,0.0,0.0,-0.9683,0.7059,34,0.0,0.0,0.3562,0.651,149,-3.0,-1.0,-0.1828,,,,,,0.6207,58,-3.0,-3.0,-0.295,,,,,,,,,,,,,,,,,,,,,,,,,,0.6259,147,-2.0,-1.0,-0.2428,,,,,,0.7143,21,-2.0,-2.0,-0.3567,0.1653,0.6876
XQQI,QQQ,18,22,105,,,,,,,,,,,,,,,,,,,,,,,,,,,,,,,,,,,,,,,,,,,,,,,,,,,,,,,,,,,,,0.8182,11,1.0,1.0,0.1811,,,,,,0.7143,14,-1.0,-1.0,0.486,,,,,,,,,,,,,,,,,,,,,,,,,,0.6809,47,-1.0,1.0,0.235,0.6364,11,-2.0,-2.0,-0.1571,0.65,20,-1.0,-1.0,0.5115,,,,,,0.9734,1.179
XRAY,IHI,16,16,231,,,,,,,,,,,,,,,,,,,,,,,,,,,,,,,,,,,,,,,,,,,,,,,,,,,,,,,,,,,,,,,,,,0.6154,65,0.0,1.0,-0.268,,,,,,0.6667,45,-3.0,-2.0,-0.5,,,,,,,,,,,,,,,,,,,,,,,,,,0.68,50,1.0,2.0,-0.3018,,,,,,0.7273,44,-3.0,-2.0,-0.5116,0.5002,0.6117
XRP,QQQ,33,36,202,,,,,,,,,,,,,,,,,,,,,,,,,,,,,,,,,,,,,,,,,,,,,,,,,,,,,,,,0.6,20,-1.0,0.0,-0.3908,0.6667,18,-4.0,-4.0,0.3642,0.6429,42,-3.0,-2.0,-0.2844,,,,,,0.75,16,-1.0,-1.0,-0.3933,,,,,,,,,,,,,,,,,,,,,,,,,,0.6364,33,0.0,0.0,-0.2033,,,,,,0.6136,44,-1.0,-1.0,-0.4522,0.6012,1.0808
XRPC,QQQ,16,21,68,,,,,,,,,,,,,,,,,,,,,,,,,,,,,,,,,,,,,,,,,,,,,,,,,,,,,,,,,,,,,,,,,,0.7692,13,-3.0,-3.0,-0.296,,,,,,,,,,,,,,,,,,,,,,,,,,,,,,,,,,,,0.7742,31,-1.0,0.0,-0.2262,,,,,,0.7692,13,0.0,0.0,-0.676,0.6189,1.0636
XRPI,QQQ,14,27,43,,,,,,,,,,,,,,,,,,,,,,,,,,,,,,,,,,,,,,,,,,,,,,,,,,,,,,,,,,,,,,,,,,,,,,,,,,,,,,,,,,,,,,,,,,,,,,,,,,,,,0.7,10,-1.0,-1.0,0.7143,,,,,,,,,,,0.7,10,0.0,0.0,-0.7186,0.5954,1.0236
XRPT,QQQ,21,35,68,,,,,,,,,,,,,,,,,,,,,,,,,,,,,,,,,,,,,,,,,,,,,,,,,,,,,,,,,,,,,,,,,,,,,,,,,,,,,,,,,,,,,,,,,,,,,,,,,,,,,,,,,,0.6,20,-1.0,0.0,-0.4225,,,,,,0.6,10,-1.0,-1.0,-1.4883,0.5809,2.0705
XRPZ,QQQ,19,27,90,,,,,,,,,,,,,,,,,,,,,,,,,,,,,,,,,,,,,,,,,,,,,,,,,,,,,,,,,,,,,0.6364,11,0.0,0.0,0.2057,,,,,,,,,,,,,,,,,,,,,,,,,,,,,,,,,,,,0.7273,11,1.0,1.0,0.295,,,,,,0.6154,13,-1.0,-1.0,0.3612,0.6667,18,0.0,0.0,-0.2167,0.6326,1.1141
XRT,IWM,11,11,232,,,,,,,,,,,,,,,,,,,,,,,,,,,,,,,,,,,,,,,,,,,,,,,,,,,,,,,,,,,,,,,,,,0.6176,68,-1.0,-1.0,-0.1305,0.6,25,-2.0,-2.0,0.2073,0.6324,68,-1.0,-1.0,-0.1833,,,,,,,,,,,,,,,,,,,,,0.6471,17,-2.0,-2.0,0.0964,0.6203,79,-1.0,-1.0,-0.0953,,,,,,0.6136,44,1.0,1.0,-0.2037,0.646,0.3781
XRX,XLK,34,34,243,0.6154,13,0.0,0.0,1.9788,,,,,,,,,,,,,,,,,,,,,,,,,,,,,,,,,,,,,,,,,,,,,,,,,,,,,,,,0.6111,18,2.0,2.0,0.8073,0.7183,71,-1.0,1.0,-0.5569,,,,,,0.6522,23,1.0,1.0,-0.78,,,,,,,,,,,,,,,,,,,,,,,,,,0.6452,31,1.0,1.0,-0.5705,,,,,,0.6765,34,-2.0,-2.0,-0.8135,0.6856,0.5755
XSD,QQQ,19,19,140,,,,,,,,,,,,,,,,,,,,,,,,,,,,,,,,,,,,,,,,,,,,,,,,,,,,,,,,,,,,,0.75,12,-4.0,-4.0,0.4656,0.7,10,2.0,2.0,-0.3986,0.75,12,-4.0,-4.0,0.66,0.6,10,4.0,4.0,-0.4433,,,,,,,,,,,,,,,,,,,,,0.6279,43,0.0,1.0,0.297,,,,,,0.6081,74,-1.0,1.0,0.6102,,,,,,0.933,2.3928
XTIA,SPY,33,35,163,,,,,,0.8,10,0.0,0.0,-0.6638,,,,,,0.6667,12,0.0,0.0,-1.4975,,,,,,,,,,,,,,,,,,,,,,,,,,0.75,28,-1.0,0.0,-2.0967,,,,,,0.6452,31,-1.0,0.0,-2.5445,0.6364,11,0.0,0.0,1.3771,0.6667,15,-3.0,-3.0,-0.708,0.7273,11,0.0,0.0,1.815,0.8462,13,1.0,1.0,-0.5227,,,,,,,,,,,,,,,,,,,,,,,,,,0.6716,67,0.0,0.0,-0.6336,,,,,,0.6486,74,0.0,0.0,-1.0587,0.6218,1.1289
XXI,IBIT,31,31,214,,,,,,,,,,,,,,,,,,,,,,,,,,,,,,,,,,,,,,,,,,,,,,,,,,,,,,,,,,,,,0.6842,19,1.0,1.0,0.4792,0.6667,39,-3.0,-2.0,-0.3354,,,,,,0.6579,38,-2.0,-1.0,-0.6216,,,,,,,,,,,,,,,,,,,,,,,,,,0.6562,32,-1.0,-1.0,-0.4505,,,,,,0.7941,34,-1.0,-1.0,-0.6504,0.9024,0.9412
XXII,SPY,10,15,30,,,,,,,,,,,,,,,,,,,,,,,,,,,,,,,,,,,,,,,,,,,,,,,,,,,,,,,,,,,,,,,,,,,,,,,,,,,,,,,,,,,,,,,,,,,,,,,,,,,,,,,,,,,,,,,,,,,,,,,,,0.333,1.0596
XXRP,QQQ,33,39,232,,,,,,,,,,,,,,,,,,,,,,,,,,,,,,,,,,,,,,,,,,,,,,,,,,,,,,,,0.6,10,0.0,0.0,-0.4567,,,,,,0.75,16,0.0,0.0,-0.5233,,,,,,0.6818,22,-6.0,-6.0,-0.9347,,,,,,,,,,,,,,,,,,,,,,,,,,0.7619,21,-2.0,-2.0,-0.4969,,,,,,0.7647,17,-2.0,-2.0,-0.8431,0.6057,2.1302
XYL,XLI,12,12,221,,,,,,,,,,,,,,,,,,,,,,,,,,,,,,,,,,,,,,,,,,,,,,,,,,,,,,,,,,,,,,,,,,0.7273,11,-3.0,-3.0,-0.0787,,,,,,0.6,35,1.0,1.0,-0.23,,,,,,,,,,,,,,,,,,,,,,,,,,0.6458,48,-1.0,-1.0,-0.161,,,,,,0.6136,44,-1.0,-1.0,-0.2015,0.5123,0.53
XYLD,SPY,11,12,168,,,,,,,,,,,,,,,,,,,,,,,,,,,,,,,,,,,,,,,,,,,,,,,,,,,,,,,,,,,,,,,,,,,,,,,,,,,,,,,,,,,,,,,,,,,,,,,,,,,,,,,,,,0.7,10,1.0,1.0,-0.0557,0.6154,13,-2.0,-2.0,0.0763,,,,,,0.9154,0.4681
XYZ,XLF,37,37,284,,,,,,,,,,,,,,,,,,,,,,,,,,,,,,,,,,,,,,,,,0.7,10,0.0,0.0,1.0171,,,,,,0.8,10,0.0,0.0,1.39,,,,,,0.6,30,-4.0,-3.0,0.3239,0.65,20,3.0,3.0,-0.2054,,,,,,0.6316,19,3.0,3.0,-0.3625,,,,,,,,,,,,,,,,,,,,,,,,,,,,,,,,,,,,,,,,,0.3452,0.6824
YANG,QQQ,35,35,267,,,,,,,,,,,,,,,,,,,,,,,,,,,,,,,,,,,,,,,,,,,,,,,,,,,,,,,,0.6667,12,-1.0,-1.0,-0.64,,,,,,0.6,15,4.0,4.0,-0.0711,0.6379,58,-4.0,-2.0,0.3473,0.7143,28,3.0,3.0,-0.3635,,,,,,,,,,,,,,,,,,,,,,,,,,,,,,,0.6596,47,-3.0,-2.0,0.4274,,,,,,-0.2134,-0.5397
YBTC,IWM,15,20,28,,,,,,,,,,,,,,,,,,,,,,,,,,,,,,,,,,,,,,,,,,,,,,,,,,,,,,,,,,,,,,,,,,,,,,,,,,,,,,,,,,,,,,,,,,,,,,,,,,,,,,,,,,,,,,,,,,,,,,,,,0.6672,1.3801
YEXT,IGV,17,17,214,,,,,,,,,,,,,,,,,,,,,,,,,,,,,,,,,,,,,,,,,,,,,,,,,,,,,,,,,,,,,,,,,,0.7647,17,2.0,2.0,-0.2454,0.6875,16,1.0,1.0,0.8564,0.6364,11,5.0,5.0,-0.8814,,,,,,,,,,,,,,,,,,,,,,,,,,0.6418,67,-2.0,-1.0,-0.3712,,,,,,,,,,,0.5142,0.6081
YHC,QQQ,18,32,207,,,,,,,,,,,,,,,,,,,,,,,,,,,,,,,,,,,,,,,,,,,,,,,,,,,,,,,,,,,,,,,,,,0.6,10,-6.0,-6.0,-2.1433,,,,,,0.6308,65,-15.0,-15.0,-1.1968,,,,,,,,,,,,,,,,,,,,,,,,,,0.6316,38,-1.0,-1.0,-1.675,,,,,,0.6548,84,-2.0,-1.0,-67.2176,0.3056,1.4325
YINN,SPY,39,39,343,,,,,,,,,,,,,,,,,,,,,,,,,,,,,,,,,,,,,,,,,,,,,,,,,,,0.6286,35,-1.0,0.0,0.9055,,,,,,0.6,15,-2.0,-2.0,0.2556,0.6667,42,1.0,1.0,-0.1814,0.6154,13,3.0,3.0,0.5112,0.6333,60,1.0,2.0,-0.2589,,,,,,,,,,,,,,,,,,,,,,,,,,0.7647,17,1.0,1.0,-0.1762,,,,,,0.75,16,-2.0,-2.0,-0.5208,0.3076,1.595
YMAG,SPY,32,33,159,,,,,,0.8182,11,0.0,0.0,-0.7367,,,,,,0.8,10,0.0,0.0,-0.74,,,,,,,,,,,,,,,,,,,,,,,,,,0.7241,29,-1.0,0.0,-0.4538,,,,,,0.8333,12,0.0,0.0,-0.669,,,,,,0.6957,23,-2.0,-2.0,-0.0988,,,,,,0.7308,26,-2.0,-2.0,-0.2789,,,,,,,,,,,,,,,,,,,,,,,,,,,,,,,0.6364,11,1.0,1.0,0.1386,0.7692,13,-2.0,-2.0,-0.294,0.5477,0.5281
YMAT,XLB,26,38,216,,,,,,,,,,,,,,,,,,,,,,,,,,,,,,,,,,,,,,,,,,,,,,,,,,,,,,,,,,,,,0.6667,42,-15.0,-15.0,1.7936,,,,,,,,,,,,,,,,,,,,,,,,,,,,,,,,,,,,,,,,,0.7,10,-2.0,-2.0,-6.3186,,,,,,0.6,40,0.0,0.0,-5.015,0.1224,1.6171
YMAX,SPY,38,38,212,,,,,,0.6667,27,-1.0,0.0,-0.7383,,,,,,0.7647,17,-1.0,-1.0,-0.8962,,,,,,,,,,,,,,,,,,,,,,,,,,0.75,12,-1.0,-1.0,-0.8867,,,,,,0.8462,13,-1.0,-1.0,-0.9445,0.6,25,1.0,1.0,0.1373,0.6,35,-2.0,-2.0,-0.1414,0.697,33,0.0,0.0,0.3074,,,,,,,,,,,,,,,,,,,,,,,,,,,,,,,0.7273,11,1.0,1.0,-0.1812,,,,,,0.6154,13,-2.0,-2.0,-0.2138,0.8632,1.404
YMM,SPY,16,16,231,,,,,,,,,,,,,,,,,,,,,,,,,,,,,,,,,,,,,,,,,,,,,,,,,,,,,,,,,,,,,0.6,20,-2.0,-2.0,0.2317,0.6667,81,0.0,1.0,-0.1524,,,,,,0.7073,41,1.0,1.0,-0.3166,,,,,,,,,,,,,,,,,,,,,,,,,,0.7857,14,-2.0,-2.0,-0.1209,,,,,,0.7692,13,1.0,1.0,-0.5,0.3229,0.592
YMT,SPY,12,22,62,,,,,,,,,,,,,,,,,,,,,,,,,,,,,,,,,,,,,,,,,,,,,,,,,,,,,,,,,,,,,,,,,,,,,,,,,,,,,,,,,,,,,,,,,,,,,,,,,,,,,,,,,,,,,,,,,,,,0.6316,19,0.0,0.0,-5.785,0.0389,0.2266
YOU,IGV,16,16,200,,,,,,,,,,,,,,,,,,,,,,,,,,,,,,,,,,,,,,,,,,,,,,,,,,,,,,,,,,,,,0.6429,14,-3.0,-3.0,0.3444,0.6,30,0.0,0.0,-0.1639,0.6667,15,-3.0,-3.0,0.475,,,,,,,,,,,,,,,,,,,,,,,,,,0.6,15,1.0,1.0,0.4056,0.6765,34,-1.0,-1.0,-0.23,0.6471,34,0.0,0.0,0.4855,0.6286,35,-1.0,-1.0,-0.5186,0.6502,0.5121
YPF,XLE,23,24,214,,,,,,,,,,,,,,,,,,,,,,,,,,,,,,,,,,,,,,,,,,,,,,,,,,,,,,,,,,,,,,,,,,0.75,16,-3.0,-3.0,-0.2317,0.6,20,3.0,3.0,0.385,0.7143,14,-3.0,-3.0,-0.424,,,,,,,,,,,,,,,,,,,,,0.6216,37,-3.0,-2.0,0.3913,0.6452,31,1.0,1.0,-0.178,0.7,10,-3.0,-3.0,0.3214,0.6364,33,1.0,1.0,-0.3443,0.7848,0.9128
YSS,ITA,31,31,230,,,,,,,,,,,,,,,,,,,,,,,,,,,,,,,,,,,,,,,,,,,,,,,,,,,,,,,,,,,,,0.619,21,-9.0,-8.0,0.9615,0.6522,23,-2.0,-1.0,-0.594,0.7333,15,2.0,2.0,0.9173,0.7143,35,-4.0,-3.0,-0.7268,,,,,,,,,,,,,,,,,,,,,0.7667,30,1.0,1.0,1.0526,0.7143,21,2.0,2.0,-0.7667,,,,,,,,,,,0.627,2.0202
YUM,XLY,11,11,225,,,,,,,,,,,,,,,,,,,,,,,,,,,,,,,,,,,,,,,,,,,,,,,,,,,,,,,,,,,,,,,,,,0.6452,31,-2.0,-2.0,-0.112,,,,,,0.6667,36,1.0,1.0,-0.2462,,,,,,,,,,,,,,,,,,,,,,,,,,0.604,101,-2.0,-1.0,-0.1444,,,,,,0.6071,28,-2.0,-2.0,-0.2365,0.3711,0.2725
YUMC,XLY,10,10,218,,,,,,,,,,,,,,,,,,,,,,,,,,,,,,,,,,,,,,,,,,,,,,,,,,,,,,,,,,,,,,,,,,0.6375,160,-1.0,2.0,-0.1174,0.7,10,-3.0,-3.0,0.1543,0.6979,96,0.0,2.0,-0.1936,,,,,,,,,,,,,,,,,,,,,,,,,,0.6413,92,0.0,1.0,-0.1076,,,,,,0.6296,162,-1.0,1.0,-0.1921,0.145,0.1833
YYGH,XLI,35,39,442,,,,,,,,,,,,,,,,,,,,,,,,,,,,,,,,,,,,,,,,,,,,,,,,,,,,,,,,,,,,,0.625,16,0.0,0.0,1.961,0.7368,38,3.0,5.0,-1.7246,0.7143,14,2.0,2.0,1.72,0.6071,56,15.0,15.0,-7.0532,,,,,,,,,,,,,,,,,,,,,,,,,,0.7692,39,1.0,1.0,-1.5173,0.75,16,-2.0,-2.0,18.27,0.7179,39,-1.0,-1.0,-1.8461,-0.0885,-1.2717
Z,SPY,35,35,236,,,,,,0.7647,17,0.0,0.0,-1.4646,,,,,,0.7059,17,0.0,0.0,-1.2633,,,,,,,,,,,,,,,,,,,,,,,,,,0.6842,19,0.0,0.0,-1.3277,,,,,,0.6316,19,0.0,0.0,-0.9358,,,,,,0.68,50,0.0,0.0,-0.2756,0.7097,31,-1.0,-1.0,0.3877,0.7,20,-3.0,-3.0,-0.6479,,,,,,,,,,,,,,,,,,,,,,,,,,0.7857,14,1.0,1.0,-0.3082,,,,,,0.7333,15,-2.0,-2.0,-0.3573,0.1067,0.1747
ZBAO,XLF,13,22,179,,,,,,,,,,,,,,,,,,,,,,,,,,,,,,,,,,,,,,,,,,,,,,,,,,,,,,,,,,,,,,,,,,,,,,,,,,,,0.6486,37,15.0,15.0,-14.0017,,,,,,,,,,,,,,,,,,,,,,,,,,,,,,,,,,,,0.6154,78,-1.0,0.0,-4.7344,-0.007,-0.079
ZCMD,SPY,27,35,322,,,,,,,,,,,,,,,,,,,,,,,,,,,,,,,,,,,,,,,,,,,,,,0.6,10,-1.0,-1.0,-3.15,,,,,,0.64,25,-1.0,0.0,-30.0288,,,,,,0.623,61,15.0,15.0,-15.9726,,,,,,0.6379,58,15.0,15.0,-19.1735,,,,,,,,,,,,,,,,,,,,,,,,,,0.6642,137,-2.0,-1.0,-5.0069,,,,,,0.6131,137,-2.0,-1.0,-7.5721,0.2769,3.8701
ZD,IWM,13,16,150,,,,,,,,,,,,,,,,,,,,,,,,,,,,,,,,,,,,,,,,,,,,,,,,,,,,,,,,,,,,,0.6154,26,-1.0,-1.0,0.3194,0.6,25,0.0,0.0,-0.1807,0.6429,28,-1.0,-1.0,0.4017,0.6316,19,-2.0,-2.0,-0.575,,,,,,,,,,,,,,,,,,,,,,,,,,,,,,,0.6111,18,1.0,1.0,0.5764,,,,,,0.203,0.1927
ZENA,QQQ,39,39,273,,,,,,,,,,,,,,,,,,,,,,,,,,,,,,,,,,,,,,,,,,,,,,0.7273,22,-1.0,0.0,-3.1525,,,,,,0.6364,22,-1.0,0.0,-3.6536,,,,,,0.6667,39,0.0,1.0,-0.4931,0.6,15,-5.0,-5.0,0.8922,,,,,,,,,,,,,,,,,,,,,,,,,,,,,,,0.6316,76,-1.0,-1.0,-0.8569,,,,,,0.9231,13,-3.0,-3.0,-0.7625,0.456,0.8159
ZETA,IGV,39,39,415,,,,,,,,,,,,,,,,0.6364,11,0.0,0.0,-2.16,,,,,,,,,,,,,,,,,,,,,,,,,,,,,,,,,,,,,,,,,0.8,20,2.0,2.0,0.2725,0.6444,45,-5.0,-4.0,-0.3086,0.6458,48,-1.0,-1.0,0.5694,0.6286,35,-2.0,-2.0,-0.5282,,,,,,,,,,,,,,,,,,,,,0.6,15,-4.0,-4.0,0.2767,0.6286,70,-1.0,-1.0,-0.4332,0.6545,55,1.0,2.0,0.6214,0.6232,69,-1.0,-1.0,-0.8558,0.6993,0.9516
ZG,KWEB,10,10,223,,,,,,,,,,,,,,,,,,,,,,,,,,,,,,,,,,,,,,,,,,,,,,,,,,,,,,,,,,,,,0.6,10,2.0,2.0,0.5383,0.68,25,-2.0,-2.0,-0.2712,0.6897,29,-1.0,-1.0,0.4185,0.6222,45,0.0,0.0,-0.5032,,,,,,,,,,,,,,,,,,,,,0.6136,44,0.0,0.0,0.3126,0.75,24,-2.0,-2.0,-0.3728,0.6364,44,0.0,0.0,0.5946,0.6207,58,-1.0,-1.0,-0.5578,0.1314,0.0806
ZIM,IWM,31,33,200,,,,,,,,,,,,,,,,0.6364,11,0.0,0.0,-0.8357,,,,,,,,,,,,,,,,,,,,,,,,,,0.6,10,-1.0,-1.0,-0.455,,,,,,,,,,,,,,,,0.6833,60,-3.0,-1.0,-0.1466,0.6364,33,1.0,1.0,0.4086,0.6829,41,-2.0,-1.0,-0.1996,,,,,,,,,,,,,,,,,,,,,,,,,,0.6609,115,-1.0,0.0,-0.1447,,,,,,,,,,,0.5344,0.4941
ZION,KRE,10,10,231,,,,,,,,,,,,,,,,,,,,,,,,,,,,,,,,,,,,,,,,,,,,,,,,,,,,,,,,,,,,,0.6,10,-3.0,-3.0,0.1517,0.6429,14,2.0,2.0,-0.1289,0.7,10,-3.0,-3.0,0.1829,0.6429,14,2.0,2.0,-0.2233,,,,,,,,,,,,,,,,,,,,,0.6471,51,-1.0,-1.0,0.1758,0.6053,38,1.0,1.0,-0.1278,0.6667,12,-3.0,-3.0,0.1938,0.6579,38,1.0,1.0,-0.2268,0.8644,0.885
ZLAB,SPY,15,17,165,,,,,,,,,,,,,,,,,,,,,,,,,,,,,,,,,,,,,,,,,,,,,,,,,,,,,,,,,,,,,0.6667,21,-3.0,-3.0,0.3679,0.6522,46,0.0,1.0,-0.1847,0.6667,33,-2.0,-1.0,0.58,0.8,10,-4.0,-4.0,-0.25,,,,,,,,,,,,,,,,,,,,,,,,,,,,,,,,,,,,,,,,,0.3448,0.7937
ZM,IGV,35,35,250,,,,,,0.6364,11,-1.0,-1.0,-1.0514,,,,,,0.6154,13,0.0,0.0,-2.055,,,,,,,,,,,,,,,,,,,,,,,,,,,,,,,,,,,,,,,,,0.6,10,-5.0,-5.0,0.1933,0.6429,70,-2.0,-1.0,-0.2878,0.6061,33,1.0,1.0,0.3305,0.65,20,2.0,2.0,-0.4585,,,,,,,,,,,,,,,,,,,,,0.6053,38,-2.0,-2.0,0.2565,0.6667,39,1.0,2.0,-0.2831,0.6,50,0.0,0.0,0.4423,0.6842,38,1.0,2.0,-0.4723,0.8465,0.8026
ZNB,KWEB,20,30,160,,,,,,,,,,,,,,,,,,,,,,,,,,,,,,,,,,,,,,,,,,,,,,,,,,,,,,,,,,,,,,,,,,0.8333,12,15.0,15.0,-9.596,0.6,10,-9.0,-9.0,9.1783,0.8182,11,15.0,15.0,-10.1133,,,,,,,,,,,,,,,,,,,,,0.7059,17,-3.0,-3.0,1.7758,0.6,15,-2.0,-2.0,-6.0278,,,,,,0.6111,72,-3.0,0.0,-3.618,0.0758,0.18
ZNTL,XBI,15,15,176,,,,,,,,,,,,,,,,,,,,,,,,,,,,,,,,,,,,,,,,,,,,,,,,,,,,,,,,,,,,,0.7059,17,1.0,1.0,0.915,,,,,,,,,,,0.8182,11,2.0,2.0,-0.7544,,,,,,,,,,,,,,,,,,,,,,,,,,0.875,16,-2.0,-2.0,-0.7179,,,,,,0.6585,41,-2.0,-1.0,-0.9574,0.3677,0.3252
ZONE,IWM,26,30,170,,,,,,,,,,,,,,,,,,,,,,,,,,,,,,,,,,,,,,,,,0.6154,13,0.0,0.0,2.455,,,,,,,,,,,,,,,,0.6364,11,-5.0,-5.0,0.5771,0.6154,13,-1.0,-1.0,-0.6338,,,,,,0.6429,14,-1.0,-1.0,-0.7356,,,,,,,,,,,,,,,,,,,,,,,,,,,,,,,0.6333,30,1.0,1.0,3.3984,0.625,56,0.0,0.0,-1.5506,0.3406,0.9475
ZROZ,IWM,23,25,149,,,,,,,,,,,,,,,,0.6364,11,-1.0,-1.0,-0.16,,,,,,,,,,,,,,,,,,,,,,,,,,,,,,,,,,,,,,,,,,,,,,,,,,,,,,,,,,,,,,,,,,,,,,,,,,,,,,,,,,,,,,0.6957,23,1.0,1.0,-0.0419,,,,,,0.6136,44,0.0,0.0,-0.0926,0.2695,0.2036
ZS,IGV,37,37,317,,,,,,0.7,10,0.0,0.0,-1.74,0.6,10,0.0,0.0,1.3367,,,,,,,,,,,,,,,,,,,,,,,,,,,,,,,,,,,,,,,,,,,,,,,,,,,0.6517,89,-2.0,0.0,-0.3041,0.6667,18,3.0,3.0,0.61,0.7222,18,-15.0,-15.0,-0.6869,,,,,,,,,,,,,,,,,,,,,0.6154,13,-4.0,-4.0,0.2512,0.6259,139,-1.0,1.0,-0.4522,,,,,,0.6429,14,3.0,3.0,-0.3533,0.8169,0.958
ZSL,SPY,39,39,410,,,,,,,,,,,,,,,,,,,,,,,,,,,,,,,,,,,,,,,,,0.6,15,-1.0,-1.0,0.7589,0.65,20,0.0,0.0,-0.9046,0.8,15,-1.0,-1.0,1.1683,,,,,,0.6667,24,-7.0,-6.0,0.3863,0.6087,46,2.0,4.0,-0.7125,0.6071,28,4.0,5.0,0.6759,0.6154,26,-2.0,-2.0,-0.5394,,,,,,,,,,,,,,,,,,,,,0.625,24,-2.0,-2.0,0.548,,,,,,,,,,,,,,,,-0.4656,-3.3744
ZTO,XLI,10,10,210,,,,,,,,,,,,,,,,,,,,,,,,,,,,,,,,,,,,,,,,,,,,,,,,,,,,,,,,,,,,,,,,,,0.625,104,-1.0,0.0,-0.0858,0.75,12,2.0,2.0,0.0756,0.6667,48,-1.0,-1.0,-0.1169,,,,,,,,,,,,,,,,,,,,,0.619,21,-2.0,-2.0,0.0808,,,,,,,,,,,0.6104,77,0.0,0.0,-0.1306,-0.1873,-0.2784
ZTS,IBB,28,28,235,,,,,,0.6667,15,0.0,0.0,-1.574,,,,,,0.6667,15,0.0,0.0,-1.538,,,,,,,,,,,,,,,,,,,,,,,,,,,,,,,,,,,,,,,,,,,,,,0.6538,52,0.0,0.0,-0.1656,,,,,,0.6111,54,0.0,0.0,-0.3112,,,,,,,,,,,,,,,,,,,,,,,,,,0.6036,111,0.0,1.0,-0.1801,,,,,,0.619,21,-2.0,-2.0,-0.3923,0.2807,0.4419
ZURA,SPY,15,15,186,,,,,,,,,,,,,,,,,,,,,,,,,,,,,,,,,,,,,,,,,,,,,,,,,,,,,,,,,,,,,0.6,10,-5.0,-5.0,0.8233,0.7,40,-4.0,-2.0,-0.3961,0.6875,16,1.0,1.0,0.8545,0.6429,56,-4.0,-1.0,-0.9789,,,,,,,,,,,,,,,,,,,,,,,,,,0.625,72,-2.0,-1.0,-0.4904,,,,,,0.6154,13,-2.0,-2.0,-1.7662,0.6014,0.8044
ZVIA,IWM,13,13,146,,,,,,,,,,,,,,,,,,,,,,,,,,,,,,,,,,,,,,,,,,,,,,,,,,,,,,,,,,,,,0.6,10,-2.0,-2.0,0.76,0.6316,19,1.0,1.0,-0.3017,,,,,,0.6364,11,1.0,1.0,-0.8386,,,,,,,,,,,,,,,,,,,,,0.625,24,1.0,1.0,1.1373,0.6829,41,0.0,0.0,-0.6175,0.7619,21,1.0,1.0,1.32,0.7209,43,0.0,0.0,-1.0887,0.2973,0.4467
ZVRA,XBI,27,27,209,,,,,,,,,,,,,,,,,,,,,,,,,,,,,,,,,,,,,,,,,,,,,,,,,,,,,,,,,,,,,0.6667,12,-3.0,-3.0,0.2238,0.75,20,-2.0,-2.0,-0.262,0.6,30,1.0,1.0,0.7761,0.6522,23,2.0,2.0,-0.5287,,,,,,,,,,,,,,,,,,,,,,,,,,0.6667,18,2.0,2.0,-0.23,0.75,16,2.0,2.0,0.5792,0.6364,44,1.0,1.0,-0.4936,0.5707,0.5625
ZYME,XBI,16,20,134,,,,,,,,,,,,,,,,,,,,,,,,,,,,,,,,,,,,,,,,,,,,,,,,,,,,,,,,,,,,,,,,,,0.625,16,0.0,0.0,-0.292,0.6923,13,1.0,1.0,0.5256,0.6,15,0.0,0.0,-0.77,,,,,,,,,,,,,,,,,,,,,0.6296,27,0.0,0.0,0.2447,0.6522,23,-2.0,-1.0,-0.338,0.6667,39,1.0,2.0,0.4462,,,,,,0.6324,0.516
