ticker,zone,M,R,dir,n,mean_net,sd_net,hits,mean_gross,mean_move,t,hit_rate,hit_lb,test_n,test_mean_net,test_sd_net,test_hits,test_mean_gross,test_mean_move,test_t,test_hit_rate,test_hit_lb
WLTH,MORNING,15,30,-1,6,0.35624605,0.08020200258339916,6,0.65624607,1.2912482023239136,10.880290111149668,1.0,0.6096569663469354,1.0,-0.2518385,,0.0,0.048161507,1.1242389678955078,,0.0,0.0
ZNTL,MIDDAY,30,90,-1,6,1.1330388,0.3103276405891113,6,1.4330387,2.252166986465454,8.943343924005216,1.0,0.6096569663469354,,,,,,,,,
PLUS,MORNING,30,60,-1,6,0.32066396,0.1148999029669818,6,0.620664,1.2578134536743164,6.836063892560184,1.0,0.6096569663469354,,,,,,,,,
NEXR,AFTERNOON,15,30,1,7,3.3378766,1.2938163714857813,7,3.6378767,4.9901204109191895,6.825691400212106,1.0,0.6456611570247934,2.0,-1.8322088,3.4525280058672,1.0,-1.5322087,5.655580520629883,-0.7505035332567066,0.5,0.09452865480086611
PLTZ,MIDDAY,15,90,1,6,0.54107845,0.19513821539157142,6,0.84107846,1.560783863067627,6.791935175186295,1.0,0.6096569663469354,3.0,0.08588433,0.8687955290617833,2.0,0.38588434,1.5615324974060059,0.17122098671072983,0.6666666666666666,0.20765495512648788
LESL,MORNING,15,15,-1,7,1.7726551,0.6936970396951356,7,2.0726552,5.233932018280029,6.760883158479432,1.0,0.6456611570247934,4.0,-1.1629164,2.862964809958077,2.0,-0.8629164,7.752735137939453,-0.8123861095640136,0.5,0.15003570882017145
LESLQ,MORNING,15,15,-1,7,1.7726551,0.6936970396951356,7,2.0726552,5.233932018280029,6.760883158479432,1.0,0.6456611570247934,4.0,-1.1629164,2.862964809958077,2.0,-0.8629164,7.752735137939453,-0.8123861095640136,0.5,0.15003570882017145
CGTX,OPEN,30,30,1,7,2.1132426,0.8442647324839655,7,2.4132426,4.73724889755249,6.622465956134737,1.0,0.6456611570247934,4.0,1.0285561,0.8780987550252156,4.0,1.3285561,2.2895443439483643,2.342688911898515,1.0,0.5100999795960008
NAUT,MIDDAY,15,90,-1,7,0.52776015,0.21470849417653687,7,0.82776016,1.7394015789031982,6.503338905998848,1.0,0.6456611570247934,8.0,0.24882081,4.402468058881654,6.0,0.54882085,3.8063488006591797,0.1598584073896185,0.75,0.40926987910258916
EAF,MORNING,30,90,1,7,2.9102285,1.2025455294426104,7,3.2102284,4.0200958251953125,6.402868462434418,1.0,0.6456611570247934,5.0,-1.2585603,1.0945721667045925,1.0,-0.95856035,4.3397321701049805,-2.5710743155219022,0.2,0.036223160969787456
ACB,MIDDAY,30,90,1,7,1.0515736,0.4583488236697674,7,1.3515736,1.3997220993041992,6.07005445972654,1.0,0.6456611570247934,6.0,-0.14626966,0.9557879897355299,4.0,0.15373035,1.1833751201629639,-0.374859326449448,0.6666666666666666,0.2999883213415286
SUGP,MIDDAY,60,30,-1,6,2.9799688,1.2525610522902064,6,3.2799687,5.958204746246338,5.827582585584653,1.0,0.6096569663469354,2.0,0.39423224,1.0805923015244419,1.0,0.6942322,10.805554389953613,0.5159472119247647,0.5,0.09452865480086611
HAO,EARLY,60,90,-1,6,2.1303968,0.9044913861412547,6,2.4303966,8.371479034423828,5.769413943390236,1.0,0.6096569663469354,1.0,-3.531584,,0.0,-3.231584,22.767011642456055,,0.0,0.0
ALDX,OPEN,60,30,1,6,1.2179862,0.52192752815774,6,1.5179863,3.2987844944000244,5.716205041281143,1.0,0.6096569663469354,8.0,-0.7729394,2.569707958273003,3.0,-0.47293937,5.094285011291504,-0.8507592126978967,0.375,0.13684175946152105
BEAT,OPEN,30,60,1,8,2.3620698,1.2162537481592637,8,2.6620698,3.8690872192382812,5.4930498103860295,1.0,0.6755843804891231,4.0,2.378536,3.2300020893051995,4.0,2.678536,3.5664567947387695,1.4727767476201838,1.0,0.5100999795960008
AIM,MORNING,60,60,1,6,2.4588482,1.1023870299116356,6,2.7588482,5.593743801116943,5.463529028006654,1.0,0.6096569663469354,4.0,-0.30297646,1.252815747544505,2.0,-0.0029764771,2.244943618774414,-0.48367281439203386,0.5,0.15003570882017145
GT,MORNING,30,60,1,10,0.37360537,0.22035160692086492,10,0.6736054,1.5421050786972046,5.36163059316153,1.0,0.7224598312333834,2.0,-0.14377934,0.48476866830005805,1.0,0.15622067,1.3749240636825562,-0.41944684598087134,0.5,0.09452865480086611
BJDX,OPEN,60,60,-1,7,2.8660383,1.4199080628904115,7,3.1660383,7.858017921447754,5.34036311741497,1.0,0.6456611570247934,4.0,-1.4728136,1.2459765810600159,1.0,-1.1728137,4.691354751586914,-2.3641112178997927,0.25,0.045586062644636216
GOSS,AFTERNOON,15,30,1,6,2.449557,1.123584149868931,6,2.749557,3.6865713596343994,5.340200738983533,1.0,0.6096569663469354,1.0,-0.43927008,,0.0,-0.13927007,2.419139862060547,,0.0,0.0
AIRS,OPEN,60,90,-1,10,1.3813573,0.8333281254007834,10,1.6813573,4.668269634246826,5.241915202354636,1.0,0.7224598312333834,5.0,1.0559888,4.828250437097232,3.0,1.355989,5.579200267791748,0.4890514163588931,0.6,0.23071993220883702
EDVA,MIDDAY,15,15,-1,7,1.6786804,0.8495412193327868,7,1.9786804,4.86133337020874,5.227964012570132,1.0,0.6456611570247934,2.0,1.355871,2.124180302259046,1.0,1.6558709,5.244999885559082,0.9026969610118196,0.5,0.09452865480086611
HOWL,MIDDAY,15,15,1,6,1.944505,0.9189560583061214,6,2.244505,4.4526448249816895,5.1831041877563635,1.0,0.6096569663469354,2.0,-0.44294235,1.383253878302993,1.0,-0.14294231,1.3459633588790894,-0.4528561893840819,0.5,0.09452865480086611
ALDX,OPEN,60,90,1,6,0.9166885,0.4397925775006965,6,1.2166885,3.2987844944000244,5.105632058031345,1.0,0.6096569663469354,7.0,0.14207922,2.5817301243335136,3.0,0.44207925,5.581937313079834,0.14560246905313698,0.42857142857142855,0.1582169222626268
HLP,OPEN,30,90,1,7,2.6272044,1.391442738285472,7,2.9272044,4.6956281661987305,4.99548371096147,1.0,0.6456611570247934,5.0,-3.5136545,4.398183547285255,1.0,-3.2136545,5.7500786781311035,-1.7863670674243979,0.2,0.036223160969787456
RGTIW,OPEN,15,30,1,6,3.2913604,1.62603193705337,6,3.5913606,6.205119609832764,4.9581765909062785,1.0,0.6096569663469354,1.0,2.6605237,,1.0,2.9605236,3.3884177207946777,,1.0,0.20654329147389294
HLSQ,MORNING,15,60,1,12,2.0995066,1.466904211347597,11,2.3995066,3.1038901805877686,4.957995351890619,0.9166666666666666,0.6461140782014047,4.0,-0.35836723,1.291879207522246,2.0,-0.058367252,6.811984062194824,-0.5547999106755328,0.5,0.15003570882017145
SNX,OPEN,15,90,1,8,1.0756761,0.6154698774174188,8,1.375676,1.5073254108428955,4.943331142316609,1.0,0.6755843804891231,6.0,-0.6158415,2.8152484574201173,1.0,-0.31584144,1.9946765899658203,-0.5358310215334144,0.16666666666666666,0.030052585871730285
WETO,OPEN,15,15,1,6,3.2972727,1.6353094525199778,6,3.5972726,6.83401346206665,4.93890352173866,1.0,0.6096569663469354,5.0,5.50256,5.629401472558416,4.0,5.8025603,5.111752986907959,2.1856850289320953,0.8,0.37552826411853885
COSM,MORNING,30,15,-1,6,0.920869,0.456774839742955,6,1.220869,3.7875688076019287,4.938229858705546,1.0,0.6096569663469354,8.0,-0.6529249,1.3200907513773206,2.0,-0.35292494,4.479633331298828,-1.3989572173911224,0.25,0.07147768885802765
CWD,OPEN,30,90,1,6,4.7592134,2.374790565985404,6,5.0592136,6.2047810554504395,4.90891478621955,1.0,0.6096569663469354,4.0,-0.7817955,3.2305653096018756,1.0,-0.48179546,5.260186195373535,-0.4839991931971376,0.25,0.045586062644636216
BAOS,MIDDAY,15,90,1,7,2.8623333,1.5519964747714134,7,3.1623333,7.231006622314453,4.879535616398249,1.0,0.6456611570247934,1.0,4.4037004,,1.0,4.7037005,4.790743827819824,,1.0,0.20654329147389294
PHIO,OPEN,60,90,-1,6,1.7703043,0.8894171816210195,6,2.0703044,4.021363735198975,4.875487418665614,1.0,0.6096569663469354,4.0,-0.5844027,0.4521763102210106,0.0,-0.28440264,3.158886432647705,-2.584844306024766,0.0,0.0
STKH,OPEN,60,90,1,7,5.8384233,3.1775154627913906,7,6.138423,12.671758651733398,4.861350370971524,1.0,0.6456611570247934,,,,,,,,,
IFRX,OPEN,30,90,1,8,1.794997,1.0478921235667673,8,2.094997,2.5269429683685303,4.844981677012576,1.0,0.6755843804891231,8.0,-0.5075172,1.0974563258015675,3.0,-0.20751719,1.6687661409378052,-1.3080023629064517,0.375,0.13684175946152105
HURA,MIDDAY,15,30,-1,6,0.5373894,0.2741631577034554,6,0.8373894,1.9070496559143066,4.801264430931447,1.0,0.6096569663469354,1.0,-0.057287753,,0.0,0.24271226,1.7833974361419678,,0.0,0.0
CGC,MIDDAY,30,90,1,6,1.1610378,0.5939772980302668,6,1.4610378,1.7989139556884766,4.787977921242056,1.0,0.6096569663469354,4.0,0.10926786,0.36853377100437923,3.0,0.40926787,1.2623741626739502,0.592986962107838,0.75,0.30063605244263664
IVDA,OPEN,30,60,1,10,3.0970898,2.0467486004251803,9,3.3970897,6.185750484466553,4.785080972390962,0.9,0.5958436145024278,1.0,3.918752,,1.0,4.218752,4.93500280380249,,1.0,0.20654329147389294
TURB,OPEN,30,15,1,6,1.4836593,0.7624540020808116,6,1.7836593,6.454885005950928,4.766462170079699,1.0,0.6096569663469354,4.0,1.0852065,1.5248279304553936,3.0,1.3852065,3.5094432830810547,1.4233822544323085,0.75,0.30063605244263664
HPAI,OPEN,15,60,1,7,3.7724652,2.0954687133409986,7,4.072465,5.626631259918213,4.763137126371014,1.0,0.6456611570247934,2.0,0.791669,1.5438530958546026,1.0,1.091669,4.61322021484375,0.725191441748564,0.5,0.09452865480086611
SCNX,MIDDAY,15,15,1,9,1.5083816,0.9505620748228519,8,1.8083816,3.6011056900024414,4.760493749225434,0.8888888888888888,0.5649937852319398,3.0,1.5456461,2.0892578643836615,2.0,1.845646,3.303053855895996,1.2813820504788307,0.6666666666666666,0.20765495512648788
SMTK,MIDDAY,30,90,1,6,3.2945628,1.6973897090740033,6,3.5945628,5.199304103851318,4.7543576958928035,1.0,0.6096569663469354,3.0,2.1841629,5.650790330465359,2.0,2.4841628,6.485499858856201,0.6694782173611522,0.6666666666666666,0.20765495512648788
TOON,MORNING,15,60,-1,6,0.80875957,0.4172042546823798,6,1.1087596,1.926226258277893,4.748389425940012,1.0,0.6096569663469354,1.0,-0.6728826,,0.0,-0.3728826,1.0225416421890259,,0.0,0.0
NRXS,OPEN,15,15,1,7,1.8457564,1.0289284766056017,7,2.1457562,3.61435866355896,4.746114581142624,1.0,0.6456611570247934,3.0,-0.60911226,1.8092818342914223,1.0,-0.3091123,2.95210337638855,-0.5831116891567973,0.3333333333333333,0.061490315276160515
KALA,MORNING,15,15,1,6,3.8114338,1.969474050688561,6,4.111434,5.022712707519531,4.740386386820898,1.0,0.6096569663469354,4.0,-0.2519067,3.987882430103655,1.0,0.04809332,3.791281223297119,-0.12633606802453917,0.25,0.045586062644636216
SNAL,OPEN,15,90,-1,7,2.8171873,1.5748807738041042,7,3.1171873,4.8367018699646,4.732788120207185,1.0,0.6456611570247934,,,,,,,,,
VATE,OPEN,15,15,1,6,2.0602741,1.0715801123368125,6,2.360274,4.893185138702393,4.709512873853891,1.0,0.6096569663469354,1.0,-1.0363729,,0.0,-0.7363728,2.4400436878204346,,0.0,0.0
CPIX,OPEN,15,15,1,7,1.9592786,1.101082871441052,7,2.2592785,6.892922401428223,4.707878049471434,1.0,0.6456611570247934,1.0,0.9484442,,1.0,1.2484442,6.702197074890137,,1.0,0.20654329147389294
XRXDW,MIDDAY,15,60,-1,6,2.219324,1.155484930601484,6,2.519324,4.195852279663086,4.704701467006481,1.0,0.6096569663469354,3.0,3.4136279,6.777175254614539,1.0,3.713628,7.661087512969971,0.8724249668329299,0.3333333333333333,0.061490315276160515
RARE,MORNING,30,30,1,7,0.4766516,0.2688666926667694,7,0.7766516,1.7153183221817017,4.6904345301240795,1.0,0.6456611570247934,4.0,-0.54783744,1.4241061959529318,1.0,-0.24783745,2.1697745323181152,-0.7693772244739182,0.25,0.045586062644636216
HLSQ,MORNING,15,90,1,13,2.1457539,1.6508561526784584,13,2.4457538,3.054103374481201,4.686432282976364,1.0,0.7718981569447084,4.0,0.4835469,8.664113564946854,1.0,0.78354704,6.811984062194824,0.11162063124990942,0.25,0.045586062644636216
INLF,OPEN,15,90,-1,8,3.5572557,2.153740972424705,8,3.857256,8.37022590637207,4.671610359579822,1.0,0.6755843804891231,2.0,-2.4407935,0.0740209927531368,0.0,-2.1407936,3.473379611968994,-46.63276136161762,0.0,0.0
QCMU,OPEN,15,60,-1,7,1.5973586,0.9075337870009792,7,1.8973585,4.384544372558594,4.656811271889958,1.0,0.6456611570247934,7.0,-0.14352041,3.2480363726928894,2.0,0.15647964,4.040594577789307,-0.1169073502043989,0.2857142857142857,0.08221716570901548
SRZN,MORNING,15,90,1,6,1.6362017,0.863041876646658,6,1.9362017,2.637634038925171,4.643875906855561,1.0,0.6096569663469354,3.0,-0.6309486,1.7299226675319093,1.0,-0.3309486,2.5916640758514404,-0.6317247921753398,0.3333333333333333,0.061490315276160515
AIM,MORNING,30,60,1,9,1.8766899,1.2126711988385248,9,2.1766899,4.122758865356445,4.642700954766962,1.0,0.7008472464490406,4.0,0.22480024,1.3071019907907893,2.0,0.5248002,2.1726982593536377,0.34396741120060437,0.5,0.15003570882017145
AEON,MIDDAY,30,60,1,6,3.8370302,2.054571873081708,6,4.13703,4.384429454803467,4.574561821397168,1.0,0.6096569663469354,5.0,3.2579916,4.217276400083901,4.0,3.5579915,3.9938788414001465,1.7274396767155757,0.8,0.37552826411853885
CWD,OPEN,15,15,1,10,2.5969963,1.7957271929449719,10,2.8969963,5.2666754722595215,4.573313495841917,1.0,0.7224598312333834,5.0,1.997102,1.751372489722615,5.0,2.297102,5.930941581726074,2.5498036001947084,1.0,0.565508505247919
CWD,OPEN,30,30,1,6,3.5018888,1.883142206142991,6,3.8018887,6.38374137878418,4.555067880890766,1.0,0.6096569663469354,2.0,-3.5132022,0.9189791572382059,0.0,-3.2132022,6.127381324768066,-5.406453613107922,0.0,0.0
NTLA,OPEN,60,90,1,6,1.1463234,0.6176283457986491,6,1.4463234,3.3441429138183594,4.5462737151168255,1.0,0.6096569663469354,5.0,0.22759186,0.6566290612754282,3.0,0.5275919,2.9982762336730957,0.7750355476062545,0.6,0.23071993220883702
PROP,MORNING,15,30,1,7,1.7227862,1.0027448888327646,7,2.0227861,2.7945196628570557,4.5455866857851275,1.0,0.6456611570247934,4.0,0.020599082,1.1928333441953751,2.0,0.32059908,2.62302827835083,0.03453807225049936,0.5,0.15003570882017145
NIU,MORNING,60,60,1,6,0.4672202,0.25509876003402615,6,0.7672202,2.4443724155426025,4.486305836937891,1.0,0.6096569663469354,4.0,0.38210797,0.792896585121261,3.0,0.6821079,2.2395896911621094,0.963828020624701,0.75,0.30063605244263664
MIST,MORNING,30,15,-1,6,0.43760902,0.23971303223491902,6,0.737609,1.965104103088379,4.4716751035211635,1.0,0.6096569663469354,6.0,0.2705793,0.8934258628260467,3.0,0.5705793,2.2321937084198,0.741842460351103,0.5,0.1876128068994087
DYAI,MIDDAY,15,60,-1,6,1.578263,0.8672499925931343,6,1.878263,3.759992837905884,4.457698670031171,1.0,0.6096569663469354,2.0,-2.8167663,9.699002041070555,1.0,-2.516766,4.712887287139893,-0.41071329121946143,0.5,0.09452865480086611
SBEV,MIDDAY,15,15,-1,6,1.6860923,0.9303778224761494,6,1.9860922,5.235021114349365,4.43912740647632,1.0,0.6096569663469354,,,,,,,,,
DINO,OPEN,15,60,-1,6,1.0898676,0.6020381770165802,6,1.3898677,1.2826091051101685,4.434302655816845,1.0,0.6096569663469354,3.0,0.38160858,3.171120817376385,2.0,0.6816085,1.384867787361145,0.2084327528270376,0.6666666666666666,0.20765495512648788
SYM,OPEN,60,60,1,9,0.5108575,0.34587565068420145,9,0.81085753,2.463629722595215,4.4309929433634005,1.0,0.7008472464490406,7.0,0.3364545,0.4870839982011639,5.0,0.6364545,2.0283706188201904,1.8275594477665447,0.7142857142857143,0.35892909014821267
CSTE,OPEN,15,15,1,7,1.9337268,1.1572259810007455,7,2.2337267,4.678646087646484,4.421055409611634,1.0,0.6456611570247934,2.0,0.7638289,1.5044811958496658,1.0,1.0638288,4.948895454406738,0.717999769891299,0.5,0.09452865480086611
NUWE,OPEN,30,30,1,12,1.5309914,1.2000347260557591,11,1.8309914,5.005300998687744,4.419463693649552,0.9166666666666666,0.6461140782014047,3.0,-2.8514113,6.096719828179055,1.0,-2.5514114,4.604791164398193,-0.8100731963883926,0.3333333333333333,0.061490315276160515
GEOS,OPEN,30,30,1,7,1.8118175,1.0991873610069818,7,2.1118174,3.4104418754577637,4.36105687441241,1.0,0.6456611570247934,,,,,,,,,
NUGT,MORNING,30,30,1,9,1.0195408,0.7016675550851502,8,1.3195407,2.4294116497039795,4.359076229281139,0.8888888888888888,0.5649937852319398,4.0,-0.06766036,0.6387983095812664,3.0,0.23233967,1.9181653261184692,-0.21183638251249637,0.75,0.30063605244263664
RCMT,OPEN,30,15,1,7,0.8822142,0.5388221405442891,7,1.1822141,3.2370059490203857,4.331892048285653,1.0,0.6456611570247934,1.0,-0.34832442,,0.0,-0.048324406,1.7766505479812622,,0.0,0.0
CJMB,OPEN,30,30,1,6,2.934938,1.659848346675618,6,3.2349381,8.841744422912598,4.331179067233193,1.0,0.6096569663469354,5.0,0.2617607,2.115673344696396,2.0,0.5617607,3.7944469451904297,0.2766564822494665,0.4,0.11761823115925325
HLSQ,MORNING,15,30,1,13,2.2035046,1.8497777058804918,13,2.5035045,3.054103374481201,4.295028889209542,1.0,0.7718981569447084,4.0,-0.8460252,1.0796795701608854,1.0,-0.5460253,6.811984062194824,-1.567178358990896,0.25,0.045586062644636216
STKH,OPEN,60,60,1,8,6.193031,4.099490570225013,8,6.493031,12.177711486816406,4.272856857644557,1.0,0.6755843804891231,,,,,,,,,
HYPR,MORNING,60,30,1,6,0.43181163,0.24777008841123283,6,0.73181164,3.1497199535369873,4.268950166906106,1.0,0.6096569663469354,5.0,-1.9211888,3.4726985997895743,2.0,-1.6211888,2.812403678894043,-1.2370520219422734,0.4,0.11761823115925325
ENLV,OPEN,15,15,1,8,3.1864696,2.1230922059892015,7,3.4864697,4.712690830230713,4.245080310612801,0.875,0.5291051942301385,4.0,0.06120512,2.1641950735111073,3.0,0.3612051,4.344980716705322,0.056561554587849776,0.75,0.30063605244263664
SLNH,MORNING,30,15,1,7,0.54377335,0.33949255030145614,7,0.84377337,3.250770330429077,4.237763275242257,1.0,0.6456611570247934,2.0,-1.0536247,0.1429417532211218,0.0,-0.75362474,2.1895651817321777,-10.42417891462729,0.0,0.0
ACB,MIDDAY,30,60,1,7,0.67470455,0.4221364790045495,7,0.9747045,1.3997220993041992,4.228728245524967,1.0,0.6456611570247934,6.0,-0.06007682,1.139104877745259,3.0,0.23992318,1.1833751201629639,-0.12918701442864933,0.5,0.1876128068994087
CBRZ,MORNING,60,60,-1,6,1.494101,0.8658803177035154,6,1.794101,7.872220516204834,4.226664027054214,1.0,0.6096569663469354,2.0,0.9948579,0.08309828595747358,2.0,1.2948579,5.739256858825684,16.931053738593867,1.0,0.3423719528896193
FRNM,OPEN,15,90,-1,14,1.7134049,1.5207951447433512,13,2.0134048,2.8612220287323,4.215540863516095,0.9285714285714286,0.6853073044604219,15.0,0.5272411,1.511003648826216,10.0,0.82724106,1.698750615119934,1.3514170155427108,0.6666666666666666,0.4171312515121298
DFEN,OPEN,60,15,1,6,0.7314897,0.4253720156635478,6,1.0314897,3.658555269241333,4.2122577299783615,1.0,0.6096569663469354,5.0,-0.2937905,0.5462583885913115,1.0,0.0062095225,2.9808647632598877,-1.2026094596261194,0.2,0.036223160969787456
FNGR,MORNING,60,90,-1,7,6.1176176,3.8441881230425476,7,6.417618,6.459381580352783,4.210432550790566,1.0,0.6456611570247934,5.0,-0.56653196,6.916557399055168,2.0,-0.26653185,6.606626987457275,-0.18315527398830855,0.4,0.11761823115925325
WETO,OPEN,15,30,1,6,4.42931,2.59181178508623,6,4.72931,6.83401346206665,4.1860867734665845,1.0,0.6096569663469354,5.0,5.06329,4.499585261285807,4.0,5.3632903,5.111752986907959,2.516200991607466,0.8,0.37552826411853885
INO,MORNING,15,90,-1,7,2.183,1.3859057997679167,7,2.483,2.4401707649230957,4.167437170083436,1.0,0.6456611570247934,1.0,-1.0999992,,0.0,-0.79999924,1.9820008277893066,,0.0,0.0
FAMI,AFTERNOON,30,30,-1,6,1.145822,0.6788261026620073,6,1.445822,6.907734394073486,4.134607292034206,1.0,0.6096569663469354,1.0,-0.41538087,,0.0,-0.11538085,6.122314929962158,,0.0,0.0
FBYD,OPEN,15,60,1,6,3.8219619,2.270147400772383,6,4.121962,7.29211950302124,4.123898042269093,1.0,0.6096569663469354,,,,,,,,,
ACI,MORNING,60,90,1,6,0.970155,0.5796419590764514,6,1.270155,1.9721297025680542,4.09974586187318,1.0,0.6096569663469354,2.0,-0.35862997,1.5019807919149084,1.0,-0.05862993,1.2419350147247314,-0.337673672421132,0.5,0.09452865480086611
FNKO,MORNING,30,90,1,7,0.83048725,0.5367847257765986,7,1.1304872,1.9350920915603638,4.093377900651282,1.0,0.6456611570247934,1.0,-0.5747228,,0.0,-0.2747228,1.5883543491363525,,0.0,0.0
PPTA,OPEN,15,60,1,10,0.60872424,0.47250792933644165,9,0.9087242,1.559734582901001,4.073910583793622,0.9,0.5958436145024278,2.0,-0.5845994,1.1732520636819452,1.0,-0.28459942,1.2769906520843506,-0.704663892182139,0.5,0.09452865480086611
CLW,OPEN,15,90,-1,8,1.1422724,0.7967924320241399,8,1.4422724,1.7189847230911255,4.054800193511774,1.0,0.6755843804891231,4.0,0.60119784,0.9511727917903827,2.0,0.9011978,1.7812883853912354,1.2641190832459277,0.5,0.15003570882017145
RGC,OPEN,30,30,1,8,2.4579139,1.7151697976438605,8,2.7579138,5.595545768737793,4.053260665812844,1.0,0.6755843804891231,3.0,0.37286583,1.4734147928132473,2.0,0.6728658,2.5117743015289307,0.4383168663707428,0.6666666666666666,0.20765495512648788
ENTX,OPEN,30,60,1,11,1.4227111,1.1682706256082458,10,1.7227111,4.1630425453186035,4.038960590949932,0.9090909090909091,0.6226353745137962,4.0,-0.17498957,3.2673148441884288,2.0,0.12501046,2.470536708831787,-0.10711521512423935,0.5,0.15003570882017145
IVDA,OPEN,15,90,1,14,3.82681,3.5492978643867517,12,4.12681,6.067086696624756,4.03420958568118,0.8571428571428571,0.600580922361363,4.0,1.20446,1.787451047580808,3.0,1.5044601,3.507627248764038,1.3476844878787957,0.75,0.30063605244263664
POET,MORNING,15,60,-1,7,1.3661053,0.8969602319397634,7,1.6661054,1.8746377229690552,4.029582146042465,1.0,0.6456611570247934,1.0,0.55964535,,1.0,0.85964537,1.1455583572387695,,1.0,0.20654329147389294
BBBYW,OPEN,30,30,-1,8,8.066633,5.672952187639721,7,8.366632,16.847450256347656,4.02187141066166,0.875,0.5291051942301385,8.0,-0.42025065,3.579191787110909,6.0,-0.12025066,14.923809051513672,-0.33209965274012027,0.75,0.40926987910258916
EDSA,OPEN,60,60,-1,9,1.1601592,0.8667737164376308,8,1.4601592,5.0013604164123535,4.015439813981896,0.8888888888888888,0.5649937852319398,1.0,-2.0480273,,0.0,-1.7480273,3.1757802963256836,,0.0,0.0
IVDA,OPEN,30,30,1,11,2.7157965,2.2433090090461687,10,3.0157964,6.088203430175781,4.015174843844209,0.9090909090909091,0.6226353745137962,1.0,1.5125029,,1.0,1.8125029,4.93500280380249,,1.0,0.20654329147389294
NVAX,MORNING,30,60,1,7,0.8052759,0.5320625343307563,7,1.1052759,2.0049386024475098,4.004340985956067,1.0,0.6456611570247934,4.0,1.0803405,1.1827311847890984,3.0,1.3803405,2.0075860023498535,1.826857224262578,0.75,0.30063605244263664
TNON,OPEN,30,15,1,7,3.4036973,2.2511033807118355,7,3.7036974,7.059030055999756,4.000409996639995,1.0,0.6456611570247934,5.0,-0.38888174,3.1236988820719227,2.0,-0.08888167,5.3574299812316895,-0.27837702841495926,0.4,0.11761823115925325
MWC,OPEN,60,30,1,7,2.3985684,1.5864928523617372,7,2.6985683,8.346868515014648,4.000027770585747,1.0,0.6456611570247934,5.0,0.1929671,1.6679016436079015,2.0,0.4929671,5.022622108459473,0.2587008406603394,0.4,0.11761823115925325
GCO,OPEN,15,90,-1,10,1.5839238,1.2554142929806584,9,1.8839238,2.2207465171813965,3.9897641192267677,0.9,0.5958436145024278,1.0,0.31096947,,1.0,0.6109695,1.107727289199829,,1.0,0.20654329147389294
PHGE,MORNING,15,90,1,12,2.0068064,1.7437756060681713,12,2.3068063,3.120702028274536,3.9866260176204884,1.0,0.7574992425007574,1.0,-5.863635,,0.0,-5.563635,4.60545015335083,,0.0,0.0
SMCI,MIDDAY,60,90,1,6,1.3469204,0.829413416561671,6,1.6469203,2.3041892051696777,3.9778324866307426,1.0,0.6096569663469354,2.0,-0.83492637,0.6430347627586498,0.0,-0.5349264,2.1784780025482178,-1.836236950012542,0.0,0.0
PWRL,MIDDAY,15,90,-1,6,1.1289037,0.697159377477219,6,1.4289037,2.5054075717926025,3.966436136747811,1.0,0.6096569663469354,5.0,0.43253082,1.8185891902941134,3.0,0.7325308,1.946070671081543,0.5318234166750048,0.6,0.23071993220883702
DLLL,OPEN,30,15,1,18,1.0835717,1.1600201449573915,15,1.3835716,6.102648735046387,3.963039163488743,0.8333333333333334,0.6077750036164077,8.0,0.38081953,1.4055467689108088,5.0,0.6808195,6.621984481811523,0.7663354291125075,0.625,0.3057378545838018
PKE,OPEN,15,90,1,15,1.0917639,1.0680910901605507,12,1.3917638,2.100496530532837,3.9588226730750167,0.8,0.5481406466534955,5.0,-0.29982966,0.9432936225627492,2.0,0.000170362,1.3663450479507446,-0.7107431763795183,0.4,0.11761823115925325
ZCMD,OPEN,30,30,1,11,2.225006,1.8658075232643923,10,2.5250063,6.6502227783203125,3.9551295134135276,0.9090909090909091,0.6226353745137962,3.0,-0.65641785,0.3367949441533082,0.0,-0.3564178,3.615955352783203,-3.3757901690075247,0.0,0.0
LUCY,MORNING,15,15,1,8,1.1918437,0.8544745055472853,8,1.4918437,2.7659597396850586,3.945165319362325,1.0,0.6755843804891231,2.0,-0.17904764,0.18676887014159962,0.0,0.12095237,2.808873176574707,-1.3557484524022294,0.0,0.0
UAL,OPEN,60,90,1,8,0.73279643,0.5261273634006101,8,1.0327965,1.9597609043121338,3.9394668389704024,1.0,0.6755843804891231,8.0,0.1807544,1.1267160010451729,4.0,0.48075438,1.5780223608016968,0.45375287877625226,0.5,0.2152125268244419
ANGX,MORNING,15,90,1,11,0.8069511,0.6812606681154502,10,1.1069511,1.9939748048782349,3.9285315690150995,0.9090909090909091,0.6226353745137962,4.0,-1.287733,0.8228760505541687,0.0,-0.987733,2.2799248695373535,-3.1298345794033304,0.0,0.0
IVDA,OPEN,30,90,1,10,3.558311,2.864785637927287,9,3.858311,6.319023132324219,3.927821749946276,0.9,0.5958436145024278,1.0,1.8875,,1.0,2.1875,4.93500280380249,,1.0,0.20654329147389294
CHAI,MORNING,15,60,1,8,2.478838,1.796132557685348,8,2.778838,4.024759292602539,3.9035050689797086,1.0,0.6755843804891231,2.0,0.48605192,0.3783359903987705,2.0,0.7860519,4.2185773849487305,1.816853882766932,1.0,0.3423719528896193
MDA,OPEN,30,15,1,6,0.7339378,0.46416710204031497,6,1.0339378,2.261873960494995,3.8731161792130733,1.0,0.6096569663469354,3.0,0.36844644,1.781230363807483,2.0,0.6684464,2.396591901779175,0.3582736775976239,0.6666666666666666,0.20765495512648788
NXGL,MORNING,30,30,1,7,4.2328153,2.892716372240326,7,4.5328155,6.247453212738037,3.871439538999467,1.0,0.6456611570247934,1.0,0.4352935,,1.0,0.7352935,4.686466217041016,,1.0,0.20654329147389294
SNAL,OPEN,15,60,-1,7,1.7891997,1.2227879266183301,7,2.0891995,4.665608882904053,3.8712988369907455,1.0,0.6456611570247934,,,,,,,,,
AMZE,PRE_LATE,15,15,1,7,1.7850561,1.22524788500659,7,2.085056,4.410606384277344,3.8545788262548895,1.0,0.6456611570247934,2.0,-2.4071412,5.808377733273048,1.0,-2.1071413,3.45357084274292,-0.5860864943953706,0.5,0.09452865480086611
CALC,OPEN,60,30,1,6,1.0788049,0.6864318889242068,6,1.3788048,6.950250148773193,3.8496483898755494,1.0,0.6096569663469354,2.0,3.2328806,4.186959769055118,2.0,3.5328805,4.74366569519043,1.0919578480355259,1.0,0.3423719528896193
HDRN,OPEN,30,30,1,10,1.6269314,1.3368648011696993,9,1.9269314,5.462121486663818,3.8484137721063627,0.9,0.5958436145024278,1.0,0.9060585,,1.0,1.2060585,7.200605869293213,,1.0,0.20654329147389294
VMAR,OPEN,60,15,1,7,3.0464914,2.103982512568656,7,3.3464916,10.724203109741211,3.830953216842057,1.0,0.6456611570247934,,,,,,,,,
MDXH,OPEN,60,30,1,8,1.2708741,0.9429169788739465,7,1.5708741,5.906730651855469,3.8121859906409408,0.875,0.5291051942301385,4.0,-2.3121006,4.539894239618101,2.0,-2.0121005,4.418269157409668,-1.0185702691939804,0.5,0.15003570882017145
PLG,OPEN,30,90,-1,11,0.9549643,0.8339970659086746,11,1.2549642,2.1407580375671387,3.797685069703635,1.0,0.7411599827511859,5.0,-0.61122674,1.3394242872281326,2.0,-0.31122676,1.7506515979766846,-1.0203970076891162,0.4,0.11761823115925325
STXX,OPEN,60,15,1,7,0.86031896,0.6009183107507632,7,1.160319,9.275551795959473,3.7878526454409123,1.0,0.6456611570247934,,,,,,,,,
PHGE,MORNING,15,60,1,11,1.8317106,1.606712430627196,10,2.1317105,3.1519789695739746,3.7810728246496246,0.9090909090909091,0.6226353745137962,1.0,-1.8030345,,0.0,-1.5030346,4.60545015335083,,0.0,0.0
LGCL,OPEN,60,60,1,8,2.081538,1.5571824501595772,7,2.381538,8.179828643798828,3.7808533176011414,0.875,0.5291051942301385,1.0,4.68221,,1.0,4.98221,8.69505500793457,,1.0,0.20654329147389294
ACTU,MIDDAY,30,60,1,6,4.983333,3.2409599236422264,6,5.283333,7.089619159698486,3.766360469549186,1.0,0.6096569663469354,1.0,-0.31010276,,0.0,-0.010102749,4.450098037719727,,0.0,0.0
PWCM,OPEN,15,60,1,7,2.1552503,1.5141337916084334,7,2.4552503,4.586005687713623,3.766018807144448,1.0,0.6456611570247934,5.0,4.612927,9.238637726312593,4.0,4.912927,6.947352409362793,1.1164869284142056,0.8,0.37552826411853885
FIRY,OPEN,30,30,1,6,1.8477944,1.2084487676423243,6,2.1477942,4.133944988250732,3.7454243688244344,1.0,0.6096569663469354,5.0,-1.6542608,1.614904632995234,1.0,-1.3542608,2.7172553539276123,-2.2905621943148327,0.2,0.036223160969787456
AIM,MORNING,30,90,1,9,2.3546975,1.8886246036415077,8,2.6546974,4.122758865356445,3.7403369542413847,0.8888888888888888,0.5649937852319398,4.0,-0.25932404,1.5359751875465704,2.0,0.040675938,2.1726982593536377,-0.3376669702632405,0.5,0.15003570882017145
MBUU,OPEN,60,90,-1,11,0.8080941,0.7181832225322117,9,1.1080941,2.3567659854888916,3.73183999391673,0.8181818181818182,0.5230138624217553,1.0,0.20760965,,1.0,0.50760967,1.7873612642288208,,1.0,0.20654329147389294
SCNX,MORNING,15,60,1,7,2.4367647,1.738631426585798,7,2.7367647,3.8478331565856934,3.708131203914217,1.0,0.6456611570247934,5.0,0.87102926,2.522053273984693,3.0,1.1710293,3.1342906951904297,0.7722599085694262,0.6,0.23071993220883702
GOGO,MIDDAY,60,30,1,6,0.67092586,0.44814842365108537,6,0.97092587,3.07354736328125,3.667146674668194,1.0,0.6096569663469354,4.0,-0.46365902,0.8244347974328767,2.0,-0.16365902,2.05930757522583,-1.1247924510752394,0.5,0.15003570882017145
AZTR,MORNING,30,60,1,9,1.2261426,1.0038896090444773,8,1.5261427,2.9177660942077637,3.664175723611493,0.8888888888888888,0.5649937852319398,3.0,1.7240387,1.3487171268374993,3.0,2.0240388,3.195120096206665,2.214046665578199,1.0,0.4384939195509822
NIU,MORNING,60,90,1,6,0.662352,0.4435988479124114,6,0.962352,2.4443724155426025,3.6574136750598876,1.0,0.6096569663469354,4.0,0.27842146,1.281354468654637,3.0,0.5784215,2.2395896911621094,0.4345736771410545,0.75,0.30063605244263664
OMEX,MORNING,15,90,1,6,0.60926807,0.4083372592600873,6,0.9092681,2.3294312953948975,3.6548119291874994,1.0,0.6096569663469354,4.0,0.12636667,1.5477681360322864,3.0,0.4263667,1.7985281944274902,0.163288895743773,0.75,0.30063605244263664
BYAH,MIDDAY,15,90,1,6,3.506155,2.3506091776433644,6,3.8061552,5.86627197265625,3.6536446914175706,1.0,0.6096569663469354,,,,,,,,,
NUWE,OPEN,30,90,1,11,2.242514,2.0373701156884167,10,2.5425138,4.828236103057861,3.65057733973668,0.9090909090909091,0.6226353745137962,3.0,-4.1146593,10.728323418638592,1.0,-3.814659,4.604791164398193,-0.6642975515925759,0.3333333333333333,0.061490315276160515
WLTH,MORNING,15,90,-1,6,0.5431032,0.36462082835082066,6,0.84310323,1.2912482023239136,3.6485182922027786,1.0,0.6096569663469354,1.0,-0.78169733,,0.0,-0.48169732,1.1242389678955078,,0.0,0.0
BAOS,MIDDAY,30,90,1,6,2.777195,1.8654494525316339,6,3.077195,7.87599515914917,3.646687183169051,1.0,0.6096569663469354,3.0,1.8547603,2.716954874753342,2.0,2.1547604,4.59116268157959,1.1824042742092589,0.6666666666666666,0.20765495512648788
GEOS,OPEN,15,30,1,12,1.0321386,0.9817648486923736,11,1.3321385,2.798107862472534,3.641842491839331,0.9166666666666666,0.6461140782014047,3.0,0.7408921,0.6886104729276441,3.0,1.0408921,2.205244302749634,1.863553971081834,1.0,0.4384939195509822
PHGE,MORNING,15,30,1,12,2.1175842,2.015656741509721,12,2.4175842,3.120702028274536,3.6392738878232427,1.0,0.7574992425007574,1.0,-1.81515,,0.0,-1.5151501,4.60545015335083,,0.0,0.0
CLDI,MIDDAY,30,15,-1,6,0.97411597,0.6559795571146831,6,1.2741159,3.810211420059204,3.6374412059141754,1.0,0.6096569663469354,2.0,-0.7273551,0.6043714355708782,0.0,-0.4273551,4.7376813888549805,-1.7019922161328942,0.0,0.0
NEOV,OPEN,60,90,1,10,2.1153963,1.840901637287403,9,2.4153962,5.121399402618408,3.6338010699483165,0.9,0.5958436145024278,6.0,-0.25434643,1.2463267604828419,3.0,0.04565355,6.028472900390625,-0.49988413303111856,0.5,0.1876128068994087
PLBL,OPEN,15,30,-1,8,1.5815026,1.2389329288583357,8,1.8815026,4.29936408996582,3.6104978932418326,1.0,0.6755843804891231,4.0,0.0043658763,1.485113324054957,2.0,0.30436587,2.6057350635528564,0.00587951942294024,0.5,0.15003570882017145
TRX,OPEN,15,30,1,12,1.0904263,1.0483452257143098,11,1.3904263,2.495856285095215,3.603152381231986,0.9166666666666666,0.6461140782014047,2.0,-1.5785122,0.0403237444317068,0.0,-1.2785122,5.263417720794678,-55.360765262180905,0.0,0.0
HAO,PRE_MID,15,60,-1,7,4.397632,3.230182781608992,7,4.6976323,9.048929214477539,3.6019760301833434,1.0,0.6456611570247934,,,,,,,,,
RITRF,MIDDAY,15,60,1,9,3.0657065,2.5648685288324335,8,3.3657067,5.498521327972412,3.5858054208328864,0.8888888888888888,0.5649937852319398,2.0,-2.9250026,5.303305031437109,1.0,-2.6250024,5.535626411437988,-0.7800000729560279,0.5,0.09452865480086611
CISO,MIDDAY,15,90,-1,6,2.1721566,1.483817268858824,6,2.4721565,3.0784614086151123,3.5858022111864405,1.0,0.6096569663469354,3.0,-1.4440277,0.899189873569431,0.0,-1.1440277,2.939861297607422,-2.7815363051972075,0.0,0.0
DINO,OPEN,15,15,-1,6,0.59422916,0.40632127782617966,6,0.8942292,1.2826091051101685,3.582284059378884,1.0,0.6096569663469354,3.0,0.5038416,1.213887678490462,2.0,0.8038416,1.384867787361145,0.718912654925699,0.6666666666666666,0.20765495512648788
FTFT,OPEN,15,90,1,6,3.7139285,2.540450031859187,6,4.0139284,6.256246566772461,3.580952019030914,1.0,0.6096569663469354,3.0,-4.8791847,8.271072171640418,1.0,-4.579185,5.636291027069092,-1.021753366940002,0.3333333333333333,0.061490315276160515
SHNY,OPEN,15,60,-1,8,0.75108945,0.5954887924102776,7,1.0510894,1.4425468444824219,3.5674924717715073,0.875,0.5291051942301385,6.0,-1.0388141,0.9288347418817089,0.0,-0.738814,1.1906561851501465,-2.7395232855732488,0.0,0.0
CXAI,MORNING,60,90,1,6,2.2562428,1.555463824548622,6,2.5562427,4.9049072265625,3.5530517593624196,1.0,0.6096569663469354,1.0,1.5518501,,1.0,1.85185,4.716456413269043,,1.0,0.20654329147389294
OGI,MORNING,15,90,1,11,0.5624437,0.5253629922749821,10,0.8624437,1.9237322807312012,3.5507157118128023,0.9090909090909091,0.6226353745137962,1.0,-0.0150514245,,0.0,0.2849486,1.4206445217132568,,0.0,0.0
SPWR,OPEN,30,30,1,11,2.352325,2.2143738168304954,9,2.652325,5.898717880249023,3.52324400997068,0.8181818181818182,0.5230138624217553,2.0,-1.1878682,1.8379560806934407,1.0,-0.8878683,3.3619861602783203,-0.9140040882502717,0.5,0.09452865480086611
NWGL,AFTERNOON,15,60,-1,6,4.1312003,2.877666616793171,6,4.4312005,6.993782043457031,3.5165063021596925,1.0,0.6096569663469354,1.0,-1.5578592,,0.0,-1.2578592,5.610379219055176,,0.0,0.0
RDGT,OPEN,30,60,1,8,2.558289,2.0623498455667413,8,2.858289,5.150333404541016,3.508587139326626,1.0,0.6755843804891231,2.0,12.665446,16.97281039776138,2.0,12.965446,13.377217292785645,1.0553140867627337,1.0,0.3423719528896193
BEAT,OPEN,15,60,1,10,2.2232091,2.0059980048901447,9,2.523209,3.0260682106018066,3.504691723848289,0.9,0.5958436145024278,6.0,2.1690445,3.4276213776930757,4.0,2.4690444,2.4033286571502686,1.5500697585244145,0.6666666666666666,0.2999883213415286
TRAX,OPEN,15,15,-1,11,1.0821979,1.0265179837356322,9,1.3821979,2.7867214679718018,3.496523641370116,0.8181818181818182,0.5230138624217553,11.0,-0.2351234,1.35019946599145,4.0,0.0648766,2.477522134780884,-0.5775562080581461,0.36363636363636365,0.15166223614131386
DFH,MORNING,15,60,1,8,0.704574,0.5703381270430165,7,1.0045741,1.4690521955490112,3.4941310902156455,0.875,0.5291051942301385,3.0,-1.403834,0.9299852064180194,0.0,-1.1038339,1.4171996116638184,-2.6145703944544514,0.0,0.0
GLAS,MIDDAY,15,15,1,6,0.6974395,0.4892754072750179,6,0.9974395,2.062263011932373,3.4916344779421147,1.0,0.6096569663469354,2.0,-0.042783797,0.7655202901739181,1.0,0.25721622,1.5677379369735718,-0.07903830433105064,0.5,0.09452865480086611
TLSA,MORNING,30,60,-1,10,1.259738,1.1410799852592912,9,1.5597379,3.8605144023895264,3.491114809426573,0.9,0.5958436145024278,3.0,-1.1616333,1.5006120908330303,1.0,-0.8616333,3.293393135070801,-1.3407914186600522,0.3333333333333333,0.061490315276160515
ELBM,OPEN,15,60,1,15,1.3125556,1.456438080829795,13,1.6125555,2.0094592571258545,3.4903686321819802,0.8666666666666667,0.6211750079348376,9.0,1.4910127,1.2812439445914738,8.0,1.7910126,2.5828018188476562,3.491168169993314,0.8888888888888888,0.5649937852319398
RYAM,MORNING,30,60,1,6,0.7884854,0.5561258325378036,6,1.0884855,1.9855390787124634,3.4729314946554912,1.0,0.6096569663469354,5.0,-0.3144521,0.43765335263818633,2.0,-0.014452112,1.6302257776260376,-1.606605532067963,0.4,0.11761823115925325
VIVS,OPEN,30,30,1,6,1.6294334,1.1511232516170284,6,1.9294333,4.40418004989624,3.4672919500731143,1.0,0.6096569663469354,3.0,-2.6239855,0.7461805230134794,0.0,-2.3239856,3.0479438304901123,-6.0908535056706805,0.0,0.0
FRNM,OPEN,15,60,-1,14,1.3471339,1.4574977159234095,12,1.647134,2.8612220287323,3.4583336624812775,0.8571428571428571,0.600580922361363,15.0,0.31889638,1.372019373066287,11.0,0.61889637,1.699255347251892,0.9001916481302802,0.7333333333333333,0.48049110342313245
JOBX,OPEN,15,60,1,6,2.9189231,2.069791145355678,6,3.218923,5.19469690322876,3.454393119034135,1.0,0.6096569663469354,4.0,-0.49236506,2.560551581491594,2.0,-0.19236504,2.786659002304077,-0.38457734325349485,0.5,0.15003570882017145
IVDA,OPEN,15,60,1,10,3.2367814,2.9659723569173027,9,3.5367813,6.828553676605225,3.4510103769694482,0.9,0.5958436145024278,4.0,2.009636,2.020032530094071,4.0,2.309636,3.507627248764038,1.9897064976467305,1.0,0.5100999795960008
UFCS,OPEN,15,60,1,7,1.090108,0.8361520192850856,7,1.3901081,1.7616149187088013,3.449318666415901,1.0,0.6456611570247934,3.0,0.1420964,0.39820961569970786,2.0,0.4420964,1.1413553953170776,0.618061882790307,0.6666666666666666,0.20765495512648788
OPENZ,OPEN,15,90,1,6,8.337207,5.921490670698867,6,8.637207,11.836699485778809,3.4487773054100477,1.0,0.6096569663469354,1.0,6.7311134,,1.0,7.0311136,29.982227325439453,,1.0,0.20654329147389294
MYPS,OPEN,30,90,1,15,2.0926437,2.351099309690086,12,2.3926437,4.710669994354248,3.4472275639797423,0.8,0.5481406466534955,5.0,-0.28970957,2.40934200358475,3.0,0.010290456,3.5948987007141113,-0.2688743594181333,0.6,0.23071993220883702
AIXI,MORNING,15,30,1,9,2.743179,2.393461976253386,8,3.043179,4.954756736755371,3.4383405001877594,0.8888888888888888,0.5649937852319398,3.0,7.823423,11.743839003473106,2.0,8.123423,9.111418724060059,1.1538446638363276,0.6666666666666666,0.20765495512648788
RCMT,OPEN,30,30,1,7,1.0010402,0.7705521190258995,7,1.3010402,3.128401041030884,3.4371503364769826,1.0,0.6456611570247934,1.0,0.96873254,,1.0,1.2687325,1.7766505479812622,,1.0,0.20654329147389294
RITRF,MIDDAY,15,15,1,9,2.566518,2.2428616024419195,8,2.8665183,5.537885665893555,3.4329154311429173,0.8888888888888888,0.5649937852319398,2.0,-0.8625001,1.3258344448846004,1.0,-0.5625001,5.535626411437988,-0.9199936714612946,0.5,0.09452865480086611
HCWC,MORNING,15,30,1,9,0.9163817,0.8049881046430238,8,1.2163817,3.3552803993225098,3.415137608031803,0.8888888888888888,0.5649937852319398,1.0,-4.8186655,,0.0,-4.5186653,6.7379913330078125,,0.0,0.0
CYAB,MORNING,15,30,-1,8,1.9785656,1.639079879459005,7,2.2785656,5.058206558227539,3.4142500355549865,0.875,0.5291051942301385,4.0,1.5251781,2.238838545910977,3.0,1.8251781,5.057516098022461,1.3624725888540035,0.75,0.30063605244263664
JNUG,MORNING,30,30,1,6,0.74606776,0.5357061201807782,6,1.0460677,2.5757110118865967,3.4113579489100507,1.0,0.6096569663469354,4.0,-0.06461303,0.8937430608486431,3.0,0.23538697,2.2694272994995117,-0.14458971977789375,0.75,0.30063605244263664
FLEX,OPEN,15,90,1,10,1.0954508,1.0198672944715264,9,1.3954508,1.7845399379730225,3.396637466040702,0.9,0.5958436145024278,8.0,-0.06955738,1.4889965047554647,4.0,0.23044261,1.7294260263442993,-0.13212790629937501,0.5,0.2152125268244419
MEC,MORNING,15,30,1,12,0.35640314,0.36490862525501044,10,0.6564031,1.4554877281188965,3.3833585043934704,0.8333333333333334,0.5519636426153274,4.0,-0.21329837,1.6723922965619853,3.0,0.08670163,1.3794046640396118,-0.2550817363990909,0.75,0.30063605244263664
QTEX,MORNING,15,15,1,7,1.0558858,0.8275472430030446,7,1.3558859,2.775017261505127,3.3757724910000486,1.0,0.6456611570247934,6.0,-1.7744535,2.24430559058711,1.0,-1.4744534,2.6092798709869385,-1.9366817586754863,0.16666666666666666,0.030052585871730285
JZXN,MORNING,30,15,1,6,1.9378769,1.408522335757387,6,2.237877,5.502147197723389,3.370063481598214,1.0,0.6096569663469354,1.0,-3.7727287,,0.0,-3.4727287,4.134547233581543,,0.0,0.0
ACON,MORNING,30,15,1,7,1.087537,0.8582791008256474,7,1.387537,3.2676167488098145,3.352467249586843,1.0,0.6456611570247934,,,,,,,,,
HWKN,OPEN,30,90,1,7,0.5426801,0.4303597159539022,7,0.8426801,1.5839606523513794,3.3362707808637575,1.0,0.6456611570247934,1.0,1.4031711,,1.0,1.7031711,1.2377551794052124,,1.0,0.20654329147389294
SG,MORNING,30,30,1,6,0.80999565,0.5960375832956397,6,1.1099956,2.6859681606292725,3.328776733261426,1.0,0.6096569663469354,2.0,2.5320196,1.1128244832447847,2.0,2.8320196,3.459686040878296,3.2177729137768987,1.0,0.3423719528896193
SENEA,OPEN,15,30,-1,7,0.77628416,0.6180308288850443,7,1.0762842,1.620198130607605,3.3232239127949113,1.0,0.6456611570247934,4.0,-0.30213964,0.31418675577394184,1.0,-0.0021396428,1.1222305297851562,-1.9233123885834411,0.25,0.045586062644636216
MVLL,MORNING,15,30,-1,14,1.3297594,1.5026149894852632,11,1.6297593,2.6502163410186768,3.311230065184277,0.7857142857142857,0.5241027622679172,5.0,0.6859107,1.8635820854608527,3.0,0.98591065,3.2675087451934814,0.8230079949669188,0.6,0.23071993220883702
DFEN,OPEN,60,60,1,6,1.2206116,0.9036952800629231,6,1.5206115,3.658555269241333,3.3084996592866074,1.0,0.6096569663469354,5.0,0.2780939,1.2648662908935326,4.0,0.57809395,2.9808647632598877,0.49162261538908464,0.8,0.37552826411853885
MIND,OPEN,30,60,1,6,1.1645963,0.8623143043646605,6,1.4645963,3.5488569736480713,3.3081519394043157,1.0,0.6096569663469354,4.0,-0.33058494,1.0134049717648406,1.0,-0.030584939,3.0832231044769287,-0.6524241591568528,0.25,0.045586062644636216
TQQQ,OPEN,60,30,-1,6,0.4434901,0.328405531492937,6,0.7434901,2.1570379734039307,3.307874921013811,1.0,0.6096569663469354,2.0,0.8008816,0.4109479995178935,2.0,1.1008816,1.8546874523162842,2.7561094254226886,1.0,0.3423719528896193
SCNX,MIDDAY,60,60,1,7,2.0430095,1.6348945390294738,7,2.3430095,4.4783453941345215,3.3062041531725437,1.0,0.6456611570247934,,,,,,,,,
GEMI,AFTERNOON,30,15,-1,6,0.9367104,0.6946771046864922,6,1.2367104,2.4631083011627197,3.302919505455882,1.0,0.6096569663469354,,,,,,,,,
ELBM,OPEN,15,90,1,15,1.3190954,1.5519859974518815,13,1.6190953,2.2595314979553223,3.2918044496995424,0.8666666666666667,0.6211750079348376,12.0,2.0041738,1.8723783896812318,11.0,2.3041737,1.9654392004013062,3.707937232244558,0.9166666666666666,0.6461140782014047
IVDA,OPEN,15,30,1,11,2.047729,2.0652683745187232,10,2.347729,6.831130504608154,3.2884582459282825,0.9090909090909091,0.6226353745137962,2.0,1.8783201,2.490539422716476,2.0,2.17832,3.7622885704040527,1.0665744668533441,1.0,0.3423719528896193
TLPH,OPEN,60,90,1,6,3.3268752,2.4859606988018417,6,3.6268752,4.9626264572143555,3.2780673909578817,1.0,0.6096569663469354,5.0,0.13385744,0.8692431732012934,2.0,0.43385744,2.1065609455108643,0.34433902174537767,0.4,0.11761823115925325
SRFM,OPEN,30,30,1,8,1.0852422,0.9367785732755334,7,1.3852422,3.05656361579895,3.276685043624837,0.875,0.5291051942301385,8.0,0.2970695,5.5688610163694054,4.0,0.5970695,7.2501397132873535,0.1508817334201635,0.5,0.2152125268244419
VEEE,OPEN,30,60,1,6,4.4132385,3.3022050251098714,6,4.7132387,8.622066497802734,3.2736254769766195,1.0,0.6096569663469354,2.0,4.9960814,7.180673768137996,1.0,5.2960815,8.61806869506836,0.9839642121606396,0.5,0.09452865480086611
WVE,MORNING,60,90,-1,7,0.610151,0.4937425476156997,7,0.91015095,2.309650421142578,3.269533478792924,1.0,0.6456611570247934,3.0,-0.7202963,1.6454619969118538,1.0,-0.4202963,3.0831613540649414,-0.7582003296345137,0.3333333333333333,0.061490315276160515
LTRN,OPEN,15,60,1,13,1.9001967,2.0959155256804314,11,2.2001967,3.4326744079589844,3.268861005399624,0.8461538461538461,0.5776482949136899,9.0,0.49894625,3.7871214056636675,5.0,0.7989463,3.613124370574951,0.3952444582886924,0.5555555555555556,0.26664734574402965
NFE,MORNING,30,30,1,7,0.8264614,0.6693901397269959,7,1.1264614,3.1236040592193604,3.266572266371356,1.0,0.6456611570247934,5.0,-1.0964155,4.830374792388608,2.0,-0.7964155,4.287482261657715,-0.5075506019802493,0.4,0.11761823115925325
EVTL,OPEN,30,15,1,9,0.47721285,0.4387616601185945,8,0.77721286,3.353482246398926,3.2629071064469715,0.8888888888888888,0.5649937852319398,5.0,0.29379874,1.6126962885584026,3.0,0.59379876,3.66682505607605,0.4073637233905208,0.6,0.23071993220883702
SSP,MIDDAY,60,90,1,6,1.2610896,0.9496217646345114,6,1.5610895,2.8250741958618164,3.2529013816295795,1.0,0.6096569663469354,2.0,-1.7389985,1.5875157979190393,0.0,-1.4389986,3.111660957336426,-1.5491595816196333,0.0,0.0
GNSS,OPEN,15,15,1,9,1.1275176,1.0431055872196475,8,1.4275175,3.010209560394287,3.2427711867349074,0.8888888888888888,0.5649937852319398,1.0,1.6366217,,1.0,1.9366217,6.1519694328308105,,1.0,0.20654329147389294
LIME,MORNING,30,30,-1,7,1.1818662,0.9658392948572185,7,1.4818661,3.1094186305999756,3.2375199297859854,1.0,0.6456611570247934,5.0,0.25192165,1.3479410298991512,3.0,0.5519216,2.879106283187866,0.4179069635011044,0.6,0.23071993220883702
BIRD,OPEN,15,60,1,12,1.2571985,1.3455870787462763,10,1.5571984,2.6772615909576416,3.2365524760158033,0.8333333333333334,0.5519636426153274,4.0,-2.0978913,3.486905943758787,2.0,-1.7978914,2.0149731636047363,-1.2032967705790918,0.5,0.15003570882017145
AWI,OPEN,15,90,1,6,0.5813569,0.440013600476262,6,0.88135684,2.559116840362549,3.2363266053222293,1.0,0.6096569663469354,,,,,,,,,
CWD,OPEN,15,30,1,9,2.4343388,2.2615883144084648,9,2.734339,5.190684795379639,3.2291537666921646,1.0,0.7008472464490406,5.0,-0.5726611,4.654727832733396,2.0,-0.27266106,5.930941581726074,-0.2750986089305274,0.4,0.11761823115925325
SILJ,MORNING,15,30,1,7,0.3314177,0.2722862621647074,7,0.6314177,1.293055534362793,3.220319793896623,1.0,0.6456611570247934,,,,,,,,,
BYAH,OPEN,15,30,1,7,2.0457406,1.683899135185543,7,2.3457406,5.0593461990356445,3.214278559264573,1.0,0.6456611570247934,,,,,,,,,
PROP,MORNING,15,90,1,7,2.1963463,1.8137318678484282,7,2.4963462,2.7945196628570557,3.203883749687852,1.0,0.6456611570247934,3.0,1.2059996,1.1896457623120251,3.0,1.5059996,2.431009531021118,1.7558610045671486,1.0,0.4384939195509822
DMRA,OPEN,15,90,1,10,1.3277919,1.3116249407160314,9,1.6277919,2.01165509223938,3.201255652329333,0.9,0.5958436145024278,4.0,-0.022153646,1.434573093488052,2.0,0.27784634,3.0139689445495605,-0.0308853495920457,0.5,0.15003570882017145
AIFC,OPEN,30,15,1,12,1.3105592,1.4303876564166773,11,1.6105592,5.0581793785095215,3.173901886110284,0.9166666666666666,0.6461140782014047,10.0,-0.29790395,1.4114824065909535,5.0,0.002096045,4.0802903175354,-0.6674224328399919,0.5,0.2365895936154873
RXO,MORNING,15,90,1,6,0.6305926,0.48686210167078264,6,0.9305926,1.4018234014511108,3.172623341550982,1.0,0.6096569663469354,4.0,-0.33297402,0.19224997347709893,0.0,-0.032974005,1.5591785907745361,-3.4639694419107596,0.0,0.0
TC,OPEN,60,30,1,8,2.6871028,2.3981303798243356,7,2.9871027,9.10757827758789,3.169249885370371,0.875,0.5291051942301385,,,,,,,,,
LHAI,OPEN,30,60,1,8,5.93738,5.307045255142594,7,6.23738,6.995085716247559,3.164368377058977,0.875,0.5291051942301385,1.0,1.586802,,1.0,1.886802,5.83038330078125,,1.0,0.20654329147389294
LABD,MORNING,30,90,1,11,0.8980405,0.9445571769880197,9,1.1980405,2.615262031555176,3.153290631406141,0.8181818181818182,0.5230138624217553,8.0,-0.8448489,1.928338077850545,2.0,-0.5448489,2.449012279510498,-1.2391984015400384,0.25,0.07147768885802765
NERV,OPEN,30,90,-1,7,2.2961679,1.9267616127983307,7,2.596168,3.626460313796997,3.1530050528911726,1.0,0.6456611570247934,3.0,0.66978186,1.9156879217932736,1.0,0.9697818,5.212937831878662,0.6055768294515774,0.3333333333333333,0.061490315276160515
FSP,MIDDAY,15,90,-1,7,1.3932005,1.1709419467301811,7,1.6932005,1.2945587635040283,3.1479460650718627,1.0,0.6456611570247934,3.0,-0.695527,0.6810501795259835,1.0,-0.39552703,1.1283377408981323,-1.7688683857644083,0.3333333333333333,0.061490315276160515
ACOG,OPEN,15,90,1,8,2.8725886,2.5812554297351373,7,3.1725886,3.359731674194336,3.1476573447307254,0.875,0.5291051942301385,1.0,1.0561297,,1.0,1.3561296,3.1098110675811768,,1.0,0.20654329147389294
KUST,AFTERNOON,15,15,1,7,2.048465,1.7243365312306045,7,2.3484652,4.201207160949707,3.1430807716405207,1.0,0.6456611570247934,1.0,-0.29242307,,0.0,0.0075769424,3.8527302742004395,,0.0,0.0
SRFM,OPEN,30,60,1,8,1.637134,1.4745368509431829,7,1.9371339,3.05656361579895,3.140317642726726,0.875,0.5291051942301385,8.0,-0.2415106,5.45508585832363,4.0,0.0584895,7.2501397132873535,-0.12522170122981896,0.5,0.2152125268244419
DKNG,MORNING,30,90,1,7,0.7479164,0.631425422676831,7,1.0479164,1.7173588275909424,3.1338630437501296,1.0,0.6456611570247934,6.0,0.45126548,1.3308169425971723,2.0,0.75126547,1.9845162630081177,0.8305952074856047,0.3333333333333333,0.09676933255921684
INR,OPEN,60,90,-1,9,0.628204,0.6026198389855345,8,0.928204,2.036905527114868,3.127364620783764,0.8888888888888888,0.5649937852319398,3.0,-0.04597683,0.2607116629722841,2.0,0.2540232,2.2168986797332764,-0.30544933247891143,0.6666666666666666,0.20765495512648788
AGQ,OPEN,15,90,-1,11,0.8099164,0.8601188739972275,10,1.1099164,1.8228325843811035,3.1230435879329153,0.9090909090909091,0.6226353745137962,6.0,-1.5695012,1.5687563147431312,0.0,-1.2695012,1.421035647392273,-2.4506527625959036,0.0,0.0
ZONE,OPEN,30,90,1,15,4.7857637,5.937657590614056,12,5.0857635,5.750102519989014,3.121632223335421,0.8,0.5481406466534955,3.0,2.624787,1.960756202536327,3.0,2.924787,3.7981183528900146,2.3186281888976947,1.0,0.4384939195509822
SRZN,MORNING,15,30,1,7,1.4067857,1.1944034240013146,7,1.7067857,2.6290173530578613,3.1162043791957683,1.0,0.6456611570247934,3.0,-0.40118116,1.7447901915423614,2.0,-0.10118115,2.5916640758514404,-0.39825198351004826,0.6666666666666666,0.20765495512648788
BGL,MIDDAY,15,30,-1,6,2.7755482,2.1834485971316813,6,3.0755482,4.629549980163574,3.113733432350721,1.0,0.6096569663469354,,,,,,,,,
HAO,POST,15,30,1,9,1.1782125,1.135944357185741,8,1.4782126,8.05908489227295,3.1116291462885513,0.8888888888888888,0.5649937852319398,,,,,,,,,
SLGB,OPEN,30,15,-1,6,2.1923637,1.726402920471714,6,2.4923637,6.653350830078125,3.1106136507788373,1.0,0.6096569663469354,2.0,0.82032466,2.741463003402752,1.0,1.1203246,4.4789204597473145,0.42317341410714565,0.5,0.09452865480086611
LGVN,OPEN,30,15,1,9,1.4703132,1.4185622431544518,8,1.7703131,5.4736223220825195,3.1094438016572665,0.8888888888888888,0.5649937852319398,,,,,,,,,
PYXS,OPEN,60,90,-1,8,1.3534048,1.2335637772681047,7,1.6534048,4.722011566162109,3.1032094209530983,0.875,0.5291051942301385,6.0,-0.931447,2.433305111061608,3.0,-0.631447,4.704221248626709,-0.9376423586948509,0.5,0.1876128068994087
ENLV,OPEN,15,30,1,9,3.790129,3.669749691300297,9,4.090129,5.22152853012085,3.0984093726796154,1.0,0.7008472464490406,4.0,1.1240661,2.663535473349366,2.0,1.4240662,4.344980716705322,0.8440406562426283,0.5,0.15003570882017145
ALP,EARLY,30,30,1,6,1.5350825,1.2147372867897885,6,1.8350824,4.156006336212158,3.095458400462586,1.0,0.6096569663469354,,,,,,,,,
SBEV,MIDDAY,15,60,-1,6,3.9531224,3.13365252562144,6,4.2531223,5.235021114349365,3.090046722227752,1.0,0.6096569663469354,,,,,,,,,
SG,MORNING,30,60,1,6,1.3333697,1.0570041940435084,6,1.6333697,2.6859681606292725,3.0899361611234086,1.0,0.6096569663469354,2.0,2.5067577,1.775226776565403,2.0,2.806758,3.459686040878296,1.996979109894398,1.0,0.3423719528896193
CXAI,MORNING,15,60,-1,8,1.5428963,1.4127680296514131,7,1.8428962,2.5924384593963623,3.088949899256521,0.875,0.5291051942301385,3.0,-0.7525613,2.879554573381368,1.0,-0.4525613,3.554551839828491,-0.4526652731502799,0.3333333333333333,0.061490315276160515
BJDX,OPEN,15,15,1,10,4.1675725,4.270906108982992,9,4.4675727,5.309145927429199,3.0857670649455127,0.9,0.5958436145024278,5.0,-1.0329068,2.9272872714289218,2.0,-0.7329067,3.966057538986206,-0.7890068652508336,0.4,0.11761823115925325
PRLD,OPEN,30,90,-1,17,1.3481102,1.8026583372532736,13,1.6481103,3.6115074157714844,3.083446613524191,0.7647058823529411,0.5273775411082839,10.0,-0.4796784,2.2553398624445835,4.0,-0.17967843,3.4261105060577393,-0.6725710344783019,0.4,0.16817758120350967
MGN,MORNING,60,15,1,7,2.614664,2.246156943380292,7,2.914664,10.795998573303223,3.0798163646183716,1.0,0.6456611570247934,1.0,1.1374962,,1.0,1.4374962,6.69124698638916,,1.0,0.20654329147389294
EHGO,EARLY,15,30,-1,8,1.9329209,1.7761852609405855,7,2.232921,5.075477123260498,3.078015630723455,0.875,0.5291051942301385,1.0,2.8249967,,1.0,3.1249967,8.333337783813477,,1.0,0.20654329147389294
TLSA,MORNING,30,90,-1,9,1.7397803,1.6962260694933702,9,2.0397804,3.4431517124176025,3.0770314254203273,1.0,0.7008472464490406,3.0,-0.9490852,1.5863620148703916,1.0,-0.6490852,3.293393135070801,-1.0362475463466445,0.3333333333333333,0.061490315276160515
PROP,MORNING,15,60,1,7,1.7054592,1.4670844113025725,7,2.005459,2.7945196628570557,3.0756383053070846,1.0,0.6456611570247934,4.0,0.684338,0.8517625124417255,3.0,0.9843379,2.62302827835083,1.606875070453363,0.75,0.30063605244263664
OPENL,OPEN,15,15,1,12,2.8883212,3.254031458356218,10,3.188321,7.756587505340576,3.0747821979713503,0.8333333333333334,0.5519636426153274,1.0,14.075001,,1.0,14.375001,9.840001106262207,,1.0,0.20654329147389294
VLO,OPEN,15,90,-1,7,1.0318019,0.8889988468155025,7,1.331802,1.2239162921905518,3.0707478898033718,1.0,0.6456611570247934,4.0,0.25019246,1.052584460310635,2.0,0.5501925,1.579406499862671,0.4753869600623666,0.5,0.15003570882017145
MTEN,MORNING,15,30,1,9,3.3743083,3.2975602243155526,8,3.6743085,4.941323757171631,3.06982264295331,0.8888888888888888,0.5649937852319398,2.0,1.2520819,1.487869099802794,2.0,1.5520818,2.625833511352539,1.190098754958108,1.0,0.3423719528896193
CLFD,OPEN,15,90,1,8,1.3511292,1.245187170380566,7,1.6511292,1.6915416717529297,3.069073064949016,0.875,0.5291051942301385,2.0,1.4286139,0.21828796933198663,2.0,1.7286139,1.4315521717071533,9.255503913327557,1.0,0.3423719528896193
TIGO,OPEN,15,30,1,11,0.56475925,0.6133998928371432,10,0.86475927,2.037180185317993,3.053627113050815,0.9090909090909091,0.6226353745137962,4.0,-0.33862817,0.5942703889989913,2.0,-0.03862813,1.6504499912261963,-1.1396434321583722,0.5,0.15003570882017145
TRUG,MORNING,15,60,1,6,3.7608883,3.018596139648722,6,4.0608883,5.1109514236450195,3.0518350192331107,1.0,0.6096569663469354,3.0,3.526288,11.950215347802112,2.0,3.8262882,6.416313648223877,0.511096231884256,0.6666666666666666,0.20765495512648788
HLSQ,MORNING,30,30,1,6,2.7133515,2.182335570811689,6,3.0133514,4.612093448638916,3.0455108405840834,1.0,0.6096569663469354,3.0,-1.4628173,0.7124379021409423,0.0,-1.1628174,7.2188568115234375,-3.556343504081308,0.0,0.0
ALXO,MIDDAY,15,30,1,7,0.6677646,0.5812037411098157,7,0.9677646,1.6856286525726318,3.0397930222960805,1.0,0.6456611570247934,6.0,-0.013597935,0.6832295161555366,3.0,0.28640208,2.40511417388916,-0.04875082617362914,0.5,0.1876128068994087
Q,OPEN,60,30,-1,13,0.5610896,0.6656160930898342,11,0.8610896,2.9141130447387695,3.0393454347652344,0.8461538461538461,0.5776482949136899,7.0,-0.46698546,0.578979894973806,2.0,-0.16698545,1.8363431692123413,-2.1339728971697354,0.2857142857142857,0.08221716570901548
ZURA,MORNING,60,15,1,6,0.7220421,0.5824525347464755,6,1.022042,4.076570987701416,3.0365301418927317,1.0,0.6096569663469354,1.0,-0.20384389,,0.0,0.09615612,2.446157932281494,,0.0,0.0
SLND,OPEN,15,30,1,9,4.430561,4.389785961373057,8,4.7305613,6.114072799682617,3.027865894596841,0.8888888888888888,0.5649937852319398,9.0,-0.77034956,2.686577528167965,2.0,-0.47034955,4.1830644607543945,-0.860220359276331,0.2222222222222222,0.0632237623122272
VNCE,MORNING,15,30,1,6,1.3604702,1.101517150544396,6,1.6604702,3.1154251098632812,3.0253344119046885,1.0,0.6096569663469354,5.0,-1.9551114,2.2157587769893095,1.0,-1.6551114,2.951537609100342,-1.973031543182665,0.2,0.036223160969787456
FBLG,MORNING,15,60,-1,8,3.4086685,3.1892474050493074,7,3.7086687,4.945052146911621,3.023023701611624,0.875,0.5291051942301385,2.0,1.0605674,1.0090504706944128,2.0,1.3605673,3.3167741298675537,1.4864160066810066,1.0,0.3423719528896193
KAPA,OPEN,15,30,-1,8,1.780214,1.6749510555800562,7,2.080214,6.435023784637451,3.006180636202013,0.875,0.5291051942301385,2.0,3.1628747,3.1673571183395786,2.0,3.462875,2.3433022499084473,1.412212178097157,1.0,0.3423719528896193
XRXDW,OPEN,15,15,1,9,2.67663,2.6732804253385667,8,2.9766302,9.300960540771484,3.0037589713050146,0.8888888888888888,0.5649937852319398,4.0,1.5661572,2.1861070516696266,2.0,1.8661572,6.084636688232422,1.4328275649611806,0.5,0.15003570882017145
LGVN,OPEN,30,30,1,11,1.3319521,1.471003581338384,9,1.6319522,5.076161861419678,3.0031098455441967,0.8181818181818182,0.5230138624217553,,,,,,,,,
GNTA,OPEN,15,15,-1,6,1.5654963,1.278942958138833,6,1.8654963,3.582066535949707,2.9983097895467274,1.0,0.6096569663469354,,,,,,,,,
MRAM,OPEN,60,90,-1,10,1.5970732,1.6850307393371138,9,1.8970731,4.3353142738342285,2.9972087605162763,0.9,0.5958436145024278,3.0,0.08936588,2.3974132145629863,1.0,0.38936585,2.856337785720825,0.06456385526380425,0.3333333333333333,0.061490315276160515
MYGN,MORNING,30,90,-1,8,0.6163906,0.581929874905947,7,0.9163906,2.429533004760742,2.9959208622477096,0.875,0.5291051942301385,,,,,,,,,
MVLL,MORNING,15,60,-1,14,1.9718155,2.4637606152707443,12,2.2718155,2.6502163410186768,2.9945514435455367,0.8571428571428571,0.600580922361363,5.0,0.4775979,1.2989190133168262,4.0,0.77759784,3.2675087451934814,0.8221770118919943,0.8,0.37552826411853885
EVMN,OPEN,30,15,1,14,0.6821428,0.8528239737691522,11,0.9821428,3.0348076820373535,2.992815285455811,0.7857142857142857,0.5241027622679172,8.0,0.1739021,1.0621025908858523,5.0,0.4739021,2.435961961746216,0.4631091242697498,0.625,0.3057378545838018
NAMM,MIDDAY,60,15,-1,7,0.9294346,0.8223547415910395,7,1.2294346,3.802391529083252,2.9902579513388683,1.0,0.6456611570247934,6.0,-0.68085563,1.2119843167787294,3.0,-0.38085565,3.615379571914673,-1.3760482403866614,0.5,0.1876128068994087
DVLT,OPEN,60,15,1,9,0.8410904,0.845037473796219,8,1.1410904,4.220975875854492,2.985987274742942,0.8888888888888888,0.5649937852319398,8.0,0.059189625,1.2917928947298034,4.0,0.3591896,3.881934642791748,0.12959781848567287,0.5,0.2152125268244419
INMB,OPEN,30,90,-1,6,1.9036943,1.5635243073708684,6,2.2036943,3.273841619491577,2.982415796657148,1.0,0.6096569663469354,8.0,0.5873875,1.9020241738175254,6.0,0.8873875,2.6912219524383545,0.8734814030288225,0.75,0.40926987910258916
AIFC,OPEN,30,30,1,12,1.574063,1.8309969491319256,11,1.8740629,5.0581793785095215,2.9780027691189783,0.9166666666666666,0.6461140782014047,11.0,-0.227587,0.8753048986406776,3.0,0.07241302,3.9327895641326904,-0.8623517197201309,0.2727272727272727,0.09745880573921469
SNX,OPEN,15,60,1,8,0.8934796,0.8497772169973605,8,1.1934795,1.5073254108428955,2.973887561238842,1.0,0.6755843804891231,6.0,-0.6906593,1.8764641224933463,1.0,-0.39065927,1.9946765899658203,-0.9015695067579284,0.16666666666666666,0.030052585871730285
KARD,OPEN,15,15,1,8,1.1789494,1.1226605099736682,7,1.4789493,2.666018486022949,2.9702410548977065,0.875,0.5291051942301385,5.0,-2.0981295,1.852774865149433,0.0,-1.7981293,3.700112819671631,-2.532180406898273,0.0,-3.139202815737979e-17
OPENL,OPEN,15,90,1,11,6.747199,7.537456215572665,9,7.0471992,7.787804126739502,2.9688965379007555,0.8181818181818182,0.5230138624217553,1.0,9.701249,,1.0,10.001249,9.840001106262207,,1.0,0.20654329147389294
LGHL,MIDDAY,30,90,1,6,2.3825548,1.9664147121247215,6,2.682555,6.094113826751709,2.9678599501743372,1.0,0.6096569663469354,3.0,-0.019630989,7.0373723092023965,2.0,0.28036913,9.240901947021484,-0.004831614551634581,0.6666666666666666,0.20765495512648788
STDN,MORNING,15,60,-1,6,4.6478252,3.839607282529227,6,4.947825,3.1638500690460205,2.965094973670467,1.0,0.6096569663469354,2.0,-0.042990267,0.06409186959354633,1.0,0.25700974,2.0529732704162598,-0.9485979956335325,0.5,0.09452865480086611
CYCU,PRE_MID,60,30,1,6,8.584905,7.09637511512695,6,8.884905,17.099428176879883,2.963292609611775,1.0,0.6096569663469354,1.0,4.6547155,,1.0,4.9547157,4.484715938568115,,1.0,0.20654329147389294
ELPW,OPEN,30,90,1,6,3.1317542,2.5899030840575894,6,3.4317544,5.4319000244140625,2.961963997371748,1.0,0.6096569663469354,,,,,,,,,
PNBK,MIDDAY,30,30,1,6,0.8792788,0.7279924012401342,6,1.1792787,2.3707163333892822,2.9585258673188832,1.0,0.6096569663469354,1.0,-0.376087,,0.0,-0.076087,3.7447848320007324,,0.0,0.0
TVRD,OPEN,15,60,1,7,1.7733817,1.5870416255697628,7,2.0733817,4.28683614730835,2.956398186912644,1.0,0.6456611570247934,5.0,1.4206403,2.125623374305114,4.0,1.7206403,2.914212703704834,1.494454959053774,0.8,0.37552826411853885
UEC,OPEN,15,60,-1,6,1.1001452,0.9118724662600538,6,1.4001453,1.6033210754394531,2.9552317166318933,1.0,0.6096569663469354,10.0,-0.7475587,1.5518885174214525,4.0,-0.4475587,1.7094080448150635,-1.52329770541977,0.4,0.16817758120350967
YSWY,OPEN,30,60,1,8,1.5545021,1.4944045938216373,7,1.8545022,2.8550703525543213,2.9421724256511093,0.875,0.5291051942301385,6.0,0.20426762,1.0564590913239365,4.0,0.50426763,1.844610571861267,0.4736117532899571,0.6666666666666666,0.2999883213415286
FRNM,OPEN,30,60,-1,13,1.4911495,1.8285515989728793,11,1.7911495,2.563270092010498,2.9402594632155274,0.8461538461538461,0.5776482949136899,9.0,0.14058462,1.7676645454563387,6.0,0.4405846,1.994218349456787,0.23859382971932294,0.6666666666666666,0.35419734749908977
FABC,OPEN,15,90,1,6,2.5271273,2.1089104803602243,6,2.8271272,3.5457041263580322,2.9352465997258994,1.0,0.6096569663469354,1.0,3.5135658,,1.0,3.8135657,4.357294082641602,,1.0,0.20654329147389294
VRXA,MORNING,30,60,-1,9,1.7706,1.8142522959489857,8,2.0706,5.705378532409668,2.92781764460384,0.8888888888888888,0.5649937852319398,1.0,-0.3,,0.0,0.0,5.4412007331848145,,0.0,0.0
GCO,OPEN,15,60,-1,11,1.0796378,1.223626050704868,9,1.3796377,2.165186882019043,2.926346147071183,0.8181818181818182,0.5230138624217553,3.0,0.10873441,1.9748494246073423,1.0,0.40873438,1.0996849536895752,0.09536601337579943,0.3333333333333333,0.061490315276160515
INTT,OPEN,30,30,1,6,1.915177,1.6053242546330373,6,2.215177,4.002137660980225,2.922279641212145,1.0,0.6096569663469354,2.0,-0.609514,2.02227048696516,1.0,-0.30951405,6.607922554016113,-0.4262451378431307,0.5,0.09452865480086611
ACRV,OPEN,60,90,1,8,2.096586,2.0347946693868755,7,2.396586,4.590153217315674,2.914318958007085,0.875,0.5291051942301385,4.0,0.65376085,0.8879512227126926,3.0,0.95376086,4.972838401794434,1.4725152321594746,0.75,0.30063605244263664
CJMB,OPEN,15,90,1,11,6.1940856,7.054350331501158,9,6.494086,6.939187526702881,2.9121686452325375,0.8181818181818182,0.5230138624217553,3.0,-0.12946637,2.436127038655748,2.0,0.17053361,2.727497100830078,-0.09204870136779528,0.6666666666666666,0.20765495512648788
TECS,OPEN,60,90,1,12,1.584192,1.8868362262043665,11,1.8841921,4.4527268409729,2.908467687795581,0.9166666666666666,0.6461140782014047,7.0,0.25311542,0.8286117956334904,3.0,0.5531154,2.439330816268921,0.8081956425581138,0.42857142857142855,0.1582169222626268
BRCC,OPEN,60,90,1,9,1.661253,1.7214562059623324,8,1.9612529,4.550111770629883,2.8950831912715254,0.8888888888888888,0.5649937852319398,2.0,-3.0540464,0.7521162436483014,0.0,-2.7540464,2.8403897285461426,-5.742561558510959,0.0,0.0
PMVP,MIDDAY,30,30,-1,6,0.44013342,0.37247115686923665,6,0.7401334,2.142061710357666,2.894458495011571,1.0,0.6096569663469354,3.0,-2.926691,3.9633951072112077,0.0,-2.6266909,2.749507188796997,-1.2789988049917425,0.0,0.0
CXAI,MORNING,60,90,-1,8,1.7209326,1.6821004382361215,7,2.0209327,4.489343643188477,2.893722837951804,0.875,0.5291051942301385,3.0,1.3906577,1.5807109084807032,2.0,1.6906576,4.823612213134766,1.5238015477252862,0.6666666666666666,0.20765495512648788
ANIK,OPEN,30,30,1,11,1.2668556,1.4565209336088234,10,1.5668555,3.2145209312438965,2.8847403312256734,0.9090909090909091,0.6226353745137962,6.0,0.17814168,0.6136231556178011,4.0,0.4781417,1.4784141778945923,0.7111143412837959,0.6666666666666666,0.2999883213415286
ONFO,OPEN,30,60,1,7,6.607783,6.070887234106169,7,6.9077826,8.664031028747559,2.8797356036975077,1.0,0.6456611570247934,3.0,-0.8781021,2.8904467499580764,1.0,-0.5781022,3.8938262462615967,-0.5261876879652799,0.3333333333333333,0.061490315276160515
SANA,OPEN,30,15,-1,8,0.5853217,0.57513050187525,7,0.88532174,2.8167002201080322,2.878546411014739,0.875,0.5291051942301385,5.0,-0.15089029,0.8433097987834666,3.0,0.1491097,2.558196783065796,-0.40009133976588845,0.6,0.23071993220883702
YYGH,POST,15,15,1,6,1.6199468,1.3792761321085274,6,1.9199469,19.34048843383789,2.876902651872273,1.0,0.6096569663469354,,,,,,,,,
ANL,OPEN,30,15,1,8,0.6849856,0.6736932312419824,7,0.98498553,3.6682937145233154,2.8758368040503224,0.875,0.5291051942301385,7.0,0.7188914,1.193968532985747,5.0,1.0188913,3.2993881702423096,1.5930133537593374,0.7142857142857143,0.35892909014821267
ATCH,MORNING,15,90,-1,10,0.8405403,0.9253504807371491,9,1.1405402,1.9117317199707031,2.8724486953720527,0.9,0.5958436145024278,8.0,-1.6120648,3.7885944288393527,4.0,-1.3120648,1.942970871925354,-1.203509111742966,0.5,0.2152125268244419
FORM,OPEN,60,90,-1,9,1.2251371,1.279952150823279,8,1.5251371,3.0800998210906982,2.8715224559062307,0.8888888888888888,0.5649937852319398,4.0,0.040001556,1.1907318994545963,3.0,0.34000158,2.105956554412842,0.06718818282368588,0.75,0.30063605244263664
EONR,OPEN,60,60,-1,8,0.93996066,0.9277763765769081,7,1.2399607,4.301216125488281,2.865572232661249,0.875,0.5291051942301385,1.0,-3.7799933,,0.0,-3.4799933,4.320010185241699,,0.0,0.0
HAO,PRE_MID,30,15,1,6,11.863588,10.145673648422017,6,12.163588,18.871057510375977,2.8642492299290114,1.0,0.6096569663469354,1.0,-4.9491205,,0.0,-4.6491203,6.1720991134643555,,0.0,0.0
JEM,OPEN,15,15,1,8,1.9514227,1.9277274023439013,7,2.2514226,9.125703811645508,2.8631936576379915,0.875,0.5291051942301385,,,,,,,,,
OC,OPEN,60,60,1,9,0.32799518,0.34382344195895204,8,0.6279952,2.215456962585449,2.8618919572345867,0.8888888888888888,0.5649937852319398,3.0,-0.7121525,1.2656011249158037,1.0,-0.41215253,2.001128911972046,-0.9746232487327293,0.3333333333333333,0.061490315276160515
YSWY,OPEN,30,30,1,8,1.3893172,1.3759338046309364,7,1.6893171,2.8550703525543213,2.8559384997478783,0.875,0.5291051942301385,6.0,0.7767285,1.0224855176815046,4.0,1.0767285,1.844610571861267,1.8607486241807127,0.6666666666666666,0.2999883213415286
ACTU,MIDDAY,60,30,1,8,3.6708639,3.6513574180175996,7,3.970864,7.69747257232666,2.8435372776412264,0.875,0.5291051942301385,2.0,-0.99208283,3.9293965424418302,1.0,-0.6920829,8.184806823730469,-0.3570566075556257,0.5,0.09452865480086611
ATEC,OPEN,60,90,1,10,0.45738468,0.5093632698129607,9,0.7573847,2.377255916595459,2.8395791921369877,0.9,0.5958436145024278,7.0,-0.7056088,1.5473551119607984,2.0,-0.4056088,3.3970999717712402,-1.2064879961847084,0.2857142857142857,0.08221716570901548
OTLK,OPEN,60,60,1,9,2.5541403,2.701933400369923,8,2.8541405,8.3369722366333,2.835902982299201,0.8888888888888888,0.5649937852319398,4.0,0.08372703,0.5420830911863935,2.0,0.38372704,3.557435989379883,0.3089084802956637,0.5,0.15003570882017145
BSEM,OPEN,60,15,1,8,1.458258,1.455461271323705,8,1.7582581,9.666597366333008,2.8338621274998648,1.0,0.6755843804891231,2.0,-0.17893797,0.1712075793218014,0.0,0.12106204,9.823458671569824,-1.4780683615251757,0.0,0.0
STKH,OPEN,60,30,1,8,3.7419543,3.741445987729882,7,4.0419545,12.177711486816406,2.828811414546805,0.875,0.5291051942301385,,,,,,,,,
HLSQ,MIDDAY,15,90,-1,8,1.7532059,1.754097313728301,7,2.053206,2.215196132659912,2.826989740576019,0.875,0.5291051942301385,5.0,0.68396914,0.8285327812236917,4.0,0.9839691,7.6826910972595215,1.8459154861818423,0.8,0.37552826411853885
NUGT,MORNING,30,60,1,9,1.1816921,1.2575914246863371,8,1.4816922,2.4294116497039795,2.818941271902721,0.8888888888888888,0.5649937852319398,4.0,-0.08268319,0.7142230418798116,2.0,0.21731682,1.9181653261184692,-0.2315332490135647,0.5,0.15003570882017145
PRLD,OPEN,30,60,-1,15,1.5956529,2.194407312866768,13,1.895653,3.716820478439331,2.816221591377202,0.8666666666666667,0.6211750079348376,10.0,-0.28926018,1.7153569847140004,4.0,0.010739818,3.4261105060577393,-0.533254016254796,0.4,0.16817758120350967
OFAL,OPEN,15,30,1,8,4.8821263,4.92908770659588,7,5.1821265,6.4713029861450195,2.8014795767361385,0.875,0.5291051942301385,8.0,1.2061129,2.5194534406412807,5.0,1.5061129,4.357242584228516,1.3540247572428117,0.625,0.3057378545838018
SLI,OPEN,30,30,1,13,0.98801965,1.2743538761360593,11,1.2880195,3.3018758296966553,2.7954209256116895,0.8461538461538461,0.5776482949136899,4.0,0.26694268,0.9273087375981748,3.0,0.5669427,1.9032056331634521,0.5757363627856211,0.75,0.30063605244263664
SLI,OPEN,30,60,1,13,1.3548738,1.7489585654571886,11,1.6548737,3.3018758296966553,2.793128990705398,0.8461538461538461,0.5776482949136899,4.0,0.4148168,0.44679169202367475,3.0,0.7148168,1.9032056331634521,1.856868890738694,0.75,0.30063605244263664
MDXH,OPEN,60,60,1,8,1.5729357,1.5941126785526656,7,1.8729358,5.906730651855469,2.790852905441513,0.875,0.5291051942301385,4.0,-2.8035553,5.424295963883674,1.0,-2.503555,4.418269157409668,-1.0337029059013823,0.25,0.045586062644636216
CUE,OPEN,30,30,-1,13,1.1799071,1.52454907204347,11,1.4799072,7.132824420928955,2.79047461829556,0.8461538461538461,0.5776482949136899,5.0,-1.4284066,2.6256044863862056,2.0,-1.1284066,8.726722717285156,-1.2164871994761677,0.4,0.11761823115925325
AZTR,MORNING,30,30,1,8,0.81765443,0.8301188581914548,7,1.1176544,2.744217872619629,2.7859576349940007,0.875,0.5291051942301385,4.0,1.3033841,0.7111452828551468,4.0,1.6033841,3.8168654441833496,3.6655915381879516,1.0,0.5100999795960008
CWD,OPEN,15,60,1,8,3.3959515,3.449241053504009,7,3.6959517,5.300001621246338,2.7847289344901385,0.875,0.5291051942301385,4.0,-1.0639623,8.154918702303704,1.0,-0.7639622,5.766786098480225,-0.2609375713468138,0.25,0.045586062644636216
AMBQ,OPEN,30,15,1,6,1.3741472,1.2109415289398129,6,1.6741471,2.2035248279571533,2.7796217522181004,1.0,0.6096569663469354,7.0,0.5819117,1.2828201824825627,5.0,0.88191164,2.6114768981933594,1.2001632180903639,0.7142857142857143,0.35892909014821267
GTLB,MORNING,15,60,1,6,0.5501771,0.4850882213874504,6,0.8501771,1.4878307580947876,2.7781609554368587,1.0,0.6096569663469354,,,,,,,,,
PPHC,OPEN,30,60,1,10,1.1733688,1.3365856720790117,9,1.4733688,3.969514846801758,2.776116830814667,0.9,0.5958436145024278,4.0,-0.60858333,1.0882563523065105,2.0,-0.30858332,3.6544337272644043,-1.1184558304083927,0.5,0.15003570882017145
GNSS,OPEN,15,60,1,8,1.6039852,1.6342189964373042,7,1.9039851,3.1136817932128906,2.776099916893033,0.875,0.5291051942301385,1.0,-1.7184467,,0.0,-1.4184468,4.366595268249512,,0.0,0.0
RAL,OPEN,30,60,1,12,0.6553271,0.8179232103200009,10,0.9553271,2.007517099380493,2.775467884331194,0.8333333333333334,0.5519636426153274,4.0,-0.34989303,0.5682958145434699,1.0,-0.049893,2.4216079711914062,-1.2313764224555,0.25,0.045586062644636216
FENC,MORNING,30,60,-1,8,1.0292608,1.0508418711915177,7,1.3292608,2.328392505645752,2.7703397785289896,0.875,0.5291051942301385,,,,,,,,,
RNXT,MIDDAY,15,90,-1,8,1.894306,1.9344273855149872,7,2.194306,2.6809818744659424,2.769763474168056,0.875,0.5291051942301385,2.0,-3.7285745,0.8081206387747893,0.0,-3.4285746,4.313572406768799,-6.525016678898556,0.0,0.0
ZONE,OPEN,15,90,1,15,3.5273104,4.949811819152947,13,3.8273106,4.9373779296875,2.7599462008781095,0.8666666666666667,0.6211750079348376,5.0,1.8131114,1.9076932433173404,4.0,2.1131115,3.386622905731201,2.125205616807101,0.8,0.37552826411853885
DRTS,OPEN,30,60,1,12,0.85595566,1.0743947627975248,10,1.1559557,2.791484832763672,2.759802530831836,0.8333333333333334,0.5519636426153274,3.0,-0.8808513,1.1682046519268323,0.0,-0.5808513,3.049206018447876,-1.3060034062867718,0.0,0.0
BNAI,MORNING,60,90,-1,6,1.0829175,0.9612866878898431,6,1.3829174,4.981328964233398,2.7594215378464817,1.0,0.6096569663469354,4.0,-0.7495952,0.858096556818275,1.0,-0.44959527,4.177988052368164,-1.7471116016051729,0.25,0.045586062644636216
XXI,OPEN,30,90,-1,16,0.70097655,1.0165318214434476,13,1.0009766,2.7528414726257324,2.758306373857351,0.8125,0.5699064013154177,5.0,-0.14272556,1.6682231856938505,4.0,0.15727444,2.7703206539154053,-0.19130776416134088,0.8,0.37552826411853885
SPXC,OPEN,60,60,1,9,0.61977017,0.6746014107530597,8,0.9197702,2.9888463020324707,2.7561616061531784,0.8888888888888888,0.5649937852319398,3.0,-0.87915283,0.7467986839816283,0.0,-0.5791528,1.6530486345291138,-2.0390198985181702,0.0,0.0
ADCT,OPEN,30,60,1,16,1.1843647,1.719742588310291,12,1.4843646,3.1736483573913574,2.7547487269922315,0.75,0.5050123107060135,10.0,-1.9415311,2.575213750577785,2.0,-1.641531,3.2377052307128906,-2.3841361917654496,0.2,0.05668094798069332
OPENZ,OPEN,30,90,1,7,3.4010437,3.2686506696198387,7,3.7010436,9.806900978088379,2.7529144637076666,1.0,0.6456611570247934,2.0,5.2496557,7.0794161331779675,2.0,5.549656,19.887222290039062,1.0486930253006668,1.0,0.3423719528896193
AVEX,OPEN,15,90,1,14,1.3495225,1.834547124963581,11,1.6495224,3.278297185897827,2.752423557359385,0.7857142857142857,0.5241027622679172,6.0,1.2234589,2.070919038805046,5.0,1.5234588,1.9499791860580444,1.4471111309412301,0.8333333333333334,0.4364905634363539
AIM,MORNING,30,30,1,9,1.4551612,1.5932519345072815,8,1.7551613,4.122758865356445,2.7399832676019886,0.8888888888888888,0.5649937852319398,4.0,0.124603465,0.7790858316691532,2.0,0.42460346,2.1726982593536377,0.319870956791792,0.5,0.15003570882017145
MIND,OPEN,30,90,1,8,1.5405903,1.5914723281264262,7,1.8405902,3.1709794998168945,2.7379975615998604,0.875,0.5291051942301385,2.0,-0.262422,1.7461174234386263,1.0,0.037577987,2.816509485244751,-0.2125405427951103,0.5,0.09452865480086611
SGLY,OPEN,30,30,1,8,2.259217,2.3368639612802284,7,2.559217,8.068235397338867,2.7344470267937777,0.875,0.5291051942301385,2.0,1.8954403,2.209739711288465,2.0,2.1954403,7.937809944152832,1.2130647885192043,1.0,0.3423719528896193
SMCZ,MIDDAY,60,90,-1,6,2.2821245,2.044415497907511,6,2.5821245,4.897695064544678,2.7342977039739513,1.0,0.6096569663469354,4.0,-0.36108503,1.5412021314949238,1.0,-0.061085045,4.434628963470459,-0.4685758215323009,0.25,0.045586062644636216
FBLG,OPEN,60,15,1,6,2.2089386,1.980166815685453,6,2.5089386,10.422477722167969,2.7324831407781836,1.0,0.6096569663469354,,,,,,,,,
OCGN,OPEN,30,90,1,6,1.0181197,0.9129850617605936,6,1.3181198,2.414926290512085,2.7315602947938085,1.0,0.6096569663469354,8.0,0.729078,0.9885753008065721,6.0,1.029078,2.359297037124634,2.085975620604455,0.75,0.40926987910258916
TCRX,MIDDAY,15,60,1,6,1.6117698,1.4456826186306444,6,1.9117697,1.8664207458496094,2.730899251831069,1.0,0.6096569663469354,8.0,0.4139148,1.0332823551853672,6.0,0.7139148,1.939371943473816,1.133018328342358,0.75,0.40926987910258916
QBTX,OPEN,60,15,1,12,1.6044666,2.040485864075747,10,1.9044665,9.402767181396484,2.7238783130689956,0.8333333333333334,0.5519636426153274,5.0,0.37853128,1.30423172802615,3.0,0.6785313,6.174798011779785,0.6489810431652783,0.6,0.23071993220883702
ITRG,OPEN,15,30,-1,6,0.52960885,0.4764664881734282,6,0.82960886,1.5866178274154663,2.7226918733129035,1.0,0.6096569663469354,7.0,-0.053704087,0.7406855746076301,4.0,0.24629591,1.667497992515564,-0.19183262458956682,0.5714285714285714,0.2504542304090258
NWGL,AFTERNOON,15,15,-1,6,2.5576723,2.305610799829709,6,2.8576725,7.035450458526611,2.7172808056340307,1.0,0.6096569663469354,1.0,2.8446515,,1.0,3.1446514,5.610379219055176,,1.0,0.20654329147389294
CBRG,MORNING,30,90,-1,7,3.852179,3.7597562230318786,7,4.1521792,4.760902404785156,2.7107895216017748,1.0,0.6456611570247934,5.0,0.12549499,2.947279032921218,2.0,0.425495,3.543607234954834,0.09521165730300608,0.4,0.11761823115925325
MKSI,OPEN,60,90,-1,8,0.881374,0.9200127605574339,7,1.181374,2.674999237060547,2.709638648258209,0.875,0.5291051942301385,5.0,-0.444452,0.7588597571361037,2.0,-0.144452,2.3563952445983887,-1.3096291481837672,0.4,0.11761823115925325
HIMS,MORNING,15,30,1,8,0.47568342,0.49663895732432634,7,0.7756834,1.2998414039611816,2.7090824644615585,0.875,0.5291051942301385,3.0,0.07122662,0.7547082126057322,1.0,0.3712266,1.258237361907959,0.16346466252451752,0.3333333333333333,0.061490315276160515
BLNE,MORNING,15,90,1,8,0.98911756,1.0334859526230966,7,1.2891176,3.677513599395752,2.7070004551132723,0.875,0.5291051942301385,2.0,-0.5427181,0.34325522962812194,0.0,-0.2427181,3.5919864177703857,-2.236001811335285,0.0,0.0
NXTT,MORNING,60,60,1,6,4.5408444,4.110513590709355,6,4.840844,9.318793296813965,2.705927528282865,1.0,0.6096569663469354,,,,,,,,,
SVIA,OPEN,15,30,1,20,1.0232751,1.6917544139846246,15,1.3232752,3.4478931427001953,2.7050176396597325,0.75,0.5312949900419365,14.0,-1.1624093,1.8538293138654074,5.0,-0.86240923,4.474854469299316,-2.3461369027450396,0.35714285714285715,0.16344490737202735
BJDX,MORNING,30,30,-1,6,1.9626081,1.7780841858545686,6,2.262608,4.289851665496826,2.703689986002229,1.0,0.6096569663469354,4.0,0.13437757,2.540451270380869,2.0,0.43437755,3.937593460083008,0.10579031412796491,0.5,0.15003570882017145
GEOS,OPEN,15,60,1,12,0.98962235,1.2694668405652074,10,1.2896223,2.8307316303253174,2.7004662800797132,0.8333333333333334,0.5519636426153274,2.0,-0.3993969,0.560628190878937,0.0,-0.099396884,2.5500152111053467,-1.0074992959589928,0.0,0.0
INLF,OPEN,15,60,-1,8,3.0925746,3.2422484452643845,7,3.3925745,8.04306411743164,2.697856756334944,0.875,0.5291051942301385,2.0,-0.384748,1.2700372436653922,1.0,-0.08474803,3.473379611968994,-0.4284251183470371,0.5,0.09452865480086611
PYXS,OPEN,60,60,-1,8,0.93785715,0.9834875532327604,7,1.2378571,4.722011566162109,2.6971979425619246,0.875,0.5291051942301385,6.0,-0.65054166,2.0380209824990714,2.0,-0.35054165,4.704221248626709,-0.7818835747381268,0.3333333333333333,0.09676933255921684
COSM,OPEN,15,30,1,9,1.5985687,1.7784139070264633,8,1.8985686,5.336289405822754,2.6966197322001166,0.8888888888888888,0.5649937852319398,13.0,0.8456768,2.09982657211905,6.0,1.1456769,5.2642292976379395,1.4520870591565391,0.46153846153846156,0.23205754301488138
FNGU,OPEN,30,90,-1,9,1.1319728,1.2593629966601214,8,1.4319729,2.0689244270324707,2.6965365651518405,0.8888888888888888,0.5649937852319398,6.0,-0.75320417,0.9040865019241485,1.0,-0.45320418,1.558495044708252,-2.040696191227298,0.16666666666666666,0.030052585871730285
DRTS,OPEN,60,30,1,8,0.72378165,0.7594987301178768,7,1.0237817,2.9986624717712402,2.6954141682851454,0.875,0.5291051942301385,5.0,-0.11778206,1.1429629219179125,3.0,0.18221794,3.0058109760284424,-0.23042627143609076,0.6,0.23071993220883702
CANG,OPEN,15,30,-1,11,2.0687191,2.5468928726330073,9,2.368719,5.28034782409668,2.693935534695447,0.8181818181818182,0.5230138624217553,3.0,2.5359886,5.3804317747980175,2.0,2.8359885,7.405670642852783,0.8163770554523017,0.6666666666666666,0.20765495512648788
OCS,OPEN,15,60,1,12,0.68044317,0.8768445047323173,10,0.9804431,2.0926949977874756,2.6881895974380385,0.8333333333333334,0.5519636426153274,5.0,0.10968309,1.066838658901887,3.0,0.4096831,2.1777241230010986,0.2298930966237033,0.6,0.23071993220883702
SDST,MIDDAY,30,30,-1,8,1.4007477,1.4781600957442458,7,1.7007476,3.273746967315674,2.680300110175677,0.875,0.5291051942301385,1.0,-0.26874477,,0.0,0.031255245,4.091257095336914,,0.0,0.0
ANIK,OPEN,15,30,1,16,1.2950295,1.9330675548367322,12,1.5950295,2.757378578186035,2.6797398109510833,0.75,0.5050123107060135,1.0,-0.4470529,,0.0,-0.14705288,1.2664695978164673,,0.0,0.0
SPXC,OPEN,30,60,1,16,0.3704539,0.5530702126997433,12,0.6704539,2.031034469604492,2.6792539943889704,0.75,0.5050123107060135,6.0,-0.15834522,0.6588385422207541,2.0,0.1416548,1.349014401435852,-0.5887102429668234,0.3333333333333333,0.09676933255921684
PROP,MORNING,15,15,1,7,0.85577005,0.8457841260097426,7,1.1557701,2.7945196628570557,2.676988921928755,1.0,0.6456611570247934,4.0,0.31204653,1.4349196719899626,2.0,0.6120465,2.62302827835083,0.43493239928866434,0.5,0.15003570882017145
HAO,EARLY,60,30,-1,7,2.437989,2.4152834503514646,7,2.737989,7.808887004852295,2.670623434664561,1.0,0.6456611570247934,1.0,-3.4579,,0.0,-3.1579,22.767011642456055,,0.0,0.0
SKYH,OPEN,30,90,1,8,1.0953677,1.1604546618061664,7,1.3953677,1.8494987487792969,2.669787740559728,0.875,0.5291051942301385,2.0,-0.11808732,0.115284485466091,0.0,0.18191269,1.4962215423583984,-1.4485964088099865,0.0,0.0
ACTU,MORNING,15,90,1,8,4.2497087,4.520903971073935,8,4.549709,6.637146949768066,2.658758359367207,1.0,0.6755843804891231,3.0,0.31314954,3.0365675225512514,2.0,0.61314946,5.5156402587890625,0.17861974496482608,0.6666666666666666,0.20765495512648788
BIAF,OPEN,15,15,1,6,2.9712927,2.738904975147686,6,3.271293,5.66977071762085,2.65732149933557,1.0,0.6096569663469354,5.0,2.7817066,6.269159455597033,3.0,3.0817065,6.830036163330078,0.9921720816903553,0.6,0.23071993220883702
WW,OPEN,60,60,1,8,1.5576342,1.6581180552956254,7,1.8576342,5.704250812530518,2.6570212567313765,0.875,0.5291051942301385,5.0,2.4093182,4.7417463670277025,3.0,2.7093182,7.184601783752441,1.1361635307047957,0.6,0.23071993220883702
PLG,OPEN,30,60,-1,11,0.5740525,0.7167370756746799,10,0.8740525,2.1407580375671387,2.656367110093208,0.9090909090909091,0.6226353745137962,5.0,-0.7178408,1.1803672694636065,2.0,-0.41784078,1.7506515979766846,-1.359865566134756,0.4,0.11761823115925325
KVHI,OPEN,30,60,1,11,0.9389444,1.1724391177128755,9,1.2389444,2.641331195831299,2.656109152812229,0.8181818181818182,0.5230138624217553,2.0,0.373686,1.334955360077146,1.0,0.67368597,1.8771445751190186,0.395872255355173,0.5,0.09452865480086611
TSCO,OPEN,60,90,-1,8,0.78858876,0.8406731611627019,7,1.0885887,1.4680553674697876,2.6531902629403716,0.875,0.5291051942301385,2.0,-0.4213685,1.2736684475456967,1.0,-0.12136847,2.23005747795105,-0.46786513561201093,0.5,0.09452865480086611
CONI,MORNING,30,30,-1,8,1.516782,1.6178435694328046,7,1.816782,4.809017658233643,2.6517443098288394,0.875,0.5291051942301385,5.0,0.7334927,1.0578779270271264,4.0,1.0334927,3.3100688457489014,1.550405235498736,0.8,0.37552826411853885
DMAC,OPEN,15,15,1,6,0.6743539,0.6229986118627726,6,0.9743539,1.715921401977539,2.651407119782233,1.0,0.6096569663469354,6.0,-0.10992754,1.1440411142228224,3.0,0.19007246,2.0193378925323486,-0.23536425787002116,0.5,0.1876128068994087
DRK,MORNING,60,90,1,6,4.9252734,4.568800626598271,6,5.2252736,7.430337429046631,2.640606956802362,1.0,0.6096569663469354,1.0,1.8840301,,1.0,2.18403,5.906249046325684,,1.0,0.20654329147389294
CDXS,MORNING,15,90,1,11,1.2907974,1.621295633460106,9,1.5907973,2.556082248687744,2.6405366246837185,0.8181818181818182,0.5230138624217553,4.0,-0.82744586,0.9081223802155935,1.0,-0.5274458,1.7185723781585693,-1.822322371310767,0.25,0.045586062644636216
AGQ,OPEN,15,60,-1,11,0.94622934,1.1921184826037654,9,1.2462293,1.8228325843811035,2.6325300108259477,0.8181818181818182,0.5230138624217553,6.0,-0.92747545,1.6565196011673093,1.0,-0.6274755,1.421035647392273,-1.3714547088924565,0.16666666666666666,0.030052585871730285
GOAI,OPEN,60,15,-1,6,2.1434922,1.995244073877198,6,2.4434922,8.84717082977295,2.6314886884544806,1.0,0.6096569663469354,3.0,-3.4691095,0.35518346533114575,0.0,-3.1691096,8.806841850280762,-16.9170993543181,0.0,0.0
SAP,OPEN,15,90,-1,8,0.7065168,0.7617067419582714,7,1.0065168,1.3930246829986572,2.6234916637441152,0.875,0.5291051942301385,2.0,-0.36742783,0.25571782685123845,0.0,-0.067427814,1.3897868394851685,-2.0320109122566095,0.0,0.0
PLG,OPEN,15,90,-1,9,0.52887934,0.6048839715332048,8,0.8288793,2.051889419555664,2.6230452583631525,0.8888888888888888,0.5649937852319398,7.0,-0.042921714,0.9152777977125448,5.0,0.2570783,1.4986684322357178,-0.12407182022203708,0.7142857142857143,0.35892909014821267
ZNB,OPEN,30,30,1,9,2.7259488,3.123246991649708,8,3.0259488,8.824259757995605,2.618379671411327,0.8888888888888888,0.5649937852319398,1.0,1.7340186,,1.0,2.0340185,3.481365203857422,,1.0,0.20654329147389294
OSTX,MORNING,15,90,1,6,0.6431493,0.6016914493103214,6,0.9431493,1.644266963005066,2.618264984797909,1.0,0.6096569663469354,6.0,-0.52479255,2.6476194972104845,3.0,-0.2247926,1.697161316871643,-0.4855206628269172,0.5,0.1876128068994087
ANIP,OPEN,15,60,1,11,0.7260626,0.9204987584735909,9,1.0260626,1.4597951173782349,2.61605698276016,0.8181818181818182,0.5230138624217553,4.0,0.78411627,0.936147401173626,3.0,1.0841162,1.561910629272461,1.675198301410506,0.75,0.30063605244263664
QUBX,OPEN,30,30,-1,13,1.1874902,1.6412255281062853,11,1.4874902,4.72878360748291,2.6087559701236405,0.8461538461538461,0.5776482949136899,4.0,0.13934763,0.7762660886938687,1.0,0.43934762,5.2015838623046875,0.3590202632539149,0.25,0.045586062644636216
BESS,OPEN,15,90,1,9,3.3876288,3.9051256379328945,8,3.6876287,4.343320369720459,2.602447993588454,0.8888888888888888,0.5649937852319398,2.0,-5.8677382,8.11046662659234,0.0,-5.567738,3.0969057083129883,-1.0231513661665763,0.0,0.0
GHRS,OPEN,15,30,1,11,1.0339488,1.3188682197686075,9,1.3339487,2.1627156734466553,2.6001234250248086,0.8181818181818182,0.5230138624217553,2.0,0.8141365,2.150726326206239,1.0,1.1141365,1.4296050071716309,0.5353367711848814,0.5,0.09452865480086611
SG,MORNING,30,90,1,6,1.184644,1.1178485602939294,6,1.484644,2.6859681606292725,2.595855458726172,1.0,0.6096569663469354,2.0,2.6125398,1.6256287294121072,2.0,2.9125397,3.459686040878296,2.272775514856035,1.0,0.3423719528896193
IREN,MIDDAY,15,60,-1,6,0.55515295,0.524465316314309,6,0.85515296,1.8372803926467896,2.5928148553270383,1.0,0.6096569663469354,1.0,-0.34112197,,0.0,-0.04112196,1.0616768598556519,,0.0,0.0
SARO,OPEN,15,90,1,7,1.0319573,1.0533826842141871,7,1.3319573,1.2698266506195068,2.5919377046736547,1.0,0.6456611570247934,,,,,,,,,
TGTX,MORNING,60,60,1,6,0.7155393,0.6762423292769084,6,1.0155393,1.5936278104782104,2.591831423010805,1.0,0.6096569663469354,2.0,0.39208615,0.1900169591689402,2.0,0.69208616,1.7544798851013184,2.918126628885759,1.0,0.3423719528896193
QTEX,MORNING,60,30,1,6,1.7039906,1.6113940704265999,6,2.0039907,5.82225227355957,2.590246247524571,1.0,0.6096569663469354,6.0,-2.1149218,2.2797237719897416,1.0,-1.8149219,5.039936542510986,-2.272415342477069,0.16666666666666666,0.030052585871730285
ACON,MORNING,30,90,1,6,1.3079243,1.2391592109481129,6,1.6079242,2.972323417663574,2.5854200630069135,1.0,0.6096569663469354,,,,,,,,,
CMTL,OPEN,15,90,1,15,1.051118,1.582259599731095,12,1.3511181,2.3382158279418945,2.572879047470783,0.8,0.5481406466534955,1.0,1.0605431,,1.0,1.360543,3.321357250213623,,1.0,0.20654329147389294
WW,OPEN,60,30,1,9,1.9745905,2.308518402005637,8,2.2745905,5.626769542694092,2.5660491225238617,0.8888888888888888,0.5649937852319398,5.0,0.20287001,1.868381005901452,2.0,0.50286996,7.184601783752441,0.2427936991954085,0.4,0.11761823115925325
NATR,OPEN,30,90,1,9,0.4698099,0.54932481803283,8,0.7698099,2.016740322113037,2.5657491216716783,0.8888888888888888,0.5649937852319398,,,,,,,,,
OPENZ,OPEN,15,60,1,6,10.443374,9.973295688058638,6,10.743374,13.272411346435547,2.5649431752155705,1.0,0.6096569663469354,,,,,,,,,
SGRX,OPEN,30,15,-1,6,2.240334,2.1416778910214833,6,2.5403342,13.068058967590332,2.5623252028765924,1.0,0.6096569663469354,4.0,-0.10762386,1.0292932233327492,2.0,0.19237614,11.096211433410645,-0.20912186692827384,0.5,0.15003570882017145
NEOV,OPEN,30,60,1,12,1.0825541,1.470404074255206,10,1.382554,4.716582775115967,2.550372022682002,0.8333333333333334,0.5519636426153274,9.0,0.025710173,2.805890375494907,5.0,0.32571018,4.02911376953125,0.027488785565993473,0.5555555555555556,0.26664734574402965
CHOW,OPEN,15,30,1,9,1.358656,1.5995820463232189,8,1.658656,3.9636340141296387,2.5481457207481992,0.8888888888888888,0.5649937852319398,3.0,-1.7941281,1.7087332272246094,0.0,-1.4941281,4.496904373168945,-1.8186109489090714,0.0,0.0
CDZI,MORNING,60,60,1,6,1.2360324,1.191151114184408,6,1.5360323,3.012617349624634,2.5417837989276677,1.0,0.6096569663469354,3.0,-0.8448154,1.3142890736341382,1.0,-0.54481536,4.005887508392334,-1.1133495508213322,0.3333333333333333,0.061490315276160515
IMSR,POST,15,30,1,6,0.5011626,0.4833598522795505,6,0.8011626,5.798639297485352,2.539707454899324,1.0,0.6096569663469354,2.0,-0.40747756,0.45036031835055224,0.0,-0.107477546,6.334695816040039,-1.2795538703649356,0.0,0.0
PRME,MORNING,60,60,1,7,0.97681236,1.0177879218520516,7,1.2768123,3.1720356941223145,2.5392348776332856,1.0,0.6456611570247934,7.0,0.70032966,1.5335327319382575,5.0,1.0003297,3.2570481300354004,1.208254692681649,0.7142857142857143,0.35892909014821267
SPXC,OPEN,30,90,1,16,0.4103048,0.6471084036082679,12,0.71030486,2.0820655822753906,2.536235426950096,0.75,0.5050123107060135,6.0,-0.1478229,0.6849429590862035,4.0,0.15217711,1.349014401435852,-0.5286435555404317,0.6666666666666666,0.2999883213415286
MERC,MORNING,15,90,1,10,1.7739663,2.2119741158593156,9,2.0739663,2.5395312309265137,2.536093889797263,0.9,0.5958436145024278,4.0,0.31585068,1.391903627474843,3.0,0.6158506,2.6310110092163086,0.4538398620011603,0.75,0.30063605244263664
FFAI,OPEN,15,90,1,14,5.0256476,7.457802411728414,11,5.3256474,6.720516681671143,2.521419927512545,0.7857142857142857,0.5241027622679172,4.0,-5.5964336,12.752284225324559,2.0,-5.2964334,4.876220226287842,-0.8777146965423651,0.5,0.15003570882017145
SPWH,OPEN,30,60,1,8,0.6712338,0.7570631139978803,7,0.9712338,2.856271743774414,2.507764248647625,0.875,0.5291051942301385,1.0,0.123728216,,1.0,0.42372823,2.064913511276245,,1.0,0.20654329147389294
FRNM,OPEN,15,30,-1,14,0.8345434,1.2473765446465024,11,1.1345434,2.8612220287323,2.5033142691750867,0.7857142857142857,0.5241027622679172,15.0,0.08030299,1.2976821446596358,7.0,0.38030297,1.699255347251892,0.23966743163491036,0.4666666666666667,0.24809225259746442
CLNN,OPEN,30,15,-1,8,0.82112277,0.9282496791947498,7,1.1211228,5.066048622131348,2.5020056078206547,0.875,0.5291051942301385,3.0,3.346167,4.516806409375513,2.0,3.6461673,4.581972122192383,1.2831480654627452,0.6666666666666666,0.20765495512648788
SLVP,OPEN,60,60,-1,8,0.5104868,0.5783370357233799,7,0.8104868,2.1237263679504395,2.4965972619888324,0.875,0.5291051942301385,8.0,-0.0109547805,0.6669015592931717,3.0,0.28904524,1.9112000465393066,-0.04646082752647655,0.375,0.13684175946152105
AVEX,OPEN,30,90,1,11,2.1321135,2.842694971393349,10,2.4321134,4.0251665115356445,2.4875761970908825,0.9090909090909091,0.6226353745137962,4.0,0.81725967,1.0180030459015423,3.0,1.1172597,2.8459224700927734,1.605613406746008,0.75,0.30063605244263664
CDXS,MORNING,15,60,1,11,1.0294061,1.3736800774967537,10,1.329406,2.556082248687744,2.4854067183373263,0.9090909090909091,0.6226353745137962,4.0,-0.547487,0.6997429754110621,1.0,-0.24748705,1.7185723781585693,-1.5648231986064138,0.25,0.045586062644636216
BLNK,AFTERNOON,15,30,-1,9,0.6885258,0.8338739616743073,8,0.9885258,1.5475115776062012,2.4770858459980576,0.8888888888888888,0.5649937852319398,1.0,-0.025491416,,0.0,0.2745086,1.1960781812667847,,0.0,0.0
SHMD,MORNING,15,60,1,8,0.65852726,0.7522304382219631,7,0.95852727,2.3612940311431885,2.4760980890298856,0.875,0.5291051942301385,2.0,-0.40802422,1.0257404541173327,1.0,-0.10802424,2.1309266090393066,-0.5625530179006307,0.5,0.09452865480086611
LGHL,OPEN,60,15,1,6,6.74897,6.679161782493221,6,7.04897,15.84490966796875,2.475090947852895,1.0,0.6096569663469354,2.0,0.43468273,6.194840394707992,1.0,0.7346828,9.63940715789795,0.09923326001747204,0.5,0.09452865480086611
GTE,OPEN,30,90,1,8,1.1462985,1.3120692716931306,8,1.4462986,2.9857177734375,2.4710752082999417,1.0,0.6755843804891231,6.0,-0.9784663,1.7930904667217606,2.0,-0.6784663,1.8950468301773071,-1.3366548661499482,0.3333333333333333,0.09676933255921684
SMTK,OPEN,15,90,1,7,7.427826,7.957841028099428,7,7.727826,9.096330642700195,2.469536664186959,1.0,0.6456611570247934,2.0,0.6421033,6.428595245919112,1.0,0.9421034,4.855684280395508,0.14125499909879133,0.5,0.09452865480086611
OFAL,OPEN,15,60,1,8,4.936772,5.654554485935569,7,5.2367716,6.4713029861450195,2.469389851943109,0.875,0.5291051942301385,8.0,1.0241399,2.8609681676328753,5.0,1.3241398,4.357242584228516,1.012491174178471,0.625,0.3057378545838018
LVWR,OPEN,30,30,1,11,2.5248349,3.391654838421851,9,2.8248348,8.244974136352539,2.468980578689319,0.8181818181818182,0.5230138624217553,4.0,0.97414756,2.314390607618723,2.0,1.2741475,9.419837951660156,0.8418177597208459,0.5,0.15003570882017145
DGNX,OPEN,15,90,1,16,1.7645041,2.86103804270985,13,2.0645041,5.380531311035156,2.466942485503049,0.8125,0.5699064013154177,6.0,1.1930348,1.106744093509431,6.0,1.4930347,3.053325653076172,2.6404716721724326,1.0,0.6096569663469354
GTX,OPEN,30,90,1,11,0.64383507,0.8660150973881757,9,0.9438351,1.8687752485275269,2.4657299313102192,0.8181818181818182,0.5230138624217553,4.0,-0.13911745,0.41659920693931957,1.0,0.16088256,1.151418685913086,-0.6678718883988745,0.25,0.045586062644636216
BH,OPEN,60,30,1,8,0.5115081,0.5872927780689419,7,0.8115081,3.667400598526001,2.463444910131059,0.875,0.5291051942301385,3.0,-0.04717757,0.5965427411323762,2.0,0.25282243,2.550257921218872,-0.13697920652925358,0.6666666666666666,0.20765495512648788
ALMR,OPEN,15,60,1,12,1.5930071,2.2462288374613113,10,1.8930072,2.7289717197418213,2.456712483350689,0.8333333333333334,0.5519636426153274,9.0,-1.2614214,1.6742757021208925,2.0,-0.96142143,2.689021110534668,-2.260239649480582,0.2222222222222222,0.0632237623122272
HAO,PRE_MID,15,30,-1,8,4.9203534,5.666039118976699,8,5.2203536,8.33804988861084,2.4561886643183697,1.0,0.6755843804891231,,,,,,,,,
KVHI,OPEN,15,60,1,14,0.9006052,1.3720044014710064,11,1.2006052,2.102400302886963,2.4560825766843153,0.7857142857142857,0.5241027622679172,3.0,0.9239558,0.580157419199029,3.0,1.2239559,1.7952098846435547,2.7584554353395214,1.0,0.4384939195509822
REAX,MORNING,30,60,1,8,0.8122435,0.9386236339741972,7,1.1122435,3.2955613136291504,2.447596165432656,0.875,0.5291051942301385,2.0,0.08281763,0.6110531651261285,1.0,0.38281763,2.860960006713867,0.1916720521077333,0.5,0.09452865480086611
AEHL,OPEN,15,90,1,9,7.974015,9.780470819959563,8,8.274015,7.259573936462402,2.4458991952497375,0.8888888888888888,0.5649937852319398,6.0,2.670075,11.188904042333684,3.0,2.970075,8.288683891296387,0.5845363542827823,0.5,0.1876128068994087
NXTT,OPEN,30,15,1,9,1.7367848,2.139097762451319,8,2.036785,7.04658317565918,2.435772005760949,0.8888888888888888,0.5649937852319398,1.0,1.6963465,,1.0,1.9963465,5.301896095275879,,1.0,0.20654329147389294
TPR,OPEN,30,90,1,11,0.38200265,0.5203171183929803,9,0.68200266,1.8966870307922363,2.434975555857881,0.8181818181818182,0.5230138624217553,4.0,-0.15751761,0.25625665854946894,1.0,0.1424824,1.4839847087860107,-1.2293738072763507,0.25,0.045586062644636216
PHIN,OPEN,30,30,-1,9,0.5319117,0.6561289709753764,8,0.8319117,2.1925153732299805,2.4320447413147996,0.8888888888888888,0.5649937852319398,5.0,-0.2257239,0.7979903350411565,2.0,0.07427611,1.5453553199768066,-0.6325064086882368,0.4,0.11761823115925325
CNTX,OPEN,60,90,-1,7,1.9353217,2.1092551402043367,7,2.2353218,6.40632963180542,2.427577298489753,1.0,0.6456611570247934,8.0,-1.443837,1.6673314997013198,1.0,-1.143837,3.736530065536499,-2.4492956962152577,0.125,0.02241690886329618
MUZ,MORNING,30,60,1,9,1.9134763,2.3668342546831025,8,2.2134764,4.355724811553955,2.4253616544595884,0.8888888888888888,0.5649937852319398,6.0,-0.09035588,0.9219285704947032,3.0,0.20964412,2.558966875076294,-0.24006827612404125,0.5,0.1876128068994087
ARAI,OPEN,15,15,1,11,1.0507814,1.4389063457495608,9,1.3507814,4.293952941894531,2.422011375971572,0.8181818181818182,0.5230138624217553,8.0,1.0786235,2.58723445570811,5.0,1.3786235,2.6287832260131836,1.1791772686467952,0.625,0.3057378545838018
PM,OPEN,30,90,1,7,0.53216857,0.5815238155051382,7,0.8321686,1.6182337999343872,2.421200382141676,1.0,0.6456611570247934,4.0,-0.13785942,0.5981028776438742,1.0,0.1621406,1.2019367218017578,-0.46098898414032674,0.25,0.045586062644636216
SLDP,OPEN,15,60,1,19,0.70267975,1.266763915542149,14,1.0026797,2.089864730834961,2.4179012337995953,0.7368421052631579,0.5120803155892935,5.0,-0.7742533,1.9103525019364647,2.0,-0.47425333,1.54811692237854,-0.9062636494917593,0.4,0.11761823115925325
SAFX,OPEN,60,60,1,12,1.460748,2.0941748813745558,11,1.760748,5.5589470863342285,2.4163117430894436,0.9166666666666666,0.6461140782014047,7.0,0.21473922,2.09708023498974,4.0,0.5147392,5.909396171569824,0.2709226661994915,0.5714285714285714,0.2504542304090258
OTLK,OPEN,60,90,1,9,2.6322527,3.269348164613905,8,2.932253,8.3369722366333,2.415392207229596,0.8888888888888888,0.5649937852319398,4.0,-0.76754075,1.9630475149485687,1.0,-0.46754077,3.557435989379883,-0.7819889707639962,0.25,0.045586062644636216
SRFM,OPEN,30,90,1,8,1.6416095,1.923486521799372,7,1.9416095,3.05656361579895,2.4139358012074665,0.875,0.5291051942301385,8.0,-0.33554107,5.096057911735958,4.0,-0.03554097,7.2501397132873535,-0.1862328644806054,0.5,0.2152125268244419
BIRD,OPEN,15,30,1,12,0.8490604,1.2201802000346325,10,1.1490605,2.6772615909576416,2.4104894990914967,0.8333333333333334,0.5519636426153274,4.0,-0.19720498,2.963992833193649,3.0,0.102795064,2.0149731636047363,-0.13306710803443894,0.75,0.30063605244263664
ZBIO,OPEN,30,60,-1,9,0.96458906,1.202266401792757,8,1.2645891,2.6266908645629883,2.4069267624409942,0.8888888888888888,0.5649937852319398,6.0,-1.0784326,2.131426981101492,2.0,-0.7784325,2.2906734943389893,-1.2393619473454935,0.3333333333333333,0.09676933255921684
INLF,OPEN,30,15,-1,8,2.075036,2.4393214024421623,7,2.3750362,8.556575775146484,2.4060331859624315,0.875,0.5291051942301385,1.0,-1.2729704,,0.0,-0.9729705,4.967005729675293,,0.0,0.0
CRCT,OPEN,15,30,-1,11,1.8732427,2.585272213735784,11,2.1732428,2.014206886291504,2.403167938411326,1.0,0.7411599827511859,5.0,0.09829782,0.5275037995074681,3.0,0.39829785,1.5509129762649536,0.41668061279653773,0.6,0.23071993220883702
IRD,OPEN,60,15,1,9,0.4501301,0.562059524755739,8,0.7501301,4.370840549468994,2.4025752710848605,0.8888888888888888,0.5649937852319398,1.0,-0.68834907,,0.0,-0.38834906,5.780675888061523,,0.0,0.0
SMTK,OPEN,15,60,1,6,8.714201,8.889423467444994,6,9.014201,9.974846839904785,2.401207005081607,1.0,0.6096569663469354,1.0,-3.45315,,0.0,-3.15315,3.3640503883361816,,0.0,0.0
SENS,MORNING,60,90,1,7,1.1710802,1.2905527508411012,7,1.4710803,2.380411386489868,2.4008217070354583,1.0,0.6456611570247934,5.0,0.033002,1.3110749329414078,3.0,0.333002,2.818666934967041,0.056285658595693094,0.6,0.23071993220883702
LEN,OPEN,30,60,1,8,0.43951365,0.5178084181122428,7,0.7395137,1.5080444812774658,2.4007572990705257,0.875,0.5291051942301385,8.0,-0.26223984,1.0632440346145524,3.0,0.037760153,1.4442780017852783,-0.6976068171555591,0.375,0.13684175946152105
AVEX,OPEN,15,60,1,14,1.1143196,1.7372378604246324,12,1.4143195,3.278297185897827,2.4000179358152036,0.8571428571428571,0.600580922361363,6.0,1.0134673,1.92803778720387,4.0,1.3134673,1.9499791860580444,1.2875669769134481,0.6666666666666666,0.2999883213415286
GGAL,MIDDAY,60,30,1,6,0.36526045,0.3728082938929988,6,0.66526043,2.0112130641937256,2.3998976024759293,1.0,0.6096569663469354,1.0,-0.5493214,,0.0,-0.24932143,2.2019009590148926,,0.0,0.0
ARAI,OPEN,15,30,1,11,1.9329244,2.6766506879432836,10,2.2329245,4.293952941894531,2.395077167932278,0.9090909090909091,0.6226353745137962,11.0,1.1958121,1.9978074011086384,9.0,1.495812,2.621352195739746,1.9852064185993603,0.8181818181818182,0.5230138624217553
LASE,OPEN,30,15,1,10,0.42051578,0.5569646201857577,9,0.7205158,4.689884662628174,2.387562144861998,0.9,0.5958436145024278,7.0,0.032679576,2.314720274938523,4.0,0.33267954,4.7322587966918945,0.03735312344745026,0.5714285714285714,0.2504542304090258
SNX,OPEN,15,30,1,8,0.77633,0.9198116842723538,7,1.0763301,1.5073254108428955,2.3872199613240177,0.875,0.5291051942301385,6.0,-0.27333212,1.1101172635926773,1.0,0.026667884,1.9946765899658203,-0.6031112602173251,0.16666666666666666,0.030052585871730285
BTCT,OPEN,30,90,1,12,3.3247664,4.847889566209225,10,3.6247666,5.117403984069824,2.3757407197827165,0.8333333333333334,0.5519636426153274,7.0,1.2962744,3.3566816961719517,5.0,1.5962745,6.8091278076171875,1.021729215388049,0.7142857142857143,0.35892909014821267
TSLR,MORNING,60,15,1,7,0.44834235,0.4993175453480073,7,0.7483424,2.805227518081665,2.3756472801452166,1.0,0.6456611570247934,1.0,-0.078388214,,0.0,0.2216118,2.2770872116088867,,0.0,0.0
KVHI,OPEN,60,90,1,8,1.8532199,2.2085038982168674,7,2.15322,3.231377601623535,2.373415479806831,0.875,0.5291051942301385,1.0,-0.8578796,,0.0,-0.55787957,2.2615249156951904,,0.0,0.0
ATER,OPEN,30,60,1,8,6.095918,7.280803270760946,7,6.395918,12.777093887329102,2.368126109890868,0.875,0.5291051942301385,2.0,0.93091106,4.337362863161821,1.0,1.230911,12.525164604187012,0.30352707251278993,0.5,0.09452865480086611
MDXH,MORNING,30,60,1,8,1.3924398,1.6645967929798051,7,1.6924399,3.6228885650634766,2.365987148319461,0.875,0.5291051942301385,3.0,-1.2899039,1.3622120447620327,1.0,-0.98990387,4.542934417724609,-1.6401110709495916,0.3333333333333333,0.061490315276160515
IVVD,OPEN,30,60,-1,16,1.1194934,1.8974915878783685,12,1.4194933,4.459603309631348,2.3599437751173666,0.75,0.5050123107060135,7.0,-1.5317608,3.0963901894652532,2.0,-1.2317607,4.509568691253662,-1.3088331663950443,0.2857142857142857,0.08221716570901548
KVHI,OPEN,15,15,1,9,0.797091,1.0138744397405883,8,1.097091,2.2801384925842285,2.3585494692122166,0.8888888888888888,0.5649937852319398,3.0,-0.09439049,1.0700969008592065,2.0,0.2056095,1.7952098846435547,-0.1527797369068981,0.6666666666666666,0.20765495512648788
RRC,OPEN,60,90,1,8,0.7285071,0.8745578559170352,7,1.0285071,1.6131932735443115,2.3560811130024857,0.875,0.5291051942301385,2.0,0.057387114,0.058765013703951464,2.0,0.35738713,1.45213782787323,1.3810536100042172,1.0,0.3423719528896193
SDST,AFTERNOON,30,15,-1,8,1.2961367,1.5640872132734385,7,1.5961367,3.963122844696045,2.343877165436353,0.875,0.5291051942301385,2.0,0.4760446,0.272529951841143,2.0,0.7760446,4.9972968101501465,2.470292598434939,1.0,0.3423719528896193
PHGE,OPEN,60,60,1,8,1.4449837,1.743755649626348,7,1.7449837,4.36573600769043,2.343809553560416,0.875,0.5291051942301385,,,,,,,,,
ACON,MORNING,15,15,1,9,0.7648257,0.9790929379396991,8,1.0648258,2.3974571228027344,2.3434722243722277,0.8888888888888888,0.5649937852319398,2.0,-0.7750777,3.402000720145248,1.0,-0.47507775,2.0040555000305176,-0.32220022459483416,0.5,0.09452865480086611
PMI,OPEN,60,90,1,6,3.4341981,3.592404804831925,6,3.734198,8.510616302490234,2.3416161536111266,1.0,0.6096569663469354,4.0,1.1685032,5.998348637371696,2.0,1.4685034,11.669583320617676,0.3896082858421716,0.5,0.15003570882017145
ADVB,OPEN,15,30,1,7,5.1118903,5.777929015119317,7,5.41189,9.515363693237305,2.3407678547468764,1.0,0.6456611570247934,,,,,,,,,
ONFO,OPEN,15,15,1,8,2.1047423,2.546551799661943,7,2.4047425,6.745162010192871,2.3377141515193736,0.875,0.5291051942301385,6.0,0.38161832,1.4607269927507434,3.0,0.6816183,3.069227457046509,0.639934886836785,0.5,0.1876128068994087
GDXU,MORNING,30,90,1,11,2.1618307,3.069435944406899,9,2.4618306,3.2333595752716064,2.3359279364601346,0.8181818181818182,0.5230138624217553,4.0,0.19074292,1.196882124374875,2.0,0.49074292,2.865715503692627,0.31873301626771283,0.5,0.15003570882017145
OPENZ,OPEN,15,15,1,7,9.810149,11.113099991069456,7,10.110148,11.91761302947998,2.335551296170663,1.0,0.6456611570247934,2.0,3.0470152,7.989224262620748,1.0,3.3470154,20.761110305786133,0.539367786531176,0.5,0.09452865480086611
OPAL,OPEN,30,90,-1,11,0.9126362,1.2960414954338078,9,1.2126362,2.7474374771118164,2.3354745384326794,0.8181818181818182,0.5230138624217553,7.0,0.9530309,1.613380026513529,4.0,1.2530309,3.651918649673462,1.5628572748482619,0.5714285714285714,0.2504542304090258
NFE,MORNING,60,30,1,6,0.61910677,0.6505807347315185,6,0.9191068,3.9578311443328857,2.3309876864936765,1.0,0.6096569663469354,4.0,-2.4941618,2.494962666239022,1.0,-2.194162,6.20394229888916,-1.999358048922881,0.25,0.045586062644636216
AARD,MORNING,30,30,1,8,0.79628927,0.9667605072012542,7,1.0962893,5.3568525314331055,2.3296836599490875,0.875,0.5291051942301385,2.0,0.26541495,2.4765494928497094,1.0,0.5654149,5.60142183303833,0.1515630628827603,0.5,0.09452865480086611
FFAI,OPEN,15,60,1,14,4.9503045,7.951989672575907,11,5.2503047,6.720516681671143,2.3292715650524,0.7857142857142857,0.5241027622679172,4.0,-1.6483989,5.295937772501325,2.0,-1.3483989,4.876220226287842,-0.6225144429563908,0.5,0.15003570882017145
CURV,OPEN,60,60,-1,6,1.0620086,1.1184366654244917,6,1.3620087,4.473761081695557,2.325906598167629,1.0,0.6096569663469354,2.0,0.36964223,0.9470171374758356,1.0,0.6696422,3.134049415588379,0.551999569193125,0.5,0.09452865480086611
GOVX,OPEN,15,90,1,6,4.3551455,4.589949250914369,6,4.6551456,4.523149490356445,2.3241834573166416,1.0,0.6096569663469354,2.0,-3.7765622,2.88367405671124,0.0,-3.476562,4.25499963760376,-1.8521044324028155,0.0,0.0
IVDA,MIDDAY,15,15,-1,8,1.1969049,1.4566513489211652,7,1.496905,6.8029584884643555,2.324069023706143,0.875,0.5291051942301385,,,,,,,,,
SPCQ,MORNING,60,15,1,8,0.511799,0.6232358714822345,7,0.81179893,5.441506385803223,2.3226938268665767,0.875,0.5291051942301385,3.0,-0.53284335,0.24269467359321706,0.0,-0.23284335,3.9857194423675537,-3.802768900420369,0.0,0.0
SMTK,OPEN,15,90,-1,9,3.6938663,4.772539988247957,8,3.9938664,10.575241088867188,2.3219499021454326,0.8888888888888888,0.5649937852319398,2.0,1.483177,1.031131120335573,2.0,1.7831769,4.7404985427856445,2.0342019671123897,1.0,0.3423719528896193
JEM,OPEN,15,30,1,8,4.8969026,5.982960770148303,7,5.1969023,8.25096321105957,2.3149962975537255,0.875,0.5291051942301385,,,,,,,,,
YSWY,OPEN,15,60,-1,11,0.67780846,0.9720298211902849,9,0.9778085,2.0022921562194824,2.3127236473543875,0.8181818181818182,0.5230138624217553,10.0,0.022160973,0.9147669171885255,4.0,0.32216096,1.7257945537567139,0.07660875114001939,0.4,0.16817758120350967
CGC,MIDDAY,15,90,1,8,0.5321617,0.6511031950053005,7,0.83216166,1.3787531852722168,2.3117389598870743,0.875,0.5291051942301385,,,,,,,,,
OMCL,OPEN,15,30,1,9,0.66015416,0.8573115845945698,8,0.9601542,1.681879997253418,2.3100848362487447,0.8888888888888888,0.5649937852319398,4.0,-0.08033334,0.5314773796546681,1.0,0.21966669,1.2270452976226807,-0.3023019991555023,0.25,0.045586062644636216
WETO,EARLY,15,60,1,6,2.5169542,2.6715192309552003,6,2.8169541,7.917649745941162,2.307770569005539,1.0,0.6096569663469354,2.0,-5.0969195,8.46745473245816,1.0,-4.79692,5.877328872680664,-0.8512750245171036,0.5,0.09452865480086611
MATW,OPEN,15,90,1,14,0.91943467,1.491590159734356,11,1.2194346,1.4489377737045288,2.3064040008673365,0.7857142857142857,0.5241027622679172,1.0,-0.3245659,,0.0,-0.024565876,1.0673706531524658,,0.0,0.0
PPSI,OPEN,15,15,1,9,2.7722833,3.6130434549626123,8,3.0722835,5.416191101074219,2.301895908711613,0.8888888888888888,0.5649937852319398,3.0,-0.45041925,0.4021160763182929,0.0,-0.15041924,3.2790403366088867,-1.9401090051269916,0.0,0.0
SOXS,MORNING,15,90,1,12,1.7150279,2.5818282284224976,10,2.015028,2.6063735485076904,2.3010946085447888,0.8333333333333334,0.5519636426153274,7.0,0.35242698,1.353604872997457,4.0,0.6524269,1.7376459836959839,0.6888525243341097,0.5714285714285714,0.2504542304090258
CUE,OPEN,30,60,-1,11,2.3797438,3.4313145177853555,9,2.6797438,7.394443988800049,2.3002022370292345,0.8181818181818182,0.5230138624217553,6.0,-1.8591933,2.6750762314286782,2.0,-1.5591933,8.016263008117676,-1.7024094214731627,0.3333333333333333,0.09676933255921684
IVVD,OPEN,30,90,-1,16,1.7245845,3.0021931623381346,12,2.0245845,4.459603309631348,2.2977661556132016,0.75,0.5050123107060135,7.0,-1.94152,3.721482802469672,3.0,-1.64152,4.509568691253662,-1.3803043823439254,0.42857142857142855,0.1582169222626268
WDCX,OPEN,60,90,-1,16,1.8610299,3.2415129679264028,12,2.1610298,8.454100608825684,2.296495348649548,0.75,0.5050123107060135,7.0,-0.5908347,1.5785959223724781,3.0,-0.29083467,5.870655536651611,-0.9902481057510181,0.42857142857142855,0.1582169222626268
CWH,OPEN,60,90,1,8,0.9217553,1.1354934931875855,7,1.2217553,3.584881067276001,2.2960217278034674,0.875,0.5291051942301385,3.0,-2.00625,2.2396944610416614,1.0,-1.70625,2.810236692428589,-1.5515182217701544,0.3333333333333333,0.061490315276160515
INTT,OPEN,30,60,1,6,1.6305013,1.7407820793034903,6,1.9305013,4.002137660980225,2.294311381455954,1.0,0.6096569663469354,3.0,0.081147015,1.893597463008314,2.0,0.381147,5.185805797576904,0.07422419800002698,0.6666666666666666,0.20765495512648788
VRRM,MORNING,30,60,1,6,0.80765873,0.8629766281358014,6,1.1076587,1.7780269384384155,2.2924743440892223,1.0,0.6096569663469354,7.0,-0.2799842,0.4172432475928865,1.0,0.020015793,1.416400671005249,-1.7753878205887232,0.14285714285714285,0.02567895594897479
RRC,OPEN,60,60,1,8,0.62973154,0.7787297927368213,7,0.92973155,1.6131932735443115,2.287250050136828,0.875,0.5291051942301385,2.0,-0.1299327,0.24051149678959893,1.0,0.17006731,1.45213782787323,-0.7640075058109052,0.5,0.09452865480086611
SKYE,OPEN,60,90,1,6,4.0888987,4.382243910992777,6,4.3888984,7.7549004554748535,2.2855221040457754,1.0,0.6096569663469354,,,,,,,,,
WLTH,MORNING,15,60,-1,6,0.39962187,0.43016728343605903,6,0.6996219,1.2912482023239136,2.2755558576331567,1.0,0.6096569663469354,1.0,-0.5890239,,0.0,-0.28902388,1.1242389678955078,,0.0,0.0
ANIX,OPEN,15,30,1,14,0.7826774,1.2877622096590742,12,1.0826774,2.763200521469116,2.27410829284235,0.8571428571428571,0.600580922361363,2.0,0.7204071,0.962049148172034,2.0,1.0204072,2.3056466579437256,1.0589994630275146,1.0,0.3423719528896193
IVES,OPEN,60,90,-1,6,0.6955452,0.7501711961738945,6,0.9955452,1.3244235515594482,2.271122689380432,1.0,0.6096569663469354,,,,,,,,,
SOAR,MORNING,60,60,-1,8,1.7825097,2.2260069783689884,7,2.0825098,5.5785369873046875,2.264906979597143,0.875,0.5291051942301385,3.0,6.7172966,10.7022486902382,3.0,7.0172963,4.730884552001953,1.087126578539891,1.0,0.4384939195509822
CURR,OPEN,60,30,1,8,0.91147316,1.1419424308258204,7,1.2114731,6.742794990539551,2.257587883197327,0.875,0.5291051942301385,,,,,,,,,
ZNTL,OPEN,30,90,-1,16,1.4213221,2.5188373075641417,12,1.7213221,3.7465262413024902,2.2571082348936025,0.75,0.5050123107060135,12.0,-0.64218044,2.3681390300103793,4.0,-0.34218043,2.9352738857269287,-0.9393782548056108,0.3333333333333333,0.13811783989736134
WW,OPEN,15,60,-1,10,2.3233938,3.2564843338559295,9,2.623394,3.3797965049743652,2.2561804771488165,0.9,0.5958436145024278,7.0,-3.5810745,5.537125857693736,4.0,-3.2810743,2.4623725414276123,-1.7111101921897904,0.5714285714285714,0.2504542304090258
FNGR,MIDDAY,15,90,-1,8,3.2630048,4.09151457062463,7,3.563005,2.792323112487793,2.2556857779925132,0.875,0.5291051942301385,7.0,-0.49962822,7.608864237716227,3.0,-0.19962813,2.855455160140991,-0.17373052880205805,0.42857142857142855,0.1582169222626268
ZCMD,OPEN,30,60,1,11,1.848061,2.721895898085606,9,2.148061,6.6502227783203125,2.2518586462849277,0.8181818181818182,0.5230138624217553,3.0,-1.5323414,0.24856130317819455,0.0,-1.2323414,3.615955352783203,-10.67782095577406,0.0,0.0
TSCO,OPEN,60,60,-1,8,0.45095956,0.5671512697363851,7,0.7509596,1.4680553674697876,2.248970123028864,0.875,0.5291051942301385,2.0,-0.65711904,1.0059683559565082,1.0,-0.35711902,2.23005747795105,-0.9237931262025689,0.5,0.09452865480086611
MTZ,OPEN,15,90,1,11,0.99848104,1.4736017953572946,9,1.298481,1.788108468055725,2.2472739681679337,0.8181818181818182,0.5230138624217553,10.0,-0.3528949,1.3790124638113141,4.0,-0.05289493,1.584320306777954,-0.8092397240723856,0.4,0.16817758120350967
NVTX,OPEN,60,15,1,12,0.827298,1.2772924332819435,10,1.127298,9.320961952209473,2.2436868905527554,0.8333333333333334,0.5519636426153274,4.0,0.5333747,1.1164113817564556,3.0,0.83337474,6.198436737060547,0.9555164619213166,0.75,0.30063605244263664
AIFC,AFTERNOON,15,15,1,6,0.9313537,1.017428667760535,6,1.2313536,2.788602590560913,2.242261672524673,1.0,0.6096569663469354,1.0,0.6636445,,1.0,0.9636445,4.597276210784912,,1.0,0.20654329147389294
MDAI,OPEN,30,15,1,14,0.40721014,0.679639841412559,12,0.7072102,2.408684015274048,2.2418356617352546,0.8571428571428571,0.600580922361363,8.0,-0.08133468,1.100238538274861,4.0,0.21866532,2.162301778793335,-0.2090903090497589,0.5,0.2152125268244419
RARE,OPEN,15,90,1,6,1.5293233,1.6711802463667085,6,1.8293234,1.6535440683364868,2.2415666063286928,1.0,0.6096569663469354,6.0,-0.94262046,1.7815288591066631,2.0,-0.6426205,1.4343242645263672,-1.2960436352421238,0.3333333333333333,0.09676933255921684
SLDE,OPEN,60,90,-1,13,0.41413122,0.6664638896108467,11,0.71413124,2.3778951168060303,2.2404385094816366,0.8461538461538461,0.5776482949136899,3.0,-1.0735761,1.0303239186098267,1.0,-0.7735761,1.6170538663864136,-1.8047609152773054,0.3333333333333333,0.061490315276160515
NEOV,OPEN,30,90,1,11,1.7219704,2.552778635029382,10,2.0219705,4.75194787979126,2.2372209512161376,0.9090909090909091,0.6226353745137962,9.0,-0.11338779,3.0730256325984193,5.0,0.18661219,4.02911376953125,-0.11069331029952406,0.5555555555555556,0.26664734574402965
OPENL,OPEN,15,60,1,11,6.241591,9.262514942067243,9,6.5415907,8.269722938537598,2.23492382944666,0.8181818181818182,0.5230138624217553,1.0,14.700002,,1.0,15.000002,9.840001106262207,,1.0,0.20654329147389294
CRCT,OPEN,15,15,-1,11,1.1243467,1.6720767055232217,9,1.4243468,2.014206886291504,2.2301825242911555,0.8181818181818182,0.5230138624217553,5.0,-0.038263597,0.35622522327404893,2.0,0.26173642,1.5509129762649536,-0.24018513417489534,0.4,0.11761823115925325
RDW,OPEN,30,90,-1,7,1.5068644,1.7899620526432374,7,1.8068645,3.0141353607177734,2.2273033841508707,1.0,0.6456611570247934,6.0,-1.1119037,1.2945241810111936,1.0,-0.8119038,2.4829788208007812,-2.103936464326349,0.16666666666666666,0.030052585871730285
XPER,OPEN,15,30,1,14,0.54196846,0.9114940790918399,11,0.8419685,1.4336744546890259,2.2247652030061897,0.7857142857142857,0.5241027622679172,1.0,-0.12699395,,0.0,0.17300606,1.6401021480560303,,0.0,0.0
BJDX,OPEN,60,30,-1,6,2.796335,3.081442813293758,6,3.0963352,8.304354667663574,2.2228528227246915,1.0,0.6096569663469354,4.0,-1.185935,1.094898161664492,1.0,-0.885935,4.691354751586914,-2.1662928333789306,0.25,0.045586062644636216
NUGT,MORNING,30,90,1,9,1.449357,1.9563293572166163,8,1.7493571,2.4294116497039795,2.2225659919114493,0.8888888888888888,0.5649937852319398,4.0,0.026489347,0.9423106688806291,2.0,0.32648933,1.9181653261184692,0.05622211038092959,0.5,0.15003570882017145
ALVO,MORNING,15,30,-1,11,0.75032514,1.1205618626127989,9,1.0503252,1.9454140663146973,2.2208028438668976,0.8181818181818182,0.5230138624217553,3.0,-0.25968206,1.1669705713032756,2.0,0.040317934,1.184155821800232,-0.3854274748322525,0.6666666666666666,0.20765495512648788
AVEX,OPEN,30,60,1,11,1.2417928,1.8664964842231768,9,1.5417928,4.0251665115356445,2.206573017031959,0.8181818181818182,0.5230138624217553,4.0,0.20123592,1.0418988004756395,2.0,0.5012359,2.8459224700927734,0.38628688333059696,0.5,0.15003570882017145
VSEE,OPEN,60,30,-1,8,2.9626815,3.7989959140251908,8,3.2626817,8.020831108093262,2.205774630051977,1.0,0.6755843804891231,,,,,,,,,
SKYA,OPEN,15,60,-1,11,1.680608,2.5300269733796217,9,1.9806081,3.075488805770874,2.203117329390872,0.8181818181818182,0.5230138624217553,3.0,0.79625773,2.6418062412270693,2.0,1.0962577,3.9893109798431396,0.5220514775846865,0.6666666666666666,0.20765495512648788
CCCC,OPEN,30,30,1,7,0.59813005,0.7185526920023011,7,0.89813006,2.262946605682373,2.202348379598638,1.0,0.6456611570247934,4.0,0.6819361,2.0648513416342986,3.0,0.9819361,2.9034008979797363,0.660518335120832,0.75,0.30063605244263664
EH,OPEN,15,30,1,16,0.8103886,1.4764154631842654,12,1.1103886,2.1015448570251465,2.195557131108102,0.75,0.5050123107060135,7.0,0.32550773,0.9323958610687803,5.0,0.6255077,1.7691161632537842,0.9236554343685575,0.7142857142857143,0.35892909014821267
JYNT,OPEN,30,60,-1,6,1.2567761,1.403050037406247,6,1.556776,1.520883560180664,2.194120003010492,1.0,0.6096569663469354,4.0,-0.51195616,0.8584828458372786,1.0,-0.21195617,1.5944316387176514,-1.1926997907589623,0.25,0.045586062644636216
INTR,MORNING,60,30,1,8,0.4505303,0.5822171115584152,7,0.7505303,1.989278793334961,2.18868883989381,0.875,0.5291051942301385,6.0,-0.47606504,1.0429063708036934,2.0,-0.17606504,2.103447198867798,-1.118141056693549,0.3333333333333333,0.09676933255921684
SXTC,MORNING,30,90,-1,6,2.8330026,3.1712429710291605,6,3.1330025,5.823293209075928,2.188230543434617,1.0,0.6096569663469354,3.0,3.4044664,4.931228159201488,2.0,3.7044666,12.042216300964355,1.1957890754240734,0.6666666666666666,0.20765495512648788
BIRD,MORNING,15,30,-1,6,0.79173714,0.8872404409656499,6,1.0917372,2.336453437805176,2.185824622017238,1.0,0.6096569663469354,1.0,-1.1046011,,0.0,-0.8046012,2.1582775115966797,,0.0,0.0
CCXI,OPEN,15,60,1,11,1.0834537,1.644524735167209,9,1.3834536,2.3424837589263916,2.1850746147728066,0.8181818181818182,0.5230138624217553,5.0,0.18347777,1.21595904679115,2.0,0.4834778,1.8284610509872437,0.3374034484909899,0.4,0.11761823115925325
BTCT,OPEN,60,90,1,9,4.9795322,6.845607884561919,8,5.2795324,6.639902591705322,2.1822162439588597,0.8888888888888888,0.5649937852319398,6.0,0.25528443,4.311330140923539,3.0,0.55528444,7.166532039642334,0.14504029357525206,0.5,0.1876128068994087
PARA,OPEN,15,15,-1,15,0.9450516,1.6781939968575539,12,1.2450516,4.585116863250732,2.1810167093374377,0.8,0.5481406466534955,5.0,-1.790292,3.443283849386264,2.0,-1.4902921,11.961081504821777,-1.162615352586355,0.4,0.11761823115925325
WOK,OPEN,60,30,1,8,3.807948,4.9388846966002475,7,4.107948,6.660709857940674,2.1807562623198233,0.875,0.5291051942301385,1.0,-0.8494502,,0.0,-0.54945016,4.210875511169434,,0.0,0.0
CCXI,OPEN,15,90,1,11,1.1891649,1.8090571354457996,9,1.4891648,2.3424837589263916,2.180148782144543,0.8181818181818182,0.5230138624217553,5.0,0.08838469,1.90274253162067,3.0,0.38838467,1.8284610509872437,0.10386805730746027,0.6,0.23071993220883702
CONI,OPEN,60,30,1,9,1.0720186,1.4791044396782322,8,1.3720186,6.913784027099609,2.1743264260337023,0.8888888888888888,0.5649937852319398,9.0,-0.83191895,1.3469417955973422,3.0,-0.53191894,5.630300521850586,-1.8529062448766842,0.3333333333333333,0.12058159868274292
LIDR,OPEN,30,90,1,18,1.244313,2.431784075635711,14,1.5443131,2.896916151046753,2.1709053123305404,0.7777777777777778,0.547849735476945,3.0,0.5006028,1.3881891817253385,2.0,0.8006028,2.712263822555542,0.6246046748202051,0.6666666666666666,0.20765495512648788
NUWE,OPEN,30,60,1,12,1.6141806,2.5818432793284947,10,1.9141805,5.005300998687744,2.1657726271365294,0.8333333333333334,0.5519636426153274,3.0,-4.390088,12.96690657645864,2.0,-4.0900884,4.2040181159973145,-0.5864047497976594,0.6666666666666666,0.20765495512648788
ALTO,OPEN,60,60,1,8,1.3545036,1.7700297229840622,7,1.6545036,3.3489842414855957,2.164435298692414,0.875,0.5291051942301385,5.0,-0.19472454,0.6102435599340638,2.0,0.10527545,2.11860990524292,-0.7135139931548621,0.4,0.11761823115925325
GWH,OPEN,30,15,1,18,0.9335708,1.8300157265215118,14,1.2335708,3.8277828693389893,2.164355973759251,0.7777777777777778,0.547849735476945,6.0,-0.15123662,1.2071437300706225,2.0,0.14876336,3.020768404006958,-0.30688355398863165,0.3333333333333333,0.09676933255921684
GWHT,OPEN,30,15,1,18,0.9335708,1.8300157265215118,14,1.2335708,3.8277828693389893,2.164355973759251,0.7777777777777778,0.547849735476945,6.0,-0.15123662,1.2071437300706225,2.0,0.14876336,3.020768404006958,-0.30688355398863165,0.3333333333333333,0.09676933255921684
LGHL,OPEN,15,15,1,11,3.2278848,4.9475873923011635,9,3.527885,8.772904396057129,2.163818806595152,0.8181818181818182,0.5230138624217553,3.0,-3.1272798,4.6794278341321425,0.0,-2.8272798,5.254337787628174,-1.1575362679201435,0.0,0.0
MATW,OPEN,15,15,1,14,0.61201286,1.0591578794083518,11,0.9120129,1.4489377737045288,2.1620407068296386,0.7857142857142857,0.5241027622679172,1.0,0.26510948,,1.0,0.5651095,1.0673706531524658,,1.0,0.20654329147389294
LFST,OPEN,15,90,-1,16,0.7214794,1.3357551731786412,12,1.0214794,1.9027431011199951,2.1605139336325534,0.75,0.5050123107060135,6.0,-0.65331846,1.152248322398099,1.0,-0.35331845,1.1165324449539185,-1.388847219026634,0.16666666666666666,0.030052585871730285
RFIL,OPEN,15,30,1,11,0.7086827,1.0879798905545,9,1.0086827,2.292740821838379,2.1603659078923814,0.8181818181818182,0.5230138624217553,7.0,-0.08157095,0.8042573866105763,2.0,0.21842904,2.9820780754089355,-0.2683425229078997,0.2857142857142857,0.08221716570901548
NMG,OPEN,30,30,1,8,0.49651784,0.6507903798772804,7,0.79651785,2.55560040473938,2.1579368129112426,0.875,0.5291051942301385,5.0,0.2755698,1.464572141053866,4.0,0.5755698,2.6045143604278564,0.42073229469970674,0.8,0.37552826411853885
OPENL,OPEN,15,30,1,8,3.3315322,4.367642729458375,7,3.6315322,7.966569900512695,2.1574558035124713,0.875,0.5291051942301385,1.0,6.2862473,,1.0,6.5862474,9.840001106262207,,1.0,0.20654329147389294
IONQ,OPEN,60,15,1,13,0.5939052,0.9928536806206905,11,0.8939052,4.258696556091309,2.1567686467821248,0.8461538461538461,0.5776482949136899,9.0,0.3834142,0.9383497679017927,7.0,0.68341416,3.161639451980591,1.2258143668954438,0.7777777777777778,0.4525833436728054
NEOV,OPEN,60,30,-1,14,0.7769042,1.3484844033901207,11,1.0769042,5.373623371124268,2.155686358912666,0.7857142857142857,0.5241027622679172,7.0,-0.30074772,1.6319780787590397,3.0,-0.00074774877,4.47587251663208,-0.48757007901171096,0.42857142857142855,0.1582169222626268
SUGP,MORNING,15,30,1,8,2.0031943,2.6300753474883676,7,2.3031945,3.283456563949585,2.1542687704839696,0.875,0.5291051942301385,5.0,2.2855277,1.1510430653508994,5.0,2.585528,4.570587158203125,4.439968815453638,1.0,0.565508505247919
ONDG,OPEN,60,15,1,11,0.6867332,1.0604275724034584,9,0.9867332,10.121353149414062,2.1478471223617284,0.8181818181818182,0.5230138624217553,5.0,-0.2733567,1.4626668672654124,3.0,0.026643276,6.753483772277832,-0.41789705515757924,0.6,0.23071993220883702
SDST,MORNING,15,90,1,9,3.779941,5.3220686935099355,8,4.0799413,3.712841510772705,2.13071718894397,0.8888888888888888,0.5649937852319398,3.0,1.1342233,5.491774406836015,1.0,1.4342233,6.032137393951416,0.3577227157999108,0.3333333333333333,0.061490315276160515
SIL,OPEN,60,60,-1,16,0.38754663,0.7287933460851531,12,0.6875466,1.835306167602539,2.1270590945726133,0.75,0.5050123107060135,9.0,0.018564323,0.5758720085384106,4.0,0.31856433,1.9742789268493652,0.09671067192764275,0.4444444444444444,0.188775429471914
ULCC,OPEN,60,60,-1,14,0.6892701,1.216192559747066,11,0.9892701,3.7287657260894775,2.1205626217754876,0.7857142857142857,0.5241027622679172,5.0,-0.65652764,0.48413566180725875,1.0,-0.35652766,2.2942276000976562,-3.0322914514678425,0.2,0.036223160969787456
MDA,OPEN,15,30,1,10,0.51444,0.7684673914902423,9,0.81444,1.6780126094818115,2.1169435914817534,0.9,0.5958436145024278,3.0,-0.043229718,2.1524448597267503,1.0,0.25677025,1.5831388235092163,-0.034786520649314964,0.3333333333333333,0.061490315276160515
AIFC,OPEN,15,30,1,13,1.5327111,2.616732541171703,11,1.8327111,4.867580890655518,2.1118966300848996,0.8461538461538461,0.5776482949136899,11.0,-0.7011839,1.6640369755400994,4.0,-0.40118393,3.479569911956787,-1.3975434378741174,0.36363636363636365,0.15166223614131386
NNDM,MIDDAY,30,60,-1,8,0.4197923,0.5631635369791277,7,0.7197923,1.5446743965148926,2.108360777224174,0.875,0.5291051942301385,3.0,-0.042616088,0.3325843240035096,1.0,0.2573839,1.3991131782531738,-0.22193839038807792,0.3333333333333333,0.061490315276160515
LIFE,MORNING,15,15,1,11,0.5542451,0.8768675360761992,9,0.8542451,2.1674795150756836,2.0963520833879024,0.8181818181818182,0.5230138624217553,2.0,-0.7834146,0.772578749334583,0.0,-0.4834146,2.4880270957946777,-1.434048705661739,0.0,0.0
CRCT,OPEN,15,60,-1,11,1.850724,2.9332488643965635,9,2.150724,2.014206886291504,2.0926137951802932,0.8181818181818182,0.5230138624217553,5.0,-0.12483277,0.7987604921867144,3.0,0.17516723,1.5509129762649536,-0.3494596516887251,0.6,0.23071993220883702
SKIN,MORNING,60,90,1,8,0.9260016,1.254077380609231,7,1.2260016,4.5288004875183105,2.088489998443988,0.875,0.5291051942301385,3.0,1.1859398,0.07287927309958414,3.0,1.4859397,2.4858579635620117,28.18507761656893,1.0,0.4384939195509822
LAR,OPEN,30,90,1,19,0.8107801,1.6976441746379833,14,1.1107801,2.314784288406372,2.0817722635249427,0.7368421052631579,0.5120803155892935,5.0,0.96750355,1.7242540393637826,4.0,1.2675035,1.841591238975525,1.2546896522609474,0.8,0.37552826411853885
RLMD,OPEN,30,90,1,8,1.407389,1.9171233721643788,7,1.707389,2.056206226348877,2.0763908087878598,0.875,0.5291051942301385,3.0,-0.0066345534,1.3043107724895306,1.0,0.29336548,2.0007641315460205,-0.008810311059666589,0.3333333333333333,0.061490315276160515
GTE,OPEN,30,60,1,8,1.0211747,1.3955140123712158,7,1.3211746,2.9857177734375,2.0697163253468265,0.875,0.5291051942301385,6.0,-0.4876582,1.5593523025528417,3.0,-0.18765824,1.8950468301773071,-0.7660320015016471,0.5,0.1876128068994087
ORBS,MORNING,30,15,1,8,0.8316789,1.137768887013587,7,1.1316789,5.066817283630371,2.067505328102891,0.875,0.5291051942301385,3.0,0.735418,1.6967290718191008,2.0,1.035418,4.334035396575928,0.750727620281792,0.6666666666666666,0.20765495512648788
SPWR,OPEN,15,30,1,16,1.4417608,2.791928633219214,12,1.7417608,5.923500061035156,2.0656126539519915,0.75,0.5050123107060135,1.0,-2.4874995,,0.0,-2.1874995,3.109372854232788,,0.0,0.0
PLAG,OPEN,60,15,1,6,1.8638489,2.212287812300954,6,2.1638489,9.388419151306152,2.0636911696615727,1.0,0.6096569663469354,2.0,0.35114166,1.117269500622986,1.0,0.65114164,5.041438102722168,0.44446688967798037,0.5,0.09452865480086611
LXRX,OPEN,60,90,-1,8,0.6067743,0.8321957703437747,7,0.9067742,2.80627179145813,2.0622753281585995,0.875,0.5291051942301385,8.0,-0.58686435,2.0811332395772677,3.0,-0.28686434,2.761763572692871,-0.7975957621629829,0.375,0.13684175946152105
PLBY,OPEN,15,30,1,9,1.4378042,2.0982502074016596,9,1.7378042,2.051999092102051,2.055718927659375,1.0,0.7008472464490406,1.0,-1.570008,,0.0,-1.2700081,1.9699981212615967,,0.0,0.0
DBGI,MORNING,60,30,1,6,3.7390587,4.4560835391056015,6,4.0390587,8.937178611755371,2.0553443250645325,1.0,0.6096569663469354,3.0,2.6967936,4.130357289628349,2.0,2.9967935,9.591902732849121,1.130890896198044,0.6666666666666666,0.20765495512648788
OMH,MORNING,15,30,-1,8,2.9827013,4.1139003700061165,7,3.2827013,7.229477405548096,2.0506945982206966,0.875,0.5291051942301385,1.0,0.9579322,,1.0,1.2579322,2.8436505794525146,,1.0,0.20654329147389294
GUTS,MORNING,15,30,-1,8,0.6261242,0.8637281483321385,7,0.9261242,1.863851547241211,2.050351934489026,0.875,0.5291051942301385,6.0,0.086106405,0.9204952614429781,3.0,0.3861064,2.7273237705230713,0.229133993234463,0.5,0.1876128068994087
SWIM,OPEN,60,60,1,10,0.5192541,0.8026821929377482,9,0.81925404,3.408459424972534,2.0456733912265053,0.9,0.5958436145024278,7.0,0.30269462,0.8431049161553266,5.0,0.60269463,1.632672905921936,0.9498873377880976,0.7142857142857143,0.35892909014821267
SKYE,OPEN,15,90,1,8,3.3520436,4.6461076059612045,7,3.6520436,5.628974437713623,2.0406352858815042,0.875,0.5291051942301385,,,,,,,,,
CGTX,OPEN,30,90,-1,14,0.69131637,1.269989812675824,11,0.9913164,2.8231678009033203,2.036763572712256,0.7857142857142857,0.5241027622679172,6.0,0.1825392,0.5965958870907572,3.0,0.4825392,2.203641176223755,0.7494652495067111,0.5,0.1876128068994087
WOK,OPEN,60,60,1,8,3.1936042,4.4360776203817585,7,3.4936042,6.660709857940674,2.036230563420557,0.875,0.5291051942301385,,,,,,,,,
XXI,OPEN,30,60,-1,16,0.58721495,1.1554961694218018,13,0.88721496,2.7528414726257324,2.032771591240021,0.8125,0.5699064013154177,5.0,-0.22222553,1.4468583292385417,3.0,0.07777445,2.7703206539154053,-0.3434416388270536,0.6,0.23071993220883702
CMTL,OPEN,30,90,1,8,1.5082288,2.1066392666362592,7,1.8082287,3.1731176376342773,2.024986078989638,0.875,0.5291051942301385,2.0,-0.14643127,0.7448700202775205,1.0,0.15356874,2.2368788719177246,-0.27801506098949325,0.5,0.09452865480086611
MWH,MORNING,15,30,-1,8,0.45560282,0.6378411590303131,7,0.75560284,1.4498459100723267,2.0203139437057884,0.875,0.5291051942301385,5.0,0.63006943,0.9794953847072685,4.0,0.93006945,1.229252576828003,1.438371337326107,0.8,0.37552826411853885
LRMR,OPEN,15,60,1,11,0.9572244,1.5722342289350928,10,1.2572244,2.221723794937134,2.019262913616268,0.9090909090909091,0.6226353745137962,9.0,-0.09195951,1.3379611353815575,4.0,0.20804048,1.6882994174957275,-0.20619323975570947,0.4444444444444444,0.188775429471914
SPWR,OPEN,30,90,1,11,3.2809565,5.3931465153855225,9,3.5809567,5.898717880249023,2.017690721965822,0.8181818181818182,0.5230138624217553,2.0,-0.0077164173,2.326694181333103,1.0,0.29228354,3.3619861602783203,-0.00469020041567653,0.5,0.09452865480086611
CRCA,OPEN,30,30,-1,14,1.0548353,1.9628301662423924,11,1.3548353,5.723069667816162,2.010786482186701,0.7857142857142857,0.5241027622679172,10.0,-1.0529528,1.2889387037355087,1.0,-0.7529528,5.103731632232666,-2.5833105956145173,0.1,0.01787574951572113
AEVA,OPEN,30,15,1,12,0.77195215,1.3310382176830589,10,1.0719521,3.3055617809295654,2.0090487725294244,0.8333333333333334,0.5519636426153274,3.0,0.13485354,0.8704756130585737,2.0,0.43485355,3.624189615249634,0.26832823638323644,0.6666666666666666,0.20765495512648788
OPAL,MORNING,15,60,1,8,1.5323428,2.1584574020544123,7,1.8323429,2.0426316261291504,2.007971022233192,0.875,0.5291051942301385,8.0,-0.90783495,1.9020591568071012,2.0,-0.60783494,2.268221378326416,-1.349981665925997,0.25,0.07147768885802765
OSS,OPEN,30,90,-1,12,0.89116895,1.5402470807386524,10,1.1911689,3.5850412845611572,2.0042886914367926,0.8333333333333334,0.5519636426153274,12.0,-0.120252274,1.126319283656323,4.0,0.17974773,2.0702879428863525,-0.3698472560593559,0.3333333333333333,0.13811783989736134
GEMI,OPEN,60,30,-1,8,1.1266042,1.5902536523541286,7,1.4266043,5.092440605163574,2.0037796308441727,0.875,0.5291051942301385,6.0,-0.3086414,2.56617487907137,2.0,-0.008641432,4.612051010131836,-0.2946073392152814,0.3333333333333333,0.09676933255921684
WDCX,MORNING,15,15,-1,8,1.4613304,2.065559716297406,7,1.7613304,3.1546807289123535,2.0010394993902474,0.875,0.5291051942301385,6.0,-1.3819934,1.4603944039648173,0.0,-1.0819933,2.1738052368164062,-2.317989359913454,0.0,0.0
